[0.433s] DEBUG:colcon:Command line arguments: ['/usr/bin/colcon', 'build', '--packages-select', 'detection_node']
[0.433s] DEBUG:colcon:Parsed command line arguments: Namespace(log_base=None, log_level=None, verb_name='build', build_base='build', install_base='install', merge_install=False, symlink_install=False, test_result_base=None, continue_on_error=False, executor='parallel', parallel_workers=16, event_handlers=None, ignore_user_meta=False, metas=['./colcon.meta'], base_paths=['.'], packages_ignore=None, packages_ignore_regex=None, paths=None, packages_up_to=None, packages_up_to_regex=None, packages_above=None, packages_above_and_dependencies=None, packages_above_depth=None, packages_select_by_dep=None, packages_skip_by_dep=None, packages_skip_up_to=None, packages_select_build_failed=False, packages_skip_build_finished=False, packages_select_test_failures=False, packages_skip_test_passed=False, packages_select=['detection_node'], packages_skip=None, packages_select_regex=None, packages_skip_regex=None, packages_start=None, packages_end=None, allow_overriding=[], cmake_args=None, cmake_target=None, cmake_target_skip_unavailable=False, cmake_clean_cache=False, cmake_clean_first=False, cmake_force_configure=False, ament_cmake_args=None, catkin_cmake_args=None, catkin_skip_building_tests=False, verb_parser=<colcon_defaults.argument_parser.defaults.DefaultArgumentsDecorator object at 0x7b0bc887b4a0>, verb_extension=<colcon_core.verb.build.BuildVerb object at 0x7b0bc899b320>, main=<bound method BuildVerb.main of <colcon_core.verb.build.BuildVerb object at 0x7b0bc899b320>>)
[0.459s] Level 1:colcon.colcon_core.package_discovery:discover_packages(colcon_meta) check parameters
[0.459s] Level 1:colcon.colcon_core.package_discovery:discover_packages(recursive) check parameters
[0.459s] Level 1:colcon.colcon_core.package_discovery:discover_packages(ignore) check parameters
[0.459s] Level 1:colcon.colcon_core.package_discovery:discover_packages(path) check parameters
[0.459s] Level 1:colcon.colcon_core.package_discovery:discover_packages(colcon_meta) discover
[0.459s] Level 1:colcon.colcon_core.package_discovery:discover_packages(recursive) discover
[0.459s] INFO:colcon.colcon_core.package_discovery:Crawling recursively for packages in '/home/peter/dog/dog_dev'
[0.459s] Level 1:colcon.colcon_core.package_identification:_identify(.) by extensions ['ignore', 'ignore_ament_install']
[0.459s] Level 1:colcon.colcon_core.package_identification:_identify(.) by extension 'ignore'
[0.460s] Level 1:colcon.colcon_core.package_identification:_identify(.) by extension 'ignore_ament_install'
[0.460s] Level 1:colcon.colcon_core.package_identification:_identify(.) by extensions ['colcon_pkg']
[0.460s] Level 1:colcon.colcon_core.package_identification:_identify(.) by extension 'colcon_pkg'
[0.460s] Level 1:colcon.colcon_core.package_identification:_identify(.) by extensions ['colcon_meta']
[0.460s] Level 1:colcon.colcon_core.package_identification:_identify(.) by extension 'colcon_meta'
[0.460s] Level 1:colcon.colcon_core.package_identification:_identify(.) by extensions ['ros']
[0.460s] Level 1:colcon.colcon_core.package_identification:_identify(.) by extension 'ros'
[0.477s] Level 1:colcon.colcon_core.package_identification:_identify(.) by extensions ['cmake', 'python']
[0.477s] Level 1:colcon.colcon_core.package_identification:_identify(.) by extension 'cmake'
[0.478s] Level 1:colcon.colcon_core.package_identification:_identify(.) by extension 'python'
[0.478s] Level 1:colcon.colcon_core.package_identification:_identify(.) by extensions ['python_setup_py']
[0.478s] Level 1:colcon.colcon_core.package_identification:_identify(.) by extension 'python_setup_py'
[0.478s] Level 1:colcon.colcon_core.package_identification:_identify(build) by extensions ['ignore', 'ignore_ament_install']
[0.478s] Level 1:colcon.colcon_core.package_identification:_identify(build) by extension 'ignore'
[0.478s] Level 1:colcon.colcon_core.package_identification:_identify(build) ignored
[0.478s] Level 1:colcon.colcon_core.package_identification:_identify(config) by extensions ['ignore', 'ignore_ament_install']
[0.478s] Level 1:colcon.colcon_core.package_identification:_identify(config) by extension 'ignore'
[0.478s] Level 1:colcon.colcon_core.package_identification:_identify(config) by extension 'ignore_ament_install'
[0.478s] Level 1:colcon.colcon_core.package_identification:_identify(config) by extensions ['colcon_pkg']
[0.478s] Level 1:colcon.colcon_core.package_identification:_identify(config) by extension 'colcon_pkg'
[0.478s] Level 1:colcon.colcon_core.package_identification:_identify(config) by extensions ['colcon_meta']
[0.478s] Level 1:colcon.colcon_core.package_identification:_identify(config) by extension 'colcon_meta'
[0.478s] Level 1:colcon.colcon_core.package_identification:_identify(config) by extensions ['ros']
[0.478s] Level 1:colcon.colcon_core.package_identification:_identify(config) by extension 'ros'
[0.478s] Level 1:colcon.colcon_core.package_identification:_identify(config) by extensions ['cmake', 'python']
[0.478s] Level 1:colcon.colcon_core.package_identification:_identify(config) by extension 'cmake'
[0.478s] Level 1:colcon.colcon_core.package_identification:_identify(config) by extension 'python'
[0.478s] Level 1:colcon.colcon_core.package_identification:_identify(config) by extensions ['python_setup_py']
[0.478s] Level 1:colcon.colcon_core.package_identification:_identify(config) by extension 'python_setup_py'
[0.478s] Level 1:colcon.colcon_core.package_identification:_identify(docs) by extensions ['ignore', 'ignore_ament_install']
[0.479s] Level 1:colcon.colcon_core.package_identification:_identify(docs) by extension 'ignore'
[0.479s] Level 1:colcon.colcon_core.package_identification:_identify(docs) by extension 'ignore_ament_install'
[0.479s] Level 1:colcon.colcon_core.package_identification:_identify(docs) by extensions ['colcon_pkg']
[0.479s] Level 1:colcon.colcon_core.package_identification:_identify(docs) by extension 'colcon_pkg'
[0.479s] Level 1:colcon.colcon_core.package_identification:_identify(docs) by extensions ['colcon_meta']
[0.479s] Level 1:colcon.colcon_core.package_identification:_identify(docs) by extension 'colcon_meta'
[0.479s] Level 1:colcon.colcon_core.package_identification:_identify(docs) by extensions ['ros']
[0.479s] Level 1:colcon.colcon_core.package_identification:_identify(docs) by extension 'ros'
[0.479s] Level 1:colcon.colcon_core.package_identification:_identify(docs) by extensions ['cmake', 'python']
[0.479s] Level 1:colcon.colcon_core.package_identification:_identify(docs) by extension 'cmake'
[0.479s] Level 1:colcon.colcon_core.package_identification:_identify(docs) by extension 'python'
[0.479s] Level 1:colcon.colcon_core.package_identification:_identify(docs) by extensions ['python_setup_py']
[0.479s] Level 1:colcon.colcon_core.package_identification:_identify(docs) by extension 'python_setup_py'
[0.479s] Level 1:colcon.colcon_core.package_identification:_identify(install) by extensions ['ignore', 'ignore_ament_install']
[0.479s] Level 1:colcon.colcon_core.package_identification:_identify(install) by extension 'ignore'
[0.479s] Level 1:colcon.colcon_core.package_identification:_identify(install) ignored
[0.479s] Level 1:colcon.colcon_core.package_identification:_identify(log) by extensions ['ignore', 'ignore_ament_install']
[0.480s] Level 1:colcon.colcon_core.package_identification:_identify(log) by extension 'ignore'
[0.480s] Level 1:colcon.colcon_core.package_identification:_identify(log) ignored
[0.480s] Level 1:colcon.colcon_core.package_identification:_identify(models) by extensions ['ignore', 'ignore_ament_install']
[0.480s] Level 1:colcon.colcon_core.package_identification:_identify(models) by extension 'ignore'
[0.480s] Level 1:colcon.colcon_core.package_identification:_identify(models) by extension 'ignore_ament_install'
[0.480s] Level 1:colcon.colcon_core.package_identification:_identify(models) by extensions ['colcon_pkg']
[0.480s] Level 1:colcon.colcon_core.package_identification:_identify(models) by extension 'colcon_pkg'
[0.480s] Level 1:colcon.colcon_core.package_identification:_identify(models) by extensions ['colcon_meta']
[0.480s] Level 1:colcon.colcon_core.package_identification:_identify(models) by extension 'colcon_meta'
[0.480s] Level 1:colcon.colcon_core.package_identification:_identify(models) by extensions ['ros']
[0.480s] Level 1:colcon.colcon_core.package_identification:_identify(models) by extension 'ros'
[0.480s] Level 1:colcon.colcon_core.package_identification:_identify(models) by extensions ['cmake', 'python']
[0.480s] Level 1:colcon.colcon_core.package_identification:_identify(models) by extension 'cmake'
[0.480s] Level 1:colcon.colcon_core.package_identification:_identify(models) by extension 'python'
[0.480s] Level 1:colcon.colcon_core.package_identification:_identify(models) by extensions ['python_setup_py']
[0.480s] Level 1:colcon.colcon_core.package_identification:_identify(models) by extension 'python_setup_py'
[0.480s] Level 1:colcon.colcon_core.package_identification:_identify(ros2_ws) by extensions ['ignore', 'ignore_ament_install']
[0.481s] Level 1:colcon.colcon_core.package_identification:_identify(ros2_ws) by extension 'ignore'
[0.481s] Level 1:colcon.colcon_core.package_identification:_identify(ros2_ws) by extension 'ignore_ament_install'
[0.481s] Level 1:colcon.colcon_core.package_identification:_identify(ros2_ws) by extensions ['colcon_pkg']
[0.481s] Level 1:colcon.colcon_core.package_identification:_identify(ros2_ws) by extension 'colcon_pkg'
[0.481s] Level 1:colcon.colcon_core.package_identification:_identify(ros2_ws) by extensions ['colcon_meta']
[0.481s] Level 1:colcon.colcon_core.package_identification:_identify(ros2_ws) by extension 'colcon_meta'
[0.481s] Level 1:colcon.colcon_core.package_identification:_identify(ros2_ws) by extensions ['ros']
[0.481s] Level 1:colcon.colcon_core.package_identification:_identify(ros2_ws) by extension 'ros'
[0.481s] Level 1:colcon.colcon_core.package_identification:_identify(ros2_ws) by extensions ['cmake', 'python']
[0.481s] Level 1:colcon.colcon_core.package_identification:_identify(ros2_ws) by extension 'cmake'
[0.481s] Level 1:colcon.colcon_core.package_identification:_identify(ros2_ws) by extension 'python'
[0.481s] Level 1:colcon.colcon_core.package_identification:_identify(ros2_ws) by extensions ['python_setup_py']
[0.481s] Level 1:colcon.colcon_core.package_identification:_identify(ros2_ws) by extension 'python_setup_py'
[0.481s] Level 1:colcon.colcon_core.package_identification:_identify(ros2_ws/build) by extensions ['ignore', 'ignore_ament_install']
[0.481s] Level 1:colcon.colcon_core.package_identification:_identify(ros2_ws/build) by extension 'ignore'
[0.481s] Level 1:colcon.colcon_core.package_identification:_identify(ros2_ws/build) ignored
[0.481s] Level 1:colcon.colcon_core.package_identification:_identify(ros2_ws/install) by extensions ['ignore', 'ignore_ament_install']
[0.481s] Level 1:colcon.colcon_core.package_identification:_identify(ros2_ws/install) by extension 'ignore'
[0.481s] Level 1:colcon.colcon_core.package_identification:_identify(ros2_ws/install) ignored
[0.481s] Level 1:colcon.colcon_core.package_identification:_identify(ros2_ws/log) by extensions ['ignore', 'ignore_ament_install']
[0.481s] Level 1:colcon.colcon_core.package_identification:_identify(ros2_ws/log) by extension 'ignore'
[0.481s] Level 1:colcon.colcon_core.package_identification:_identify(ros2_ws/log) ignored
[0.481s] Level 1:colcon.colcon_core.package_identification:_identify(ros2_ws/src) by extensions ['ignore', 'ignore_ament_install']
[0.481s] Level 1:colcon.colcon_core.package_identification:_identify(ros2_ws/src) by extension 'ignore'
[0.481s] Level 1:colcon.colcon_core.package_identification:_identify(ros2_ws/src) by extension 'ignore_ament_install'
[0.481s] Level 1:colcon.colcon_core.package_identification:_identify(ros2_ws/src) by extensions ['colcon_pkg']
[0.481s] Level 1:colcon.colcon_core.package_identification:_identify(ros2_ws/src) by extension 'colcon_pkg'
[0.482s] Level 1:colcon.colcon_core.package_identification:_identify(ros2_ws/src) by extensions ['colcon_meta']
[0.482s] Level 1:colcon.colcon_core.package_identification:_identify(ros2_ws/src) by extension 'colcon_meta'
[0.482s] Level 1:colcon.colcon_core.package_identification:_identify(ros2_ws/src) by extensions ['ros']
[0.482s] Level 1:colcon.colcon_core.package_identification:_identify(ros2_ws/src) by extension 'ros'
[0.482s] Level 1:colcon.colcon_core.package_identification:_identify(ros2_ws/src) by extensions ['cmake', 'python']
[0.482s] Level 1:colcon.colcon_core.package_identification:_identify(ros2_ws/src) by extension 'cmake'
[0.482s] Level 1:colcon.colcon_core.package_identification:_identify(ros2_ws/src) by extension 'python'
[0.482s] Level 1:colcon.colcon_core.package_identification:_identify(ros2_ws/src) by extensions ['python_setup_py']
[0.482s] Level 1:colcon.colcon_core.package_identification:_identify(ros2_ws/src) by extension 'python_setup_py'
[0.482s] Level 1:colcon.colcon_core.package_identification:_identify(ros2_ws/src/detection_node) by extensions ['ignore', 'ignore_ament_install']
[0.482s] Level 1:colcon.colcon_core.package_identification:_identify(ros2_ws/src/detection_node) by extension 'ignore'
[0.482s] Level 1:colcon.colcon_core.package_identification:_identify(ros2_ws/src/detection_node) by extension 'ignore_ament_install'
[0.482s] Level 1:colcon.colcon_core.package_identification:_identify(ros2_ws/src/detection_node) by extensions ['colcon_pkg']
[0.482s] Level 1:colcon.colcon_core.package_identification:_identify(ros2_ws/src/detection_node) by extension 'colcon_pkg'
[0.482s] Level 1:colcon.colcon_core.package_identification:_identify(ros2_ws/src/detection_node) by extensions ['colcon_meta']
[0.482s] Level 1:colcon.colcon_core.package_identification:_identify(ros2_ws/src/detection_node) by extension 'colcon_meta'
[0.482s] Level 1:colcon.colcon_core.package_identification:_identify(ros2_ws/src/detection_node) by extensions ['ros']
[0.482s] Level 1:colcon.colcon_core.package_identification:_identify(ros2_ws/src/detection_node) by extension 'ros'
[0.484s] DEBUG:colcon.colcon_core.package_identification:Package 'ros2_ws/src/detection_node' with type 'ros.ament_cmake' and name 'detection_node'
[0.485s] Level 1:colcon.colcon_core.package_identification:_identify(ros2_ws/src/gst_receiver) by extensions ['ignore', 'ignore_ament_install']
[0.485s] Level 1:colcon.colcon_core.package_identification:_identify(ros2_ws/src/gst_receiver) by extension 'ignore'
[0.485s] Level 1:colcon.colcon_core.package_identification:_identify(ros2_ws/src/gst_receiver) by extension 'ignore_ament_install'
[0.485s] Level 1:colcon.colcon_core.package_identification:_identify(ros2_ws/src/gst_receiver) by extensions ['colcon_pkg']
[0.485s] Level 1:colcon.colcon_core.package_identification:_identify(ros2_ws/src/gst_receiver) by extension 'colcon_pkg'
[0.485s] Level 1:colcon.colcon_core.package_identification:_identify(ros2_ws/src/gst_receiver) by extensions ['colcon_meta']
[0.485s] Level 1:colcon.colcon_core.package_identification:_identify(ros2_ws/src/gst_receiver) by extension 'colcon_meta'
[0.485s] Level 1:colcon.colcon_core.package_identification:_identify(ros2_ws/src/gst_receiver) by extensions ['ros']
[0.485s] Level 1:colcon.colcon_core.package_identification:_identify(ros2_ws/src/gst_receiver) by extension 'ros'
[0.485s] DEBUG:colcon.colcon_core.package_identification:Package 'ros2_ws/src/gst_receiver' with type 'ros.ament_cmake' and name 'gst_receiver'
[0.485s] Level 1:colcon.colcon_core.package_identification:_identify(ros2_ws/src/robot_interfaces) by extensions ['ignore', 'ignore_ament_install']
[0.485s] Level 1:colcon.colcon_core.package_identification:_identify(ros2_ws/src/robot_interfaces) by extension 'ignore'
[0.486s] Level 1:colcon.colcon_core.package_identification:_identify(ros2_ws/src/robot_interfaces) by extension 'ignore_ament_install'
[0.486s] Level 1:colcon.colcon_core.package_identification:_identify(ros2_ws/src/robot_interfaces) by extensions ['colcon_pkg']
[0.486s] Level 1:colcon.colcon_core.package_identification:_identify(ros2_ws/src/robot_interfaces) by extension 'colcon_pkg'
[0.486s] Level 1:colcon.colcon_core.package_identification:_identify(ros2_ws/src/robot_interfaces) by extensions ['colcon_meta']
[0.486s] Level 1:colcon.colcon_core.package_identification:_identify(ros2_ws/src/robot_interfaces) by extension 'colcon_meta'
[0.486s] Level 1:colcon.colcon_core.package_identification:_identify(ros2_ws/src/robot_interfaces) by extensions ['ros']
[0.486s] Level 1:colcon.colcon_core.package_identification:_identify(ros2_ws/src/robot_interfaces) by extension 'ros'
[0.486s] DEBUG:colcon.colcon_core.package_identification:Package 'ros2_ws/src/robot_interfaces' with type 'ros.ament_cmake' and name 'robot_interfaces'
[0.486s] Level 1:colcon.colcon_core.package_identification:_identify(ros2_ws/src/stereo_splitter) by extensions ['ignore', 'ignore_ament_install']
[0.486s] Level 1:colcon.colcon_core.package_identification:_identify(ros2_ws/src/stereo_splitter) by extension 'ignore'
[0.486s] Level 1:colcon.colcon_core.package_identification:_identify(ros2_ws/src/stereo_splitter) by extension 'ignore_ament_install'
[0.486s] Level 1:colcon.colcon_core.package_identification:_identify(ros2_ws/src/stereo_splitter) by extensions ['colcon_pkg']
[0.486s] Level 1:colcon.colcon_core.package_identification:_identify(ros2_ws/src/stereo_splitter) by extension 'colcon_pkg'
[0.486s] Level 1:colcon.colcon_core.package_identification:_identify(ros2_ws/src/stereo_splitter) by extensions ['colcon_meta']
[0.486s] Level 1:colcon.colcon_core.package_identification:_identify(ros2_ws/src/stereo_splitter) by extension 'colcon_meta'
[0.486s] Level 1:colcon.colcon_core.package_identification:_identify(ros2_ws/src/stereo_splitter) by extensions ['ros']
[0.486s] Level 1:colcon.colcon_core.package_identification:_identify(ros2_ws/src/stereo_splitter) by extension 'ros'
[0.487s] DEBUG:colcon.colcon_core.package_identification:Package 'ros2_ws/src/stereo_splitter' with type 'ros.ament_cmake' and name 'stereo_splitter'
[0.487s] Level 1:colcon.colcon_core.package_identification:_identify(ros2_ws/src/uart_bridge) by extensions ['ignore', 'ignore_ament_install']
[0.487s] Level 1:colcon.colcon_core.package_identification:_identify(ros2_ws/src/uart_bridge) by extension 'ignore'
[0.487s] Level 1:colcon.colcon_core.package_identification:_identify(ros2_ws/src/uart_bridge) by extension 'ignore_ament_install'
[0.487s] Level 1:colcon.colcon_core.package_identification:_identify(ros2_ws/src/uart_bridge) by extensions ['colcon_pkg']
[0.487s] Level 1:colcon.colcon_core.package_identification:_identify(ros2_ws/src/uart_bridge) by extension 'colcon_pkg'
[0.487s] Level 1:colcon.colcon_core.package_identification:_identify(ros2_ws/src/uart_bridge) by extensions ['colcon_meta']
[0.487s] Level 1:colcon.colcon_core.package_identification:_identify(ros2_ws/src/uart_bridge) by extension 'colcon_meta'
[0.487s] Level 1:colcon.colcon_core.package_identification:_identify(ros2_ws/src/uart_bridge) by extensions ['ros']
[0.487s] Level 1:colcon.colcon_core.package_identification:_identify(ros2_ws/src/uart_bridge) by extension 'ros'
[0.487s] DEBUG:colcon.colcon_core.package_identification:Package 'ros2_ws/src/uart_bridge' with type 'ros.ament_cmake' and name 'uart_bridge'
[0.488s] Level 1:colcon.colcon_core.package_identification:_identify(scripts) by extensions ['ignore', 'ignore_ament_install']
[0.488s] Level 1:colcon.colcon_core.package_identification:_identify(scripts) by extension 'ignore'
[0.488s] Level 1:colcon.colcon_core.package_identification:_identify(scripts) by extension 'ignore_ament_install'
[0.488s] Level 1:colcon.colcon_core.package_identification:_identify(scripts) by extensions ['colcon_pkg']
[0.488s] Level 1:colcon.colcon_core.package_identification:_identify(scripts) by extension 'colcon_pkg'
[0.488s] Level 1:colcon.colcon_core.package_identification:_identify(scripts) by extensions ['colcon_meta']
[0.488s] Level 1:colcon.colcon_core.package_identification:_identify(scripts) by extension 'colcon_meta'
[0.488s] Level 1:colcon.colcon_core.package_identification:_identify(scripts) by extensions ['ros']
[0.488s] Level 1:colcon.colcon_core.package_identification:_identify(scripts) by extension 'ros'
[0.488s] Level 1:colcon.colcon_core.package_identification:_identify(scripts) by extensions ['cmake', 'python']
[0.488s] Level 1:colcon.colcon_core.package_identification:_identify(scripts) by extension 'cmake'
[0.488s] Level 1:colcon.colcon_core.package_identification:_identify(scripts) by extension 'python'
[0.488s] Level 1:colcon.colcon_core.package_identification:_identify(scripts) by extensions ['python_setup_py']
[0.488s] Level 1:colcon.colcon_core.package_identification:_identify(scripts) by extension 'python_setup_py'
[0.488s] Level 1:colcon.colcon_core.package_identification:_identify(shared) by extensions ['ignore', 'ignore_ament_install']
[0.488s] Level 1:colcon.colcon_core.package_identification:_identify(shared) by extension 'ignore'
[0.488s] Level 1:colcon.colcon_core.package_identification:_identify(shared) by extension 'ignore_ament_install'
[0.488s] Level 1:colcon.colcon_core.package_identification:_identify(shared) by extensions ['colcon_pkg']
[0.488s] Level 1:colcon.colcon_core.package_identification:_identify(shared) by extension 'colcon_pkg'
[0.488s] Level 1:colcon.colcon_core.package_identification:_identify(shared) by extensions ['colcon_meta']
[0.488s] Level 1:colcon.colcon_core.package_identification:_identify(shared) by extension 'colcon_meta'
[0.488s] Level 1:colcon.colcon_core.package_identification:_identify(shared) by extensions ['ros']
[0.488s] Level 1:colcon.colcon_core.package_identification:_identify(shared) by extension 'ros'
[0.488s] Level 1:colcon.colcon_core.package_identification:_identify(shared) by extensions ['cmake', 'python']
[0.488s] Level 1:colcon.colcon_core.package_identification:_identify(shared) by extension 'cmake'
[0.488s] Level 1:colcon.colcon_core.package_identification:_identify(shared) by extension 'python'
[0.489s] Level 1:colcon.colcon_core.package_identification:_identify(shared) by extensions ['python_setup_py']
[0.489s] Level 1:colcon.colcon_core.package_identification:_identify(shared) by extension 'python_setup_py'
[0.489s] Level 1:colcon.colcon_core.package_identification:_identify(stm32_fw) by extensions ['ignore', 'ignore_ament_install']
[0.489s] Level 1:colcon.colcon_core.package_identification:_identify(stm32_fw) by extension 'ignore'
[0.489s] Level 1:colcon.colcon_core.package_identification:_identify(stm32_fw) by extension 'ignore_ament_install'
[0.489s] Level 1:colcon.colcon_core.package_identification:_identify(stm32_fw) by extensions ['colcon_pkg']
[0.489s] Level 1:colcon.colcon_core.package_identification:_identify(stm32_fw) by extension 'colcon_pkg'
[0.489s] Level 1:colcon.colcon_core.package_identification:_identify(stm32_fw) by extensions ['colcon_meta']
[0.489s] Level 1:colcon.colcon_core.package_identification:_identify(stm32_fw) by extension 'colcon_meta'
[0.489s] Level 1:colcon.colcon_core.package_identification:_identify(stm32_fw) by extensions ['ros']
[0.489s] Level 1:colcon.colcon_core.package_identification:_identify(stm32_fw) by extension 'ros'
[0.489s] Level 1:colcon.colcon_core.package_identification:_identify(stm32_fw) by extensions ['cmake', 'python']
[0.489s] Level 1:colcon.colcon_core.package_identification:_identify(stm32_fw) by extension 'cmake'
[0.489s] Level 1:colcon.colcon_core.package_identification:_identify(stm32_fw) by extension 'python'
[0.489s] Level 1:colcon.colcon_core.package_identification:_identify(stm32_fw) by extensions ['python_setup_py']
[0.489s] Level 1:colcon.colcon_core.package_identification:_identify(stm32_fw) by extension 'python_setup_py'
[0.489s] Level 1:colcon.colcon_core.package_identification:_identify(stm32_fw/Core) by extensions ['ignore', 'ignore_ament_install']
[0.489s] Level 1:colcon.colcon_core.package_identification:_identify(stm32_fw/Core) by extension 'ignore'
[0.489s] Level 1:colcon.colcon_core.package_identification:_identify(stm32_fw/Core) by extension 'ignore_ament_install'
[0.489s] Level 1:colcon.colcon_core.package_identification:_identify(stm32_fw/Core) by extensions ['colcon_pkg']
[0.489s] Level 1:colcon.colcon_core.package_identification:_identify(stm32_fw/Core) by extension 'colcon_pkg'
[0.489s] Level 1:colcon.colcon_core.package_identification:_identify(stm32_fw/Core) by extensions ['colcon_meta']
[0.489s] Level 1:colcon.colcon_core.package_identification:_identify(stm32_fw/Core) by extension 'colcon_meta'
[0.489s] Level 1:colcon.colcon_core.package_identification:_identify(stm32_fw/Core) by extensions ['ros']
[0.489s] Level 1:colcon.colcon_core.package_identification:_identify(stm32_fw/Core) by extension 'ros'
[0.489s] Level 1:colcon.colcon_core.package_identification:_identify(stm32_fw/Core) by extensions ['cmake', 'python']
[0.489s] Level 1:colcon.colcon_core.package_identification:_identify(stm32_fw/Core) by extension 'cmake'
[0.489s] Level 1:colcon.colcon_core.package_identification:_identify(stm32_fw/Core) by extension 'python'
[0.489s] Level 1:colcon.colcon_core.package_identification:_identify(stm32_fw/Core) by extensions ['python_setup_py']
[0.489s] Level 1:colcon.colcon_core.package_identification:_identify(stm32_fw/Core) by extension 'python_setup_py'
[0.489s] Level 1:colcon.colcon_core.package_identification:_identify(stm32_fw/Core/Inc) by extensions ['ignore', 'ignore_ament_install']
[0.489s] Level 1:colcon.colcon_core.package_identification:_identify(stm32_fw/Core/Inc) by extension 'ignore'
[0.489s] Level 1:colcon.colcon_core.package_identification:_identify(stm32_fw/Core/Inc) by extension 'ignore_ament_install'
[0.490s] Level 1:colcon.colcon_core.package_identification:_identify(stm32_fw/Core/Inc) by extensions ['colcon_pkg']
[0.490s] Level 1:colcon.colcon_core.package_identification:_identify(stm32_fw/Core/Inc) by extension 'colcon_pkg'
[0.490s] Level 1:colcon.colcon_core.package_identification:_identify(stm32_fw/Core/Inc) by extensions ['colcon_meta']
[0.490s] Level 1:colcon.colcon_core.package_identification:_identify(stm32_fw/Core/Inc) by extension 'colcon_meta'
[0.490s] Level 1:colcon.colcon_core.package_identification:_identify(stm32_fw/Core/Inc) by extensions ['ros']
[0.490s] Level 1:colcon.colcon_core.package_identification:_identify(stm32_fw/Core/Inc) by extension 'ros'
[0.490s] Level 1:colcon.colcon_core.package_identification:_identify(stm32_fw/Core/Inc) by extensions ['cmake', 'python']
[0.490s] Level 1:colcon.colcon_core.package_identification:_identify(stm32_fw/Core/Inc) by extension 'cmake'
[0.490s] Level 1:colcon.colcon_core.package_identification:_identify(stm32_fw/Core/Inc) by extension 'python'
[0.490s] Level 1:colcon.colcon_core.package_identification:_identify(stm32_fw/Core/Inc) by extensions ['python_setup_py']
[0.490s] Level 1:colcon.colcon_core.package_identification:_identify(stm32_fw/Core/Inc) by extension 'python_setup_py'
[0.490s] Level 1:colcon.colcon_core.package_identification:_identify(stm32_fw/Core/Src) by extensions ['ignore', 'ignore_ament_install']
[0.490s] Level 1:colcon.colcon_core.package_identification:_identify(stm32_fw/Core/Src) by extension 'ignore'
[0.490s] Level 1:colcon.colcon_core.package_identification:_identify(stm32_fw/Core/Src) by extension 'ignore_ament_install'
[0.490s] Level 1:colcon.colcon_core.package_identification:_identify(stm32_fw/Core/Src) by extensions ['colcon_pkg']
[0.490s] Level 1:colcon.colcon_core.package_identification:_identify(stm32_fw/Core/Src) by extension 'colcon_pkg'
[0.490s] Level 1:colcon.colcon_core.package_identification:_identify(stm32_fw/Core/Src) by extensions ['colcon_meta']
[0.490s] Level 1:colcon.colcon_core.package_identification:_identify(stm32_fw/Core/Src) by extension 'colcon_meta'
[0.490s] Level 1:colcon.colcon_core.package_identification:_identify(stm32_fw/Core/Src) by extensions ['ros']
[0.490s] Level 1:colcon.colcon_core.package_identification:_identify(stm32_fw/Core/Src) by extension 'ros'
[0.490s] Level 1:colcon.colcon_core.package_identification:_identify(stm32_fw/Core/Src) by extensions ['cmake', 'python']
[0.490s] Level 1:colcon.colcon_core.package_identification:_identify(stm32_fw/Core/Src) by extension 'cmake'
[0.490s] Level 1:colcon.colcon_core.package_identification:_identify(stm32_fw/Core/Src) by extension 'python'
[0.490s] Level 1:colcon.colcon_core.package_identification:_identify(stm32_fw/Core/Src) by extensions ['python_setup_py']
[0.490s] Level 1:colcon.colcon_core.package_identification:_identify(stm32_fw/Core/Src) by extension 'python_setup_py'
[0.490s] Level 1:colcon.colcon_core.package_identification:_identify(stm32_fw/Drivers) by extensions ['ignore', 'ignore_ament_install']
[0.491s] Level 1:colcon.colcon_core.package_identification:_identify(stm32_fw/Drivers) by extension 'ignore'
[0.491s] Level 1:colcon.colcon_core.package_identification:_identify(stm32_fw/Drivers) by extension 'ignore_ament_install'
[0.491s] Level 1:colcon.colcon_core.package_identification:_identify(stm32_fw/Drivers) by extensions ['colcon_pkg']
[0.491s] Level 1:colcon.colcon_core.package_identification:_identify(stm32_fw/Drivers) by extension 'colcon_pkg'
[0.491s] Level 1:colcon.colcon_core.package_identification:_identify(stm32_fw/Drivers) by extensions ['colcon_meta']
[0.491s] Level 1:colcon.colcon_core.package_identification:_identify(stm32_fw/Drivers) by extension 'colcon_meta'
[0.491s] Level 1:colcon.colcon_core.package_identification:_identify(stm32_fw/Drivers) by extensions ['ros']
[0.491s] Level 1:colcon.colcon_core.package_identification:_identify(stm32_fw/Drivers) by extension 'ros'
[0.491s] Level 1:colcon.colcon_core.package_identification:_identify(stm32_fw/Drivers) by extensions ['cmake', 'python']
[0.491s] Level 1:colcon.colcon_core.package_identification:_identify(stm32_fw/Drivers) by extension 'cmake'
[0.491s] Level 1:colcon.colcon_core.package_identification:_identify(stm32_fw/Drivers) by extension 'python'
[0.491s] Level 1:colcon.colcon_core.package_identification:_identify(stm32_fw/Drivers) by extensions ['python_setup_py']
[0.491s] Level 1:colcon.colcon_core.package_identification:_identify(stm32_fw/Drivers) by extension 'python_setup_py'
[0.491s] Level 1:colcon.colcon_core.package_identification:_identify(stm32_fw/Drivers/CMSIS) by extensions ['ignore', 'ignore_ament_install']
[0.491s] Level 1:colcon.colcon_core.package_identification:_identify(stm32_fw/Drivers/CMSIS) by extension 'ignore'
[0.491s] Level 1:colcon.colcon_core.package_identification:_identify(stm32_fw/Drivers/CMSIS) by extension 'ignore_ament_install'
[0.491s] Level 1:colcon.colcon_core.package_identification:_identify(stm32_fw/Drivers/CMSIS) by extensions ['colcon_pkg']
[0.491s] Level 1:colcon.colcon_core.package_identification:_identify(stm32_fw/Drivers/CMSIS) by extension 'colcon_pkg'
[0.491s] Level 1:colcon.colcon_core.package_identification:_identify(stm32_fw/Drivers/CMSIS) by extensions ['colcon_meta']
[0.491s] Level 1:colcon.colcon_core.package_identification:_identify(stm32_fw/Drivers/CMSIS) by extension 'colcon_meta'
[0.491s] Level 1:colcon.colcon_core.package_identification:_identify(stm32_fw/Drivers/CMSIS) by extensions ['ros']
[0.491s] Level 1:colcon.colcon_core.package_identification:_identify(stm32_fw/Drivers/CMSIS) by extension 'ros'
[0.491s] Level 1:colcon.colcon_core.package_identification:_identify(stm32_fw/Drivers/CMSIS) by extensions ['cmake', 'python']
[0.491s] Level 1:colcon.colcon_core.package_identification:_identify(stm32_fw/Drivers/CMSIS) by extension 'cmake'
[0.491s] Level 1:colcon.colcon_core.package_identification:_identify(stm32_fw/Drivers/CMSIS) by extension 'python'
[0.491s] Level 1:colcon.colcon_core.package_identification:_identify(stm32_fw/Drivers/CMSIS) by extensions ['python_setup_py']
[0.491s] Level 1:colcon.colcon_core.package_identification:_identify(stm32_fw/Drivers/CMSIS) by extension 'python_setup_py'
[0.492s] Level 1:colcon.colcon_core.package_identification:_identify(stm32_fw/Drivers/CMSIS/Core) by extensions ['ignore', 'ignore_ament_install']
[0.492s] Level 1:colcon.colcon_core.package_identification:_identify(stm32_fw/Drivers/CMSIS/Core) by extension 'ignore'
[0.492s] Level 1:colcon.colcon_core.package_identification:_identify(stm32_fw/Drivers/CMSIS/Core) by extension 'ignore_ament_install'
[0.492s] Level 1:colcon.colcon_core.package_identification:_identify(stm32_fw/Drivers/CMSIS/Core) by extensions ['colcon_pkg']
[0.492s] Level 1:colcon.colcon_core.package_identification:_identify(stm32_fw/Drivers/CMSIS/Core) by extension 'colcon_pkg'
[0.492s] Level 1:colcon.colcon_core.package_identification:_identify(stm32_fw/Drivers/CMSIS/Core) by extensions ['colcon_meta']
[0.492s] Level 1:colcon.colcon_core.package_identification:_identify(stm32_fw/Drivers/CMSIS/Core) by extension 'colcon_meta'
[0.492s] Level 1:colcon.colcon_core.package_identification:_identify(stm32_fw/Drivers/CMSIS/Core) by extensions ['ros']
[0.492s] Level 1:colcon.colcon_core.package_identification:_identify(stm32_fw/Drivers/CMSIS/Core) by extension 'ros'
[0.492s] Level 1:colcon.colcon_core.package_identification:_identify(stm32_fw/Drivers/CMSIS/Core) by extensions ['cmake', 'python']
[0.492s] Level 1:colcon.colcon_core.package_identification:_identify(stm32_fw/Drivers/CMSIS/Core) by extension 'cmake'
[0.492s] Level 1:colcon.colcon_core.package_identification:_identify(stm32_fw/Drivers/CMSIS/Core) by extension 'python'
[0.492s] Level 1:colcon.colcon_core.package_identification:_identify(stm32_fw/Drivers/CMSIS/Core) by extensions ['python_setup_py']
[0.492s] Level 1:colcon.colcon_core.package_identification:_identify(stm32_fw/Drivers/CMSIS/Core) by extension 'python_setup_py'
[0.492s] Level 1:colcon.colcon_core.package_identification:_identify(stm32_fw/Drivers/CMSIS/Core/Include) by extensions ['ignore', 'ignore_ament_install']
[0.492s] Level 1:colcon.colcon_core.package_identification:_identify(stm32_fw/Drivers/CMSIS/Core/Include) by extension 'ignore'
[0.492s] Level 1:colcon.colcon_core.package_identification:_identify(stm32_fw/Drivers/CMSIS/Core/Include) by extension 'ignore_ament_install'
[0.492s] Level 1:colcon.colcon_core.package_identification:_identify(stm32_fw/Drivers/CMSIS/Core/Include) by extensions ['colcon_pkg']
[0.492s] Level 1:colcon.colcon_core.package_identification:_identify(stm32_fw/Drivers/CMSIS/Core/Include) by extension 'colcon_pkg'
[0.492s] Level 1:colcon.colcon_core.package_identification:_identify(stm32_fw/Drivers/CMSIS/Core/Include) by extensions ['colcon_meta']
[0.492s] Level 1:colcon.colcon_core.package_identification:_identify(stm32_fw/Drivers/CMSIS/Core/Include) by extension 'colcon_meta'
[0.492s] Level 1:colcon.colcon_core.package_identification:_identify(stm32_fw/Drivers/CMSIS/Core/Include) by extensions ['ros']
[0.492s] Level 1:colcon.colcon_core.package_identification:_identify(stm32_fw/Drivers/CMSIS/Core/Include) by extension 'ros'
[0.493s] Level 1:colcon.colcon_core.package_identification:_identify(stm32_fw/Drivers/CMSIS/Core/Include) by extensions ['cmake', 'python']
[0.493s] Level 1:colcon.colcon_core.package_identification:_identify(stm32_fw/Drivers/CMSIS/Core/Include) by extension 'cmake'
[0.493s] Level 1:colcon.colcon_core.package_identification:_identify(stm32_fw/Drivers/CMSIS/Core/Include) by extension 'python'
[0.493s] Level 1:colcon.colcon_core.package_identification:_identify(stm32_fw/Drivers/CMSIS/Core/Include) by extensions ['python_setup_py']
[0.493s] Level 1:colcon.colcon_core.package_identification:_identify(stm32_fw/Drivers/CMSIS/Core/Include) by extension 'python_setup_py'
[0.493s] Level 1:colcon.colcon_core.package_identification:_identify(stm32_fw/Drivers/CMSIS/Core/Template) by extensions ['ignore', 'ignore_ament_install']
[0.493s] Level 1:colcon.colcon_core.package_identification:_identify(stm32_fw/Drivers/CMSIS/Core/Template) by extension 'ignore'
[0.493s] Level 1:colcon.colcon_core.package_identification:_identify(stm32_fw/Drivers/CMSIS/Core/Template) by extension 'ignore_ament_install'
[0.493s] Level 1:colcon.colcon_core.package_identification:_identify(stm32_fw/Drivers/CMSIS/Core/Template) by extensions ['colcon_pkg']
[0.493s] Level 1:colcon.colcon_core.package_identification:_identify(stm32_fw/Drivers/CMSIS/Core/Template) by extension 'colcon_pkg'
[0.493s] Level 1:colcon.colcon_core.package_identification:_identify(stm32_fw/Drivers/CMSIS/Core/Template) by extensions ['colcon_meta']
[0.493s] Level 1:colcon.colcon_core.package_identification:_identify(stm32_fw/Drivers/CMSIS/Core/Template) by extension 'colcon_meta'
[0.493s] Level 1:colcon.colcon_core.package_identification:_identify(stm32_fw/Drivers/CMSIS/Core/Template) by extensions ['ros']
[0.493s] Level 1:colcon.colcon_core.package_identification:_identify(stm32_fw/Drivers/CMSIS/Core/Template) by extension 'ros'
[0.493s] Level 1:colcon.colcon_core.package_identification:_identify(stm32_fw/Drivers/CMSIS/Core/Template) by extensions ['cmake', 'python']
[0.493s] Level 1:colcon.colcon_core.package_identification:_identify(stm32_fw/Drivers/CMSIS/Core/Template) by extension 'cmake'
[0.493s] Level 1:colcon.colcon_core.package_identification:_identify(stm32_fw/Drivers/CMSIS/Core/Template) by extension 'python'
[0.493s] Level 1:colcon.colcon_core.package_identification:_identify(stm32_fw/Drivers/CMSIS/Core/Template) by extensions ['python_setup_py']
[0.493s] Level 1:colcon.colcon_core.package_identification:_identify(stm32_fw/Drivers/CMSIS/Core/Template) by extension 'python_setup_py'
[0.493s] Level 1:colcon.colcon_core.package_identification:_identify(stm32_fw/Drivers/CMSIS/Core/Template/ARMv8-M) by extensions ['ignore', 'ignore_ament_install']
[0.494s] Level 1:colcon.colcon_core.package_identification:_identify(stm32_fw/Drivers/CMSIS/Core/Template/ARMv8-M) by extension 'ignore'
[0.494s] Level 1:colcon.colcon_core.package_identification:_identify(stm32_fw/Drivers/CMSIS/Core/Template/ARMv8-M) by extension 'ignore_ament_install'
[0.494s] Level 1:colcon.colcon_core.package_identification:_identify(stm32_fw/Drivers/CMSIS/Core/Template/ARMv8-M) by extensions ['colcon_pkg']
[0.494s] Level 1:colcon.colcon_core.package_identification:_identify(stm32_fw/Drivers/CMSIS/Core/Template/ARMv8-M) by extension 'colcon_pkg'
[0.494s] Level 1:colcon.colcon_core.package_identification:_identify(stm32_fw/Drivers/CMSIS/Core/Template/ARMv8-M) by extensions ['colcon_meta']
[0.494s] Level 1:colcon.colcon_core.package_identification:_identify(stm32_fw/Drivers/CMSIS/Core/Template/ARMv8-M) by extension 'colcon_meta'
[0.494s] Level 1:colcon.colcon_core.package_identification:_identify(stm32_fw/Drivers/CMSIS/Core/Template/ARMv8-M) by extensions ['ros']
[0.494s] Level 1:colcon.colcon_core.package_identification:_identify(stm32_fw/Drivers/CMSIS/Core/Template/ARMv8-M) by extension 'ros'
[0.494s] Level 1:colcon.colcon_core.package_identification:_identify(stm32_fw/Drivers/CMSIS/Core/Template/ARMv8-M) by extensions ['cmake', 'python']
[0.494s] Level 1:colcon.colcon_core.package_identification:_identify(stm32_fw/Drivers/CMSIS/Core/Template/ARMv8-M) by extension 'cmake'
[0.494s] Level 1:colcon.colcon_core.package_identification:_identify(stm32_fw/Drivers/CMSIS/Core/Template/ARMv8-M) by extension 'python'
[0.494s] Level 1:colcon.colcon_core.package_identification:_identify(stm32_fw/Drivers/CMSIS/Core/Template/ARMv8-M) by extensions ['python_setup_py']
[0.494s] Level 1:colcon.colcon_core.package_identification:_identify(stm32_fw/Drivers/CMSIS/Core/Template/ARMv8-M) by extension 'python_setup_py'
[0.494s] Level 1:colcon.colcon_core.package_identification:_identify(stm32_fw/Drivers/CMSIS/Core_A) by extensions ['ignore', 'ignore_ament_install']
[0.494s] Level 1:colcon.colcon_core.package_identification:_identify(stm32_fw/Drivers/CMSIS/Core_A) by extension 'ignore'
[0.494s] Level 1:colcon.colcon_core.package_identification:_identify(stm32_fw/Drivers/CMSIS/Core_A) by extension 'ignore_ament_install'
[0.494s] Level 1:colcon.colcon_core.package_identification:_identify(stm32_fw/Drivers/CMSIS/Core_A) by extensions ['colcon_pkg']
[0.494s] Level 1:colcon.colcon_core.package_identification:_identify(stm32_fw/Drivers/CMSIS/Core_A) by extension 'colcon_pkg'
[0.494s] Level 1:colcon.colcon_core.package_identification:_identify(stm32_fw/Drivers/CMSIS/Core_A) by extensions ['colcon_meta']
[0.494s] Level 1:colcon.colcon_core.package_identification:_identify(stm32_fw/Drivers/CMSIS/Core_A) by extension 'colcon_meta'
[0.494s] Level 1:colcon.colcon_core.package_identification:_identify(stm32_fw/Drivers/CMSIS/Core_A) by extensions ['ros']
[0.495s] Level 1:colcon.colcon_core.package_identification:_identify(stm32_fw/Drivers/CMSIS/Core_A) by extension 'ros'
[0.495s] Level 1:colcon.colcon_core.package_identification:_identify(stm32_fw/Drivers/CMSIS/Core_A) by extensions ['cmake', 'python']
[0.495s] Level 1:colcon.colcon_core.package_identification:_identify(stm32_fw/Drivers/CMSIS/Core_A) by extension 'cmake'
[0.495s] Level 1:colcon.colcon_core.package_identification:_identify(stm32_fw/Drivers/CMSIS/Core_A) by extension 'python'
[0.495s] Level 1:colcon.colcon_core.package_identification:_identify(stm32_fw/Drivers/CMSIS/Core_A) by extensions ['python_setup_py']
[0.495s] Level 1:colcon.colcon_core.package_identification:_identify(stm32_fw/Drivers/CMSIS/Core_A) by extension 'python_setup_py'
[0.495s] Level 1:colcon.colcon_core.package_identification:_identify(stm32_fw/Drivers/CMSIS/Core_A/Include) by extensions ['ignore', 'ignore_ament_install']
[0.495s] Level 1:colcon.colcon_core.package_identification:_identify(stm32_fw/Drivers/CMSIS/Core_A/Include) by extension 'ignore'
[0.495s] Level 1:colcon.colcon_core.package_identification:_identify(stm32_fw/Drivers/CMSIS/Core_A/Include) by extension 'ignore_ament_install'
[0.495s] Level 1:colcon.colcon_core.package_identification:_identify(stm32_fw/Drivers/CMSIS/Core_A/Include) by extensions ['colcon_pkg']
[0.495s] Level 1:colcon.colcon_core.package_identification:_identify(stm32_fw/Drivers/CMSIS/Core_A/Include) by extension 'colcon_pkg'
[0.495s] Level 1:colcon.colcon_core.package_identification:_identify(stm32_fw/Drivers/CMSIS/Core_A/Include) by extensions ['colcon_meta']
[0.495s] Level 1:colcon.colcon_core.package_identification:_identify(stm32_fw/Drivers/CMSIS/Core_A/Include) by extension 'colcon_meta'
[0.495s] Level 1:colcon.colcon_core.package_identification:_identify(stm32_fw/Drivers/CMSIS/Core_A/Include) by extensions ['ros']
[0.495s] Level 1:colcon.colcon_core.package_identification:_identify(stm32_fw/Drivers/CMSIS/Core_A/Include) by extension 'ros'
[0.495s] Level 1:colcon.colcon_core.package_identification:_identify(stm32_fw/Drivers/CMSIS/Core_A/Include) by extensions ['cmake', 'python']
[0.495s] Level 1:colcon.colcon_core.package_identification:_identify(stm32_fw/Drivers/CMSIS/Core_A/Include) by extension 'cmake'
[0.495s] Level 1:colcon.colcon_core.package_identification:_identify(stm32_fw/Drivers/CMSIS/Core_A/Include) by extension 'python'
[0.495s] Level 1:colcon.colcon_core.package_identification:_identify(stm32_fw/Drivers/CMSIS/Core_A/Include) by extensions ['python_setup_py']
[0.495s] Level 1:colcon.colcon_core.package_identification:_identify(stm32_fw/Drivers/CMSIS/Core_A/Include) by extension 'python_setup_py'
[0.495s] Level 1:colcon.colcon_core.package_identification:_identify(stm32_fw/Drivers/CMSIS/Core_A/Source) by extensions ['ignore', 'ignore_ament_install']
[0.495s] Level 1:colcon.colcon_core.package_identification:_identify(stm32_fw/Drivers/CMSIS/Core_A/Source) by extension 'ignore'
[0.495s] Level 1:colcon.colcon_core.package_identification:_identify(stm32_fw/Drivers/CMSIS/Core_A/Source) by extension 'ignore_ament_install'
[0.495s] Level 1:colcon.colcon_core.package_identification:_identify(stm32_fw/Drivers/CMSIS/Core_A/Source) by extensions ['colcon_pkg']
[0.495s] Level 1:colcon.colcon_core.package_identification:_identify(stm32_fw/Drivers/CMSIS/Core_A/Source) by extension 'colcon_pkg'
[0.495s] Level 1:colcon.colcon_core.package_identification:_identify(stm32_fw/Drivers/CMSIS/Core_A/Source) by extensions ['colcon_meta']
[0.495s] Level 1:colcon.colcon_core.package_identification:_identify(stm32_fw/Drivers/CMSIS/Core_A/Source) by extension 'colcon_meta'
[0.495s] Level 1:colcon.colcon_core.package_identification:_identify(stm32_fw/Drivers/CMSIS/Core_A/Source) by extensions ['ros']
[0.495s] Level 1:colcon.colcon_core.package_identification:_identify(stm32_fw/Drivers/CMSIS/Core_A/Source) by extension 'ros'
[0.496s] Level 1:colcon.colcon_core.package_identification:_identify(stm32_fw/Drivers/CMSIS/Core_A/Source) by extensions ['cmake', 'python']
[0.496s] Level 1:colcon.colcon_core.package_identification:_identify(stm32_fw/Drivers/CMSIS/Core_A/Source) by extension 'cmake'
[0.496s] Level 1:colcon.colcon_core.package_identification:_identify(stm32_fw/Drivers/CMSIS/Core_A/Source) by extension 'python'
[0.496s] Level 1:colcon.colcon_core.package_identification:_identify(stm32_fw/Drivers/CMSIS/Core_A/Source) by extensions ['python_setup_py']
[0.496s] Level 1:colcon.colcon_core.package_identification:_identify(stm32_fw/Drivers/CMSIS/Core_A/Source) by extension 'python_setup_py'
[0.496s] Level 1:colcon.colcon_core.package_identification:_identify(stm32_fw/Drivers/CMSIS/DSP) by extensions ['ignore', 'ignore_ament_install']
[0.496s] Level 1:colcon.colcon_core.package_identification:_identify(stm32_fw/Drivers/CMSIS/DSP) by extension 'ignore'
[0.496s] Level 1:colcon.colcon_core.package_identification:_identify(stm32_fw/Drivers/CMSIS/DSP) by extension 'ignore_ament_install'
[0.496s] Level 1:colcon.colcon_core.package_identification:_identify(stm32_fw/Drivers/CMSIS/DSP) by extensions ['colcon_pkg']
[0.496s] Level 1:colcon.colcon_core.package_identification:_identify(stm32_fw/Drivers/CMSIS/DSP) by extension 'colcon_pkg'
[0.496s] Level 1:colcon.colcon_core.package_identification:_identify(stm32_fw/Drivers/CMSIS/DSP) by extensions ['colcon_meta']
[0.496s] Level 1:colcon.colcon_core.package_identification:_identify(stm32_fw/Drivers/CMSIS/DSP) by extension 'colcon_meta'
[0.496s] Level 1:colcon.colcon_core.package_identification:_identify(stm32_fw/Drivers/CMSIS/DSP) by extensions ['ros']
[0.496s] Level 1:colcon.colcon_core.package_identification:_identify(stm32_fw/Drivers/CMSIS/DSP) by extension 'ros'
[0.496s] Level 1:colcon.colcon_core.package_identification:_identify(stm32_fw/Drivers/CMSIS/DSP) by extensions ['cmake', 'python']
[0.496s] Level 1:colcon.colcon_core.package_identification:_identify(stm32_fw/Drivers/CMSIS/DSP) by extension 'cmake'
[0.496s] Level 1:colcon.colcon_core.package_identification:_identify(stm32_fw/Drivers/CMSIS/DSP) by extension 'python'
[0.496s] Level 1:colcon.colcon_core.package_identification:_identify(stm32_fw/Drivers/CMSIS/DSP) by extensions ['python_setup_py']
[0.496s] Level 1:colcon.colcon_core.package_identification:_identify(stm32_fw/Drivers/CMSIS/DSP) by extension 'python_setup_py'
[0.496s] Level 1:colcon.colcon_core.package_identification:_identify(stm32_fw/Drivers/CMSIS/DSP/DSP_Lib_TestSuite) by extensions ['ignore', 'ignore_ament_install']
[0.496s] Level 1:colcon.colcon_core.package_identification:_identify(stm32_fw/Drivers/CMSIS/DSP/DSP_Lib_TestSuite) by extension 'ignore'
[0.496s] Level 1:colcon.colcon_core.package_identification:_identify(stm32_fw/Drivers/CMSIS/DSP/DSP_Lib_TestSuite) by extension 'ignore_ament_install'
[0.496s] Level 1:colcon.colcon_core.package_identification:_identify(stm32_fw/Drivers/CMSIS/DSP/DSP_Lib_TestSuite) by extensions ['colcon_pkg']
[0.496s] Level 1:colcon.colcon_core.package_identification:_identify(stm32_fw/Drivers/CMSIS/DSP/DSP_Lib_TestSuite) by extension 'colcon_pkg'
[0.496s] Level 1:colcon.colcon_core.package_identification:_identify(stm32_fw/Drivers/CMSIS/DSP/DSP_Lib_TestSuite) by extensions ['colcon_meta']
[0.496s] Level 1:colcon.colcon_core.package_identification:_identify(stm32_fw/Drivers/CMSIS/DSP/DSP_Lib_TestSuite) by extension 'colcon_meta'
[0.496s] Level 1:colcon.colcon_core.package_identification:_identify(stm32_fw/Drivers/CMSIS/DSP/DSP_Lib_TestSuite) by extensions ['ros']
[0.496s] Level 1:colcon.colcon_core.package_identification:_identify(stm32_fw/Drivers/CMSIS/DSP/DSP_Lib_TestSuite) by extension 'ros'
[0.496s] Level 1:colcon.colcon_core.package_identification:_identify(stm32_fw/Drivers/CMSIS/DSP/DSP_Lib_TestSuite) by extensions ['cmake', 'python']
[0.497s] Level 1:colcon.colcon_core.package_identification:_identify(stm32_fw/Drivers/CMSIS/DSP/DSP_Lib_TestSuite) by extension 'cmake'
[0.497s] Level 1:colcon.colcon_core.package_identification:_identify(stm32_fw/Drivers/CMSIS/DSP/DSP_Lib_TestSuite) by extension 'python'
[0.497s] Level 1:colcon.colcon_core.package_identification:_identify(stm32_fw/Drivers/CMSIS/DSP/DSP_Lib_TestSuite) by extensions ['python_setup_py']
[0.497s] Level 1:colcon.colcon_core.package_identification:_identify(stm32_fw/Drivers/CMSIS/DSP/DSP_Lib_TestSuite) by extension 'python_setup_py'
[0.497s] Level 1:colcon.colcon_core.package_identification:_identify(stm32_fw/Drivers/CMSIS/DSP/DSP_Lib_TestSuite/Common) by extensions ['ignore', 'ignore_ament_install']
[0.497s] Level 1:colcon.colcon_core.package_identification:_identify(stm32_fw/Drivers/CMSIS/DSP/DSP_Lib_TestSuite/Common) by extension 'ignore'
[0.497s] Level 1:colcon.colcon_core.package_identification:_identify(stm32_fw/Drivers/CMSIS/DSP/DSP_Lib_TestSuite/Common) by extension 'ignore_ament_install'
[0.497s] Level 1:colcon.colcon_core.package_identification:_identify(stm32_fw/Drivers/CMSIS/DSP/DSP_Lib_TestSuite/Common) by extensions ['colcon_pkg']
[0.497s] Level 1:colcon.colcon_core.package_identification:_identify(stm32_fw/Drivers/CMSIS/DSP/DSP_Lib_TestSuite/Common) by extension 'colcon_pkg'
[0.497s] Level 1:colcon.colcon_core.package_identification:_identify(stm32_fw/Drivers/CMSIS/DSP/DSP_Lib_TestSuite/Common) by extensions ['colcon_meta']
[0.497s] Level 1:colcon.colcon_core.package_identification:_identify(stm32_fw/Drivers/CMSIS/DSP/DSP_Lib_TestSuite/Common) by extension 'colcon_meta'
[0.497s] Level 1:colcon.colcon_core.package_identification:_identify(stm32_fw/Drivers/CMSIS/DSP/DSP_Lib_TestSuite/Common) by extensions ['ros']
[0.497s] Level 1:colcon.colcon_core.package_identification:_identify(stm32_fw/Drivers/CMSIS/DSP/DSP_Lib_TestSuite/Common) by extension 'ros'
[0.497s] Level 1:colcon.colcon_core.package_identification:_identify(stm32_fw/Drivers/CMSIS/DSP/DSP_Lib_TestSuite/Common) by extensions ['cmake', 'python']
[0.497s] Level 1:colcon.colcon_core.package_identification:_identify(stm32_fw/Drivers/CMSIS/DSP/DSP_Lib_TestSuite/Common) by extension 'cmake'
[0.497s] Level 1:colcon.colcon_core.package_identification:_identify(stm32_fw/Drivers/CMSIS/DSP/DSP_Lib_TestSuite/Common) by extension 'python'
[0.497s] Level 1:colcon.colcon_core.package_identification:_identify(stm32_fw/Drivers/CMSIS/DSP/DSP_Lib_TestSuite/Common) by extensions ['python_setup_py']
[0.497s] Level 1:colcon.colcon_core.package_identification:_identify(stm32_fw/Drivers/CMSIS/DSP/DSP_Lib_TestSuite/Common) by extension 'python_setup_py'
[0.497s] Level 1:colcon.colcon_core.package_identification:_identify(stm32_fw/Drivers/CMSIS/DSP/DSP_Lib_TestSuite/Common/JTest) by extensions ['ignore', 'ignore_ament_install']
[0.497s] Level 1:colcon.colcon_core.package_identification:_identify(stm32_fw/Drivers/CMSIS/DSP/DSP_Lib_TestSuite/Common/JTest) by extension 'ignore'
[0.497s] Level 1:colcon.colcon_core.package_identification:_identify(stm32_fw/Drivers/CMSIS/DSP/DSP_Lib_TestSuite/Common/JTest) by extension 'ignore_ament_install'
[0.498s] Level 1:colcon.colcon_core.package_identification:_identify(stm32_fw/Drivers/CMSIS/DSP/DSP_Lib_TestSuite/Common/JTest) by extensions ['colcon_pkg']
[0.498s] Level 1:colcon.colcon_core.package_identification:_identify(stm32_fw/Drivers/CMSIS/DSP/DSP_Lib_TestSuite/Common/JTest) by extension 'colcon_pkg'
[0.498s] Level 1:colcon.colcon_core.package_identification:_identify(stm32_fw/Drivers/CMSIS/DSP/DSP_Lib_TestSuite/Common/JTest) by extensions ['colcon_meta']
[0.498s] Level 1:colcon.colcon_core.package_identification:_identify(stm32_fw/Drivers/CMSIS/DSP/DSP_Lib_TestSuite/Common/JTest) by extension 'colcon_meta'
[0.498s] Level 1:colcon.colcon_core.package_identification:_identify(stm32_fw/Drivers/CMSIS/DSP/DSP_Lib_TestSuite/Common/JTest) by extensions ['ros']
[0.498s] Level 1:colcon.colcon_core.package_identification:_identify(stm32_fw/Drivers/CMSIS/DSP/DSP_Lib_TestSuite/Common/JTest) by extension 'ros'
[0.498s] Level 1:colcon.colcon_core.package_identification:_identify(stm32_fw/Drivers/CMSIS/DSP/DSP_Lib_TestSuite/Common/JTest) by extensions ['cmake', 'python']
[0.498s] Level 1:colcon.colcon_core.package_identification:_identify(stm32_fw/Drivers/CMSIS/DSP/DSP_Lib_TestSuite/Common/JTest) by extension 'cmake'
[0.498s] Level 1:colcon.colcon_core.package_identification:_identify(stm32_fw/Drivers/CMSIS/DSP/DSP_Lib_TestSuite/Common/JTest) by extension 'python'
[0.498s] Level 1:colcon.colcon_core.package_identification:_identify(stm32_fw/Drivers/CMSIS/DSP/DSP_Lib_TestSuite/Common/JTest) by extensions ['python_setup_py']
[0.498s] Level 1:colcon.colcon_core.package_identification:_identify(stm32_fw/Drivers/CMSIS/DSP/DSP_Lib_TestSuite/Common/JTest) by extension 'python_setup_py'
[0.498s] Level 1:colcon.colcon_core.package_identification:_identify(stm32_fw/Drivers/CMSIS/DSP/DSP_Lib_TestSuite/Common/JTest/inc) by extensions ['ignore', 'ignore_ament_install']
[0.498s] Level 1:colcon.colcon_core.package_identification:_identify(stm32_fw/Drivers/CMSIS/DSP/DSP_Lib_TestSuite/Common/JTest/inc) by extension 'ignore'
[0.498s] Level 1:colcon.colcon_core.package_identification:_identify(stm32_fw/Drivers/CMSIS/DSP/DSP_Lib_TestSuite/Common/JTest/inc) by extension 'ignore_ament_install'
[0.499s] Level 1:colcon.colcon_core.package_identification:_identify(stm32_fw/Drivers/CMSIS/DSP/DSP_Lib_TestSuite/Common/JTest/inc) by extensions ['colcon_pkg']
[0.499s] Level 1:colcon.colcon_core.package_identification:_identify(stm32_fw/Drivers/CMSIS/DSP/DSP_Lib_TestSuite/Common/JTest/inc) by extension 'colcon_pkg'
[0.499s] Level 1:colcon.colcon_core.package_identification:_identify(stm32_fw/Drivers/CMSIS/DSP/DSP_Lib_TestSuite/Common/JTest/inc) by extensions ['colcon_meta']
[0.499s] Level 1:colcon.colcon_core.package_identification:_identify(stm32_fw/Drivers/CMSIS/DSP/DSP_Lib_TestSuite/Common/JTest/inc) by extension 'colcon_meta'
[0.499s] Level 1:colcon.colcon_core.package_identification:_identify(stm32_fw/Drivers/CMSIS/DSP/DSP_Lib_TestSuite/Common/JTest/inc) by extensions ['ros']
[0.499s] Level 1:colcon.colcon_core.package_identification:_identify(stm32_fw/Drivers/CMSIS/DSP/DSP_Lib_TestSuite/Common/JTest/inc) by extension 'ros'
[0.499s] Level 1:colcon.colcon_core.package_identification:_identify(stm32_fw/Drivers/CMSIS/DSP/DSP_Lib_TestSuite/Common/JTest/inc) by extensions ['cmake', 'python']
[0.499s] Level 1:colcon.colcon_core.package_identification:_identify(stm32_fw/Drivers/CMSIS/DSP/DSP_Lib_TestSuite/Common/JTest/inc) by extension 'cmake'
[0.499s] Level 1:colcon.colcon_core.package_identification:_identify(stm32_fw/Drivers/CMSIS/DSP/DSP_Lib_TestSuite/Common/JTest/inc) by extension 'python'
[0.499s] Level 1:colcon.colcon_core.package_identification:_identify(stm32_fw/Drivers/CMSIS/DSP/DSP_Lib_TestSuite/Common/JTest/inc) by extensions ['python_setup_py']
[0.499s] Level 1:colcon.colcon_core.package_identification:_identify(stm32_fw/Drivers/CMSIS/DSP/DSP_Lib_TestSuite/Common/JTest/inc) by extension 'python_setup_py'
[0.499s] Level 1:colcon.colcon_core.package_identification:_identify(stm32_fw/Drivers/CMSIS/DSP/DSP_Lib_TestSuite/Common/JTest/inc/arr_desc) by extensions ['ignore', 'ignore_ament_install']
[0.499s] Level 1:colcon.colcon_core.package_identification:_identify(stm32_fw/Drivers/CMSIS/DSP/DSP_Lib_TestSuite/Common/JTest/inc/arr_desc) by extension 'ignore'
[0.499s] Level 1:colcon.colcon_core.package_identification:_identify(stm32_fw/Drivers/CMSIS/DSP/DSP_Lib_TestSuite/Common/JTest/inc/arr_desc) by extension 'ignore_ament_install'
[0.499s] Level 1:colcon.colcon_core.package_identification:_identify(stm32_fw/Drivers/CMSIS/DSP/DSP_Lib_TestSuite/Common/JTest/inc/arr_desc) by extensions ['colcon_pkg']
[0.499s] Level 1:colcon.colcon_core.package_identification:_identify(stm32_fw/Drivers/CMSIS/DSP/DSP_Lib_TestSuite/Common/JTest/inc/arr_desc) by extension 'colcon_pkg'
[0.499s] Level 1:colcon.colcon_core.package_identification:_identify(stm32_fw/Drivers/CMSIS/DSP/DSP_Lib_TestSuite/Common/JTest/inc/arr_desc) by extensions ['colcon_meta']
[0.499s] Level 1:colcon.colcon_core.package_identification:_identify(stm32_fw/Drivers/CMSIS/DSP/DSP_Lib_TestSuite/Common/JTest/inc/arr_desc) by extension 'colcon_meta'
[0.499s] Level 1:colcon.colcon_core.package_identification:_identify(stm32_fw/Drivers/CMSIS/DSP/DSP_Lib_TestSuite/Common/JTest/inc/arr_desc) by extensions ['ros']
[0.499s] Level 1:colcon.colcon_core.package_identification:_identify(stm32_fw/Drivers/CMSIS/DSP/DSP_Lib_TestSuite/Common/JTest/inc/arr_desc) by extension 'ros'
[0.499s] Level 1:colcon.colcon_core.package_identification:_identify(stm32_fw/Drivers/CMSIS/DSP/DSP_Lib_TestSuite/Common/JTest/inc/arr_desc) by extensions ['cmake', 'python']
[0.499s] Level 1:colcon.colcon_core.package_identification:_identify(stm32_fw/Drivers/CMSIS/DSP/DSP_Lib_TestSuite/Common/JTest/inc/arr_desc) by extension 'cmake'
[0.499s] Level 1:colcon.colcon_core.package_identification:_identify(stm32_fw/Drivers/CMSIS/DSP/DSP_Lib_TestSuite/Common/JTest/inc/arr_desc) by extension 'python'
[0.499s] Level 1:colcon.colcon_core.package_identification:_identify(stm32_fw/Drivers/CMSIS/DSP/DSP_Lib_TestSuite/Common/JTest/inc/arr_desc) by extensions ['python_setup_py']
[0.499s] Level 1:colcon.colcon_core.package_identification:_identify(stm32_fw/Drivers/CMSIS/DSP/DSP_Lib_TestSuite/Common/JTest/inc/arr_desc) by extension 'python_setup_py'
[0.500s] Level 1:colcon.colcon_core.package_identification:_identify(stm32_fw/Drivers/CMSIS/DSP/DSP_Lib_TestSuite/Common/JTest/inc/opt_arg) by extensions ['ignore', 'ignore_ament_install']
[0.500s] Level 1:colcon.colcon_core.package_identification:_identify(stm32_fw/Drivers/CMSIS/DSP/DSP_Lib_TestSuite/Common/JTest/inc/opt_arg) by extension 'ignore'
[0.500s] Level 1:colcon.colcon_core.package_identification:_identify(stm32_fw/Drivers/CMSIS/DSP/DSP_Lib_TestSuite/Common/JTest/inc/opt_arg) by extension 'ignore_ament_install'
[0.500s] Level 1:colcon.colcon_core.package_identification:_identify(stm32_fw/Drivers/CMSIS/DSP/DSP_Lib_TestSuite/Common/JTest/inc/opt_arg) by extensions ['colcon_pkg']
[0.500s] Level 1:colcon.colcon_core.package_identification:_identify(stm32_fw/Drivers/CMSIS/DSP/DSP_Lib_TestSuite/Common/JTest/inc/opt_arg) by extension 'colcon_pkg'
[0.500s] Level 1:colcon.colcon_core.package_identification:_identify(stm32_fw/Drivers/CMSIS/DSP/DSP_Lib_TestSuite/Common/JTest/inc/opt_arg) by extensions ['colcon_meta']
[0.500s] Level 1:colcon.colcon_core.package_identification:_identify(stm32_fw/Drivers/CMSIS/DSP/DSP_Lib_TestSuite/Common/JTest/inc/opt_arg) by extension 'colcon_meta'
[0.500s] Level 1:colcon.colcon_core.package_identification:_identify(stm32_fw/Drivers/CMSIS/DSP/DSP_Lib_TestSuite/Common/JTest/inc/opt_arg) by extensions ['ros']
[0.500s] Level 1:colcon.colcon_core.package_identification:_identify(stm32_fw/Drivers/CMSIS/DSP/DSP_Lib_TestSuite/Common/JTest/inc/opt_arg) by extension 'ros'
[0.500s] Level 1:colcon.colcon_core.package_identification:_identify(stm32_fw/Drivers/CMSIS/DSP/DSP_Lib_TestSuite/Common/JTest/inc/opt_arg) by extensions ['cmake', 'python']
[0.500s] Level 1:colcon.colcon_core.package_identification:_identify(stm32_fw/Drivers/CMSIS/DSP/DSP_Lib_TestSuite/Common/JTest/inc/opt_arg) by extension 'cmake'
[0.500s] Level 1:colcon.colcon_core.package_identification:_identify(stm32_fw/Drivers/CMSIS/DSP/DSP_Lib_TestSuite/Common/JTest/inc/opt_arg) by extension 'python'
[0.500s] Level 1:colcon.colcon_core.package_identification:_identify(stm32_fw/Drivers/CMSIS/DSP/DSP_Lib_TestSuite/Common/JTest/inc/opt_arg) by extensions ['python_setup_py']
[0.500s] Level 1:colcon.colcon_core.package_identification:_identify(stm32_fw/Drivers/CMSIS/DSP/DSP_Lib_TestSuite/Common/JTest/inc/opt_arg) by extension 'python_setup_py'
[0.500s] Level 1:colcon.colcon_core.package_identification:_identify(stm32_fw/Drivers/CMSIS/DSP/DSP_Lib_TestSuite/Common/JTest/inc/util) by extensions ['ignore', 'ignore_ament_install']
[0.500s] Level 1:colcon.colcon_core.package_identification:_identify(stm32_fw/Drivers/CMSIS/DSP/DSP_Lib_TestSuite/Common/JTest/inc/util) by extension 'ignore'
[0.500s] Level 1:colcon.colcon_core.package_identification:_identify(stm32_fw/Drivers/CMSIS/DSP/DSP_Lib_TestSuite/Common/JTest/inc/util) by extension 'ignore_ament_install'
[0.500s] Level 1:colcon.colcon_core.package_identification:_identify(stm32_fw/Drivers/CMSIS/DSP/DSP_Lib_TestSuite/Common/JTest/inc/util) by extensions ['colcon_pkg']
[0.500s] Level 1:colcon.colcon_core.package_identification:_identify(stm32_fw/Drivers/CMSIS/DSP/DSP_Lib_TestSuite/Common/JTest/inc/util) by extension 'colcon_pkg'
[0.500s] Level 1:colcon.colcon_core.package_identification:_identify(stm32_fw/Drivers/CMSIS/DSP/DSP_Lib_TestSuite/Common/JTest/inc/util) by extensions ['colcon_meta']
[0.500s] Level 1:colcon.colcon_core.package_identification:_identify(stm32_fw/Drivers/CMSIS/DSP/DSP_Lib_TestSuite/Common/JTest/inc/util) by extension 'colcon_meta'
[0.500s] Level 1:colcon.colcon_core.package_identification:_identify(stm32_fw/Drivers/CMSIS/DSP/DSP_Lib_TestSuite/Common/JTest/inc/util) by extensions ['ros']
[0.500s] Level 1:colcon.colcon_core.package_identification:_identify(stm32_fw/Drivers/CMSIS/DSP/DSP_Lib_TestSuite/Common/JTest/inc/util) by extension 'ros'
[0.501s] Level 1:colcon.colcon_core.package_identification:_identify(stm32_fw/Drivers/CMSIS/DSP/DSP_Lib_TestSuite/Common/JTest/inc/util) by extensions ['cmake', 'python']
[0.501s] Level 1:colcon.colcon_core.package_identification:_identify(stm32_fw/Drivers/CMSIS/DSP/DSP_Lib_TestSuite/Common/JTest/inc/util) by extension 'cmake'
[0.501s] Level 1:colcon.colcon_core.package_identification:_identify(stm32_fw/Drivers/CMSIS/DSP/DSP_Lib_TestSuite/Common/JTest/inc/util) by extension 'python'
[0.501s] Level 1:colcon.colcon_core.package_identification:_identify(stm32_fw/Drivers/CMSIS/DSP/DSP_Lib_TestSuite/Common/JTest/inc/util) by extensions ['python_setup_py']
[0.501s] Level 1:colcon.colcon_core.package_identification:_identify(stm32_fw/Drivers/CMSIS/DSP/DSP_Lib_TestSuite/Common/JTest/inc/util) by extension 'python_setup_py'
[0.501s] Level 1:colcon.colcon_core.package_identification:_identify(stm32_fw/Drivers/CMSIS/DSP/DSP_Lib_TestSuite/Common/JTest/src) by extensions ['ignore', 'ignore_ament_install']
[0.501s] Level 1:colcon.colcon_core.package_identification:_identify(stm32_fw/Drivers/CMSIS/DSP/DSP_Lib_TestSuite/Common/JTest/src) by extension 'ignore'
[0.501s] Level 1:colcon.colcon_core.package_identification:_identify(stm32_fw/Drivers/CMSIS/DSP/DSP_Lib_TestSuite/Common/JTest/src) by extension 'ignore_ament_install'
[0.501s] Level 1:colcon.colcon_core.package_identification:_identify(stm32_fw/Drivers/CMSIS/DSP/DSP_Lib_TestSuite/Common/JTest/src) by extensions ['colcon_pkg']
[0.501s] Level 1:colcon.colcon_core.package_identification:_identify(stm32_fw/Drivers/CMSIS/DSP/DSP_Lib_TestSuite/Common/JTest/src) by extension 'colcon_pkg'
[0.501s] Level 1:colcon.colcon_core.package_identification:_identify(stm32_fw/Drivers/CMSIS/DSP/DSP_Lib_TestSuite/Common/JTest/src) by extensions ['colcon_meta']
[0.501s] Level 1:colcon.colcon_core.package_identification:_identify(stm32_fw/Drivers/CMSIS/DSP/DSP_Lib_TestSuite/Common/JTest/src) by extension 'colcon_meta'
[0.501s] Level 1:colcon.colcon_core.package_identification:_identify(stm32_fw/Drivers/CMSIS/DSP/DSP_Lib_TestSuite/Common/JTest/src) by extensions ['ros']
[0.501s] Level 1:colcon.colcon_core.package_identification:_identify(stm32_fw/Drivers/CMSIS/DSP/DSP_Lib_TestSuite/Common/JTest/src) by extension 'ros'
[0.501s] Level 1:colcon.colcon_core.package_identification:_identify(stm32_fw/Drivers/CMSIS/DSP/DSP_Lib_TestSuite/Common/JTest/src) by extensions ['cmake', 'python']
[0.501s] Level 1:colcon.colcon_core.package_identification:_identify(stm32_fw/Drivers/CMSIS/DSP/DSP_Lib_TestSuite/Common/JTest/src) by extension 'cmake'
[0.501s] Level 1:colcon.colcon_core.package_identification:_identify(stm32_fw/Drivers/CMSIS/DSP/DSP_Lib_TestSuite/Common/JTest/src) by extension 'python'
[0.501s] Level 1:colcon.colcon_core.package_identification:_identify(stm32_fw/Drivers/CMSIS/DSP/DSP_Lib_TestSuite/Common/JTest/src) by extensions ['python_setup_py']
[0.501s] Level 1:colcon.colcon_core.package_identification:_identify(stm32_fw/Drivers/CMSIS/DSP/DSP_Lib_TestSuite/Common/JTest/src) by extension 'python_setup_py'
[0.501s] Level 1:colcon.colcon_core.package_identification:_identify(stm32_fw/Drivers/CMSIS/DSP/DSP_Lib_TestSuite/Common/inc) by extensions ['ignore', 'ignore_ament_install']
[0.501s] Level 1:colcon.colcon_core.package_identification:_identify(stm32_fw/Drivers/CMSIS/DSP/DSP_Lib_TestSuite/Common/inc) by extension 'ignore'
[0.501s] Level 1:colcon.colcon_core.package_identification:_identify(stm32_fw/Drivers/CMSIS/DSP/DSP_Lib_TestSuite/Common/inc) by extension 'ignore_ament_install'
[0.501s] Level 1:colcon.colcon_core.package_identification:_identify(stm32_fw/Drivers/CMSIS/DSP/DSP_Lib_TestSuite/Common/inc) by extensions ['colcon_pkg']
[0.501s] Level 1:colcon.colcon_core.package_identification:_identify(stm32_fw/Drivers/CMSIS/DSP/DSP_Lib_TestSuite/Common/inc) by extension 'colcon_pkg'
[0.501s] Level 1:colcon.colcon_core.package_identification:_identify(stm32_fw/Drivers/CMSIS/DSP/DSP_Lib_TestSuite/Common/inc) by extensions ['colcon_meta']
[0.501s] Level 1:colcon.colcon_core.package_identification:_identify(stm32_fw/Drivers/CMSIS/DSP/DSP_Lib_TestSuite/Common/inc) by extension 'colcon_meta'
[0.501s] Level 1:colcon.colcon_core.package_identification:_identify(stm32_fw/Drivers/CMSIS/DSP/DSP_Lib_TestSuite/Common/inc) by extensions ['ros']
[0.502s] Level 1:colcon.colcon_core.package_identification:_identify(stm32_fw/Drivers/CMSIS/DSP/DSP_Lib_TestSuite/Common/inc) by extension 'ros'
[0.502s] Level 1:colcon.colcon_core.package_identification:_identify(stm32_fw/Drivers/CMSIS/DSP/DSP_Lib_TestSuite/Common/inc) by extensions ['cmake', 'python']
[0.502s] Level 1:colcon.colcon_core.package_identification:_identify(stm32_fw/Drivers/CMSIS/DSP/DSP_Lib_TestSuite/Common/inc) by extension 'cmake'
[0.502s] Level 1:colcon.colcon_core.package_identification:_identify(stm32_fw/Drivers/CMSIS/DSP/DSP_Lib_TestSuite/Common/inc) by extension 'python'
[0.502s] Level 1:colcon.colcon_core.package_identification:_identify(stm32_fw/Drivers/CMSIS/DSP/DSP_Lib_TestSuite/Common/inc) by extensions ['python_setup_py']
[0.502s] Level 1:colcon.colcon_core.package_identification:_identify(stm32_fw/Drivers/CMSIS/DSP/DSP_Lib_TestSuite/Common/inc) by extension 'python_setup_py'
[0.502s] Level 1:colcon.colcon_core.package_identification:_identify(stm32_fw/Drivers/CMSIS/DSP/DSP_Lib_TestSuite/Common/inc/basic_math_tests) by extensions ['ignore', 'ignore_ament_install']
[0.502s] Level 1:colcon.colcon_core.package_identification:_identify(stm32_fw/Drivers/CMSIS/DSP/DSP_Lib_TestSuite/Common/inc/basic_math_tests) by extension 'ignore'
[0.502s] Level 1:colcon.colcon_core.package_identification:_identify(stm32_fw/Drivers/CMSIS/DSP/DSP_Lib_TestSuite/Common/inc/basic_math_tests) by extension 'ignore_ament_install'
[0.502s] Level 1:colcon.colcon_core.package_identification:_identify(stm32_fw/Drivers/CMSIS/DSP/DSP_Lib_TestSuite/Common/inc/basic_math_tests) by extensions ['colcon_pkg']
[0.502s] Level 1:colcon.colcon_core.package_identification:_identify(stm32_fw/Drivers/CMSIS/DSP/DSP_Lib_TestSuite/Common/inc/basic_math_tests) by extension 'colcon_pkg'
[0.502s] Level 1:colcon.colcon_core.package_identification:_identify(stm32_fw/Drivers/CMSIS/DSP/DSP_Lib_TestSuite/Common/inc/basic_math_tests) by extensions ['colcon_meta']
[0.502s] Level 1:colcon.colcon_core.package_identification:_identify(stm32_fw/Drivers/CMSIS/DSP/DSP_Lib_TestSuite/Common/inc/basic_math_tests) by extension 'colcon_meta'
[0.502s] Level 1:colcon.colcon_core.package_identification:_identify(stm32_fw/Drivers/CMSIS/DSP/DSP_Lib_TestSuite/Common/inc/basic_math_tests) by extensions ['ros']
[0.502s] Level 1:colcon.colcon_core.package_identification:_identify(stm32_fw/Drivers/CMSIS/DSP/DSP_Lib_TestSuite/Common/inc/basic_math_tests) by extension 'ros'
[0.502s] Level 1:colcon.colcon_core.package_identification:_identify(stm32_fw/Drivers/CMSIS/DSP/DSP_Lib_TestSuite/Common/inc/basic_math_tests) by extensions ['cmake', 'python']
[0.502s] Level 1:colcon.colcon_core.package_identification:_identify(stm32_fw/Drivers/CMSIS/DSP/DSP_Lib_TestSuite/Common/inc/basic_math_tests) by extension 'cmake'
[0.502s] Level 1:colcon.colcon_core.package_identification:_identify(stm32_fw/Drivers/CMSIS/DSP/DSP_Lib_TestSuite/Common/inc/basic_math_tests) by extension 'python'
[0.502s] Level 1:colcon.colcon_core.package_identification:_identify(stm32_fw/Drivers/CMSIS/DSP/DSP_Lib_TestSuite/Common/inc/basic_math_tests) by extensions ['python_setup_py']
[0.502s] Level 1:colcon.colcon_core.package_identification:_identify(stm32_fw/Drivers/CMSIS/DSP/DSP_Lib_TestSuite/Common/inc/basic_math_tests) by extension 'python_setup_py'
[0.502s] Level 1:colcon.colcon_core.package_identification:_identify(stm32_fw/Drivers/CMSIS/DSP/DSP_Lib_TestSuite/Common/inc/complex_math_tests) by extensions ['ignore', 'ignore_ament_install']
[0.502s] Level 1:colcon.colcon_core.package_identification:_identify(stm32_fw/Drivers/CMSIS/DSP/DSP_Lib_TestSuite/Common/inc/complex_math_tests) by extension 'ignore'
[0.502s] Level 1:colcon.colcon_core.package_identification:_identify(stm32_fw/Drivers/CMSIS/DSP/DSP_Lib_TestSuite/Common/inc/complex_math_tests) by extension 'ignore_ament_install'
[0.503s] Level 1:colcon.colcon_core.package_identification:_identify(stm32_fw/Drivers/CMSIS/DSP/DSP_Lib_TestSuite/Common/inc/complex_math_tests) by extensions ['colcon_pkg']
[0.503s] Level 1:colcon.colcon_core.package_identification:_identify(stm32_fw/Drivers/CMSIS/DSP/DSP_Lib_TestSuite/Common/inc/complex_math_tests) by extension 'colcon_pkg'
[0.503s] Level 1:colcon.colcon_core.package_identification:_identify(stm32_fw/Drivers/CMSIS/DSP/DSP_Lib_TestSuite/Common/inc/complex_math_tests) by extensions ['colcon_meta']
[0.503s] Level 1:colcon.colcon_core.package_identification:_identify(stm32_fw/Drivers/CMSIS/DSP/DSP_Lib_TestSuite/Common/inc/complex_math_tests) by extension 'colcon_meta'
[0.503s] Level 1:colcon.colcon_core.package_identification:_identify(stm32_fw/Drivers/CMSIS/DSP/DSP_Lib_TestSuite/Common/inc/complex_math_tests) by extensions ['ros']
[0.503s] Level 1:colcon.colcon_core.package_identification:_identify(stm32_fw/Drivers/CMSIS/DSP/DSP_Lib_TestSuite/Common/inc/complex_math_tests) by extension 'ros'
[0.503s] Level 1:colcon.colcon_core.package_identification:_identify(stm32_fw/Drivers/CMSIS/DSP/DSP_Lib_TestSuite/Common/inc/complex_math_tests) by extensions ['cmake', 'python']
[0.503s] Level 1:colcon.colcon_core.package_identification:_identify(stm32_fw/Drivers/CMSIS/DSP/DSP_Lib_TestSuite/Common/inc/complex_math_tests) by extension 'cmake'
[0.503s] Level 1:colcon.colcon_core.package_identification:_identify(stm32_fw/Drivers/CMSIS/DSP/DSP_Lib_TestSuite/Common/inc/complex_math_tests) by extension 'python'
[0.503s] Level 1:colcon.colcon_core.package_identification:_identify(stm32_fw/Drivers/CMSIS/DSP/DSP_Lib_TestSuite/Common/inc/complex_math_tests) by extensions ['python_setup_py']
[0.503s] Level 1:colcon.colcon_core.package_identification:_identify(stm32_fw/Drivers/CMSIS/DSP/DSP_Lib_TestSuite/Common/inc/complex_math_tests) by extension 'python_setup_py'
[0.503s] Level 1:colcon.colcon_core.package_identification:_identify(stm32_fw/Drivers/CMSIS/DSP/DSP_Lib_TestSuite/Common/inc/controller_tests) by extensions ['ignore', 'ignore_ament_install']
[0.503s] Level 1:colcon.colcon_core.package_identification:_identify(stm32_fw/Drivers/CMSIS/DSP/DSP_Lib_TestSuite/Common/inc/controller_tests) by extension 'ignore'
[0.503s] Level 1:colcon.colcon_core.package_identification:_identify(stm32_fw/Drivers/CMSIS/DSP/DSP_Lib_TestSuite/Common/inc/controller_tests) by extension 'ignore_ament_install'
[0.503s] Level 1:colcon.colcon_core.package_identification:_identify(stm32_fw/Drivers/CMSIS/DSP/DSP_Lib_TestSuite/Common/inc/controller_tests) by extensions ['colcon_pkg']
[0.503s] Level 1:colcon.colcon_core.package_identification:_identify(stm32_fw/Drivers/CMSIS/DSP/DSP_Lib_TestSuite/Common/inc/controller_tests) by extension 'colcon_pkg'
[0.503s] Level 1:colcon.colcon_core.package_identification:_identify(stm32_fw/Drivers/CMSIS/DSP/DSP_Lib_TestSuite/Common/inc/controller_tests) by extensions ['colcon_meta']
[0.503s] Level 1:colcon.colcon_core.package_identification:_identify(stm32_fw/Drivers/CMSIS/DSP/DSP_Lib_TestSuite/Common/inc/controller_tests) by extension 'colcon_meta'
[0.503s] Level 1:colcon.colcon_core.package_identification:_identify(stm32_fw/Drivers/CMSIS/DSP/DSP_Lib_TestSuite/Common/inc/controller_tests) by extensions ['ros']
[0.503s] Level 1:colcon.colcon_core.package_identification:_identify(stm32_fw/Drivers/CMSIS/DSP/DSP_Lib_TestSuite/Common/inc/controller_tests) by extension 'ros'
[0.503s] Level 1:colcon.colcon_core.package_identification:_identify(stm32_fw/Drivers/CMSIS/DSP/DSP_Lib_TestSuite/Common/inc/controller_tests) by extensions ['cmake', 'python']
[0.503s] Level 1:colcon.colcon_core.package_identification:_identify(stm32_fw/Drivers/CMSIS/DSP/DSP_Lib_TestSuite/Common/inc/controller_tests) by extension 'cmake'
[0.503s] Level 1:colcon.colcon_core.package_identification:_identify(stm32_fw/Drivers/CMSIS/DSP/DSP_Lib_TestSuite/Common/inc/controller_tests) by extension 'python'
[0.503s] Level 1:colcon.colcon_core.package_identification:_identify(stm32_fw/Drivers/CMSIS/DSP/DSP_Lib_TestSuite/Common/inc/controller_tests) by extensions ['python_setup_py']
[0.503s] Level 1:colcon.colcon_core.package_identification:_identify(stm32_fw/Drivers/CMSIS/DSP/DSP_Lib_TestSuite/Common/inc/controller_tests) by extension 'python_setup_py'
[0.503s] Level 1:colcon.colcon_core.package_identification:_identify(stm32_fw/Drivers/CMSIS/DSP/DSP_Lib_TestSuite/Common/inc/fast_math_tests) by extensions ['ignore', 'ignore_ament_install']
[0.504s] Level 1:colcon.colcon_core.package_identification:_identify(stm32_fw/Drivers/CMSIS/DSP/DSP_Lib_TestSuite/Common/inc/fast_math_tests) by extension 'ignore'
[0.504s] Level 1:colcon.colcon_core.package_identification:_identify(stm32_fw/Drivers/CMSIS/DSP/DSP_Lib_TestSuite/Common/inc/fast_math_tests) by extension 'ignore_ament_install'
[0.504s] Level 1:colcon.colcon_core.package_identification:_identify(stm32_fw/Drivers/CMSIS/DSP/DSP_Lib_TestSuite/Common/inc/fast_math_tests) by extensions ['colcon_pkg']
[0.504s] Level 1:colcon.colcon_core.package_identification:_identify(stm32_fw/Drivers/CMSIS/DSP/DSP_Lib_TestSuite/Common/inc/fast_math_tests) by extension 'colcon_pkg'
[0.504s] Level 1:colcon.colcon_core.package_identification:_identify(stm32_fw/Drivers/CMSIS/DSP/DSP_Lib_TestSuite/Common/inc/fast_math_tests) by extensions ['colcon_meta']
[0.504s] Level 1:colcon.colcon_core.package_identification:_identify(stm32_fw/Drivers/CMSIS/DSP/DSP_Lib_TestSuite/Common/inc/fast_math_tests) by extension 'colcon_meta'
[0.504s] Level 1:colcon.colcon_core.package_identification:_identify(stm32_fw/Drivers/CMSIS/DSP/DSP_Lib_TestSuite/Common/inc/fast_math_tests) by extensions ['ros']
[0.504s] Level 1:colcon.colcon_core.package_identification:_identify(stm32_fw/Drivers/CMSIS/DSP/DSP_Lib_TestSuite/Common/inc/fast_math_tests) by extension 'ros'
[0.504s] Level 1:colcon.colcon_core.package_identification:_identify(stm32_fw/Drivers/CMSIS/DSP/DSP_Lib_TestSuite/Common/inc/fast_math_tests) by extensions ['cmake', 'python']
[0.504s] Level 1:colcon.colcon_core.package_identification:_identify(stm32_fw/Drivers/CMSIS/DSP/DSP_Lib_TestSuite/Common/inc/fast_math_tests) by extension 'cmake'
[0.504s] Level 1:colcon.colcon_core.package_identification:_identify(stm32_fw/Drivers/CMSIS/DSP/DSP_Lib_TestSuite/Common/inc/fast_math_tests) by extension 'python'
[0.504s] Level 1:colcon.colcon_core.package_identification:_identify(stm32_fw/Drivers/CMSIS/DSP/DSP_Lib_TestSuite/Common/inc/fast_math_tests) by extensions ['python_setup_py']
[0.504s] Level 1:colcon.colcon_core.package_identification:_identify(stm32_fw/Drivers/CMSIS/DSP/DSP_Lib_TestSuite/Common/inc/fast_math_tests) by extension 'python_setup_py'
[0.504s] Level 1:colcon.colcon_core.package_identification:_identify(stm32_fw/Drivers/CMSIS/DSP/DSP_Lib_TestSuite/Common/inc/filtering_tests) by extensions ['ignore', 'ignore_ament_install']
[0.504s] Level 1:colcon.colcon_core.package_identification:_identify(stm32_fw/Drivers/CMSIS/DSP/DSP_Lib_TestSuite/Common/inc/filtering_tests) by extension 'ignore'
[0.504s] Level 1:colcon.colcon_core.package_identification:_identify(stm32_fw/Drivers/CMSIS/DSP/DSP_Lib_TestSuite/Common/inc/filtering_tests) by extension 'ignore_ament_install'
[0.504s] Level 1:colcon.colcon_core.package_identification:_identify(stm32_fw/Drivers/CMSIS/DSP/DSP_Lib_TestSuite/Common/inc/filtering_tests) by extensions ['colcon_pkg']
[0.504s] Level 1:colcon.colcon_core.package_identification:_identify(stm32_fw/Drivers/CMSIS/DSP/DSP_Lib_TestSuite/Common/inc/filtering_tests) by extension 'colcon_pkg'
[0.504s] Level 1:colcon.colcon_core.package_identification:_identify(stm32_fw/Drivers/CMSIS/DSP/DSP_Lib_TestSuite/Common/inc/filtering_tests) by extensions ['colcon_meta']
[0.504s] Level 1:colcon.colcon_core.package_identification:_identify(stm32_fw/Drivers/CMSIS/DSP/DSP_Lib_TestSuite/Common/inc/filtering_tests) by extension 'colcon_meta'
[0.504s] Level 1:colcon.colcon_core.package_identification:_identify(stm32_fw/Drivers/CMSIS/DSP/DSP_Lib_TestSuite/Common/inc/filtering_tests) by extensions ['ros']
[0.504s] Level 1:colcon.colcon_core.package_identification:_identify(stm32_fw/Drivers/CMSIS/DSP/DSP_Lib_TestSuite/Common/inc/filtering_tests) by extension 'ros'
[0.504s] Level 1:colcon.colcon_core.package_identification:_identify(stm32_fw/Drivers/CMSIS/DSP/DSP_Lib_TestSuite/Common/inc/filtering_tests) by extensions ['cmake', 'python']
[0.504s] Level 1:colcon.colcon_core.package_identification:_identify(stm32_fw/Drivers/CMSIS/DSP/DSP_Lib_TestSuite/Common/inc/filtering_tests) by extension 'cmake'
[0.505s] Level 1:colcon.colcon_core.package_identification:_identify(stm32_fw/Drivers/CMSIS/DSP/DSP_Lib_TestSuite/Common/inc/filtering_tests) by extension 'python'
[0.505s] Level 1:colcon.colcon_core.package_identification:_identify(stm32_fw/Drivers/CMSIS/DSP/DSP_Lib_TestSuite/Common/inc/filtering_tests) by extensions ['python_setup_py']
[0.505s] Level 1:colcon.colcon_core.package_identification:_identify(stm32_fw/Drivers/CMSIS/DSP/DSP_Lib_TestSuite/Common/inc/filtering_tests) by extension 'python_setup_py'
[0.505s] Level 1:colcon.colcon_core.package_identification:_identify(stm32_fw/Drivers/CMSIS/DSP/DSP_Lib_TestSuite/Common/inc/intrinsics_tests) by extensions ['ignore', 'ignore_ament_install']
[0.505s] Level 1:colcon.colcon_core.package_identification:_identify(stm32_fw/Drivers/CMSIS/DSP/DSP_Lib_TestSuite/Common/inc/intrinsics_tests) by extension 'ignore'
[0.505s] Level 1:colcon.colcon_core.package_identification:_identify(stm32_fw/Drivers/CMSIS/DSP/DSP_Lib_TestSuite/Common/inc/intrinsics_tests) by extension 'ignore_ament_install'
[0.505s] Level 1:colcon.colcon_core.package_identification:_identify(stm32_fw/Drivers/CMSIS/DSP/DSP_Lib_TestSuite/Common/inc/intrinsics_tests) by extensions ['colcon_pkg']
[0.505s] Level 1:colcon.colcon_core.package_identification:_identify(stm32_fw/Drivers/CMSIS/DSP/DSP_Lib_TestSuite/Common/inc/intrinsics_tests) by extension 'colcon_pkg'
[0.505s] Level 1:colcon.colcon_core.package_identification:_identify(stm32_fw/Drivers/CMSIS/DSP/DSP_Lib_TestSuite/Common/inc/intrinsics_tests) by extensions ['colcon_meta']
[0.505s] Level 1:colcon.colcon_core.package_identification:_identify(stm32_fw/Drivers/CMSIS/DSP/DSP_Lib_TestSuite/Common/inc/intrinsics_tests) by extension 'colcon_meta'
[0.505s] Level 1:colcon.colcon_core.package_identification:_identify(stm32_fw/Drivers/CMSIS/DSP/DSP_Lib_TestSuite/Common/inc/intrinsics_tests) by extensions ['ros']
[0.505s] Level 1:colcon.colcon_core.package_identification:_identify(stm32_fw/Drivers/CMSIS/DSP/DSP_Lib_TestSuite/Common/inc/intrinsics_tests) by extension 'ros'
[0.505s] Level 1:colcon.colcon_core.package_identification:_identify(stm32_fw/Drivers/CMSIS/DSP/DSP_Lib_TestSuite/Common/inc/intrinsics_tests) by extensions ['cmake', 'python']
[0.505s] Level 1:colcon.colcon_core.package_identification:_identify(stm32_fw/Drivers/CMSIS/DSP/DSP_Lib_TestSuite/Common/inc/intrinsics_tests) by extension 'cmake'
[0.505s] Level 1:colcon.colcon_core.package_identification:_identify(stm32_fw/Drivers/CMSIS/DSP/DSP_Lib_TestSuite/Common/inc/intrinsics_tests) by extension 'python'
[0.505s] Level 1:colcon.colcon_core.package_identification:_identify(stm32_fw/Drivers/CMSIS/DSP/DSP_Lib_TestSuite/Common/inc/intrinsics_tests) by extensions ['python_setup_py']
[0.505s] Level 1:colcon.colcon_core.package_identification:_identify(stm32_fw/Drivers/CMSIS/DSP/DSP_Lib_TestSuite/Common/inc/intrinsics_tests) by extension 'python_setup_py'
[0.505s] Level 1:colcon.colcon_core.package_identification:_identify(stm32_fw/Drivers/CMSIS/DSP/DSP_Lib_TestSuite/Common/inc/matrix_tests) by extensions ['ignore', 'ignore_ament_install']
[0.505s] Level 1:colcon.colcon_core.package_identification:_identify(stm32_fw/Drivers/CMSIS/DSP/DSP_Lib_TestSuite/Common/inc/matrix_tests) by extension 'ignore'
[0.505s] Level 1:colcon.colcon_core.package_identification:_identify(stm32_fw/Drivers/CMSIS/DSP/DSP_Lib_TestSuite/Common/inc/matrix_tests) by extension 'ignore_ament_install'
[0.505s] Level 1:colcon.colcon_core.package_identification:_identify(stm32_fw/Drivers/CMSIS/DSP/DSP_Lib_TestSuite/Common/inc/matrix_tests) by extensions ['colcon_pkg']
[0.505s] Level 1:colcon.colcon_core.package_identification:_identify(stm32_fw/Drivers/CMSIS/DSP/DSP_Lib_TestSuite/Common/inc/matrix_tests) by extension 'colcon_pkg'
[0.505s] Level 1:colcon.colcon_core.package_identification:_identify(stm32_fw/Drivers/CMSIS/DSP/DSP_Lib_TestSuite/Common/inc/matrix_tests) by extensions ['colcon_meta']
[0.505s] Level 1:colcon.colcon_core.package_identification:_identify(stm32_fw/Drivers/CMSIS/DSP/DSP_Lib_TestSuite/Common/inc/matrix_tests) by extension 'colcon_meta'
[0.505s] Level 1:colcon.colcon_core.package_identification:_identify(stm32_fw/Drivers/CMSIS/DSP/DSP_Lib_TestSuite/Common/inc/matrix_tests) by extensions ['ros']
[0.505s] Level 1:colcon.colcon_core.package_identification:_identify(stm32_fw/Drivers/CMSIS/DSP/DSP_Lib_TestSuite/Common/inc/matrix_tests) by extension 'ros'
[0.506s] Level 1:colcon.colcon_core.package_identification:_identify(stm32_fw/Drivers/CMSIS/DSP/DSP_Lib_TestSuite/Common/inc/matrix_tests) by extensions ['cmake', 'python']
[0.506s] Level 1:colcon.colcon_core.package_identification:_identify(stm32_fw/Drivers/CMSIS/DSP/DSP_Lib_TestSuite/Common/inc/matrix_tests) by extension 'cmake'
[0.506s] Level 1:colcon.colcon_core.package_identification:_identify(stm32_fw/Drivers/CMSIS/DSP/DSP_Lib_TestSuite/Common/inc/matrix_tests) by extension 'python'
[0.506s] Level 1:colcon.colcon_core.package_identification:_identify(stm32_fw/Drivers/CMSIS/DSP/DSP_Lib_TestSuite/Common/inc/matrix_tests) by extensions ['python_setup_py']
[0.506s] Level 1:colcon.colcon_core.package_identification:_identify(stm32_fw/Drivers/CMSIS/DSP/DSP_Lib_TestSuite/Common/inc/matrix_tests) by extension 'python_setup_py'
[0.506s] Level 1:colcon.colcon_core.package_identification:_identify(stm32_fw/Drivers/CMSIS/DSP/DSP_Lib_TestSuite/Common/inc/statistics_tests) by extensions ['ignore', 'ignore_ament_install']
[0.506s] Level 1:colcon.colcon_core.package_identification:_identify(stm32_fw/Drivers/CMSIS/DSP/DSP_Lib_TestSuite/Common/inc/statistics_tests) by extension 'ignore'
[0.506s] Level 1:colcon.colcon_core.package_identification:_identify(stm32_fw/Drivers/CMSIS/DSP/DSP_Lib_TestSuite/Common/inc/statistics_tests) by extension 'ignore_ament_install'
[0.506s] Level 1:colcon.colcon_core.package_identification:_identify(stm32_fw/Drivers/CMSIS/DSP/DSP_Lib_TestSuite/Common/inc/statistics_tests) by extensions ['colcon_pkg']
[0.506s] Level 1:colcon.colcon_core.package_identification:_identify(stm32_fw/Drivers/CMSIS/DSP/DSP_Lib_TestSuite/Common/inc/statistics_tests) by extension 'colcon_pkg'
[0.506s] Level 1:colcon.colcon_core.package_identification:_identify(stm32_fw/Drivers/CMSIS/DSP/DSP_Lib_TestSuite/Common/inc/statistics_tests) by extensions ['colcon_meta']
[0.506s] Level 1:colcon.colcon_core.package_identification:_identify(stm32_fw/Drivers/CMSIS/DSP/DSP_Lib_TestSuite/Common/inc/statistics_tests) by extension 'colcon_meta'
[0.506s] Level 1:colcon.colcon_core.package_identification:_identify(stm32_fw/Drivers/CMSIS/DSP/DSP_Lib_TestSuite/Common/inc/statistics_tests) by extensions ['ros']
[0.506s] Level 1:colcon.colcon_core.package_identification:_identify(stm32_fw/Drivers/CMSIS/DSP/DSP_Lib_TestSuite/Common/inc/statistics_tests) by extension 'ros'
[0.506s] Level 1:colcon.colcon_core.package_identification:_identify(stm32_fw/Drivers/CMSIS/DSP/DSP_Lib_TestSuite/Common/inc/statistics_tests) by extensions ['cmake', 'python']
[0.506s] Level 1:colcon.colcon_core.package_identification:_identify(stm32_fw/Drivers/CMSIS/DSP/DSP_Lib_TestSuite/Common/inc/statistics_tests) by extension 'cmake'
[0.506s] Level 1:colcon.colcon_core.package_identification:_identify(stm32_fw/Drivers/CMSIS/DSP/DSP_Lib_TestSuite/Common/inc/statistics_tests) by extension 'python'
[0.506s] Level 1:colcon.colcon_core.package_identification:_identify(stm32_fw/Drivers/CMSIS/DSP/DSP_Lib_TestSuite/Common/inc/statistics_tests) by extensions ['python_setup_py']
[0.506s] Level 1:colcon.colcon_core.package_identification:_identify(stm32_fw/Drivers/CMSIS/DSP/DSP_Lib_TestSuite/Common/inc/statistics_tests) by extension 'python_setup_py'
[0.506s] Level 1:colcon.colcon_core.package_identification:_identify(stm32_fw/Drivers/CMSIS/DSP/DSP_Lib_TestSuite/Common/inc/support_tests) by extensions ['ignore', 'ignore_ament_install']
[0.506s] Level 1:colcon.colcon_core.package_identification:_identify(stm32_fw/Drivers/CMSIS/DSP/DSP_Lib_TestSuite/Common/inc/support_tests) by extension 'ignore'
[0.506s] Level 1:colcon.colcon_core.package_identification:_identify(stm32_fw/Drivers/CMSIS/DSP/DSP_Lib_TestSuite/Common/inc/support_tests) by extension 'ignore_ament_install'
[0.506s] Level 1:colcon.colcon_core.package_identification:_identify(stm32_fw/Drivers/CMSIS/DSP/DSP_Lib_TestSuite/Common/inc/support_tests) by extensions ['colcon_pkg']
[0.506s] Level 1:colcon.colcon_core.package_identification:_identify(stm32_fw/Drivers/CMSIS/DSP/DSP_Lib_TestSuite/Common/inc/support_tests) by extension 'colcon_pkg'
[0.506s] Level 1:colcon.colcon_core.package_identification:_identify(stm32_fw/Drivers/CMSIS/DSP/DSP_Lib_TestSuite/Common/inc/support_tests) by extensions ['colcon_meta']
[0.507s] Level 1:colcon.colcon_core.package_identification:_identify(stm32_fw/Drivers/CMSIS/DSP/DSP_Lib_TestSuite/Common/inc/support_tests) by extension 'colcon_meta'
[0.507s] Level 1:colcon.colcon_core.package_identification:_identify(stm32_fw/Drivers/CMSIS/DSP/DSP_Lib_TestSuite/Common/inc/support_tests) by extensions ['ros']
[0.507s] Level 1:colcon.colcon_core.package_identification:_identify(stm32_fw/Drivers/CMSIS/DSP/DSP_Lib_TestSuite/Common/inc/support_tests) by extension 'ros'
[0.507s] Level 1:colcon.colcon_core.package_identification:_identify(stm32_fw/Drivers/CMSIS/DSP/DSP_Lib_TestSuite/Common/inc/support_tests) by extensions ['cmake', 'python']
[0.507s] Level 1:colcon.colcon_core.package_identification:_identify(stm32_fw/Drivers/CMSIS/DSP/DSP_Lib_TestSuite/Common/inc/support_tests) by extension 'cmake'
[0.507s] Level 1:colcon.colcon_core.package_identification:_identify(stm32_fw/Drivers/CMSIS/DSP/DSP_Lib_TestSuite/Common/inc/support_tests) by extension 'python'
[0.507s] Level 1:colcon.colcon_core.package_identification:_identify(stm32_fw/Drivers/CMSIS/DSP/DSP_Lib_TestSuite/Common/inc/support_tests) by extensions ['python_setup_py']
[0.507s] Level 1:colcon.colcon_core.package_identification:_identify(stm32_fw/Drivers/CMSIS/DSP/DSP_Lib_TestSuite/Common/inc/support_tests) by extension 'python_setup_py'
[0.507s] Level 1:colcon.colcon_core.package_identification:_identify(stm32_fw/Drivers/CMSIS/DSP/DSP_Lib_TestSuite/Common/inc/templates) by extensions ['ignore', 'ignore_ament_install']
[0.507s] Level 1:colcon.colcon_core.package_identification:_identify(stm32_fw/Drivers/CMSIS/DSP/DSP_Lib_TestSuite/Common/inc/templates) by extension 'ignore'
[0.507s] Level 1:colcon.colcon_core.package_identification:_identify(stm32_fw/Drivers/CMSIS/DSP/DSP_Lib_TestSuite/Common/inc/templates) by extension 'ignore_ament_install'
[0.507s] Level 1:colcon.colcon_core.package_identification:_identify(stm32_fw/Drivers/CMSIS/DSP/DSP_Lib_TestSuite/Common/inc/templates) by extensions ['colcon_pkg']
[0.507s] Level 1:colcon.colcon_core.package_identification:_identify(stm32_fw/Drivers/CMSIS/DSP/DSP_Lib_TestSuite/Common/inc/templates) by extension 'colcon_pkg'
[0.507s] Level 1:colcon.colcon_core.package_identification:_identify(stm32_fw/Drivers/CMSIS/DSP/DSP_Lib_TestSuite/Common/inc/templates) by extensions ['colcon_meta']
[0.507s] Level 1:colcon.colcon_core.package_identification:_identify(stm32_fw/Drivers/CMSIS/DSP/DSP_Lib_TestSuite/Common/inc/templates) by extension 'colcon_meta'
[0.507s] Level 1:colcon.colcon_core.package_identification:_identify(stm32_fw/Drivers/CMSIS/DSP/DSP_Lib_TestSuite/Common/inc/templates) by extensions ['ros']
[0.507s] Level 1:colcon.colcon_core.package_identification:_identify(stm32_fw/Drivers/CMSIS/DSP/DSP_Lib_TestSuite/Common/inc/templates) by extension 'ros'
[0.507s] Level 1:colcon.colcon_core.package_identification:_identify(stm32_fw/Drivers/CMSIS/DSP/DSP_Lib_TestSuite/Common/inc/templates) by extensions ['cmake', 'python']
[0.507s] Level 1:colcon.colcon_core.package_identification:_identify(stm32_fw/Drivers/CMSIS/DSP/DSP_Lib_TestSuite/Common/inc/templates) by extension 'cmake'
[0.507s] Level 1:colcon.colcon_core.package_identification:_identify(stm32_fw/Drivers/CMSIS/DSP/DSP_Lib_TestSuite/Common/inc/templates) by extension 'python'
[0.507s] Level 1:colcon.colcon_core.package_identification:_identify(stm32_fw/Drivers/CMSIS/DSP/DSP_Lib_TestSuite/Common/inc/templates) by extensions ['python_setup_py']
[0.507s] Level 1:colcon.colcon_core.package_identification:_identify(stm32_fw/Drivers/CMSIS/DSP/DSP_Lib_TestSuite/Common/inc/templates) by extension 'python_setup_py'
[0.507s] Level 1:colcon.colcon_core.package_identification:_identify(stm32_fw/Drivers/CMSIS/DSP/DSP_Lib_TestSuite/Common/inc/transform_tests) by extensions ['ignore', 'ignore_ament_install']
[0.507s] Level 1:colcon.colcon_core.package_identification:_identify(stm32_fw/Drivers/CMSIS/DSP/DSP_Lib_TestSuite/Common/inc/transform_tests) by extension 'ignore'
[0.507s] Level 1:colcon.colcon_core.package_identification:_identify(stm32_fw/Drivers/CMSIS/DSP/DSP_Lib_TestSuite/Common/inc/transform_tests) by extension 'ignore_ament_install'
[0.507s] Level 1:colcon.colcon_core.package_identification:_identify(stm32_fw/Drivers/CMSIS/DSP/DSP_Lib_TestSuite/Common/inc/transform_tests) by extensions ['colcon_pkg']
[0.507s] Level 1:colcon.colcon_core.package_identification:_identify(stm32_fw/Drivers/CMSIS/DSP/DSP_Lib_TestSuite/Common/inc/transform_tests) by extension 'colcon_pkg'
[0.507s] Level 1:colcon.colcon_core.package_identification:_identify(stm32_fw/Drivers/CMSIS/DSP/DSP_Lib_TestSuite/Common/inc/transform_tests) by extensions ['colcon_meta']
[0.508s] Level 1:colcon.colcon_core.package_identification:_identify(stm32_fw/Drivers/CMSIS/DSP/DSP_Lib_TestSuite/Common/inc/transform_tests) by extension 'colcon_meta'
[0.508s] Level 1:colcon.colcon_core.package_identification:_identify(stm32_fw/Drivers/CMSIS/DSP/DSP_Lib_TestSuite/Common/inc/transform_tests) by extensions ['ros']
[0.508s] Level 1:colcon.colcon_core.package_identification:_identify(stm32_fw/Drivers/CMSIS/DSP/DSP_Lib_TestSuite/Common/inc/transform_tests) by extension 'ros'
[0.508s] Level 1:colcon.colcon_core.package_identification:_identify(stm32_fw/Drivers/CMSIS/DSP/DSP_Lib_TestSuite/Common/inc/transform_tests) by extensions ['cmake', 'python']
[0.508s] Level 1:colcon.colcon_core.package_identification:_identify(stm32_fw/Drivers/CMSIS/DSP/DSP_Lib_TestSuite/Common/inc/transform_tests) by extension 'cmake'
[0.508s] Level 1:colcon.colcon_core.package_identification:_identify(stm32_fw/Drivers/CMSIS/DSP/DSP_Lib_TestSuite/Common/inc/transform_tests) by extension 'python'
[0.508s] Level 1:colcon.colcon_core.package_identification:_identify(stm32_fw/Drivers/CMSIS/DSP/DSP_Lib_TestSuite/Common/inc/transform_tests) by extensions ['python_setup_py']
[0.508s] Level 1:colcon.colcon_core.package_identification:_identify(stm32_fw/Drivers/CMSIS/DSP/DSP_Lib_TestSuite/Common/inc/transform_tests) by extension 'python_setup_py'
[0.508s] Level 1:colcon.colcon_core.package_identification:_identify(stm32_fw/Drivers/CMSIS/DSP/DSP_Lib_TestSuite/Common/platform) by extensions ['ignore', 'ignore_ament_install']
[0.508s] Level 1:colcon.colcon_core.package_identification:_identify(stm32_fw/Drivers/CMSIS/DSP/DSP_Lib_TestSuite/Common/platform) by extension 'ignore'
[0.508s] Level 1:colcon.colcon_core.package_identification:_identify(stm32_fw/Drivers/CMSIS/DSP/DSP_Lib_TestSuite/Common/platform) by extension 'ignore_ament_install'
[0.508s] Level 1:colcon.colcon_core.package_identification:_identify(stm32_fw/Drivers/CMSIS/DSP/DSP_Lib_TestSuite/Common/platform) by extensions ['colcon_pkg']
[0.508s] Level 1:colcon.colcon_core.package_identification:_identify(stm32_fw/Drivers/CMSIS/DSP/DSP_Lib_TestSuite/Common/platform) by extension 'colcon_pkg'
[0.508s] Level 1:colcon.colcon_core.package_identification:_identify(stm32_fw/Drivers/CMSIS/DSP/DSP_Lib_TestSuite/Common/platform) by extensions ['colcon_meta']
[0.508s] Level 1:colcon.colcon_core.package_identification:_identify(stm32_fw/Drivers/CMSIS/DSP/DSP_Lib_TestSuite/Common/platform) by extension 'colcon_meta'
[0.508s] Level 1:colcon.colcon_core.package_identification:_identify(stm32_fw/Drivers/CMSIS/DSP/DSP_Lib_TestSuite/Common/platform) by extensions ['ros']
[0.508s] Level 1:colcon.colcon_core.package_identification:_identify(stm32_fw/Drivers/CMSIS/DSP/DSP_Lib_TestSuite/Common/platform) by extension 'ros'
[0.508s] Level 1:colcon.colcon_core.package_identification:_identify(stm32_fw/Drivers/CMSIS/DSP/DSP_Lib_TestSuite/Common/platform) by extensions ['cmake', 'python']
[0.508s] Level 1:colcon.colcon_core.package_identification:_identify(stm32_fw/Drivers/CMSIS/DSP/DSP_Lib_TestSuite/Common/platform) by extension 'cmake'
[0.508s] Level 1:colcon.colcon_core.package_identification:_identify(stm32_fw/Drivers/CMSIS/DSP/DSP_Lib_TestSuite/Common/platform) by extension 'python'
[0.508s] Level 1:colcon.colcon_core.package_identification:_identify(stm32_fw/Drivers/CMSIS/DSP/DSP_Lib_TestSuite/Common/platform) by extensions ['python_setup_py']
[0.508s] Level 1:colcon.colcon_core.package_identification:_identify(stm32_fw/Drivers/CMSIS/DSP/DSP_Lib_TestSuite/Common/platform) by extension 'python_setup_py'
[0.508s] Level 1:colcon.colcon_core.package_identification:_identify(stm32_fw/Drivers/CMSIS/DSP/DSP_Lib_TestSuite/Common/platform/ARMCC) by extensions ['ignore', 'ignore_ament_install']
[0.508s] Level 1:colcon.colcon_core.package_identification:_identify(stm32_fw/Drivers/CMSIS/DSP/DSP_Lib_TestSuite/Common/platform/ARMCC) by extension 'ignore'
[0.508s] Level 1:colcon.colcon_core.package_identification:_identify(stm32_fw/Drivers/CMSIS/DSP/DSP_Lib_TestSuite/Common/platform/ARMCC) by extension 'ignore_ament_install'
[0.508s] Level 1:colcon.colcon_core.package_identification:_identify(stm32_fw/Drivers/CMSIS/DSP/DSP_Lib_TestSuite/Common/platform/ARMCC) by extensions ['colcon_pkg']
[0.508s] Level 1:colcon.colcon_core.package_identification:_identify(stm32_fw/Drivers/CMSIS/DSP/DSP_Lib_TestSuite/Common/platform/ARMCC) by extension 'colcon_pkg'
[0.509s] Level 1:colcon.colcon_core.package_identification:_identify(stm32_fw/Drivers/CMSIS/DSP/DSP_Lib_TestSuite/Common/platform/ARMCC) by extensions ['colcon_meta']
[0.509s] Level 1:colcon.colcon_core.package_identification:_identify(stm32_fw/Drivers/CMSIS/DSP/DSP_Lib_TestSuite/Common/platform/ARMCC) by extension 'colcon_meta'
[0.509s] Level 1:colcon.colcon_core.package_identification:_identify(stm32_fw/Drivers/CMSIS/DSP/DSP_Lib_TestSuite/Common/platform/ARMCC) by extensions ['ros']
[0.509s] Level 1:colcon.colcon_core.package_identification:_identify(stm32_fw/Drivers/CMSIS/DSP/DSP_Lib_TestSuite/Common/platform/ARMCC) by extension 'ros'
[0.509s] Level 1:colcon.colcon_core.package_identification:_identify(stm32_fw/Drivers/CMSIS/DSP/DSP_Lib_TestSuite/Common/platform/ARMCC) by extensions ['cmake', 'python']
[0.509s] Level 1:colcon.colcon_core.package_identification:_identify(stm32_fw/Drivers/CMSIS/DSP/DSP_Lib_TestSuite/Common/platform/ARMCC) by extension 'cmake'
[0.509s] Level 1:colcon.colcon_core.package_identification:_identify(stm32_fw/Drivers/CMSIS/DSP/DSP_Lib_TestSuite/Common/platform/ARMCC) by extension 'python'
[0.509s] Level 1:colcon.colcon_core.package_identification:_identify(stm32_fw/Drivers/CMSIS/DSP/DSP_Lib_TestSuite/Common/platform/ARMCC) by extensions ['python_setup_py']
[0.509s] Level 1:colcon.colcon_core.package_identification:_identify(stm32_fw/Drivers/CMSIS/DSP/DSP_Lib_TestSuite/Common/platform/ARMCC) by extension 'python_setup_py'
[0.509s] Level 1:colcon.colcon_core.package_identification:_identify(stm32_fw/Drivers/CMSIS/DSP/DSP_Lib_TestSuite/Common/platform/ARMCLANG) by extensions ['ignore', 'ignore_ament_install']
[0.509s] Level 1:colcon.colcon_core.package_identification:_identify(stm32_fw/Drivers/CMSIS/DSP/DSP_Lib_TestSuite/Common/platform/ARMCLANG) by extension 'ignore'
[0.509s] Level 1:colcon.colcon_core.package_identification:_identify(stm32_fw/Drivers/CMSIS/DSP/DSP_Lib_TestSuite/Common/platform/ARMCLANG) by extension 'ignore_ament_install'
[0.509s] Level 1:colcon.colcon_core.package_identification:_identify(stm32_fw/Drivers/CMSIS/DSP/DSP_Lib_TestSuite/Common/platform/ARMCLANG) by extensions ['colcon_pkg']
[0.509s] Level 1:colcon.colcon_core.package_identification:_identify(stm32_fw/Drivers/CMSIS/DSP/DSP_Lib_TestSuite/Common/platform/ARMCLANG) by extension 'colcon_pkg'
[0.509s] Level 1:colcon.colcon_core.package_identification:_identify(stm32_fw/Drivers/CMSIS/DSP/DSP_Lib_TestSuite/Common/platform/ARMCLANG) by extensions ['colcon_meta']
[0.509s] Level 1:colcon.colcon_core.package_identification:_identify(stm32_fw/Drivers/CMSIS/DSP/DSP_Lib_TestSuite/Common/platform/ARMCLANG) by extension 'colcon_meta'
[0.509s] Level 1:colcon.colcon_core.package_identification:_identify(stm32_fw/Drivers/CMSIS/DSP/DSP_Lib_TestSuite/Common/platform/ARMCLANG) by extensions ['ros']
[0.509s] Level 1:colcon.colcon_core.package_identification:_identify(stm32_fw/Drivers/CMSIS/DSP/DSP_Lib_TestSuite/Common/platform/ARMCLANG) by extension 'ros'
[0.509s] Level 1:colcon.colcon_core.package_identification:_identify(stm32_fw/Drivers/CMSIS/DSP/DSP_Lib_TestSuite/Common/platform/ARMCLANG) by extensions ['cmake', 'python']
[0.509s] Level 1:colcon.colcon_core.package_identification:_identify(stm32_fw/Drivers/CMSIS/DSP/DSP_Lib_TestSuite/Common/platform/ARMCLANG) by extension 'cmake'
[0.509s] Level 1:colcon.colcon_core.package_identification:_identify(stm32_fw/Drivers/CMSIS/DSP/DSP_Lib_TestSuite/Common/platform/ARMCLANG) by extension 'python'
[0.509s] Level 1:colcon.colcon_core.package_identification:_identify(stm32_fw/Drivers/CMSIS/DSP/DSP_Lib_TestSuite/Common/platform/ARMCLANG) by extensions ['python_setup_py']
[0.509s] Level 1:colcon.colcon_core.package_identification:_identify(stm32_fw/Drivers/CMSIS/DSP/DSP_Lib_TestSuite/Common/platform/ARMCLANG) by extension 'python_setup_py'
[0.509s] Level 1:colcon.colcon_core.package_identification:_identify(stm32_fw/Drivers/CMSIS/DSP/DSP_Lib_TestSuite/Common/platform/GCC) by extensions ['ignore', 'ignore_ament_install']
[0.509s] Level 1:colcon.colcon_core.package_identification:_identify(stm32_fw/Drivers/CMSIS/DSP/DSP_Lib_TestSuite/Common/platform/GCC) by extension 'ignore'
[0.509s] Level 1:colcon.colcon_core.package_identification:_identify(stm32_fw/Drivers/CMSIS/DSP/DSP_Lib_TestSuite/Common/platform/GCC) by extension 'ignore_ament_install'
[0.510s] Level 1:colcon.colcon_core.package_identification:_identify(stm32_fw/Drivers/CMSIS/DSP/DSP_Lib_TestSuite/Common/platform/GCC) by extensions ['colcon_pkg']
[0.510s] Level 1:colcon.colcon_core.package_identification:_identify(stm32_fw/Drivers/CMSIS/DSP/DSP_Lib_TestSuite/Common/platform/GCC) by extension 'colcon_pkg'
[0.510s] Level 1:colcon.colcon_core.package_identification:_identify(stm32_fw/Drivers/CMSIS/DSP/DSP_Lib_TestSuite/Common/platform/GCC) by extensions ['colcon_meta']
[0.510s] Level 1:colcon.colcon_core.package_identification:_identify(stm32_fw/Drivers/CMSIS/DSP/DSP_Lib_TestSuite/Common/platform/GCC) by extension 'colcon_meta'
[0.510s] Level 1:colcon.colcon_core.package_identification:_identify(stm32_fw/Drivers/CMSIS/DSP/DSP_Lib_TestSuite/Common/platform/GCC) by extensions ['ros']
[0.510s] Level 1:colcon.colcon_core.package_identification:_identify(stm32_fw/Drivers/CMSIS/DSP/DSP_Lib_TestSuite/Common/platform/GCC) by extension 'ros'
[0.510s] Level 1:colcon.colcon_core.package_identification:_identify(stm32_fw/Drivers/CMSIS/DSP/DSP_Lib_TestSuite/Common/platform/GCC) by extensions ['cmake', 'python']
[0.510s] Level 1:colcon.colcon_core.package_identification:_identify(stm32_fw/Drivers/CMSIS/DSP/DSP_Lib_TestSuite/Common/platform/GCC) by extension 'cmake'
[0.510s] Level 1:colcon.colcon_core.package_identification:_identify(stm32_fw/Drivers/CMSIS/DSP/DSP_Lib_TestSuite/Common/platform/GCC) by extension 'python'
[0.510s] Level 1:colcon.colcon_core.package_identification:_identify(stm32_fw/Drivers/CMSIS/DSP/DSP_Lib_TestSuite/Common/platform/GCC) by extensions ['python_setup_py']
[0.510s] Level 1:colcon.colcon_core.package_identification:_identify(stm32_fw/Drivers/CMSIS/DSP/DSP_Lib_TestSuite/Common/platform/GCC) by extension 'python_setup_py'
[0.510s] Level 1:colcon.colcon_core.package_identification:_identify(stm32_fw/Drivers/CMSIS/DSP/DSP_Lib_TestSuite/Common/src) by extensions ['ignore', 'ignore_ament_install']
[0.510s] Level 1:colcon.colcon_core.package_identification:_identify(stm32_fw/Drivers/CMSIS/DSP/DSP_Lib_TestSuite/Common/src) by extension 'ignore'
[0.510s] Level 1:colcon.colcon_core.package_identification:_identify(stm32_fw/Drivers/CMSIS/DSP/DSP_Lib_TestSuite/Common/src) by extension 'ignore_ament_install'
[0.510s] Level 1:colcon.colcon_core.package_identification:_identify(stm32_fw/Drivers/CMSIS/DSP/DSP_Lib_TestSuite/Common/src) by extensions ['colcon_pkg']
[0.510s] Level 1:colcon.colcon_core.package_identification:_identify(stm32_fw/Drivers/CMSIS/DSP/DSP_Lib_TestSuite/Common/src) by extension 'colcon_pkg'
[0.510s] Level 1:colcon.colcon_core.package_identification:_identify(stm32_fw/Drivers/CMSIS/DSP/DSP_Lib_TestSuite/Common/src) by extensions ['colcon_meta']
[0.511s] Level 1:colcon.colcon_core.package_identification:_identify(stm32_fw/Drivers/CMSIS/DSP/DSP_Lib_TestSuite/Common/src) by extension 'colcon_meta'
[0.511s] Level 1:colcon.colcon_core.package_identification:_identify(stm32_fw/Drivers/CMSIS/DSP/DSP_Lib_TestSuite/Common/src) by extensions ['ros']
[0.511s] Level 1:colcon.colcon_core.package_identification:_identify(stm32_fw/Drivers/CMSIS/DSP/DSP_Lib_TestSuite/Common/src) by extension 'ros'
[0.511s] Level 1:colcon.colcon_core.package_identification:_identify(stm32_fw/Drivers/CMSIS/DSP/DSP_Lib_TestSuite/Common/src) by extensions ['cmake', 'python']
[0.511s] Level 1:colcon.colcon_core.package_identification:_identify(stm32_fw/Drivers/CMSIS/DSP/DSP_Lib_TestSuite/Common/src) by extension 'cmake'
[0.511s] Level 1:colcon.colcon_core.package_identification:_identify(stm32_fw/Drivers/CMSIS/DSP/DSP_Lib_TestSuite/Common/src) by extension 'python'
[0.511s] Level 1:colcon.colcon_core.package_identification:_identify(stm32_fw/Drivers/CMSIS/DSP/DSP_Lib_TestSuite/Common/src) by extensions ['python_setup_py']
[0.511s] Level 1:colcon.colcon_core.package_identification:_identify(stm32_fw/Drivers/CMSIS/DSP/DSP_Lib_TestSuite/Common/src) by extension 'python_setup_py'
[0.511s] Level 1:colcon.colcon_core.package_identification:_identify(stm32_fw/Drivers/CMSIS/DSP/DSP_Lib_TestSuite/Common/src/basic_math_tests) by extensions ['ignore', 'ignore_ament_install']
[0.511s] Level 1:colcon.colcon_core.package_identification:_identify(stm32_fw/Drivers/CMSIS/DSP/DSP_Lib_TestSuite/Common/src/basic_math_tests) by extension 'ignore'
[0.511s] Level 1:colcon.colcon_core.package_identification:_identify(stm32_fw/Drivers/CMSIS/DSP/DSP_Lib_TestSuite/Common/src/basic_math_tests) by extension 'ignore_ament_install'
[0.511s] Level 1:colcon.colcon_core.package_identification:_identify(stm32_fw/Drivers/CMSIS/DSP/DSP_Lib_TestSuite/Common/src/basic_math_tests) by extensions ['colcon_pkg']
[0.511s] Level 1:colcon.colcon_core.package_identification:_identify(stm32_fw/Drivers/CMSIS/DSP/DSP_Lib_TestSuite/Common/src/basic_math_tests) by extension 'colcon_pkg'
[0.511s] Level 1:colcon.colcon_core.package_identification:_identify(stm32_fw/Drivers/CMSIS/DSP/DSP_Lib_TestSuite/Common/src/basic_math_tests) by extensions ['colcon_meta']
[0.511s] Level 1:colcon.colcon_core.package_identification:_identify(stm32_fw/Drivers/CMSIS/DSP/DSP_Lib_TestSuite/Common/src/basic_math_tests) by extension 'colcon_meta'
[0.511s] Level 1:colcon.colcon_core.package_identification:_identify(stm32_fw/Drivers/CMSIS/DSP/DSP_Lib_TestSuite/Common/src/basic_math_tests) by extensions ['ros']
[0.512s] Level 1:colcon.colcon_core.package_identification:_identify(stm32_fw/Drivers/CMSIS/DSP/DSP_Lib_TestSuite/Common/src/basic_math_tests) by extension 'ros'
[0.512s] Level 1:colcon.colcon_core.package_identification:_identify(stm32_fw/Drivers/CMSIS/DSP/DSP_Lib_TestSuite/Common/src/basic_math_tests) by extensions ['cmake', 'python']
[0.512s] Level 1:colcon.colcon_core.package_identification:_identify(stm32_fw/Drivers/CMSIS/DSP/DSP_Lib_TestSuite/Common/src/basic_math_tests) by extension 'cmake'
[0.512s] Level 1:colcon.colcon_core.package_identification:_identify(stm32_fw/Drivers/CMSIS/DSP/DSP_Lib_TestSuite/Common/src/basic_math_tests) by extension 'python'
[0.512s] Level 1:colcon.colcon_core.package_identification:_identify(stm32_fw/Drivers/CMSIS/DSP/DSP_Lib_TestSuite/Common/src/basic_math_tests) by extensions ['python_setup_py']
[0.512s] Level 1:colcon.colcon_core.package_identification:_identify(stm32_fw/Drivers/CMSIS/DSP/DSP_Lib_TestSuite/Common/src/basic_math_tests) by extension 'python_setup_py'
[0.512s] Level 1:colcon.colcon_core.package_identification:_identify(stm32_fw/Drivers/CMSIS/DSP/DSP_Lib_TestSuite/Common/src/complex_math_tests) by extensions ['ignore', 'ignore_ament_install']
[0.512s] Level 1:colcon.colcon_core.package_identification:_identify(stm32_fw/Drivers/CMSIS/DSP/DSP_Lib_TestSuite/Common/src/complex_math_tests) by extension 'ignore'
[0.512s] Level 1:colcon.colcon_core.package_identification:_identify(stm32_fw/Drivers/CMSIS/DSP/DSP_Lib_TestSuite/Common/src/complex_math_tests) by extension 'ignore_ament_install'
[0.512s] Level 1:colcon.colcon_core.package_identification:_identify(stm32_fw/Drivers/CMSIS/DSP/DSP_Lib_TestSuite/Common/src/complex_math_tests) by extensions ['colcon_pkg']
[0.512s] Level 1:colcon.colcon_core.package_identification:_identify(stm32_fw/Drivers/CMSIS/DSP/DSP_Lib_TestSuite/Common/src/complex_math_tests) by extension 'colcon_pkg'
[0.512s] Level 1:colcon.colcon_core.package_identification:_identify(stm32_fw/Drivers/CMSIS/DSP/DSP_Lib_TestSuite/Common/src/complex_math_tests) by extensions ['colcon_meta']
[0.512s] Level 1:colcon.colcon_core.package_identification:_identify(stm32_fw/Drivers/CMSIS/DSP/DSP_Lib_TestSuite/Common/src/complex_math_tests) by extension 'colcon_meta'
[0.512s] Level 1:colcon.colcon_core.package_identification:_identify(stm32_fw/Drivers/CMSIS/DSP/DSP_Lib_TestSuite/Common/src/complex_math_tests) by extensions ['ros']
[0.512s] Level 1:colcon.colcon_core.package_identification:_identify(stm32_fw/Drivers/CMSIS/DSP/DSP_Lib_TestSuite/Common/src/complex_math_tests) by extension 'ros'
[0.512s] Level 1:colcon.colcon_core.package_identification:_identify(stm32_fw/Drivers/CMSIS/DSP/DSP_Lib_TestSuite/Common/src/complex_math_tests) by extensions ['cmake', 'python']
[0.512s] Level 1:colcon.colcon_core.package_identification:_identify(stm32_fw/Drivers/CMSIS/DSP/DSP_Lib_TestSuite/Common/src/complex_math_tests) by extension 'cmake'
[0.512s] Level 1:colcon.colcon_core.package_identification:_identify(stm32_fw/Drivers/CMSIS/DSP/DSP_Lib_TestSuite/Common/src/complex_math_tests) by extension 'python'
[0.512s] Level 1:colcon.colcon_core.package_identification:_identify(stm32_fw/Drivers/CMSIS/DSP/DSP_Lib_TestSuite/Common/src/complex_math_tests) by extensions ['python_setup_py']
[0.512s] Level 1:colcon.colcon_core.package_identification:_identify(stm32_fw/Drivers/CMSIS/DSP/DSP_Lib_TestSuite/Common/src/complex_math_tests) by extension 'python_setup_py'
[0.512s] Level 1:colcon.colcon_core.package_identification:_identify(stm32_fw/Drivers/CMSIS/DSP/DSP_Lib_TestSuite/Common/src/controller_tests) by extensions ['ignore', 'ignore_ament_install']
[0.513s] Level 1:colcon.colcon_core.package_identification:_identify(stm32_fw/Drivers/CMSIS/DSP/DSP_Lib_TestSuite/Common/src/controller_tests) by extension 'ignore'
[0.513s] Level 1:colcon.colcon_core.package_identification:_identify(stm32_fw/Drivers/CMSIS/DSP/DSP_Lib_TestSuite/Common/src/controller_tests) by extension 'ignore_ament_install'
[0.513s] Level 1:colcon.colcon_core.package_identification:_identify(stm32_fw/Drivers/CMSIS/DSP/DSP_Lib_TestSuite/Common/src/controller_tests) by extensions ['colcon_pkg']
[0.513s] Level 1:colcon.colcon_core.package_identification:_identify(stm32_fw/Drivers/CMSIS/DSP/DSP_Lib_TestSuite/Common/src/controller_tests) by extension 'colcon_pkg'
[0.513s] Level 1:colcon.colcon_core.package_identification:_identify(stm32_fw/Drivers/CMSIS/DSP/DSP_Lib_TestSuite/Common/src/controller_tests) by extensions ['colcon_meta']
[0.513s] Level 1:colcon.colcon_core.package_identification:_identify(stm32_fw/Drivers/CMSIS/DSP/DSP_Lib_TestSuite/Common/src/controller_tests) by extension 'colcon_meta'
[0.513s] Level 1:colcon.colcon_core.package_identification:_identify(stm32_fw/Drivers/CMSIS/DSP/DSP_Lib_TestSuite/Common/src/controller_tests) by extensions ['ros']
[0.513s] Level 1:colcon.colcon_core.package_identification:_identify(stm32_fw/Drivers/CMSIS/DSP/DSP_Lib_TestSuite/Common/src/controller_tests) by extension 'ros'
[0.513s] Level 1:colcon.colcon_core.package_identification:_identify(stm32_fw/Drivers/CMSIS/DSP/DSP_Lib_TestSuite/Common/src/controller_tests) by extensions ['cmake', 'python']
[0.513s] Level 1:colcon.colcon_core.package_identification:_identify(stm32_fw/Drivers/CMSIS/DSP/DSP_Lib_TestSuite/Common/src/controller_tests) by extension 'cmake'
[0.513s] Level 1:colcon.colcon_core.package_identification:_identify(stm32_fw/Drivers/CMSIS/DSP/DSP_Lib_TestSuite/Common/src/controller_tests) by extension 'python'
[0.513s] Level 1:colcon.colcon_core.package_identification:_identify(stm32_fw/Drivers/CMSIS/DSP/DSP_Lib_TestSuite/Common/src/controller_tests) by extensions ['python_setup_py']
[0.513s] Level 1:colcon.colcon_core.package_identification:_identify(stm32_fw/Drivers/CMSIS/DSP/DSP_Lib_TestSuite/Common/src/controller_tests) by extension 'python_setup_py'
[0.513s] Level 1:colcon.colcon_core.package_identification:_identify(stm32_fw/Drivers/CMSIS/DSP/DSP_Lib_TestSuite/Common/src/fast_math_tests) by extensions ['ignore', 'ignore_ament_install']
[0.513s] Level 1:colcon.colcon_core.package_identification:_identify(stm32_fw/Drivers/CMSIS/DSP/DSP_Lib_TestSuite/Common/src/fast_math_tests) by extension 'ignore'
[0.513s] Level 1:colcon.colcon_core.package_identification:_identify(stm32_fw/Drivers/CMSIS/DSP/DSP_Lib_TestSuite/Common/src/fast_math_tests) by extension 'ignore_ament_install'
[0.513s] Level 1:colcon.colcon_core.package_identification:_identify(stm32_fw/Drivers/CMSIS/DSP/DSP_Lib_TestSuite/Common/src/fast_math_tests) by extensions ['colcon_pkg']
[0.513s] Level 1:colcon.colcon_core.package_identification:_identify(stm32_fw/Drivers/CMSIS/DSP/DSP_Lib_TestSuite/Common/src/fast_math_tests) by extension 'colcon_pkg'
[0.513s] Level 1:colcon.colcon_core.package_identification:_identify(stm32_fw/Drivers/CMSIS/DSP/DSP_Lib_TestSuite/Common/src/fast_math_tests) by extensions ['colcon_meta']
[0.513s] Level 1:colcon.colcon_core.package_identification:_identify(stm32_fw/Drivers/CMSIS/DSP/DSP_Lib_TestSuite/Common/src/fast_math_tests) by extension 'colcon_meta'
[0.513s] Level 1:colcon.colcon_core.package_identification:_identify(stm32_fw/Drivers/CMSIS/DSP/DSP_Lib_TestSuite/Common/src/fast_math_tests) by extensions ['ros']
[0.513s] Level 1:colcon.colcon_core.package_identification:_identify(stm32_fw/Drivers/CMSIS/DSP/DSP_Lib_TestSuite/Common/src/fast_math_tests) by extension 'ros'
[0.513s] Level 1:colcon.colcon_core.package_identification:_identify(stm32_fw/Drivers/CMSIS/DSP/DSP_Lib_TestSuite/Common/src/fast_math_tests) by extensions ['cmake', 'python']
[0.513s] Level 1:colcon.colcon_core.package_identification:_identify(stm32_fw/Drivers/CMSIS/DSP/DSP_Lib_TestSuite/Common/src/fast_math_tests) by extension 'cmake'
[0.513s] Level 1:colcon.colcon_core.package_identification:_identify(stm32_fw/Drivers/CMSIS/DSP/DSP_Lib_TestSuite/Common/src/fast_math_tests) by extension 'python'
[0.513s] Level 1:colcon.colcon_core.package_identification:_identify(stm32_fw/Drivers/CMSIS/DSP/DSP_Lib_TestSuite/Common/src/fast_math_tests) by extensions ['python_setup_py']
[0.513s] Level 1:colcon.colcon_core.package_identification:_identify(stm32_fw/Drivers/CMSIS/DSP/DSP_Lib_TestSuite/Common/src/fast_math_tests) by extension 'python_setup_py'
[0.513s] Level 1:colcon.colcon_core.package_identification:_identify(stm32_fw/Drivers/CMSIS/DSP/DSP_Lib_TestSuite/Common/src/filtering_tests) by extensions ['ignore', 'ignore_ament_install']
[0.514s] Level 1:colcon.colcon_core.package_identification:_identify(stm32_fw/Drivers/CMSIS/DSP/DSP_Lib_TestSuite/Common/src/filtering_tests) by extension 'ignore'
[0.514s] Level 1:colcon.colcon_core.package_identification:_identify(stm32_fw/Drivers/CMSIS/DSP/DSP_Lib_TestSuite/Common/src/filtering_tests) by extension 'ignore_ament_install'
[0.514s] Level 1:colcon.colcon_core.package_identification:_identify(stm32_fw/Drivers/CMSIS/DSP/DSP_Lib_TestSuite/Common/src/filtering_tests) by extensions ['colcon_pkg']
[0.514s] Level 1:colcon.colcon_core.package_identification:_identify(stm32_fw/Drivers/CMSIS/DSP/DSP_Lib_TestSuite/Common/src/filtering_tests) by extension 'colcon_pkg'
[0.514s] Level 1:colcon.colcon_core.package_identification:_identify(stm32_fw/Drivers/CMSIS/DSP/DSP_Lib_TestSuite/Common/src/filtering_tests) by extensions ['colcon_meta']
[0.514s] Level 1:colcon.colcon_core.package_identification:_identify(stm32_fw/Drivers/CMSIS/DSP/DSP_Lib_TestSuite/Common/src/filtering_tests) by extension 'colcon_meta'
[0.514s] Level 1:colcon.colcon_core.package_identification:_identify(stm32_fw/Drivers/CMSIS/DSP/DSP_Lib_TestSuite/Common/src/filtering_tests) by extensions ['ros']
[0.514s] Level 1:colcon.colcon_core.package_identification:_identify(stm32_fw/Drivers/CMSIS/DSP/DSP_Lib_TestSuite/Common/src/filtering_tests) by extension 'ros'
[0.514s] Level 1:colcon.colcon_core.package_identification:_identify(stm32_fw/Drivers/CMSIS/DSP/DSP_Lib_TestSuite/Common/src/filtering_tests) by extensions ['cmake', 'python']
[0.514s] Level 1:colcon.colcon_core.package_identification:_identify(stm32_fw/Drivers/CMSIS/DSP/DSP_Lib_TestSuite/Common/src/filtering_tests) by extension 'cmake'
[0.514s] Level 1:colcon.colcon_core.package_identification:_identify(stm32_fw/Drivers/CMSIS/DSP/DSP_Lib_TestSuite/Common/src/filtering_tests) by extension 'python'
[0.514s] Level 1:colcon.colcon_core.package_identification:_identify(stm32_fw/Drivers/CMSIS/DSP/DSP_Lib_TestSuite/Common/src/filtering_tests) by extensions ['python_setup_py']
[0.514s] Level 1:colcon.colcon_core.package_identification:_identify(stm32_fw/Drivers/CMSIS/DSP/DSP_Lib_TestSuite/Common/src/filtering_tests) by extension 'python_setup_py'
[0.514s] Level 1:colcon.colcon_core.package_identification:_identify(stm32_fw/Drivers/CMSIS/DSP/DSP_Lib_TestSuite/Common/src/intrinsics_tests) by extensions ['ignore', 'ignore_ament_install']
[0.514s] Level 1:colcon.colcon_core.package_identification:_identify(stm32_fw/Drivers/CMSIS/DSP/DSP_Lib_TestSuite/Common/src/intrinsics_tests) by extension 'ignore'
[0.514s] Level 1:colcon.colcon_core.package_identification:_identify(stm32_fw/Drivers/CMSIS/DSP/DSP_Lib_TestSuite/Common/src/intrinsics_tests) by extension 'ignore_ament_install'
[0.514s] Level 1:colcon.colcon_core.package_identification:_identify(stm32_fw/Drivers/CMSIS/DSP/DSP_Lib_TestSuite/Common/src/intrinsics_tests) by extensions ['colcon_pkg']
[0.514s] Level 1:colcon.colcon_core.package_identification:_identify(stm32_fw/Drivers/CMSIS/DSP/DSP_Lib_TestSuite/Common/src/intrinsics_tests) by extension 'colcon_pkg'
[0.514s] Level 1:colcon.colcon_core.package_identification:_identify(stm32_fw/Drivers/CMSIS/DSP/DSP_Lib_TestSuite/Common/src/intrinsics_tests) by extensions ['colcon_meta']
[0.514s] Level 1:colcon.colcon_core.package_identification:_identify(stm32_fw/Drivers/CMSIS/DSP/DSP_Lib_TestSuite/Common/src/intrinsics_tests) by extension 'colcon_meta'
[0.514s] Level 1:colcon.colcon_core.package_identification:_identify(stm32_fw/Drivers/CMSIS/DSP/DSP_Lib_TestSuite/Common/src/intrinsics_tests) by extensions ['ros']
[0.514s] Level 1:colcon.colcon_core.package_identification:_identify(stm32_fw/Drivers/CMSIS/DSP/DSP_Lib_TestSuite/Common/src/intrinsics_tests) by extension 'ros'
[0.515s] Level 1:colcon.colcon_core.package_identification:_identify(stm32_fw/Drivers/CMSIS/DSP/DSP_Lib_TestSuite/Common/src/intrinsics_tests) by extensions ['cmake', 'python']
[0.515s] Level 1:colcon.colcon_core.package_identification:_identify(stm32_fw/Drivers/CMSIS/DSP/DSP_Lib_TestSuite/Common/src/intrinsics_tests) by extension 'cmake'
[0.515s] Level 1:colcon.colcon_core.package_identification:_identify(stm32_fw/Drivers/CMSIS/DSP/DSP_Lib_TestSuite/Common/src/intrinsics_tests) by extension 'python'
[0.515s] Level 1:colcon.colcon_core.package_identification:_identify(stm32_fw/Drivers/CMSIS/DSP/DSP_Lib_TestSuite/Common/src/intrinsics_tests) by extensions ['python_setup_py']
[0.515s] Level 1:colcon.colcon_core.package_identification:_identify(stm32_fw/Drivers/CMSIS/DSP/DSP_Lib_TestSuite/Common/src/intrinsics_tests) by extension 'python_setup_py'
[0.515s] Level 1:colcon.colcon_core.package_identification:_identify(stm32_fw/Drivers/CMSIS/DSP/DSP_Lib_TestSuite/Common/src/matrix_tests) by extensions ['ignore', 'ignore_ament_install']
[0.515s] Level 1:colcon.colcon_core.package_identification:_identify(stm32_fw/Drivers/CMSIS/DSP/DSP_Lib_TestSuite/Common/src/matrix_tests) by extension 'ignore'
[0.515s] Level 1:colcon.colcon_core.package_identification:_identify(stm32_fw/Drivers/CMSIS/DSP/DSP_Lib_TestSuite/Common/src/matrix_tests) by extension 'ignore_ament_install'
[0.515s] Level 1:colcon.colcon_core.package_identification:_identify(stm32_fw/Drivers/CMSIS/DSP/DSP_Lib_TestSuite/Common/src/matrix_tests) by extensions ['colcon_pkg']
[0.515s] Level 1:colcon.colcon_core.package_identification:_identify(stm32_fw/Drivers/CMSIS/DSP/DSP_Lib_TestSuite/Common/src/matrix_tests) by extension 'colcon_pkg'
[0.515s] Level 1:colcon.colcon_core.package_identification:_identify(stm32_fw/Drivers/CMSIS/DSP/DSP_Lib_TestSuite/Common/src/matrix_tests) by extensions ['colcon_meta']
[0.515s] Level 1:colcon.colcon_core.package_identification:_identify(stm32_fw/Drivers/CMSIS/DSP/DSP_Lib_TestSuite/Common/src/matrix_tests) by extension 'colcon_meta'
[0.515s] Level 1:colcon.colcon_core.package_identification:_identify(stm32_fw/Drivers/CMSIS/DSP/DSP_Lib_TestSuite/Common/src/matrix_tests) by extensions ['ros']
[0.515s] Level 1:colcon.colcon_core.package_identification:_identify(stm32_fw/Drivers/CMSIS/DSP/DSP_Lib_TestSuite/Common/src/matrix_tests) by extension 'ros'
[0.515s] Level 1:colcon.colcon_core.package_identification:_identify(stm32_fw/Drivers/CMSIS/DSP/DSP_Lib_TestSuite/Common/src/matrix_tests) by extensions ['cmake', 'python']
[0.515s] Level 1:colcon.colcon_core.package_identification:_identify(stm32_fw/Drivers/CMSIS/DSP/DSP_Lib_TestSuite/Common/src/matrix_tests) by extension 'cmake'
[0.515s] Level 1:colcon.colcon_core.package_identification:_identify(stm32_fw/Drivers/CMSIS/DSP/DSP_Lib_TestSuite/Common/src/matrix_tests) by extension 'python'
[0.515s] Level 1:colcon.colcon_core.package_identification:_identify(stm32_fw/Drivers/CMSIS/DSP/DSP_Lib_TestSuite/Common/src/matrix_tests) by extensions ['python_setup_py']
[0.515s] Level 1:colcon.colcon_core.package_identification:_identify(stm32_fw/Drivers/CMSIS/DSP/DSP_Lib_TestSuite/Common/src/matrix_tests) by extension 'python_setup_py'
[0.516s] Level 1:colcon.colcon_core.package_identification:_identify(stm32_fw/Drivers/CMSIS/DSP/DSP_Lib_TestSuite/Common/src/statistics_tests) by extensions ['ignore', 'ignore_ament_install']
[0.516s] Level 1:colcon.colcon_core.package_identification:_identify(stm32_fw/Drivers/CMSIS/DSP/DSP_Lib_TestSuite/Common/src/statistics_tests) by extension 'ignore'
[0.516s] Level 1:colcon.colcon_core.package_identification:_identify(stm32_fw/Drivers/CMSIS/DSP/DSP_Lib_TestSuite/Common/src/statistics_tests) by extension 'ignore_ament_install'
[0.516s] Level 1:colcon.colcon_core.package_identification:_identify(stm32_fw/Drivers/CMSIS/DSP/DSP_Lib_TestSuite/Common/src/statistics_tests) by extensions ['colcon_pkg']
[0.516s] Level 1:colcon.colcon_core.package_identification:_identify(stm32_fw/Drivers/CMSIS/DSP/DSP_Lib_TestSuite/Common/src/statistics_tests) by extension 'colcon_pkg'
[0.516s] Level 1:colcon.colcon_core.package_identification:_identify(stm32_fw/Drivers/CMSIS/DSP/DSP_Lib_TestSuite/Common/src/statistics_tests) by extensions ['colcon_meta']
[0.516s] Level 1:colcon.colcon_core.package_identification:_identify(stm32_fw/Drivers/CMSIS/DSP/DSP_Lib_TestSuite/Common/src/statistics_tests) by extension 'colcon_meta'
[0.516s] Level 1:colcon.colcon_core.package_identification:_identify(stm32_fw/Drivers/CMSIS/DSP/DSP_Lib_TestSuite/Common/src/statistics_tests) by extensions ['ros']
[0.516s] Level 1:colcon.colcon_core.package_identification:_identify(stm32_fw/Drivers/CMSIS/DSP/DSP_Lib_TestSuite/Common/src/statistics_tests) by extension 'ros'
[0.516s] Level 1:colcon.colcon_core.package_identification:_identify(stm32_fw/Drivers/CMSIS/DSP/DSP_Lib_TestSuite/Common/src/statistics_tests) by extensions ['cmake', 'python']
[0.516s] Level 1:colcon.colcon_core.package_identification:_identify(stm32_fw/Drivers/CMSIS/DSP/DSP_Lib_TestSuite/Common/src/statistics_tests) by extension 'cmake'
[0.516s] Level 1:colcon.colcon_core.package_identification:_identify(stm32_fw/Drivers/CMSIS/DSP/DSP_Lib_TestSuite/Common/src/statistics_tests) by extension 'python'
[0.516s] Level 1:colcon.colcon_core.package_identification:_identify(stm32_fw/Drivers/CMSIS/DSP/DSP_Lib_TestSuite/Common/src/statistics_tests) by extensions ['python_setup_py']
[0.516s] Level 1:colcon.colcon_core.package_identification:_identify(stm32_fw/Drivers/CMSIS/DSP/DSP_Lib_TestSuite/Common/src/statistics_tests) by extension 'python_setup_py'
[0.516s] Level 1:colcon.colcon_core.package_identification:_identify(stm32_fw/Drivers/CMSIS/DSP/DSP_Lib_TestSuite/Common/src/support_tests) by extensions ['ignore', 'ignore_ament_install']
[0.516s] Level 1:colcon.colcon_core.package_identification:_identify(stm32_fw/Drivers/CMSIS/DSP/DSP_Lib_TestSuite/Common/src/support_tests) by extension 'ignore'
[0.516s] Level 1:colcon.colcon_core.package_identification:_identify(stm32_fw/Drivers/CMSIS/DSP/DSP_Lib_TestSuite/Common/src/support_tests) by extension 'ignore_ament_install'
[0.516s] Level 1:colcon.colcon_core.package_identification:_identify(stm32_fw/Drivers/CMSIS/DSP/DSP_Lib_TestSuite/Common/src/support_tests) by extensions ['colcon_pkg']
[0.516s] Level 1:colcon.colcon_core.package_identification:_identify(stm32_fw/Drivers/CMSIS/DSP/DSP_Lib_TestSuite/Common/src/support_tests) by extension 'colcon_pkg'
[0.516s] Level 1:colcon.colcon_core.package_identification:_identify(stm32_fw/Drivers/CMSIS/DSP/DSP_Lib_TestSuite/Common/src/support_tests) by extensions ['colcon_meta']
[0.516s] Level 1:colcon.colcon_core.package_identification:_identify(stm32_fw/Drivers/CMSIS/DSP/DSP_Lib_TestSuite/Common/src/support_tests) by extension 'colcon_meta'
[0.516s] Level 1:colcon.colcon_core.package_identification:_identify(stm32_fw/Drivers/CMSIS/DSP/DSP_Lib_TestSuite/Common/src/support_tests) by extensions ['ros']
[0.516s] Level 1:colcon.colcon_core.package_identification:_identify(stm32_fw/Drivers/CMSIS/DSP/DSP_Lib_TestSuite/Common/src/support_tests) by extension 'ros'
[0.517s] Level 1:colcon.colcon_core.package_identification:_identify(stm32_fw/Drivers/CMSIS/DSP/DSP_Lib_TestSuite/Common/src/support_tests) by extensions ['cmake', 'python']
[0.517s] Level 1:colcon.colcon_core.package_identification:_identify(stm32_fw/Drivers/CMSIS/DSP/DSP_Lib_TestSuite/Common/src/support_tests) by extension 'cmake'
[0.517s] Level 1:colcon.colcon_core.package_identification:_identify(stm32_fw/Drivers/CMSIS/DSP/DSP_Lib_TestSuite/Common/src/support_tests) by extension 'python'
[0.517s] Level 1:colcon.colcon_core.package_identification:_identify(stm32_fw/Drivers/CMSIS/DSP/DSP_Lib_TestSuite/Common/src/support_tests) by extensions ['python_setup_py']
[0.517s] Level 1:colcon.colcon_core.package_identification:_identify(stm32_fw/Drivers/CMSIS/DSP/DSP_Lib_TestSuite/Common/src/support_tests) by extension 'python_setup_py'
[0.517s] Level 1:colcon.colcon_core.package_identification:_identify(stm32_fw/Drivers/CMSIS/DSP/DSP_Lib_TestSuite/Common/src/transform_tests) by extensions ['ignore', 'ignore_ament_install']
[0.517s] Level 1:colcon.colcon_core.package_identification:_identify(stm32_fw/Drivers/CMSIS/DSP/DSP_Lib_TestSuite/Common/src/transform_tests) by extension 'ignore'
[0.517s] Level 1:colcon.colcon_core.package_identification:_identify(stm32_fw/Drivers/CMSIS/DSP/DSP_Lib_TestSuite/Common/src/transform_tests) by extension 'ignore_ament_install'
[0.517s] Level 1:colcon.colcon_core.package_identification:_identify(stm32_fw/Drivers/CMSIS/DSP/DSP_Lib_TestSuite/Common/src/transform_tests) by extensions ['colcon_pkg']
[0.517s] Level 1:colcon.colcon_core.package_identification:_identify(stm32_fw/Drivers/CMSIS/DSP/DSP_Lib_TestSuite/Common/src/transform_tests) by extension 'colcon_pkg'
[0.517s] Level 1:colcon.colcon_core.package_identification:_identify(stm32_fw/Drivers/CMSIS/DSP/DSP_Lib_TestSuite/Common/src/transform_tests) by extensions ['colcon_meta']
[0.517s] Level 1:colcon.colcon_core.package_identification:_identify(stm32_fw/Drivers/CMSIS/DSP/DSP_Lib_TestSuite/Common/src/transform_tests) by extension 'colcon_meta'
[0.517s] Level 1:colcon.colcon_core.package_identification:_identify(stm32_fw/Drivers/CMSIS/DSP/DSP_Lib_TestSuite/Common/src/transform_tests) by extensions ['ros']
[0.517s] Level 1:colcon.colcon_core.package_identification:_identify(stm32_fw/Drivers/CMSIS/DSP/DSP_Lib_TestSuite/Common/src/transform_tests) by extension 'ros'
[0.517s] Level 1:colcon.colcon_core.package_identification:_identify(stm32_fw/Drivers/CMSIS/DSP/DSP_Lib_TestSuite/Common/src/transform_tests) by extensions ['cmake', 'python']
[0.517s] Level 1:colcon.colcon_core.package_identification:_identify(stm32_fw/Drivers/CMSIS/DSP/DSP_Lib_TestSuite/Common/src/transform_tests) by extension 'cmake'
[0.517s] Level 1:colcon.colcon_core.package_identification:_identify(stm32_fw/Drivers/CMSIS/DSP/DSP_Lib_TestSuite/Common/src/transform_tests) by extension 'python'
[0.517s] Level 1:colcon.colcon_core.package_identification:_identify(stm32_fw/Drivers/CMSIS/DSP/DSP_Lib_TestSuite/Common/src/transform_tests) by extensions ['python_setup_py']
[0.517s] Level 1:colcon.colcon_core.package_identification:_identify(stm32_fw/Drivers/CMSIS/DSP/DSP_Lib_TestSuite/Common/src/transform_tests) by extension 'python_setup_py'
[0.517s] Level 1:colcon.colcon_core.package_identification:_identify(stm32_fw/Drivers/CMSIS/DSP/DSP_Lib_TestSuite/DspLibTest_FVP) by extensions ['ignore', 'ignore_ament_install']
[0.517s] Level 1:colcon.colcon_core.package_identification:_identify(stm32_fw/Drivers/CMSIS/DSP/DSP_Lib_TestSuite/DspLibTest_FVP) by extension 'ignore'
[0.518s] Level 1:colcon.colcon_core.package_identification:_identify(stm32_fw/Drivers/CMSIS/DSP/DSP_Lib_TestSuite/DspLibTest_FVP) by extension 'ignore_ament_install'
[0.518s] Level 1:colcon.colcon_core.package_identification:_identify(stm32_fw/Drivers/CMSIS/DSP/DSP_Lib_TestSuite/DspLibTest_FVP) by extensions ['colcon_pkg']
[0.518s] Level 1:colcon.colcon_core.package_identification:_identify(stm32_fw/Drivers/CMSIS/DSP/DSP_Lib_TestSuite/DspLibTest_FVP) by extension 'colcon_pkg'
[0.518s] Level 1:colcon.colcon_core.package_identification:_identify(stm32_fw/Drivers/CMSIS/DSP/DSP_Lib_TestSuite/DspLibTest_FVP) by extensions ['colcon_meta']
[0.518s] Level 1:colcon.colcon_core.package_identification:_identify(stm32_fw/Drivers/CMSIS/DSP/DSP_Lib_TestSuite/DspLibTest_FVP) by extension 'colcon_meta'
[0.518s] Level 1:colcon.colcon_core.package_identification:_identify(stm32_fw/Drivers/CMSIS/DSP/DSP_Lib_TestSuite/DspLibTest_FVP) by extensions ['ros']
[0.518s] Level 1:colcon.colcon_core.package_identification:_identify(stm32_fw/Drivers/CMSIS/DSP/DSP_Lib_TestSuite/DspLibTest_FVP) by extension 'ros'
[0.518s] Level 1:colcon.colcon_core.package_identification:_identify(stm32_fw/Drivers/CMSIS/DSP/DSP_Lib_TestSuite/DspLibTest_FVP) by extensions ['cmake', 'python']
[0.518s] Level 1:colcon.colcon_core.package_identification:_identify(stm32_fw/Drivers/CMSIS/DSP/DSP_Lib_TestSuite/DspLibTest_FVP) by extension 'cmake'
[0.518s] Level 1:colcon.colcon_core.package_identification:_identify(stm32_fw/Drivers/CMSIS/DSP/DSP_Lib_TestSuite/DspLibTest_FVP) by extension 'python'
[0.518s] Level 1:colcon.colcon_core.package_identification:_identify(stm32_fw/Drivers/CMSIS/DSP/DSP_Lib_TestSuite/DspLibTest_FVP) by extensions ['python_setup_py']
[0.518s] Level 1:colcon.colcon_core.package_identification:_identify(stm32_fw/Drivers/CMSIS/DSP/DSP_Lib_TestSuite/DspLibTest_FVP) by extension 'python_setup_py'
[0.518s] Level 1:colcon.colcon_core.package_identification:_identify(stm32_fw/Drivers/CMSIS/DSP/DSP_Lib_TestSuite/DspLibTest_MPS2) by extensions ['ignore', 'ignore_ament_install']
[0.518s] Level 1:colcon.colcon_core.package_identification:_identify(stm32_fw/Drivers/CMSIS/DSP/DSP_Lib_TestSuite/DspLibTest_MPS2) by extension 'ignore'
[0.518s] Level 1:colcon.colcon_core.package_identification:_identify(stm32_fw/Drivers/CMSIS/DSP/DSP_Lib_TestSuite/DspLibTest_MPS2) by extension 'ignore_ament_install'
[0.518s] Level 1:colcon.colcon_core.package_identification:_identify(stm32_fw/Drivers/CMSIS/DSP/DSP_Lib_TestSuite/DspLibTest_MPS2) by extensions ['colcon_pkg']
[0.518s] Level 1:colcon.colcon_core.package_identification:_identify(stm32_fw/Drivers/CMSIS/DSP/DSP_Lib_TestSuite/DspLibTest_MPS2) by extension 'colcon_pkg'
[0.518s] Level 1:colcon.colcon_core.package_identification:_identify(stm32_fw/Drivers/CMSIS/DSP/DSP_Lib_TestSuite/DspLibTest_MPS2) by extensions ['colcon_meta']
[0.518s] Level 1:colcon.colcon_core.package_identification:_identify(stm32_fw/Drivers/CMSIS/DSP/DSP_Lib_TestSuite/DspLibTest_MPS2) by extension 'colcon_meta'
[0.518s] Level 1:colcon.colcon_core.package_identification:_identify(stm32_fw/Drivers/CMSIS/DSP/DSP_Lib_TestSuite/DspLibTest_MPS2) by extensions ['ros']
[0.518s] Level 1:colcon.colcon_core.package_identification:_identify(stm32_fw/Drivers/CMSIS/DSP/DSP_Lib_TestSuite/DspLibTest_MPS2) by extension 'ros'
[0.519s] Level 1:colcon.colcon_core.package_identification:_identify(stm32_fw/Drivers/CMSIS/DSP/DSP_Lib_TestSuite/DspLibTest_MPS2) by extensions ['cmake', 'python']
[0.519s] Level 1:colcon.colcon_core.package_identification:_identify(stm32_fw/Drivers/CMSIS/DSP/DSP_Lib_TestSuite/DspLibTest_MPS2) by extension 'cmake'
[0.519s] Level 1:colcon.colcon_core.package_identification:_identify(stm32_fw/Drivers/CMSIS/DSP/DSP_Lib_TestSuite/DspLibTest_MPS2) by extension 'python'
[0.519s] Level 1:colcon.colcon_core.package_identification:_identify(stm32_fw/Drivers/CMSIS/DSP/DSP_Lib_TestSuite/DspLibTest_MPS2) by extensions ['python_setup_py']
[0.519s] Level 1:colcon.colcon_core.package_identification:_identify(stm32_fw/Drivers/CMSIS/DSP/DSP_Lib_TestSuite/DspLibTest_MPS2) by extension 'python_setup_py'
[0.519s] Level 1:colcon.colcon_core.package_identification:_identify(stm32_fw/Drivers/CMSIS/DSP/DSP_Lib_TestSuite/RefLibs) by extensions ['ignore', 'ignore_ament_install']
[0.519s] Level 1:colcon.colcon_core.package_identification:_identify(stm32_fw/Drivers/CMSIS/DSP/DSP_Lib_TestSuite/RefLibs) by extension 'ignore'
[0.519s] Level 1:colcon.colcon_core.package_identification:_identify(stm32_fw/Drivers/CMSIS/DSP/DSP_Lib_TestSuite/RefLibs) by extension 'ignore_ament_install'
[0.519s] Level 1:colcon.colcon_core.package_identification:_identify(stm32_fw/Drivers/CMSIS/DSP/DSP_Lib_TestSuite/RefLibs) by extensions ['colcon_pkg']
[0.519s] Level 1:colcon.colcon_core.package_identification:_identify(stm32_fw/Drivers/CMSIS/DSP/DSP_Lib_TestSuite/RefLibs) by extension 'colcon_pkg'
[0.519s] Level 1:colcon.colcon_core.package_identification:_identify(stm32_fw/Drivers/CMSIS/DSP/DSP_Lib_TestSuite/RefLibs) by extensions ['colcon_meta']
[0.519s] Level 1:colcon.colcon_core.package_identification:_identify(stm32_fw/Drivers/CMSIS/DSP/DSP_Lib_TestSuite/RefLibs) by extension 'colcon_meta'
[0.519s] Level 1:colcon.colcon_core.package_identification:_identify(stm32_fw/Drivers/CMSIS/DSP/DSP_Lib_TestSuite/RefLibs) by extensions ['ros']
[0.519s] Level 1:colcon.colcon_core.package_identification:_identify(stm32_fw/Drivers/CMSIS/DSP/DSP_Lib_TestSuite/RefLibs) by extension 'ros'
[0.519s] Level 1:colcon.colcon_core.package_identification:_identify(stm32_fw/Drivers/CMSIS/DSP/DSP_Lib_TestSuite/RefLibs) by extensions ['cmake', 'python']
[0.519s] Level 1:colcon.colcon_core.package_identification:_identify(stm32_fw/Drivers/CMSIS/DSP/DSP_Lib_TestSuite/RefLibs) by extension 'cmake'
[0.519s] Level 1:colcon.colcon_core.package_identification:_identify(stm32_fw/Drivers/CMSIS/DSP/DSP_Lib_TestSuite/RefLibs) by extension 'python'
[0.519s] Level 1:colcon.colcon_core.package_identification:_identify(stm32_fw/Drivers/CMSIS/DSP/DSP_Lib_TestSuite/RefLibs) by extensions ['python_setup_py']
[0.519s] Level 1:colcon.colcon_core.package_identification:_identify(stm32_fw/Drivers/CMSIS/DSP/DSP_Lib_TestSuite/RefLibs) by extension 'python_setup_py'
[0.519s] Level 1:colcon.colcon_core.package_identification:_identify(stm32_fw/Drivers/CMSIS/DSP/DSP_Lib_TestSuite/RefLibs/inc) by extensions ['ignore', 'ignore_ament_install']
[0.519s] Level 1:colcon.colcon_core.package_identification:_identify(stm32_fw/Drivers/CMSIS/DSP/DSP_Lib_TestSuite/RefLibs/inc) by extension 'ignore'
[0.519s] Level 1:colcon.colcon_core.package_identification:_identify(stm32_fw/Drivers/CMSIS/DSP/DSP_Lib_TestSuite/RefLibs/inc) by extension 'ignore_ament_install'
[0.519s] Level 1:colcon.colcon_core.package_identification:_identify(stm32_fw/Drivers/CMSIS/DSP/DSP_Lib_TestSuite/RefLibs/inc) by extensions ['colcon_pkg']
[0.519s] Level 1:colcon.colcon_core.package_identification:_identify(stm32_fw/Drivers/CMSIS/DSP/DSP_Lib_TestSuite/RefLibs/inc) by extension 'colcon_pkg'
[0.519s] Level 1:colcon.colcon_core.package_identification:_identify(stm32_fw/Drivers/CMSIS/DSP/DSP_Lib_TestSuite/RefLibs/inc) by extensions ['colcon_meta']
[0.519s] Level 1:colcon.colcon_core.package_identification:_identify(stm32_fw/Drivers/CMSIS/DSP/DSP_Lib_TestSuite/RefLibs/inc) by extension 'colcon_meta'
[0.519s] Level 1:colcon.colcon_core.package_identification:_identify(stm32_fw/Drivers/CMSIS/DSP/DSP_Lib_TestSuite/RefLibs/inc) by extensions ['ros']
[0.519s] Level 1:colcon.colcon_core.package_identification:_identify(stm32_fw/Drivers/CMSIS/DSP/DSP_Lib_TestSuite/RefLibs/inc) by extension 'ros'
[0.519s] Level 1:colcon.colcon_core.package_identification:_identify(stm32_fw/Drivers/CMSIS/DSP/DSP_Lib_TestSuite/RefLibs/inc) by extensions ['cmake', 'python']
[0.519s] Level 1:colcon.colcon_core.package_identification:_identify(stm32_fw/Drivers/CMSIS/DSP/DSP_Lib_TestSuite/RefLibs/inc) by extension 'cmake'
[0.520s] Level 1:colcon.colcon_core.package_identification:_identify(stm32_fw/Drivers/CMSIS/DSP/DSP_Lib_TestSuite/RefLibs/inc) by extension 'python'
[0.520s] Level 1:colcon.colcon_core.package_identification:_identify(stm32_fw/Drivers/CMSIS/DSP/DSP_Lib_TestSuite/RefLibs/inc) by extensions ['python_setup_py']
[0.520s] Level 1:colcon.colcon_core.package_identification:_identify(stm32_fw/Drivers/CMSIS/DSP/DSP_Lib_TestSuite/RefLibs/inc) by extension 'python_setup_py'
[0.520s] Level 1:colcon.colcon_core.package_identification:_identify(stm32_fw/Drivers/CMSIS/DSP/DSP_Lib_TestSuite/RefLibs/src) by extensions ['ignore', 'ignore_ament_install']
[0.520s] Level 1:colcon.colcon_core.package_identification:_identify(stm32_fw/Drivers/CMSIS/DSP/DSP_Lib_TestSuite/RefLibs/src) by extension 'ignore'
[0.520s] Level 1:colcon.colcon_core.package_identification:_identify(stm32_fw/Drivers/CMSIS/DSP/DSP_Lib_TestSuite/RefLibs/src) by extension 'ignore_ament_install'
[0.520s] Level 1:colcon.colcon_core.package_identification:_identify(stm32_fw/Drivers/CMSIS/DSP/DSP_Lib_TestSuite/RefLibs/src) by extensions ['colcon_pkg']
[0.520s] Level 1:colcon.colcon_core.package_identification:_identify(stm32_fw/Drivers/CMSIS/DSP/DSP_Lib_TestSuite/RefLibs/src) by extension 'colcon_pkg'
[0.520s] Level 1:colcon.colcon_core.package_identification:_identify(stm32_fw/Drivers/CMSIS/DSP/DSP_Lib_TestSuite/RefLibs/src) by extensions ['colcon_meta']
[0.520s] Level 1:colcon.colcon_core.package_identification:_identify(stm32_fw/Drivers/CMSIS/DSP/DSP_Lib_TestSuite/RefLibs/src) by extension 'colcon_meta'
[0.520s] Level 1:colcon.colcon_core.package_identification:_identify(stm32_fw/Drivers/CMSIS/DSP/DSP_Lib_TestSuite/RefLibs/src) by extensions ['ros']
[0.520s] Level 1:colcon.colcon_core.package_identification:_identify(stm32_fw/Drivers/CMSIS/DSP/DSP_Lib_TestSuite/RefLibs/src) by extension 'ros'
[0.520s] Level 1:colcon.colcon_core.package_identification:_identify(stm32_fw/Drivers/CMSIS/DSP/DSP_Lib_TestSuite/RefLibs/src) by extensions ['cmake', 'python']
[0.520s] Level 1:colcon.colcon_core.package_identification:_identify(stm32_fw/Drivers/CMSIS/DSP/DSP_Lib_TestSuite/RefLibs/src) by extension 'cmake'
[0.520s] Level 1:colcon.colcon_core.package_identification:_identify(stm32_fw/Drivers/CMSIS/DSP/DSP_Lib_TestSuite/RefLibs/src) by extension 'python'
[0.520s] Level 1:colcon.colcon_core.package_identification:_identify(stm32_fw/Drivers/CMSIS/DSP/DSP_Lib_TestSuite/RefLibs/src) by extensions ['python_setup_py']
[0.520s] Level 1:colcon.colcon_core.package_identification:_identify(stm32_fw/Drivers/CMSIS/DSP/DSP_Lib_TestSuite/RefLibs/src) by extension 'python_setup_py'
[0.520s] Level 1:colcon.colcon_core.package_identification:_identify(stm32_fw/Drivers/CMSIS/DSP/DSP_Lib_TestSuite/RefLibs/src/BasicMathFunctions) by extensions ['ignore', 'ignore_ament_install']
[0.520s] Level 1:colcon.colcon_core.package_identification:_identify(stm32_fw/Drivers/CMSIS/DSP/DSP_Lib_TestSuite/RefLibs/src/BasicMathFunctions) by extension 'ignore'
[0.520s] Level 1:colcon.colcon_core.package_identification:_identify(stm32_fw/Drivers/CMSIS/DSP/DSP_Lib_TestSuite/RefLibs/src/BasicMathFunctions) by extension 'ignore_ament_install'
[0.520s] Level 1:colcon.colcon_core.package_identification:_identify(stm32_fw/Drivers/CMSIS/DSP/DSP_Lib_TestSuite/RefLibs/src/BasicMathFunctions) by extensions ['colcon_pkg']
[0.520s] Level 1:colcon.colcon_core.package_identification:_identify(stm32_fw/Drivers/CMSIS/DSP/DSP_Lib_TestSuite/RefLibs/src/BasicMathFunctions) by extension 'colcon_pkg'
[0.520s] Level 1:colcon.colcon_core.package_identification:_identify(stm32_fw/Drivers/CMSIS/DSP/DSP_Lib_TestSuite/RefLibs/src/BasicMathFunctions) by extensions ['colcon_meta']
[0.520s] Level 1:colcon.colcon_core.package_identification:_identify(stm32_fw/Drivers/CMSIS/DSP/DSP_Lib_TestSuite/RefLibs/src/BasicMathFunctions) by extension 'colcon_meta'
[0.520s] Level 1:colcon.colcon_core.package_identification:_identify(stm32_fw/Drivers/CMSIS/DSP/DSP_Lib_TestSuite/RefLibs/src/BasicMathFunctions) by extensions ['ros']
[0.520s] Level 1:colcon.colcon_core.package_identification:_identify(stm32_fw/Drivers/CMSIS/DSP/DSP_Lib_TestSuite/RefLibs/src/BasicMathFunctions) by extension 'ros'
[0.520s] Level 1:colcon.colcon_core.package_identification:_identify(stm32_fw/Drivers/CMSIS/DSP/DSP_Lib_TestSuite/RefLibs/src/BasicMathFunctions) by extensions ['cmake', 'python']
[0.520s] Level 1:colcon.colcon_core.package_identification:_identify(stm32_fw/Drivers/CMSIS/DSP/DSP_Lib_TestSuite/RefLibs/src/BasicMathFunctions) by extension 'cmake'
[0.520s] Level 1:colcon.colcon_core.package_identification:_identify(stm32_fw/Drivers/CMSIS/DSP/DSP_Lib_TestSuite/RefLibs/src/BasicMathFunctions) by extension 'python'
[0.520s] Level 1:colcon.colcon_core.package_identification:_identify(stm32_fw/Drivers/CMSIS/DSP/DSP_Lib_TestSuite/RefLibs/src/BasicMathFunctions) by extensions ['python_setup_py']
[0.520s] Level 1:colcon.colcon_core.package_identification:_identify(stm32_fw/Drivers/CMSIS/DSP/DSP_Lib_TestSuite/RefLibs/src/BasicMathFunctions) by extension 'python_setup_py'
[0.521s] Level 1:colcon.colcon_core.package_identification:_identify(stm32_fw/Drivers/CMSIS/DSP/DSP_Lib_TestSuite/RefLibs/src/ComplexMathFunctions) by extensions ['ignore', 'ignore_ament_install']
[0.521s] Level 1:colcon.colcon_core.package_identification:_identify(stm32_fw/Drivers/CMSIS/DSP/DSP_Lib_TestSuite/RefLibs/src/ComplexMathFunctions) by extension 'ignore'
[0.521s] Level 1:colcon.colcon_core.package_identification:_identify(stm32_fw/Drivers/CMSIS/DSP/DSP_Lib_TestSuite/RefLibs/src/ComplexMathFunctions) by extension 'ignore_ament_install'
[0.521s] Level 1:colcon.colcon_core.package_identification:_identify(stm32_fw/Drivers/CMSIS/DSP/DSP_Lib_TestSuite/RefLibs/src/ComplexMathFunctions) by extensions ['colcon_pkg']
[0.521s] Level 1:colcon.colcon_core.package_identification:_identify(stm32_fw/Drivers/CMSIS/DSP/DSP_Lib_TestSuite/RefLibs/src/ComplexMathFunctions) by extension 'colcon_pkg'
[0.521s] Level 1:colcon.colcon_core.package_identification:_identify(stm32_fw/Drivers/CMSIS/DSP/DSP_Lib_TestSuite/RefLibs/src/ComplexMathFunctions) by extensions ['colcon_meta']
[0.521s] Level 1:colcon.colcon_core.package_identification:_identify(stm32_fw/Drivers/CMSIS/DSP/DSP_Lib_TestSuite/RefLibs/src/ComplexMathFunctions) by extension 'colcon_meta'
[0.521s] Level 1:colcon.colcon_core.package_identification:_identify(stm32_fw/Drivers/CMSIS/DSP/DSP_Lib_TestSuite/RefLibs/src/ComplexMathFunctions) by extensions ['ros']
[0.521s] Level 1:colcon.colcon_core.package_identification:_identify(stm32_fw/Drivers/CMSIS/DSP/DSP_Lib_TestSuite/RefLibs/src/ComplexMathFunctions) by extension 'ros'
[0.521s] Level 1:colcon.colcon_core.package_identification:_identify(stm32_fw/Drivers/CMSIS/DSP/DSP_Lib_TestSuite/RefLibs/src/ComplexMathFunctions) by extensions ['cmake', 'python']
[0.521s] Level 1:colcon.colcon_core.package_identification:_identify(stm32_fw/Drivers/CMSIS/DSP/DSP_Lib_TestSuite/RefLibs/src/ComplexMathFunctions) by extension 'cmake'
[0.521s] Level 1:colcon.colcon_core.package_identification:_identify(stm32_fw/Drivers/CMSIS/DSP/DSP_Lib_TestSuite/RefLibs/src/ComplexMathFunctions) by extension 'python'
[0.521s] Level 1:colcon.colcon_core.package_identification:_identify(stm32_fw/Drivers/CMSIS/DSP/DSP_Lib_TestSuite/RefLibs/src/ComplexMathFunctions) by extensions ['python_setup_py']
[0.521s] Level 1:colcon.colcon_core.package_identification:_identify(stm32_fw/Drivers/CMSIS/DSP/DSP_Lib_TestSuite/RefLibs/src/ComplexMathFunctions) by extension 'python_setup_py'
[0.521s] Level 1:colcon.colcon_core.package_identification:_identify(stm32_fw/Drivers/CMSIS/DSP/DSP_Lib_TestSuite/RefLibs/src/ControllerFunctions) by extensions ['ignore', 'ignore_ament_install']
[0.521s] Level 1:colcon.colcon_core.package_identification:_identify(stm32_fw/Drivers/CMSIS/DSP/DSP_Lib_TestSuite/RefLibs/src/ControllerFunctions) by extension 'ignore'
[0.521s] Level 1:colcon.colcon_core.package_identification:_identify(stm32_fw/Drivers/CMSIS/DSP/DSP_Lib_TestSuite/RefLibs/src/ControllerFunctions) by extension 'ignore_ament_install'
[0.521s] Level 1:colcon.colcon_core.package_identification:_identify(stm32_fw/Drivers/CMSIS/DSP/DSP_Lib_TestSuite/RefLibs/src/ControllerFunctions) by extensions ['colcon_pkg']
[0.521s] Level 1:colcon.colcon_core.package_identification:_identify(stm32_fw/Drivers/CMSIS/DSP/DSP_Lib_TestSuite/RefLibs/src/ControllerFunctions) by extension 'colcon_pkg'
[0.521s] Level 1:colcon.colcon_core.package_identification:_identify(stm32_fw/Drivers/CMSIS/DSP/DSP_Lib_TestSuite/RefLibs/src/ControllerFunctions) by extensions ['colcon_meta']
[0.521s] Level 1:colcon.colcon_core.package_identification:_identify(stm32_fw/Drivers/CMSIS/DSP/DSP_Lib_TestSuite/RefLibs/src/ControllerFunctions) by extension 'colcon_meta'
[0.522s] Level 1:colcon.colcon_core.package_identification:_identify(stm32_fw/Drivers/CMSIS/DSP/DSP_Lib_TestSuite/RefLibs/src/ControllerFunctions) by extensions ['ros']
[0.522s] Level 1:colcon.colcon_core.package_identification:_identify(stm32_fw/Drivers/CMSIS/DSP/DSP_Lib_TestSuite/RefLibs/src/ControllerFunctions) by extension 'ros'
[0.522s] Level 1:colcon.colcon_core.package_identification:_identify(stm32_fw/Drivers/CMSIS/DSP/DSP_Lib_TestSuite/RefLibs/src/ControllerFunctions) by extensions ['cmake', 'python']
[0.522s] Level 1:colcon.colcon_core.package_identification:_identify(stm32_fw/Drivers/CMSIS/DSP/DSP_Lib_TestSuite/RefLibs/src/ControllerFunctions) by extension 'cmake'
[0.522s] Level 1:colcon.colcon_core.package_identification:_identify(stm32_fw/Drivers/CMSIS/DSP/DSP_Lib_TestSuite/RefLibs/src/ControllerFunctions) by extension 'python'
[0.522s] Level 1:colcon.colcon_core.package_identification:_identify(stm32_fw/Drivers/CMSIS/DSP/DSP_Lib_TestSuite/RefLibs/src/ControllerFunctions) by extensions ['python_setup_py']
[0.522s] Level 1:colcon.colcon_core.package_identification:_identify(stm32_fw/Drivers/CMSIS/DSP/DSP_Lib_TestSuite/RefLibs/src/ControllerFunctions) by extension 'python_setup_py'
[0.522s] Level 1:colcon.colcon_core.package_identification:_identify(stm32_fw/Drivers/CMSIS/DSP/DSP_Lib_TestSuite/RefLibs/src/FastMathFunctions) by extensions ['ignore', 'ignore_ament_install']
[0.522s] Level 1:colcon.colcon_core.package_identification:_identify(stm32_fw/Drivers/CMSIS/DSP/DSP_Lib_TestSuite/RefLibs/src/FastMathFunctions) by extension 'ignore'
[0.522s] Level 1:colcon.colcon_core.package_identification:_identify(stm32_fw/Drivers/CMSIS/DSP/DSP_Lib_TestSuite/RefLibs/src/FastMathFunctions) by extension 'ignore_ament_install'
[0.522s] Level 1:colcon.colcon_core.package_identification:_identify(stm32_fw/Drivers/CMSIS/DSP/DSP_Lib_TestSuite/RefLibs/src/FastMathFunctions) by extensions ['colcon_pkg']
[0.522s] Level 1:colcon.colcon_core.package_identification:_identify(stm32_fw/Drivers/CMSIS/DSP/DSP_Lib_TestSuite/RefLibs/src/FastMathFunctions) by extension 'colcon_pkg'
[0.522s] Level 1:colcon.colcon_core.package_identification:_identify(stm32_fw/Drivers/CMSIS/DSP/DSP_Lib_TestSuite/RefLibs/src/FastMathFunctions) by extensions ['colcon_meta']
[0.522s] Level 1:colcon.colcon_core.package_identification:_identify(stm32_fw/Drivers/CMSIS/DSP/DSP_Lib_TestSuite/RefLibs/src/FastMathFunctions) by extension 'colcon_meta'
[0.522s] Level 1:colcon.colcon_core.package_identification:_identify(stm32_fw/Drivers/CMSIS/DSP/DSP_Lib_TestSuite/RefLibs/src/FastMathFunctions) by extensions ['ros']
[0.522s] Level 1:colcon.colcon_core.package_identification:_identify(stm32_fw/Drivers/CMSIS/DSP/DSP_Lib_TestSuite/RefLibs/src/FastMathFunctions) by extension 'ros'
[0.522s] Level 1:colcon.colcon_core.package_identification:_identify(stm32_fw/Drivers/CMSIS/DSP/DSP_Lib_TestSuite/RefLibs/src/FastMathFunctions) by extensions ['cmake', 'python']
[0.522s] Level 1:colcon.colcon_core.package_identification:_identify(stm32_fw/Drivers/CMSIS/DSP/DSP_Lib_TestSuite/RefLibs/src/FastMathFunctions) by extension 'cmake'
[0.522s] Level 1:colcon.colcon_core.package_identification:_identify(stm32_fw/Drivers/CMSIS/DSP/DSP_Lib_TestSuite/RefLibs/src/FastMathFunctions) by extension 'python'
[0.522s] Level 1:colcon.colcon_core.package_identification:_identify(stm32_fw/Drivers/CMSIS/DSP/DSP_Lib_TestSuite/RefLibs/src/FastMathFunctions) by extensions ['python_setup_py']
[0.522s] Level 1:colcon.colcon_core.package_identification:_identify(stm32_fw/Drivers/CMSIS/DSP/DSP_Lib_TestSuite/RefLibs/src/FastMathFunctions) by extension 'python_setup_py'
[0.522s] Level 1:colcon.colcon_core.package_identification:_identify(stm32_fw/Drivers/CMSIS/DSP/DSP_Lib_TestSuite/RefLibs/src/FilteringFunctions) by extensions ['ignore', 'ignore_ament_install']
[0.522s] Level 1:colcon.colcon_core.package_identification:_identify(stm32_fw/Drivers/CMSIS/DSP/DSP_Lib_TestSuite/RefLibs/src/FilteringFunctions) by extension 'ignore'
[0.522s] Level 1:colcon.colcon_core.package_identification:_identify(stm32_fw/Drivers/CMSIS/DSP/DSP_Lib_TestSuite/RefLibs/src/FilteringFunctions) by extension 'ignore_ament_install'
[0.523s] Level 1:colcon.colcon_core.package_identification:_identify(stm32_fw/Drivers/CMSIS/DSP/DSP_Lib_TestSuite/RefLibs/src/FilteringFunctions) by extensions ['colcon_pkg']
[0.523s] Level 1:colcon.colcon_core.package_identification:_identify(stm32_fw/Drivers/CMSIS/DSP/DSP_Lib_TestSuite/RefLibs/src/FilteringFunctions) by extension 'colcon_pkg'
[0.523s] Level 1:colcon.colcon_core.package_identification:_identify(stm32_fw/Drivers/CMSIS/DSP/DSP_Lib_TestSuite/RefLibs/src/FilteringFunctions) by extensions ['colcon_meta']
[0.523s] Level 1:colcon.colcon_core.package_identification:_identify(stm32_fw/Drivers/CMSIS/DSP/DSP_Lib_TestSuite/RefLibs/src/FilteringFunctions) by extension 'colcon_meta'
[0.523s] Level 1:colcon.colcon_core.package_identification:_identify(stm32_fw/Drivers/CMSIS/DSP/DSP_Lib_TestSuite/RefLibs/src/FilteringFunctions) by extensions ['ros']
[0.523s] Level 1:colcon.colcon_core.package_identification:_identify(stm32_fw/Drivers/CMSIS/DSP/DSP_Lib_TestSuite/RefLibs/src/FilteringFunctions) by extension 'ros'
[0.523s] Level 1:colcon.colcon_core.package_identification:_identify(stm32_fw/Drivers/CMSIS/DSP/DSP_Lib_TestSuite/RefLibs/src/FilteringFunctions) by extensions ['cmake', 'python']
[0.523s] Level 1:colcon.colcon_core.package_identification:_identify(stm32_fw/Drivers/CMSIS/DSP/DSP_Lib_TestSuite/RefLibs/src/FilteringFunctions) by extension 'cmake'
[0.523s] Level 1:colcon.colcon_core.package_identification:_identify(stm32_fw/Drivers/CMSIS/DSP/DSP_Lib_TestSuite/RefLibs/src/FilteringFunctions) by extension 'python'
[0.523s] Level 1:colcon.colcon_core.package_identification:_identify(stm32_fw/Drivers/CMSIS/DSP/DSP_Lib_TestSuite/RefLibs/src/FilteringFunctions) by extensions ['python_setup_py']
[0.523s] Level 1:colcon.colcon_core.package_identification:_identify(stm32_fw/Drivers/CMSIS/DSP/DSP_Lib_TestSuite/RefLibs/src/FilteringFunctions) by extension 'python_setup_py'
[0.523s] Level 1:colcon.colcon_core.package_identification:_identify(stm32_fw/Drivers/CMSIS/DSP/DSP_Lib_TestSuite/RefLibs/src/HelperFunctions) by extensions ['ignore', 'ignore_ament_install']
[0.523s] Level 1:colcon.colcon_core.package_identification:_identify(stm32_fw/Drivers/CMSIS/DSP/DSP_Lib_TestSuite/RefLibs/src/HelperFunctions) by extension 'ignore'
[0.523s] Level 1:colcon.colcon_core.package_identification:_identify(stm32_fw/Drivers/CMSIS/DSP/DSP_Lib_TestSuite/RefLibs/src/HelperFunctions) by extension 'ignore_ament_install'
[0.523s] Level 1:colcon.colcon_core.package_identification:_identify(stm32_fw/Drivers/CMSIS/DSP/DSP_Lib_TestSuite/RefLibs/src/HelperFunctions) by extensions ['colcon_pkg']
[0.523s] Level 1:colcon.colcon_core.package_identification:_identify(stm32_fw/Drivers/CMSIS/DSP/DSP_Lib_TestSuite/RefLibs/src/HelperFunctions) by extension 'colcon_pkg'
[0.523s] Level 1:colcon.colcon_core.package_identification:_identify(stm32_fw/Drivers/CMSIS/DSP/DSP_Lib_TestSuite/RefLibs/src/HelperFunctions) by extensions ['colcon_meta']
[0.523s] Level 1:colcon.colcon_core.package_identification:_identify(stm32_fw/Drivers/CMSIS/DSP/DSP_Lib_TestSuite/RefLibs/src/HelperFunctions) by extension 'colcon_meta'
[0.523s] Level 1:colcon.colcon_core.package_identification:_identify(stm32_fw/Drivers/CMSIS/DSP/DSP_Lib_TestSuite/RefLibs/src/HelperFunctions) by extensions ['ros']
[0.523s] Level 1:colcon.colcon_core.package_identification:_identify(stm32_fw/Drivers/CMSIS/DSP/DSP_Lib_TestSuite/RefLibs/src/HelperFunctions) by extension 'ros'
[0.523s] Level 1:colcon.colcon_core.package_identification:_identify(stm32_fw/Drivers/CMSIS/DSP/DSP_Lib_TestSuite/RefLibs/src/HelperFunctions) by extensions ['cmake', 'python']
[0.523s] Level 1:colcon.colcon_core.package_identification:_identify(stm32_fw/Drivers/CMSIS/DSP/DSP_Lib_TestSuite/RefLibs/src/HelperFunctions) by extension 'cmake'
[0.523s] Level 1:colcon.colcon_core.package_identification:_identify(stm32_fw/Drivers/CMSIS/DSP/DSP_Lib_TestSuite/RefLibs/src/HelperFunctions) by extension 'python'
[0.523s] Level 1:colcon.colcon_core.package_identification:_identify(stm32_fw/Drivers/CMSIS/DSP/DSP_Lib_TestSuite/RefLibs/src/HelperFunctions) by extensions ['python_setup_py']
[0.523s] Level 1:colcon.colcon_core.package_identification:_identify(stm32_fw/Drivers/CMSIS/DSP/DSP_Lib_TestSuite/RefLibs/src/HelperFunctions) by extension 'python_setup_py'
[0.523s] Level 1:colcon.colcon_core.package_identification:_identify(stm32_fw/Drivers/CMSIS/DSP/DSP_Lib_TestSuite/RefLibs/src/Intrinsics) by extensions ['ignore', 'ignore_ament_install']
[0.524s] Level 1:colcon.colcon_core.package_identification:_identify(stm32_fw/Drivers/CMSIS/DSP/DSP_Lib_TestSuite/RefLibs/src/Intrinsics) by extension 'ignore'
[0.524s] Level 1:colcon.colcon_core.package_identification:_identify(stm32_fw/Drivers/CMSIS/DSP/DSP_Lib_TestSuite/RefLibs/src/Intrinsics) by extension 'ignore_ament_install'
[0.524s] Level 1:colcon.colcon_core.package_identification:_identify(stm32_fw/Drivers/CMSIS/DSP/DSP_Lib_TestSuite/RefLibs/src/Intrinsics) by extensions ['colcon_pkg']
[0.524s] Level 1:colcon.colcon_core.package_identification:_identify(stm32_fw/Drivers/CMSIS/DSP/DSP_Lib_TestSuite/RefLibs/src/Intrinsics) by extension 'colcon_pkg'
[0.524s] Level 1:colcon.colcon_core.package_identification:_identify(stm32_fw/Drivers/CMSIS/DSP/DSP_Lib_TestSuite/RefLibs/src/Intrinsics) by extensions ['colcon_meta']
[0.524s] Level 1:colcon.colcon_core.package_identification:_identify(stm32_fw/Drivers/CMSIS/DSP/DSP_Lib_TestSuite/RefLibs/src/Intrinsics) by extension 'colcon_meta'
[0.524s] Level 1:colcon.colcon_core.package_identification:_identify(stm32_fw/Drivers/CMSIS/DSP/DSP_Lib_TestSuite/RefLibs/src/Intrinsics) by extensions ['ros']
[0.524s] Level 1:colcon.colcon_core.package_identification:_identify(stm32_fw/Drivers/CMSIS/DSP/DSP_Lib_TestSuite/RefLibs/src/Intrinsics) by extension 'ros'
[0.524s] Level 1:colcon.colcon_core.package_identification:_identify(stm32_fw/Drivers/CMSIS/DSP/DSP_Lib_TestSuite/RefLibs/src/Intrinsics) by extensions ['cmake', 'python']
[0.524s] Level 1:colcon.colcon_core.package_identification:_identify(stm32_fw/Drivers/CMSIS/DSP/DSP_Lib_TestSuite/RefLibs/src/Intrinsics) by extension 'cmake'
[0.524s] Level 1:colcon.colcon_core.package_identification:_identify(stm32_fw/Drivers/CMSIS/DSP/DSP_Lib_TestSuite/RefLibs/src/Intrinsics) by extension 'python'
[0.524s] Level 1:colcon.colcon_core.package_identification:_identify(stm32_fw/Drivers/CMSIS/DSP/DSP_Lib_TestSuite/RefLibs/src/Intrinsics) by extensions ['python_setup_py']
[0.524s] Level 1:colcon.colcon_core.package_identification:_identify(stm32_fw/Drivers/CMSIS/DSP/DSP_Lib_TestSuite/RefLibs/src/Intrinsics) by extension 'python_setup_py'
[0.524s] Level 1:colcon.colcon_core.package_identification:_identify(stm32_fw/Drivers/CMSIS/DSP/DSP_Lib_TestSuite/RefLibs/src/MatrixFunctions) by extensions ['ignore', 'ignore_ament_install']
[0.524s] Level 1:colcon.colcon_core.package_identification:_identify(stm32_fw/Drivers/CMSIS/DSP/DSP_Lib_TestSuite/RefLibs/src/MatrixFunctions) by extension 'ignore'
[0.524s] Level 1:colcon.colcon_core.package_identification:_identify(stm32_fw/Drivers/CMSIS/DSP/DSP_Lib_TestSuite/RefLibs/src/MatrixFunctions) by extension 'ignore_ament_install'
[0.524s] Level 1:colcon.colcon_core.package_identification:_identify(stm32_fw/Drivers/CMSIS/DSP/DSP_Lib_TestSuite/RefLibs/src/MatrixFunctions) by extensions ['colcon_pkg']
[0.524s] Level 1:colcon.colcon_core.package_identification:_identify(stm32_fw/Drivers/CMSIS/DSP/DSP_Lib_TestSuite/RefLibs/src/MatrixFunctions) by extension 'colcon_pkg'
[0.524s] Level 1:colcon.colcon_core.package_identification:_identify(stm32_fw/Drivers/CMSIS/DSP/DSP_Lib_TestSuite/RefLibs/src/MatrixFunctions) by extensions ['colcon_meta']
[0.524s] Level 1:colcon.colcon_core.package_identification:_identify(stm32_fw/Drivers/CMSIS/DSP/DSP_Lib_TestSuite/RefLibs/src/MatrixFunctions) by extension 'colcon_meta'
[0.524s] Level 1:colcon.colcon_core.package_identification:_identify(stm32_fw/Drivers/CMSIS/DSP/DSP_Lib_TestSuite/RefLibs/src/MatrixFunctions) by extensions ['ros']
[0.524s] Level 1:colcon.colcon_core.package_identification:_identify(stm32_fw/Drivers/CMSIS/DSP/DSP_Lib_TestSuite/RefLibs/src/MatrixFunctions) by extension 'ros'
[0.524s] Level 1:colcon.colcon_core.package_identification:_identify(stm32_fw/Drivers/CMSIS/DSP/DSP_Lib_TestSuite/RefLibs/src/MatrixFunctions) by extensions ['cmake', 'python']
[0.524s] Level 1:colcon.colcon_core.package_identification:_identify(stm32_fw/Drivers/CMSIS/DSP/DSP_Lib_TestSuite/RefLibs/src/MatrixFunctions) by extension 'cmake'
[0.524s] Level 1:colcon.colcon_core.package_identification:_identify(stm32_fw/Drivers/CMSIS/DSP/DSP_Lib_TestSuite/RefLibs/src/MatrixFunctions) by extension 'python'
[0.525s] Level 1:colcon.colcon_core.package_identification:_identify(stm32_fw/Drivers/CMSIS/DSP/DSP_Lib_TestSuite/RefLibs/src/MatrixFunctions) by extensions ['python_setup_py']
[0.525s] Level 1:colcon.colcon_core.package_identification:_identify(stm32_fw/Drivers/CMSIS/DSP/DSP_Lib_TestSuite/RefLibs/src/MatrixFunctions) by extension 'python_setup_py'
[0.525s] Level 1:colcon.colcon_core.package_identification:_identify(stm32_fw/Drivers/CMSIS/DSP/DSP_Lib_TestSuite/RefLibs/src/StatisticsFunctions) by extensions ['ignore', 'ignore_ament_install']
[0.525s] Level 1:colcon.colcon_core.package_identification:_identify(stm32_fw/Drivers/CMSIS/DSP/DSP_Lib_TestSuite/RefLibs/src/StatisticsFunctions) by extension 'ignore'
[0.525s] Level 1:colcon.colcon_core.package_identification:_identify(stm32_fw/Drivers/CMSIS/DSP/DSP_Lib_TestSuite/RefLibs/src/StatisticsFunctions) by extension 'ignore_ament_install'
[0.525s] Level 1:colcon.colcon_core.package_identification:_identify(stm32_fw/Drivers/CMSIS/DSP/DSP_Lib_TestSuite/RefLibs/src/StatisticsFunctions) by extensions ['colcon_pkg']
[0.525s] Level 1:colcon.colcon_core.package_identification:_identify(stm32_fw/Drivers/CMSIS/DSP/DSP_Lib_TestSuite/RefLibs/src/StatisticsFunctions) by extension 'colcon_pkg'
[0.525s] Level 1:colcon.colcon_core.package_identification:_identify(stm32_fw/Drivers/CMSIS/DSP/DSP_Lib_TestSuite/RefLibs/src/StatisticsFunctions) by extensions ['colcon_meta']
[0.525s] Level 1:colcon.colcon_core.package_identification:_identify(stm32_fw/Drivers/CMSIS/DSP/DSP_Lib_TestSuite/RefLibs/src/StatisticsFunctions) by extension 'colcon_meta'
[0.525s] Level 1:colcon.colcon_core.package_identification:_identify(stm32_fw/Drivers/CMSIS/DSP/DSP_Lib_TestSuite/RefLibs/src/StatisticsFunctions) by extensions ['ros']
[0.525s] Level 1:colcon.colcon_core.package_identification:_identify(stm32_fw/Drivers/CMSIS/DSP/DSP_Lib_TestSuite/RefLibs/src/StatisticsFunctions) by extension 'ros'
[0.525s] Level 1:colcon.colcon_core.package_identification:_identify(stm32_fw/Drivers/CMSIS/DSP/DSP_Lib_TestSuite/RefLibs/src/StatisticsFunctions) by extensions ['cmake', 'python']
[0.525s] Level 1:colcon.colcon_core.package_identification:_identify(stm32_fw/Drivers/CMSIS/DSP/DSP_Lib_TestSuite/RefLibs/src/StatisticsFunctions) by extension 'cmake'
[0.525s] Level 1:colcon.colcon_core.package_identification:_identify(stm32_fw/Drivers/CMSIS/DSP/DSP_Lib_TestSuite/RefLibs/src/StatisticsFunctions) by extension 'python'
[0.525s] Level 1:colcon.colcon_core.package_identification:_identify(stm32_fw/Drivers/CMSIS/DSP/DSP_Lib_TestSuite/RefLibs/src/StatisticsFunctions) by extensions ['python_setup_py']
[0.525s] Level 1:colcon.colcon_core.package_identification:_identify(stm32_fw/Drivers/CMSIS/DSP/DSP_Lib_TestSuite/RefLibs/src/StatisticsFunctions) by extension 'python_setup_py'
[0.525s] Level 1:colcon.colcon_core.package_identification:_identify(stm32_fw/Drivers/CMSIS/DSP/DSP_Lib_TestSuite/RefLibs/src/SupportFunctions) by extensions ['ignore', 'ignore_ament_install']
[0.525s] Level 1:colcon.colcon_core.package_identification:_identify(stm32_fw/Drivers/CMSIS/DSP/DSP_Lib_TestSuite/RefLibs/src/SupportFunctions) by extension 'ignore'
[0.525s] Level 1:colcon.colcon_core.package_identification:_identify(stm32_fw/Drivers/CMSIS/DSP/DSP_Lib_TestSuite/RefLibs/src/SupportFunctions) by extension 'ignore_ament_install'
[0.525s] Level 1:colcon.colcon_core.package_identification:_identify(stm32_fw/Drivers/CMSIS/DSP/DSP_Lib_TestSuite/RefLibs/src/SupportFunctions) by extensions ['colcon_pkg']
[0.525s] Level 1:colcon.colcon_core.package_identification:_identify(stm32_fw/Drivers/CMSIS/DSP/DSP_Lib_TestSuite/RefLibs/src/SupportFunctions) by extension 'colcon_pkg'
[0.525s] Level 1:colcon.colcon_core.package_identification:_identify(stm32_fw/Drivers/CMSIS/DSP/DSP_Lib_TestSuite/RefLibs/src/SupportFunctions) by extensions ['colcon_meta']
[0.525s] Level 1:colcon.colcon_core.package_identification:_identify(stm32_fw/Drivers/CMSIS/DSP/DSP_Lib_TestSuite/RefLibs/src/SupportFunctions) by extension 'colcon_meta'
[0.525s] Level 1:colcon.colcon_core.package_identification:_identify(stm32_fw/Drivers/CMSIS/DSP/DSP_Lib_TestSuite/RefLibs/src/SupportFunctions) by extensions ['ros']
[0.525s] Level 1:colcon.colcon_core.package_identification:_identify(stm32_fw/Drivers/CMSIS/DSP/DSP_Lib_TestSuite/RefLibs/src/SupportFunctions) by extension 'ros'
[0.525s] Level 1:colcon.colcon_core.package_identification:_identify(stm32_fw/Drivers/CMSIS/DSP/DSP_Lib_TestSuite/RefLibs/src/SupportFunctions) by extensions ['cmake', 'python']
[0.525s] Level 1:colcon.colcon_core.package_identification:_identify(stm32_fw/Drivers/CMSIS/DSP/DSP_Lib_TestSuite/RefLibs/src/SupportFunctions) by extension 'cmake'
[0.525s] Level 1:colcon.colcon_core.package_identification:_identify(stm32_fw/Drivers/CMSIS/DSP/DSP_Lib_TestSuite/RefLibs/src/SupportFunctions) by extension 'python'
[0.525s] Level 1:colcon.colcon_core.package_identification:_identify(stm32_fw/Drivers/CMSIS/DSP/DSP_Lib_TestSuite/RefLibs/src/SupportFunctions) by extensions ['python_setup_py']
[0.525s] Level 1:colcon.colcon_core.package_identification:_identify(stm32_fw/Drivers/CMSIS/DSP/DSP_Lib_TestSuite/RefLibs/src/SupportFunctions) by extension 'python_setup_py'
[0.526s] Level 1:colcon.colcon_core.package_identification:_identify(stm32_fw/Drivers/CMSIS/DSP/DSP_Lib_TestSuite/RefLibs/src/TransformFunctions) by extensions ['ignore', 'ignore_ament_install']
[0.526s] Level 1:colcon.colcon_core.package_identification:_identify(stm32_fw/Drivers/CMSIS/DSP/DSP_Lib_TestSuite/RefLibs/src/TransformFunctions) by extension 'ignore'
[0.526s] Level 1:colcon.colcon_core.package_identification:_identify(stm32_fw/Drivers/CMSIS/DSP/DSP_Lib_TestSuite/RefLibs/src/TransformFunctions) by extension 'ignore_ament_install'
[0.526s] Level 1:colcon.colcon_core.package_identification:_identify(stm32_fw/Drivers/CMSIS/DSP/DSP_Lib_TestSuite/RefLibs/src/TransformFunctions) by extensions ['colcon_pkg']
[0.526s] Level 1:colcon.colcon_core.package_identification:_identify(stm32_fw/Drivers/CMSIS/DSP/DSP_Lib_TestSuite/RefLibs/src/TransformFunctions) by extension 'colcon_pkg'
[0.526s] Level 1:colcon.colcon_core.package_identification:_identify(stm32_fw/Drivers/CMSIS/DSP/DSP_Lib_TestSuite/RefLibs/src/TransformFunctions) by extensions ['colcon_meta']
[0.526s] Level 1:colcon.colcon_core.package_identification:_identify(stm32_fw/Drivers/CMSIS/DSP/DSP_Lib_TestSuite/RefLibs/src/TransformFunctions) by extension 'colcon_meta'
[0.526s] Level 1:colcon.colcon_core.package_identification:_identify(stm32_fw/Drivers/CMSIS/DSP/DSP_Lib_TestSuite/RefLibs/src/TransformFunctions) by extensions ['ros']
[0.526s] Level 1:colcon.colcon_core.package_identification:_identify(stm32_fw/Drivers/CMSIS/DSP/DSP_Lib_TestSuite/RefLibs/src/TransformFunctions) by extension 'ros'
[0.526s] Level 1:colcon.colcon_core.package_identification:_identify(stm32_fw/Drivers/CMSIS/DSP/DSP_Lib_TestSuite/RefLibs/src/TransformFunctions) by extensions ['cmake', 'python']
[0.526s] Level 1:colcon.colcon_core.package_identification:_identify(stm32_fw/Drivers/CMSIS/DSP/DSP_Lib_TestSuite/RefLibs/src/TransformFunctions) by extension 'cmake'
[0.526s] Level 1:colcon.colcon_core.package_identification:_identify(stm32_fw/Drivers/CMSIS/DSP/DSP_Lib_TestSuite/RefLibs/src/TransformFunctions) by extension 'python'
[0.526s] Level 1:colcon.colcon_core.package_identification:_identify(stm32_fw/Drivers/CMSIS/DSP/DSP_Lib_TestSuite/RefLibs/src/TransformFunctions) by extensions ['python_setup_py']
[0.526s] Level 1:colcon.colcon_core.package_identification:_identify(stm32_fw/Drivers/CMSIS/DSP/DSP_Lib_TestSuite/RefLibs/src/TransformFunctions) by extension 'python_setup_py'
[0.526s] Level 1:colcon.colcon_core.package_identification:_identify(stm32_fw/Drivers/CMSIS/DSP/Examples) by extensions ['ignore', 'ignore_ament_install']
[0.526s] Level 1:colcon.colcon_core.package_identification:_identify(stm32_fw/Drivers/CMSIS/DSP/Examples) by extension 'ignore'
[0.526s] Level 1:colcon.colcon_core.package_identification:_identify(stm32_fw/Drivers/CMSIS/DSP/Examples) by extension 'ignore_ament_install'
[0.526s] Level 1:colcon.colcon_core.package_identification:_identify(stm32_fw/Drivers/CMSIS/DSP/Examples) by extensions ['colcon_pkg']
[0.526s] Level 1:colcon.colcon_core.package_identification:_identify(stm32_fw/Drivers/CMSIS/DSP/Examples) by extension 'colcon_pkg'
[0.526s] Level 1:colcon.colcon_core.package_identification:_identify(stm32_fw/Drivers/CMSIS/DSP/Examples) by extensions ['colcon_meta']
[0.526s] Level 1:colcon.colcon_core.package_identification:_identify(stm32_fw/Drivers/CMSIS/DSP/Examples) by extension 'colcon_meta'
[0.526s] Level 1:colcon.colcon_core.package_identification:_identify(stm32_fw/Drivers/CMSIS/DSP/Examples) by extensions ['ros']
[0.526s] Level 1:colcon.colcon_core.package_identification:_identify(stm32_fw/Drivers/CMSIS/DSP/Examples) by extension 'ros'
[0.526s] Level 1:colcon.colcon_core.package_identification:_identify(stm32_fw/Drivers/CMSIS/DSP/Examples) by extensions ['cmake', 'python']
[0.526s] Level 1:colcon.colcon_core.package_identification:_identify(stm32_fw/Drivers/CMSIS/DSP/Examples) by extension 'cmake'
[0.526s] Level 1:colcon.colcon_core.package_identification:_identify(stm32_fw/Drivers/CMSIS/DSP/Examples) by extension 'python'
[0.526s] Level 1:colcon.colcon_core.package_identification:_identify(stm32_fw/Drivers/CMSIS/DSP/Examples) by extensions ['python_setup_py']
[0.527s] Level 1:colcon.colcon_core.package_identification:_identify(stm32_fw/Drivers/CMSIS/DSP/Examples) by extension 'python_setup_py'
[0.527s] Level 1:colcon.colcon_core.package_identification:_identify(stm32_fw/Drivers/CMSIS/DSP/Examples/ARM) by extensions ['ignore', 'ignore_ament_install']
[0.527s] Level 1:colcon.colcon_core.package_identification:_identify(stm32_fw/Drivers/CMSIS/DSP/Examples/ARM) by extension 'ignore'
[0.527s] Level 1:colcon.colcon_core.package_identification:_identify(stm32_fw/Drivers/CMSIS/DSP/Examples/ARM) by extension 'ignore_ament_install'
[0.527s] Level 1:colcon.colcon_core.package_identification:_identify(stm32_fw/Drivers/CMSIS/DSP/Examples/ARM) by extensions ['colcon_pkg']
[0.527s] Level 1:colcon.colcon_core.package_identification:_identify(stm32_fw/Drivers/CMSIS/DSP/Examples/ARM) by extension 'colcon_pkg'
[0.527s] Level 1:colcon.colcon_core.package_identification:_identify(stm32_fw/Drivers/CMSIS/DSP/Examples/ARM) by extensions ['colcon_meta']
[0.527s] Level 1:colcon.colcon_core.package_identification:_identify(stm32_fw/Drivers/CMSIS/DSP/Examples/ARM) by extension 'colcon_meta'
[0.527s] Level 1:colcon.colcon_core.package_identification:_identify(stm32_fw/Drivers/CMSIS/DSP/Examples/ARM) by extensions ['ros']
[0.527s] Level 1:colcon.colcon_core.package_identification:_identify(stm32_fw/Drivers/CMSIS/DSP/Examples/ARM) by extension 'ros'
[0.527s] Level 1:colcon.colcon_core.package_identification:_identify(stm32_fw/Drivers/CMSIS/DSP/Examples/ARM) by extensions ['cmake', 'python']
[0.527s] Level 1:colcon.colcon_core.package_identification:_identify(stm32_fw/Drivers/CMSIS/DSP/Examples/ARM) by extension 'cmake'
[0.527s] Level 1:colcon.colcon_core.package_identification:_identify(stm32_fw/Drivers/CMSIS/DSP/Examples/ARM) by extension 'python'
[0.527s] Level 1:colcon.colcon_core.package_identification:_identify(stm32_fw/Drivers/CMSIS/DSP/Examples/ARM) by extensions ['python_setup_py']
[0.527s] Level 1:colcon.colcon_core.package_identification:_identify(stm32_fw/Drivers/CMSIS/DSP/Examples/ARM) by extension 'python_setup_py'
[0.527s] Level 1:colcon.colcon_core.package_identification:_identify(stm32_fw/Drivers/CMSIS/DSP/Examples/ARM/arm_class_marks_example) by extensions ['ignore', 'ignore_ament_install']
[0.527s] Level 1:colcon.colcon_core.package_identification:_identify(stm32_fw/Drivers/CMSIS/DSP/Examples/ARM/arm_class_marks_example) by extension 'ignore'
[0.527s] Level 1:colcon.colcon_core.package_identification:_identify(stm32_fw/Drivers/CMSIS/DSP/Examples/ARM/arm_class_marks_example) by extension 'ignore_ament_install'
[0.527s] Level 1:colcon.colcon_core.package_identification:_identify(stm32_fw/Drivers/CMSIS/DSP/Examples/ARM/arm_class_marks_example) by extensions ['colcon_pkg']
[0.527s] Level 1:colcon.colcon_core.package_identification:_identify(stm32_fw/Drivers/CMSIS/DSP/Examples/ARM/arm_class_marks_example) by extension 'colcon_pkg'
[0.527s] Level 1:colcon.colcon_core.package_identification:_identify(stm32_fw/Drivers/CMSIS/DSP/Examples/ARM/arm_class_marks_example) by extensions ['colcon_meta']
[0.527s] Level 1:colcon.colcon_core.package_identification:_identify(stm32_fw/Drivers/CMSIS/DSP/Examples/ARM/arm_class_marks_example) by extension 'colcon_meta'
[0.527s] Level 1:colcon.colcon_core.package_identification:_identify(stm32_fw/Drivers/CMSIS/DSP/Examples/ARM/arm_class_marks_example) by extensions ['ros']
[0.527s] Level 1:colcon.colcon_core.package_identification:_identify(stm32_fw/Drivers/CMSIS/DSP/Examples/ARM/arm_class_marks_example) by extension 'ros'
[0.527s] Level 1:colcon.colcon_core.package_identification:_identify(stm32_fw/Drivers/CMSIS/DSP/Examples/ARM/arm_class_marks_example) by extensions ['cmake', 'python']
[0.527s] Level 1:colcon.colcon_core.package_identification:_identify(stm32_fw/Drivers/CMSIS/DSP/Examples/ARM/arm_class_marks_example) by extension 'cmake'
[0.527s] Level 1:colcon.colcon_core.package_identification:_identify(stm32_fw/Drivers/CMSIS/DSP/Examples/ARM/arm_class_marks_example) by extension 'python'
[0.527s] Level 1:colcon.colcon_core.package_identification:_identify(stm32_fw/Drivers/CMSIS/DSP/Examples/ARM/arm_class_marks_example) by extensions ['python_setup_py']
[0.528s] Level 1:colcon.colcon_core.package_identification:_identify(stm32_fw/Drivers/CMSIS/DSP/Examples/ARM/arm_class_marks_example) by extension 'python_setup_py'
[0.528s] Level 1:colcon.colcon_core.package_identification:_identify(stm32_fw/Drivers/CMSIS/DSP/Examples/ARM/arm_convolution_example) by extensions ['ignore', 'ignore_ament_install']
[0.528s] Level 1:colcon.colcon_core.package_identification:_identify(stm32_fw/Drivers/CMSIS/DSP/Examples/ARM/arm_convolution_example) by extension 'ignore'
[0.528s] Level 1:colcon.colcon_core.package_identification:_identify(stm32_fw/Drivers/CMSIS/DSP/Examples/ARM/arm_convolution_example) by extension 'ignore_ament_install'
[0.528s] Level 1:colcon.colcon_core.package_identification:_identify(stm32_fw/Drivers/CMSIS/DSP/Examples/ARM/arm_convolution_example) by extensions ['colcon_pkg']
[0.528s] Level 1:colcon.colcon_core.package_identification:_identify(stm32_fw/Drivers/CMSIS/DSP/Examples/ARM/arm_convolution_example) by extension 'colcon_pkg'
[0.528s] Level 1:colcon.colcon_core.package_identification:_identify(stm32_fw/Drivers/CMSIS/DSP/Examples/ARM/arm_convolution_example) by extensions ['colcon_meta']
[0.528s] Level 1:colcon.colcon_core.package_identification:_identify(stm32_fw/Drivers/CMSIS/DSP/Examples/ARM/arm_convolution_example) by extension 'colcon_meta'
[0.528s] Level 1:colcon.colcon_core.package_identification:_identify(stm32_fw/Drivers/CMSIS/DSP/Examples/ARM/arm_convolution_example) by extensions ['ros']
[0.528s] Level 1:colcon.colcon_core.package_identification:_identify(stm32_fw/Drivers/CMSIS/DSP/Examples/ARM/arm_convolution_example) by extension 'ros'
[0.528s] Level 1:colcon.colcon_core.package_identification:_identify(stm32_fw/Drivers/CMSIS/DSP/Examples/ARM/arm_convolution_example) by extensions ['cmake', 'python']
[0.528s] Level 1:colcon.colcon_core.package_identification:_identify(stm32_fw/Drivers/CMSIS/DSP/Examples/ARM/arm_convolution_example) by extension 'cmake'
[0.528s] Level 1:colcon.colcon_core.package_identification:_identify(stm32_fw/Drivers/CMSIS/DSP/Examples/ARM/arm_convolution_example) by extension 'python'
[0.528s] Level 1:colcon.colcon_core.package_identification:_identify(stm32_fw/Drivers/CMSIS/DSP/Examples/ARM/arm_convolution_example) by extensions ['python_setup_py']
[0.528s] Level 1:colcon.colcon_core.package_identification:_identify(stm32_fw/Drivers/CMSIS/DSP/Examples/ARM/arm_convolution_example) by extension 'python_setup_py'
[0.528s] Level 1:colcon.colcon_core.package_identification:_identify(stm32_fw/Drivers/CMSIS/DSP/Examples/ARM/arm_dotproduct_example) by extensions ['ignore', 'ignore_ament_install']
[0.528s] Level 1:colcon.colcon_core.package_identification:_identify(stm32_fw/Drivers/CMSIS/DSP/Examples/ARM/arm_dotproduct_example) by extension 'ignore'
[0.528s] Level 1:colcon.colcon_core.package_identification:_identify(stm32_fw/Drivers/CMSIS/DSP/Examples/ARM/arm_dotproduct_example) by extension 'ignore_ament_install'
[0.528s] Level 1:colcon.colcon_core.package_identification:_identify(stm32_fw/Drivers/CMSIS/DSP/Examples/ARM/arm_dotproduct_example) by extensions ['colcon_pkg']
[0.528s] Level 1:colcon.colcon_core.package_identification:_identify(stm32_fw/Drivers/CMSIS/DSP/Examples/ARM/arm_dotproduct_example) by extension 'colcon_pkg'
[0.528s] Level 1:colcon.colcon_core.package_identification:_identify(stm32_fw/Drivers/CMSIS/DSP/Examples/ARM/arm_dotproduct_example) by extensions ['colcon_meta']
[0.529s] Level 1:colcon.colcon_core.package_identification:_identify(stm32_fw/Drivers/CMSIS/DSP/Examples/ARM/arm_dotproduct_example) by extension 'colcon_meta'
[0.529s] Level 1:colcon.colcon_core.package_identification:_identify(stm32_fw/Drivers/CMSIS/DSP/Examples/ARM/arm_dotproduct_example) by extensions ['ros']
[0.529s] Level 1:colcon.colcon_core.package_identification:_identify(stm32_fw/Drivers/CMSIS/DSP/Examples/ARM/arm_dotproduct_example) by extension 'ros'
[0.529s] Level 1:colcon.colcon_core.package_identification:_identify(stm32_fw/Drivers/CMSIS/DSP/Examples/ARM/arm_dotproduct_example) by extensions ['cmake', 'python']
[0.529s] Level 1:colcon.colcon_core.package_identification:_identify(stm32_fw/Drivers/CMSIS/DSP/Examples/ARM/arm_dotproduct_example) by extension 'cmake'
[0.529s] Level 1:colcon.colcon_core.package_identification:_identify(stm32_fw/Drivers/CMSIS/DSP/Examples/ARM/arm_dotproduct_example) by extension 'python'
[0.529s] Level 1:colcon.colcon_core.package_identification:_identify(stm32_fw/Drivers/CMSIS/DSP/Examples/ARM/arm_dotproduct_example) by extensions ['python_setup_py']
[0.529s] Level 1:colcon.colcon_core.package_identification:_identify(stm32_fw/Drivers/CMSIS/DSP/Examples/ARM/arm_dotproduct_example) by extension 'python_setup_py'
[0.529s] Level 1:colcon.colcon_core.package_identification:_identify(stm32_fw/Drivers/CMSIS/DSP/Examples/ARM/arm_fft_bin_example) by extensions ['ignore', 'ignore_ament_install']
[0.529s] Level 1:colcon.colcon_core.package_identification:_identify(stm32_fw/Drivers/CMSIS/DSP/Examples/ARM/arm_fft_bin_example) by extension 'ignore'
[0.529s] Level 1:colcon.colcon_core.package_identification:_identify(stm32_fw/Drivers/CMSIS/DSP/Examples/ARM/arm_fft_bin_example) by extension 'ignore_ament_install'
[0.529s] Level 1:colcon.colcon_core.package_identification:_identify(stm32_fw/Drivers/CMSIS/DSP/Examples/ARM/arm_fft_bin_example) by extensions ['colcon_pkg']
[0.529s] Level 1:colcon.colcon_core.package_identification:_identify(stm32_fw/Drivers/CMSIS/DSP/Examples/ARM/arm_fft_bin_example) by extension 'colcon_pkg'
[0.529s] Level 1:colcon.colcon_core.package_identification:_identify(stm32_fw/Drivers/CMSIS/DSP/Examples/ARM/arm_fft_bin_example) by extensions ['colcon_meta']
[0.529s] Level 1:colcon.colcon_core.package_identification:_identify(stm32_fw/Drivers/CMSIS/DSP/Examples/ARM/arm_fft_bin_example) by extension 'colcon_meta'
[0.529s] Level 1:colcon.colcon_core.package_identification:_identify(stm32_fw/Drivers/CMSIS/DSP/Examples/ARM/arm_fft_bin_example) by extensions ['ros']
[0.529s] Level 1:colcon.colcon_core.package_identification:_identify(stm32_fw/Drivers/CMSIS/DSP/Examples/ARM/arm_fft_bin_example) by extension 'ros'
[0.529s] Level 1:colcon.colcon_core.package_identification:_identify(stm32_fw/Drivers/CMSIS/DSP/Examples/ARM/arm_fft_bin_example) by extensions ['cmake', 'python']
[0.529s] Level 1:colcon.colcon_core.package_identification:_identify(stm32_fw/Drivers/CMSIS/DSP/Examples/ARM/arm_fft_bin_example) by extension 'cmake'
[0.529s] Level 1:colcon.colcon_core.package_identification:_identify(stm32_fw/Drivers/CMSIS/DSP/Examples/ARM/arm_fft_bin_example) by extension 'python'
[0.529s] Level 1:colcon.colcon_core.package_identification:_identify(stm32_fw/Drivers/CMSIS/DSP/Examples/ARM/arm_fft_bin_example) by extensions ['python_setup_py']
[0.529s] Level 1:colcon.colcon_core.package_identification:_identify(stm32_fw/Drivers/CMSIS/DSP/Examples/ARM/arm_fft_bin_example) by extension 'python_setup_py'
[0.530s] Level 1:colcon.colcon_core.package_identification:_identify(stm32_fw/Drivers/CMSIS/DSP/Examples/ARM/arm_fir_example) by extensions ['ignore', 'ignore_ament_install']
[0.530s] Level 1:colcon.colcon_core.package_identification:_identify(stm32_fw/Drivers/CMSIS/DSP/Examples/ARM/arm_fir_example) by extension 'ignore'
[0.530s] Level 1:colcon.colcon_core.package_identification:_identify(stm32_fw/Drivers/CMSIS/DSP/Examples/ARM/arm_fir_example) by extension 'ignore_ament_install'
[0.530s] Level 1:colcon.colcon_core.package_identification:_identify(stm32_fw/Drivers/CMSIS/DSP/Examples/ARM/arm_fir_example) by extensions ['colcon_pkg']
[0.530s] Level 1:colcon.colcon_core.package_identification:_identify(stm32_fw/Drivers/CMSIS/DSP/Examples/ARM/arm_fir_example) by extension 'colcon_pkg'
[0.530s] Level 1:colcon.colcon_core.package_identification:_identify(stm32_fw/Drivers/CMSIS/DSP/Examples/ARM/arm_fir_example) by extensions ['colcon_meta']
[0.530s] Level 1:colcon.colcon_core.package_identification:_identify(stm32_fw/Drivers/CMSIS/DSP/Examples/ARM/arm_fir_example) by extension 'colcon_meta'
[0.530s] Level 1:colcon.colcon_core.package_identification:_identify(stm32_fw/Drivers/CMSIS/DSP/Examples/ARM/arm_fir_example) by extensions ['ros']
[0.530s] Level 1:colcon.colcon_core.package_identification:_identify(stm32_fw/Drivers/CMSIS/DSP/Examples/ARM/arm_fir_example) by extension 'ros'
[0.530s] Level 1:colcon.colcon_core.package_identification:_identify(stm32_fw/Drivers/CMSIS/DSP/Examples/ARM/arm_fir_example) by extensions ['cmake', 'python']
[0.530s] Level 1:colcon.colcon_core.package_identification:_identify(stm32_fw/Drivers/CMSIS/DSP/Examples/ARM/arm_fir_example) by extension 'cmake'
[0.530s] Level 1:colcon.colcon_core.package_identification:_identify(stm32_fw/Drivers/CMSIS/DSP/Examples/ARM/arm_fir_example) by extension 'python'
[0.530s] Level 1:colcon.colcon_core.package_identification:_identify(stm32_fw/Drivers/CMSIS/DSP/Examples/ARM/arm_fir_example) by extensions ['python_setup_py']
[0.530s] Level 1:colcon.colcon_core.package_identification:_identify(stm32_fw/Drivers/CMSIS/DSP/Examples/ARM/arm_fir_example) by extension 'python_setup_py'
[0.530s] Level 1:colcon.colcon_core.package_identification:_identify(stm32_fw/Drivers/CMSIS/DSP/Examples/ARM/arm_graphic_equalizer_example) by extensions ['ignore', 'ignore_ament_install']
[0.530s] Level 1:colcon.colcon_core.package_identification:_identify(stm32_fw/Drivers/CMSIS/DSP/Examples/ARM/arm_graphic_equalizer_example) by extension 'ignore'
[0.530s] Level 1:colcon.colcon_core.package_identification:_identify(stm32_fw/Drivers/CMSIS/DSP/Examples/ARM/arm_graphic_equalizer_example) by extension 'ignore_ament_install'
[0.531s] Level 1:colcon.colcon_core.package_identification:_identify(stm32_fw/Drivers/CMSIS/DSP/Examples/ARM/arm_graphic_equalizer_example) by extensions ['colcon_pkg']
[0.531s] Level 1:colcon.colcon_core.package_identification:_identify(stm32_fw/Drivers/CMSIS/DSP/Examples/ARM/arm_graphic_equalizer_example) by extension 'colcon_pkg'
[0.531s] Level 1:colcon.colcon_core.package_identification:_identify(stm32_fw/Drivers/CMSIS/DSP/Examples/ARM/arm_graphic_equalizer_example) by extensions ['colcon_meta']
[0.531s] Level 1:colcon.colcon_core.package_identification:_identify(stm32_fw/Drivers/CMSIS/DSP/Examples/ARM/arm_graphic_equalizer_example) by extension 'colcon_meta'
[0.531s] Level 1:colcon.colcon_core.package_identification:_identify(stm32_fw/Drivers/CMSIS/DSP/Examples/ARM/arm_graphic_equalizer_example) by extensions ['ros']
[0.531s] Level 1:colcon.colcon_core.package_identification:_identify(stm32_fw/Drivers/CMSIS/DSP/Examples/ARM/arm_graphic_equalizer_example) by extension 'ros'
[0.531s] Level 1:colcon.colcon_core.package_identification:_identify(stm32_fw/Drivers/CMSIS/DSP/Examples/ARM/arm_graphic_equalizer_example) by extensions ['cmake', 'python']
[0.531s] Level 1:colcon.colcon_core.package_identification:_identify(stm32_fw/Drivers/CMSIS/DSP/Examples/ARM/arm_graphic_equalizer_example) by extension 'cmake'
[0.531s] Level 1:colcon.colcon_core.package_identification:_identify(stm32_fw/Drivers/CMSIS/DSP/Examples/ARM/arm_graphic_equalizer_example) by extension 'python'
[0.531s] Level 1:colcon.colcon_core.package_identification:_identify(stm32_fw/Drivers/CMSIS/DSP/Examples/ARM/arm_graphic_equalizer_example) by extensions ['python_setup_py']
[0.531s] Level 1:colcon.colcon_core.package_identification:_identify(stm32_fw/Drivers/CMSIS/DSP/Examples/ARM/arm_graphic_equalizer_example) by extension 'python_setup_py'
[0.531s] Level 1:colcon.colcon_core.package_identification:_identify(stm32_fw/Drivers/CMSIS/DSP/Examples/ARM/arm_linear_interp_example) by extensions ['ignore', 'ignore_ament_install']
[0.531s] Level 1:colcon.colcon_core.package_identification:_identify(stm32_fw/Drivers/CMSIS/DSP/Examples/ARM/arm_linear_interp_example) by extension 'ignore'
[0.531s] Level 1:colcon.colcon_core.package_identification:_identify(stm32_fw/Drivers/CMSIS/DSP/Examples/ARM/arm_linear_interp_example) by extension 'ignore_ament_install'
[0.531s] Level 1:colcon.colcon_core.package_identification:_identify(stm32_fw/Drivers/CMSIS/DSP/Examples/ARM/arm_linear_interp_example) by extensions ['colcon_pkg']
[0.531s] Level 1:colcon.colcon_core.package_identification:_identify(stm32_fw/Drivers/CMSIS/DSP/Examples/ARM/arm_linear_interp_example) by extension 'colcon_pkg'
[0.531s] Level 1:colcon.colcon_core.package_identification:_identify(stm32_fw/Drivers/CMSIS/DSP/Examples/ARM/arm_linear_interp_example) by extensions ['colcon_meta']
[0.531s] Level 1:colcon.colcon_core.package_identification:_identify(stm32_fw/Drivers/CMSIS/DSP/Examples/ARM/arm_linear_interp_example) by extension 'colcon_meta'
[0.531s] Level 1:colcon.colcon_core.package_identification:_identify(stm32_fw/Drivers/CMSIS/DSP/Examples/ARM/arm_linear_interp_example) by extensions ['ros']
[0.531s] Level 1:colcon.colcon_core.package_identification:_identify(stm32_fw/Drivers/CMSIS/DSP/Examples/ARM/arm_linear_interp_example) by extension 'ros'
[0.531s] Level 1:colcon.colcon_core.package_identification:_identify(stm32_fw/Drivers/CMSIS/DSP/Examples/ARM/arm_linear_interp_example) by extensions ['cmake', 'python']
[0.531s] Level 1:colcon.colcon_core.package_identification:_identify(stm32_fw/Drivers/CMSIS/DSP/Examples/ARM/arm_linear_interp_example) by extension 'cmake'
[0.531s] Level 1:colcon.colcon_core.package_identification:_identify(stm32_fw/Drivers/CMSIS/DSP/Examples/ARM/arm_linear_interp_example) by extension 'python'
[0.531s] Level 1:colcon.colcon_core.package_identification:_identify(stm32_fw/Drivers/CMSIS/DSP/Examples/ARM/arm_linear_interp_example) by extensions ['python_setup_py']
[0.532s] Level 1:colcon.colcon_core.package_identification:_identify(stm32_fw/Drivers/CMSIS/DSP/Examples/ARM/arm_linear_interp_example) by extension 'python_setup_py'
[0.532s] Level 1:colcon.colcon_core.package_identification:_identify(stm32_fw/Drivers/CMSIS/DSP/Examples/ARM/arm_matrix_example) by extensions ['ignore', 'ignore_ament_install']
[0.532s] Level 1:colcon.colcon_core.package_identification:_identify(stm32_fw/Drivers/CMSIS/DSP/Examples/ARM/arm_matrix_example) by extension 'ignore'
[0.532s] Level 1:colcon.colcon_core.package_identification:_identify(stm32_fw/Drivers/CMSIS/DSP/Examples/ARM/arm_matrix_example) by extension 'ignore_ament_install'
[0.532s] Level 1:colcon.colcon_core.package_identification:_identify(stm32_fw/Drivers/CMSIS/DSP/Examples/ARM/arm_matrix_example) by extensions ['colcon_pkg']
[0.532s] Level 1:colcon.colcon_core.package_identification:_identify(stm32_fw/Drivers/CMSIS/DSP/Examples/ARM/arm_matrix_example) by extension 'colcon_pkg'
[0.532s] Level 1:colcon.colcon_core.package_identification:_identify(stm32_fw/Drivers/CMSIS/DSP/Examples/ARM/arm_matrix_example) by extensions ['colcon_meta']
[0.532s] Level 1:colcon.colcon_core.package_identification:_identify(stm32_fw/Drivers/CMSIS/DSP/Examples/ARM/arm_matrix_example) by extension 'colcon_meta'
[0.532s] Level 1:colcon.colcon_core.package_identification:_identify(stm32_fw/Drivers/CMSIS/DSP/Examples/ARM/arm_matrix_example) by extensions ['ros']
[0.532s] Level 1:colcon.colcon_core.package_identification:_identify(stm32_fw/Drivers/CMSIS/DSP/Examples/ARM/arm_matrix_example) by extension 'ros'
[0.532s] Level 1:colcon.colcon_core.package_identification:_identify(stm32_fw/Drivers/CMSIS/DSP/Examples/ARM/arm_matrix_example) by extensions ['cmake', 'python']
[0.532s] Level 1:colcon.colcon_core.package_identification:_identify(stm32_fw/Drivers/CMSIS/DSP/Examples/ARM/arm_matrix_example) by extension 'cmake'
[0.532s] Level 1:colcon.colcon_core.package_identification:_identify(stm32_fw/Drivers/CMSIS/DSP/Examples/ARM/arm_matrix_example) by extension 'python'
[0.532s] Level 1:colcon.colcon_core.package_identification:_identify(stm32_fw/Drivers/CMSIS/DSP/Examples/ARM/arm_matrix_example) by extensions ['python_setup_py']
[0.532s] Level 1:colcon.colcon_core.package_identification:_identify(stm32_fw/Drivers/CMSIS/DSP/Examples/ARM/arm_matrix_example) by extension 'python_setup_py'
[0.532s] Level 1:colcon.colcon_core.package_identification:_identify(stm32_fw/Drivers/CMSIS/DSP/Examples/ARM/arm_signal_converge_example) by extensions ['ignore', 'ignore_ament_install']
[0.532s] Level 1:colcon.colcon_core.package_identification:_identify(stm32_fw/Drivers/CMSIS/DSP/Examples/ARM/arm_signal_converge_example) by extension 'ignore'
[0.532s] Level 1:colcon.colcon_core.package_identification:_identify(stm32_fw/Drivers/CMSIS/DSP/Examples/ARM/arm_signal_converge_example) by extension 'ignore_ament_install'
[0.532s] Level 1:colcon.colcon_core.package_identification:_identify(stm32_fw/Drivers/CMSIS/DSP/Examples/ARM/arm_signal_converge_example) by extensions ['colcon_pkg']
[0.532s] Level 1:colcon.colcon_core.package_identification:_identify(stm32_fw/Drivers/CMSIS/DSP/Examples/ARM/arm_signal_converge_example) by extension 'colcon_pkg'
[0.532s] Level 1:colcon.colcon_core.package_identification:_identify(stm32_fw/Drivers/CMSIS/DSP/Examples/ARM/arm_signal_converge_example) by extensions ['colcon_meta']
[0.533s] Level 1:colcon.colcon_core.package_identification:_identify(stm32_fw/Drivers/CMSIS/DSP/Examples/ARM/arm_signal_converge_example) by extension 'colcon_meta'
[0.533s] Level 1:colcon.colcon_core.package_identification:_identify(stm32_fw/Drivers/CMSIS/DSP/Examples/ARM/arm_signal_converge_example) by extensions ['ros']
[0.533s] Level 1:colcon.colcon_core.package_identification:_identify(stm32_fw/Drivers/CMSIS/DSP/Examples/ARM/arm_signal_converge_example) by extension 'ros'
[0.533s] Level 1:colcon.colcon_core.package_identification:_identify(stm32_fw/Drivers/CMSIS/DSP/Examples/ARM/arm_signal_converge_example) by extensions ['cmake', 'python']
[0.533s] Level 1:colcon.colcon_core.package_identification:_identify(stm32_fw/Drivers/CMSIS/DSP/Examples/ARM/arm_signal_converge_example) by extension 'cmake'
[0.533s] Level 1:colcon.colcon_core.package_identification:_identify(stm32_fw/Drivers/CMSIS/DSP/Examples/ARM/arm_signal_converge_example) by extension 'python'
[0.533s] Level 1:colcon.colcon_core.package_identification:_identify(stm32_fw/Drivers/CMSIS/DSP/Examples/ARM/arm_signal_converge_example) by extensions ['python_setup_py']
[0.533s] Level 1:colcon.colcon_core.package_identification:_identify(stm32_fw/Drivers/CMSIS/DSP/Examples/ARM/arm_signal_converge_example) by extension 'python_setup_py'
[0.533s] Level 1:colcon.colcon_core.package_identification:_identify(stm32_fw/Drivers/CMSIS/DSP/Examples/ARM/arm_sin_cos_example) by extensions ['ignore', 'ignore_ament_install']
[0.533s] Level 1:colcon.colcon_core.package_identification:_identify(stm32_fw/Drivers/CMSIS/DSP/Examples/ARM/arm_sin_cos_example) by extension 'ignore'
[0.533s] Level 1:colcon.colcon_core.package_identification:_identify(stm32_fw/Drivers/CMSIS/DSP/Examples/ARM/arm_sin_cos_example) by extension 'ignore_ament_install'
[0.533s] Level 1:colcon.colcon_core.package_identification:_identify(stm32_fw/Drivers/CMSIS/DSP/Examples/ARM/arm_sin_cos_example) by extensions ['colcon_pkg']
[0.533s] Level 1:colcon.colcon_core.package_identification:_identify(stm32_fw/Drivers/CMSIS/DSP/Examples/ARM/arm_sin_cos_example) by extension 'colcon_pkg'
[0.533s] Level 1:colcon.colcon_core.package_identification:_identify(stm32_fw/Drivers/CMSIS/DSP/Examples/ARM/arm_sin_cos_example) by extensions ['colcon_meta']
[0.533s] Level 1:colcon.colcon_core.package_identification:_identify(stm32_fw/Drivers/CMSIS/DSP/Examples/ARM/arm_sin_cos_example) by extension 'colcon_meta'
[0.533s] Level 1:colcon.colcon_core.package_identification:_identify(stm32_fw/Drivers/CMSIS/DSP/Examples/ARM/arm_sin_cos_example) by extensions ['ros']
[0.533s] Level 1:colcon.colcon_core.package_identification:_identify(stm32_fw/Drivers/CMSIS/DSP/Examples/ARM/arm_sin_cos_example) by extension 'ros'
[0.533s] Level 1:colcon.colcon_core.package_identification:_identify(stm32_fw/Drivers/CMSIS/DSP/Examples/ARM/arm_sin_cos_example) by extensions ['cmake', 'python']
[0.533s] Level 1:colcon.colcon_core.package_identification:_identify(stm32_fw/Drivers/CMSIS/DSP/Examples/ARM/arm_sin_cos_example) by extension 'cmake'
[0.533s] Level 1:colcon.colcon_core.package_identification:_identify(stm32_fw/Drivers/CMSIS/DSP/Examples/ARM/arm_sin_cos_example) by extension 'python'
[0.533s] Level 1:colcon.colcon_core.package_identification:_identify(stm32_fw/Drivers/CMSIS/DSP/Examples/ARM/arm_sin_cos_example) by extensions ['python_setup_py']
[0.533s] Level 1:colcon.colcon_core.package_identification:_identify(stm32_fw/Drivers/CMSIS/DSP/Examples/ARM/arm_sin_cos_example) by extension 'python_setup_py'
[0.533s] Level 1:colcon.colcon_core.package_identification:_identify(stm32_fw/Drivers/CMSIS/DSP/Examples/ARM/arm_variance_example) by extensions ['ignore', 'ignore_ament_install']
[0.533s] Level 1:colcon.colcon_core.package_identification:_identify(stm32_fw/Drivers/CMSIS/DSP/Examples/ARM/arm_variance_example) by extension 'ignore'
[0.534s] Level 1:colcon.colcon_core.package_identification:_identify(stm32_fw/Drivers/CMSIS/DSP/Examples/ARM/arm_variance_example) by extension 'ignore_ament_install'
[0.534s] Level 1:colcon.colcon_core.package_identification:_identify(stm32_fw/Drivers/CMSIS/DSP/Examples/ARM/arm_variance_example) by extensions ['colcon_pkg']
[0.534s] Level 1:colcon.colcon_core.package_identification:_identify(stm32_fw/Drivers/CMSIS/DSP/Examples/ARM/arm_variance_example) by extension 'colcon_pkg'
[0.534s] Level 1:colcon.colcon_core.package_identification:_identify(stm32_fw/Drivers/CMSIS/DSP/Examples/ARM/arm_variance_example) by extensions ['colcon_meta']
[0.534s] Level 1:colcon.colcon_core.package_identification:_identify(stm32_fw/Drivers/CMSIS/DSP/Examples/ARM/arm_variance_example) by extension 'colcon_meta'
[0.534s] Level 1:colcon.colcon_core.package_identification:_identify(stm32_fw/Drivers/CMSIS/DSP/Examples/ARM/arm_variance_example) by extensions ['ros']
[0.534s] Level 1:colcon.colcon_core.package_identification:_identify(stm32_fw/Drivers/CMSIS/DSP/Examples/ARM/arm_variance_example) by extension 'ros'
[0.534s] Level 1:colcon.colcon_core.package_identification:_identify(stm32_fw/Drivers/CMSIS/DSP/Examples/ARM/arm_variance_example) by extensions ['cmake', 'python']
[0.534s] Level 1:colcon.colcon_core.package_identification:_identify(stm32_fw/Drivers/CMSIS/DSP/Examples/ARM/arm_variance_example) by extension 'cmake'
[0.534s] Level 1:colcon.colcon_core.package_identification:_identify(stm32_fw/Drivers/CMSIS/DSP/Examples/ARM/arm_variance_example) by extension 'python'
[0.534s] Level 1:colcon.colcon_core.package_identification:_identify(stm32_fw/Drivers/CMSIS/DSP/Examples/ARM/arm_variance_example) by extensions ['python_setup_py']
[0.534s] Level 1:colcon.colcon_core.package_identification:_identify(stm32_fw/Drivers/CMSIS/DSP/Examples/ARM/arm_variance_example) by extension 'python_setup_py'
[0.534s] Level 1:colcon.colcon_core.package_identification:_identify(stm32_fw/Drivers/CMSIS/DSP/Include) by extensions ['ignore', 'ignore_ament_install']
[0.534s] Level 1:colcon.colcon_core.package_identification:_identify(stm32_fw/Drivers/CMSIS/DSP/Include) by extension 'ignore'
[0.534s] Level 1:colcon.colcon_core.package_identification:_identify(stm32_fw/Drivers/CMSIS/DSP/Include) by extension 'ignore_ament_install'
[0.534s] Level 1:colcon.colcon_core.package_identification:_identify(stm32_fw/Drivers/CMSIS/DSP/Include) by extensions ['colcon_pkg']
[0.534s] Level 1:colcon.colcon_core.package_identification:_identify(stm32_fw/Drivers/CMSIS/DSP/Include) by extension 'colcon_pkg'
[0.534s] Level 1:colcon.colcon_core.package_identification:_identify(stm32_fw/Drivers/CMSIS/DSP/Include) by extensions ['colcon_meta']
[0.534s] Level 1:colcon.colcon_core.package_identification:_identify(stm32_fw/Drivers/CMSIS/DSP/Include) by extension 'colcon_meta'
[0.534s] Level 1:colcon.colcon_core.package_identification:_identify(stm32_fw/Drivers/CMSIS/DSP/Include) by extensions ['ros']
[0.534s] Level 1:colcon.colcon_core.package_identification:_identify(stm32_fw/Drivers/CMSIS/DSP/Include) by extension 'ros'
[0.534s] Level 1:colcon.colcon_core.package_identification:_identify(stm32_fw/Drivers/CMSIS/DSP/Include) by extensions ['cmake', 'python']
[0.534s] Level 1:colcon.colcon_core.package_identification:_identify(stm32_fw/Drivers/CMSIS/DSP/Include) by extension 'cmake'
[0.534s] Level 1:colcon.colcon_core.package_identification:_identify(stm32_fw/Drivers/CMSIS/DSP/Include) by extension 'python'
[0.535s] Level 1:colcon.colcon_core.package_identification:_identify(stm32_fw/Drivers/CMSIS/DSP/Include) by extensions ['python_setup_py']
[0.535s] Level 1:colcon.colcon_core.package_identification:_identify(stm32_fw/Drivers/CMSIS/DSP/Include) by extension 'python_setup_py'
[0.535s] Level 1:colcon.colcon_core.package_identification:_identify(stm32_fw/Drivers/CMSIS/DSP/Source) by extensions ['ignore', 'ignore_ament_install']
[0.535s] Level 1:colcon.colcon_core.package_identification:_identify(stm32_fw/Drivers/CMSIS/DSP/Source) by extension 'ignore'
[0.535s] Level 1:colcon.colcon_core.package_identification:_identify(stm32_fw/Drivers/CMSIS/DSP/Source) by extension 'ignore_ament_install'
[0.535s] Level 1:colcon.colcon_core.package_identification:_identify(stm32_fw/Drivers/CMSIS/DSP/Source) by extensions ['colcon_pkg']
[0.535s] Level 1:colcon.colcon_core.package_identification:_identify(stm32_fw/Drivers/CMSIS/DSP/Source) by extension 'colcon_pkg'
[0.535s] Level 1:colcon.colcon_core.package_identification:_identify(stm32_fw/Drivers/CMSIS/DSP/Source) by extensions ['colcon_meta']
[0.535s] Level 1:colcon.colcon_core.package_identification:_identify(stm32_fw/Drivers/CMSIS/DSP/Source) by extension 'colcon_meta'
[0.535s] Level 1:colcon.colcon_core.package_identification:_identify(stm32_fw/Drivers/CMSIS/DSP/Source) by extensions ['ros']
[0.535s] Level 1:colcon.colcon_core.package_identification:_identify(stm32_fw/Drivers/CMSIS/DSP/Source) by extension 'ros'
[0.535s] Level 1:colcon.colcon_core.package_identification:_identify(stm32_fw/Drivers/CMSIS/DSP/Source) by extensions ['cmake', 'python']
[0.535s] Level 1:colcon.colcon_core.package_identification:_identify(stm32_fw/Drivers/CMSIS/DSP/Source) by extension 'cmake'
[0.535s] Level 1:colcon.colcon_core.package_identification:_identify(stm32_fw/Drivers/CMSIS/DSP/Source) by extension 'python'
[0.535s] Level 1:colcon.colcon_core.package_identification:_identify(stm32_fw/Drivers/CMSIS/DSP/Source) by extensions ['python_setup_py']
[0.535s] Level 1:colcon.colcon_core.package_identification:_identify(stm32_fw/Drivers/CMSIS/DSP/Source) by extension 'python_setup_py'
[0.535s] Level 1:colcon.colcon_core.package_identification:_identify(stm32_fw/Drivers/CMSIS/DSP/Source/BasicMathFunctions) by extensions ['ignore', 'ignore_ament_install']
[0.535s] Level 1:colcon.colcon_core.package_identification:_identify(stm32_fw/Drivers/CMSIS/DSP/Source/BasicMathFunctions) by extension 'ignore'
[0.535s] Level 1:colcon.colcon_core.package_identification:_identify(stm32_fw/Drivers/CMSIS/DSP/Source/BasicMathFunctions) by extension 'ignore_ament_install'
[0.535s] Level 1:colcon.colcon_core.package_identification:_identify(stm32_fw/Drivers/CMSIS/DSP/Source/BasicMathFunctions) by extensions ['colcon_pkg']
[0.535s] Level 1:colcon.colcon_core.package_identification:_identify(stm32_fw/Drivers/CMSIS/DSP/Source/BasicMathFunctions) by extension 'colcon_pkg'
[0.535s] Level 1:colcon.colcon_core.package_identification:_identify(stm32_fw/Drivers/CMSIS/DSP/Source/BasicMathFunctions) by extensions ['colcon_meta']
[0.535s] Level 1:colcon.colcon_core.package_identification:_identify(stm32_fw/Drivers/CMSIS/DSP/Source/BasicMathFunctions) by extension 'colcon_meta'
[0.535s] Level 1:colcon.colcon_core.package_identification:_identify(stm32_fw/Drivers/CMSIS/DSP/Source/BasicMathFunctions) by extensions ['ros']
[0.535s] Level 1:colcon.colcon_core.package_identification:_identify(stm32_fw/Drivers/CMSIS/DSP/Source/BasicMathFunctions) by extension 'ros'
[0.536s] Level 1:colcon.colcon_core.package_identification:_identify(stm32_fw/Drivers/CMSIS/DSP/Source/BasicMathFunctions) by extensions ['cmake', 'python']
[0.536s] Level 1:colcon.colcon_core.package_identification:_identify(stm32_fw/Drivers/CMSIS/DSP/Source/BasicMathFunctions) by extension 'cmake'
[0.536s] Level 1:colcon.colcon_core.package_identification:_identify(stm32_fw/Drivers/CMSIS/DSP/Source/BasicMathFunctions) by extension 'python'
[0.536s] Level 1:colcon.colcon_core.package_identification:_identify(stm32_fw/Drivers/CMSIS/DSP/Source/BasicMathFunctions) by extensions ['python_setup_py']
[0.536s] Level 1:colcon.colcon_core.package_identification:_identify(stm32_fw/Drivers/CMSIS/DSP/Source/BasicMathFunctions) by extension 'python_setup_py'
[0.536s] Level 1:colcon.colcon_core.package_identification:_identify(stm32_fw/Drivers/CMSIS/DSP/Source/CommonTables) by extensions ['ignore', 'ignore_ament_install']
[0.536s] Level 1:colcon.colcon_core.package_identification:_identify(stm32_fw/Drivers/CMSIS/DSP/Source/CommonTables) by extension 'ignore'
[0.536s] Level 1:colcon.colcon_core.package_identification:_identify(stm32_fw/Drivers/CMSIS/DSP/Source/CommonTables) by extension 'ignore_ament_install'
[0.536s] Level 1:colcon.colcon_core.package_identification:_identify(stm32_fw/Drivers/CMSIS/DSP/Source/CommonTables) by extensions ['colcon_pkg']
[0.536s] Level 1:colcon.colcon_core.package_identification:_identify(stm32_fw/Drivers/CMSIS/DSP/Source/CommonTables) by extension 'colcon_pkg'
[0.536s] Level 1:colcon.colcon_core.package_identification:_identify(stm32_fw/Drivers/CMSIS/DSP/Source/CommonTables) by extensions ['colcon_meta']
[0.536s] Level 1:colcon.colcon_core.package_identification:_identify(stm32_fw/Drivers/CMSIS/DSP/Source/CommonTables) by extension 'colcon_meta'
[0.536s] Level 1:colcon.colcon_core.package_identification:_identify(stm32_fw/Drivers/CMSIS/DSP/Source/CommonTables) by extensions ['ros']
[0.536s] Level 1:colcon.colcon_core.package_identification:_identify(stm32_fw/Drivers/CMSIS/DSP/Source/CommonTables) by extension 'ros'
[0.536s] Level 1:colcon.colcon_core.package_identification:_identify(stm32_fw/Drivers/CMSIS/DSP/Source/CommonTables) by extensions ['cmake', 'python']
[0.536s] Level 1:colcon.colcon_core.package_identification:_identify(stm32_fw/Drivers/CMSIS/DSP/Source/CommonTables) by extension 'cmake'
[0.536s] Level 1:colcon.colcon_core.package_identification:_identify(stm32_fw/Drivers/CMSIS/DSP/Source/CommonTables) by extension 'python'
[0.536s] Level 1:colcon.colcon_core.package_identification:_identify(stm32_fw/Drivers/CMSIS/DSP/Source/CommonTables) by extensions ['python_setup_py']
[0.536s] Level 1:colcon.colcon_core.package_identification:_identify(stm32_fw/Drivers/CMSIS/DSP/Source/CommonTables) by extension 'python_setup_py'
[0.536s] Level 1:colcon.colcon_core.package_identification:_identify(stm32_fw/Drivers/CMSIS/DSP/Source/ComplexMathFunctions) by extensions ['ignore', 'ignore_ament_install']
[0.536s] Level 1:colcon.colcon_core.package_identification:_identify(stm32_fw/Drivers/CMSIS/DSP/Source/ComplexMathFunctions) by extension 'ignore'
[0.536s] Level 1:colcon.colcon_core.package_identification:_identify(stm32_fw/Drivers/CMSIS/DSP/Source/ComplexMathFunctions) by extension 'ignore_ament_install'
[0.536s] Level 1:colcon.colcon_core.package_identification:_identify(stm32_fw/Drivers/CMSIS/DSP/Source/ComplexMathFunctions) by extensions ['colcon_pkg']
[0.536s] Level 1:colcon.colcon_core.package_identification:_identify(stm32_fw/Drivers/CMSIS/DSP/Source/ComplexMathFunctions) by extension 'colcon_pkg'
[0.537s] Level 1:colcon.colcon_core.package_identification:_identify(stm32_fw/Drivers/CMSIS/DSP/Source/ComplexMathFunctions) by extensions ['colcon_meta']
[0.537s] Level 1:colcon.colcon_core.package_identification:_identify(stm32_fw/Drivers/CMSIS/DSP/Source/ComplexMathFunctions) by extension 'colcon_meta'
[0.537s] Level 1:colcon.colcon_core.package_identification:_identify(stm32_fw/Drivers/CMSIS/DSP/Source/ComplexMathFunctions) by extensions ['ros']
[0.537s] Level 1:colcon.colcon_core.package_identification:_identify(stm32_fw/Drivers/CMSIS/DSP/Source/ComplexMathFunctions) by extension 'ros'
[0.537s] Level 1:colcon.colcon_core.package_identification:_identify(stm32_fw/Drivers/CMSIS/DSP/Source/ComplexMathFunctions) by extensions ['cmake', 'python']
[0.537s] Level 1:colcon.colcon_core.package_identification:_identify(stm32_fw/Drivers/CMSIS/DSP/Source/ComplexMathFunctions) by extension 'cmake'
[0.537s] Level 1:colcon.colcon_core.package_identification:_identify(stm32_fw/Drivers/CMSIS/DSP/Source/ComplexMathFunctions) by extension 'python'
[0.537s] Level 1:colcon.colcon_core.package_identification:_identify(stm32_fw/Drivers/CMSIS/DSP/Source/ComplexMathFunctions) by extensions ['python_setup_py']
[0.537s] Level 1:colcon.colcon_core.package_identification:_identify(stm32_fw/Drivers/CMSIS/DSP/Source/ComplexMathFunctions) by extension 'python_setup_py'
[0.537s] Level 1:colcon.colcon_core.package_identification:_identify(stm32_fw/Drivers/CMSIS/DSP/Source/ControllerFunctions) by extensions ['ignore', 'ignore_ament_install']
[0.537s] Level 1:colcon.colcon_core.package_identification:_identify(stm32_fw/Drivers/CMSIS/DSP/Source/ControllerFunctions) by extension 'ignore'
[0.537s] Level 1:colcon.colcon_core.package_identification:_identify(stm32_fw/Drivers/CMSIS/DSP/Source/ControllerFunctions) by extension 'ignore_ament_install'
[0.537s] Level 1:colcon.colcon_core.package_identification:_identify(stm32_fw/Drivers/CMSIS/DSP/Source/ControllerFunctions) by extensions ['colcon_pkg']
[0.537s] Level 1:colcon.colcon_core.package_identification:_identify(stm32_fw/Drivers/CMSIS/DSP/Source/ControllerFunctions) by extension 'colcon_pkg'
[0.537s] Level 1:colcon.colcon_core.package_identification:_identify(stm32_fw/Drivers/CMSIS/DSP/Source/ControllerFunctions) by extensions ['colcon_meta']
[0.537s] Level 1:colcon.colcon_core.package_identification:_identify(stm32_fw/Drivers/CMSIS/DSP/Source/ControllerFunctions) by extension 'colcon_meta'
[0.537s] Level 1:colcon.colcon_core.package_identification:_identify(stm32_fw/Drivers/CMSIS/DSP/Source/ControllerFunctions) by extensions ['ros']
[0.537s] Level 1:colcon.colcon_core.package_identification:_identify(stm32_fw/Drivers/CMSIS/DSP/Source/ControllerFunctions) by extension 'ros'
[0.537s] Level 1:colcon.colcon_core.package_identification:_identify(stm32_fw/Drivers/CMSIS/DSP/Source/ControllerFunctions) by extensions ['cmake', 'python']
[0.537s] Level 1:colcon.colcon_core.package_identification:_identify(stm32_fw/Drivers/CMSIS/DSP/Source/ControllerFunctions) by extension 'cmake'
[0.537s] Level 1:colcon.colcon_core.package_identification:_identify(stm32_fw/Drivers/CMSIS/DSP/Source/ControllerFunctions) by extension 'python'
[0.537s] Level 1:colcon.colcon_core.package_identification:_identify(stm32_fw/Drivers/CMSIS/DSP/Source/ControllerFunctions) by extensions ['python_setup_py']
[0.537s] Level 1:colcon.colcon_core.package_identification:_identify(stm32_fw/Drivers/CMSIS/DSP/Source/ControllerFunctions) by extension 'python_setup_py'
[0.537s] Level 1:colcon.colcon_core.package_identification:_identify(stm32_fw/Drivers/CMSIS/DSP/Source/FastMathFunctions) by extensions ['ignore', 'ignore_ament_install']
[0.537s] Level 1:colcon.colcon_core.package_identification:_identify(stm32_fw/Drivers/CMSIS/DSP/Source/FastMathFunctions) by extension 'ignore'
[0.537s] Level 1:colcon.colcon_core.package_identification:_identify(stm32_fw/Drivers/CMSIS/DSP/Source/FastMathFunctions) by extension 'ignore_ament_install'
[0.538s] Level 1:colcon.colcon_core.package_identification:_identify(stm32_fw/Drivers/CMSIS/DSP/Source/FastMathFunctions) by extensions ['colcon_pkg']
[0.538s] Level 1:colcon.colcon_core.package_identification:_identify(stm32_fw/Drivers/CMSIS/DSP/Source/FastMathFunctions) by extension 'colcon_pkg'
[0.538s] Level 1:colcon.colcon_core.package_identification:_identify(stm32_fw/Drivers/CMSIS/DSP/Source/FastMathFunctions) by extensions ['colcon_meta']
[0.538s] Level 1:colcon.colcon_core.package_identification:_identify(stm32_fw/Drivers/CMSIS/DSP/Source/FastMathFunctions) by extension 'colcon_meta'
[0.538s] Level 1:colcon.colcon_core.package_identification:_identify(stm32_fw/Drivers/CMSIS/DSP/Source/FastMathFunctions) by extensions ['ros']
[0.538s] Level 1:colcon.colcon_core.package_identification:_identify(stm32_fw/Drivers/CMSIS/DSP/Source/FastMathFunctions) by extension 'ros'
[0.538s] Level 1:colcon.colcon_core.package_identification:_identify(stm32_fw/Drivers/CMSIS/DSP/Source/FastMathFunctions) by extensions ['cmake', 'python']
[0.538s] Level 1:colcon.colcon_core.package_identification:_identify(stm32_fw/Drivers/CMSIS/DSP/Source/FastMathFunctions) by extension 'cmake'
[0.538s] Level 1:colcon.colcon_core.package_identification:_identify(stm32_fw/Drivers/CMSIS/DSP/Source/FastMathFunctions) by extension 'python'
[0.538s] Level 1:colcon.colcon_core.package_identification:_identify(stm32_fw/Drivers/CMSIS/DSP/Source/FastMathFunctions) by extensions ['python_setup_py']
[0.538s] Level 1:colcon.colcon_core.package_identification:_identify(stm32_fw/Drivers/CMSIS/DSP/Source/FastMathFunctions) by extension 'python_setup_py'
[0.538s] Level 1:colcon.colcon_core.package_identification:_identify(stm32_fw/Drivers/CMSIS/DSP/Source/FilteringFunctions) by extensions ['ignore', 'ignore_ament_install']
[0.538s] Level 1:colcon.colcon_core.package_identification:_identify(stm32_fw/Drivers/CMSIS/DSP/Source/FilteringFunctions) by extension 'ignore'
[0.538s] Level 1:colcon.colcon_core.package_identification:_identify(stm32_fw/Drivers/CMSIS/DSP/Source/FilteringFunctions) by extension 'ignore_ament_install'
[0.538s] Level 1:colcon.colcon_core.package_identification:_identify(stm32_fw/Drivers/CMSIS/DSP/Source/FilteringFunctions) by extensions ['colcon_pkg']
[0.538s] Level 1:colcon.colcon_core.package_identification:_identify(stm32_fw/Drivers/CMSIS/DSP/Source/FilteringFunctions) by extension 'colcon_pkg'
[0.538s] Level 1:colcon.colcon_core.package_identification:_identify(stm32_fw/Drivers/CMSIS/DSP/Source/FilteringFunctions) by extensions ['colcon_meta']
[0.538s] Level 1:colcon.colcon_core.package_identification:_identify(stm32_fw/Drivers/CMSIS/DSP/Source/FilteringFunctions) by extension 'colcon_meta'
[0.538s] Level 1:colcon.colcon_core.package_identification:_identify(stm32_fw/Drivers/CMSIS/DSP/Source/FilteringFunctions) by extensions ['ros']
[0.538s] Level 1:colcon.colcon_core.package_identification:_identify(stm32_fw/Drivers/CMSIS/DSP/Source/FilteringFunctions) by extension 'ros'
[0.538s] Level 1:colcon.colcon_core.package_identification:_identify(stm32_fw/Drivers/CMSIS/DSP/Source/FilteringFunctions) by extensions ['cmake', 'python']
[0.538s] Level 1:colcon.colcon_core.package_identification:_identify(stm32_fw/Drivers/CMSIS/DSP/Source/FilteringFunctions) by extension 'cmake'
[0.538s] Level 1:colcon.colcon_core.package_identification:_identify(stm32_fw/Drivers/CMSIS/DSP/Source/FilteringFunctions) by extension 'python'
[0.538s] Level 1:colcon.colcon_core.package_identification:_identify(stm32_fw/Drivers/CMSIS/DSP/Source/FilteringFunctions) by extensions ['python_setup_py']
[0.538s] Level 1:colcon.colcon_core.package_identification:_identify(stm32_fw/Drivers/CMSIS/DSP/Source/FilteringFunctions) by extension 'python_setup_py'
[0.539s] Level 1:colcon.colcon_core.package_identification:_identify(stm32_fw/Drivers/CMSIS/DSP/Source/MatrixFunctions) by extensions ['ignore', 'ignore_ament_install']
[0.539s] Level 1:colcon.colcon_core.package_identification:_identify(stm32_fw/Drivers/CMSIS/DSP/Source/MatrixFunctions) by extension 'ignore'
[0.539s] Level 1:colcon.colcon_core.package_identification:_identify(stm32_fw/Drivers/CMSIS/DSP/Source/MatrixFunctions) by extension 'ignore_ament_install'
[0.539s] Level 1:colcon.colcon_core.package_identification:_identify(stm32_fw/Drivers/CMSIS/DSP/Source/MatrixFunctions) by extensions ['colcon_pkg']
[0.539s] Level 1:colcon.colcon_core.package_identification:_identify(stm32_fw/Drivers/CMSIS/DSP/Source/MatrixFunctions) by extension 'colcon_pkg'
[0.539s] Level 1:colcon.colcon_core.package_identification:_identify(stm32_fw/Drivers/CMSIS/DSP/Source/MatrixFunctions) by extensions ['colcon_meta']
[0.539s] Level 1:colcon.colcon_core.package_identification:_identify(stm32_fw/Drivers/CMSIS/DSP/Source/MatrixFunctions) by extension 'colcon_meta'
[0.539s] Level 1:colcon.colcon_core.package_identification:_identify(stm32_fw/Drivers/CMSIS/DSP/Source/MatrixFunctions) by extensions ['ros']
[0.539s] Level 1:colcon.colcon_core.package_identification:_identify(stm32_fw/Drivers/CMSIS/DSP/Source/MatrixFunctions) by extension 'ros'
[0.539s] Level 1:colcon.colcon_core.package_identification:_identify(stm32_fw/Drivers/CMSIS/DSP/Source/MatrixFunctions) by extensions ['cmake', 'python']
[0.539s] Level 1:colcon.colcon_core.package_identification:_identify(stm32_fw/Drivers/CMSIS/DSP/Source/MatrixFunctions) by extension 'cmake'
[0.539s] Level 1:colcon.colcon_core.package_identification:_identify(stm32_fw/Drivers/CMSIS/DSP/Source/MatrixFunctions) by extension 'python'
[0.539s] Level 1:colcon.colcon_core.package_identification:_identify(stm32_fw/Drivers/CMSIS/DSP/Source/MatrixFunctions) by extensions ['python_setup_py']
[0.539s] Level 1:colcon.colcon_core.package_identification:_identify(stm32_fw/Drivers/CMSIS/DSP/Source/MatrixFunctions) by extension 'python_setup_py'
[0.539s] Level 1:colcon.colcon_core.package_identification:_identify(stm32_fw/Drivers/CMSIS/DSP/Source/StatisticsFunctions) by extensions ['ignore', 'ignore_ament_install']
[0.539s] Level 1:colcon.colcon_core.package_identification:_identify(stm32_fw/Drivers/CMSIS/DSP/Source/StatisticsFunctions) by extension 'ignore'
[0.539s] Level 1:colcon.colcon_core.package_identification:_identify(stm32_fw/Drivers/CMSIS/DSP/Source/StatisticsFunctions) by extension 'ignore_ament_install'
[0.539s] Level 1:colcon.colcon_core.package_identification:_identify(stm32_fw/Drivers/CMSIS/DSP/Source/StatisticsFunctions) by extensions ['colcon_pkg']
[0.539s] Level 1:colcon.colcon_core.package_identification:_identify(stm32_fw/Drivers/CMSIS/DSP/Source/StatisticsFunctions) by extension 'colcon_pkg'
[0.539s] Level 1:colcon.colcon_core.package_identification:_identify(stm32_fw/Drivers/CMSIS/DSP/Source/StatisticsFunctions) by extensions ['colcon_meta']
[0.539s] Level 1:colcon.colcon_core.package_identification:_identify(stm32_fw/Drivers/CMSIS/DSP/Source/StatisticsFunctions) by extension 'colcon_meta'
[0.539s] Level 1:colcon.colcon_core.package_identification:_identify(stm32_fw/Drivers/CMSIS/DSP/Source/StatisticsFunctions) by extensions ['ros']
[0.539s] Level 1:colcon.colcon_core.package_identification:_identify(stm32_fw/Drivers/CMSIS/DSP/Source/StatisticsFunctions) by extension 'ros'
[0.539s] Level 1:colcon.colcon_core.package_identification:_identify(stm32_fw/Drivers/CMSIS/DSP/Source/StatisticsFunctions) by extensions ['cmake', 'python']
[0.539s] Level 1:colcon.colcon_core.package_identification:_identify(stm32_fw/Drivers/CMSIS/DSP/Source/StatisticsFunctions) by extension 'cmake'
[0.539s] Level 1:colcon.colcon_core.package_identification:_identify(stm32_fw/Drivers/CMSIS/DSP/Source/StatisticsFunctions) by extension 'python'
[0.539s] Level 1:colcon.colcon_core.package_identification:_identify(stm32_fw/Drivers/CMSIS/DSP/Source/StatisticsFunctions) by extensions ['python_setup_py']
[0.540s] Level 1:colcon.colcon_core.package_identification:_identify(stm32_fw/Drivers/CMSIS/DSP/Source/StatisticsFunctions) by extension 'python_setup_py'
[0.540s] Level 1:colcon.colcon_core.package_identification:_identify(stm32_fw/Drivers/CMSIS/DSP/Source/SupportFunctions) by extensions ['ignore', 'ignore_ament_install']
[0.540s] Level 1:colcon.colcon_core.package_identification:_identify(stm32_fw/Drivers/CMSIS/DSP/Source/SupportFunctions) by extension 'ignore'
[0.540s] Level 1:colcon.colcon_core.package_identification:_identify(stm32_fw/Drivers/CMSIS/DSP/Source/SupportFunctions) by extension 'ignore_ament_install'
[0.540s] Level 1:colcon.colcon_core.package_identification:_identify(stm32_fw/Drivers/CMSIS/DSP/Source/SupportFunctions) by extensions ['colcon_pkg']
[0.540s] Level 1:colcon.colcon_core.package_identification:_identify(stm32_fw/Drivers/CMSIS/DSP/Source/SupportFunctions) by extension 'colcon_pkg'
[0.540s] Level 1:colcon.colcon_core.package_identification:_identify(stm32_fw/Drivers/CMSIS/DSP/Source/SupportFunctions) by extensions ['colcon_meta']
[0.540s] Level 1:colcon.colcon_core.package_identification:_identify(stm32_fw/Drivers/CMSIS/DSP/Source/SupportFunctions) by extension 'colcon_meta'
[0.540s] Level 1:colcon.colcon_core.package_identification:_identify(stm32_fw/Drivers/CMSIS/DSP/Source/SupportFunctions) by extensions ['ros']
[0.540s] Level 1:colcon.colcon_core.package_identification:_identify(stm32_fw/Drivers/CMSIS/DSP/Source/SupportFunctions) by extension 'ros'
[0.540s] Level 1:colcon.colcon_core.package_identification:_identify(stm32_fw/Drivers/CMSIS/DSP/Source/SupportFunctions) by extensions ['cmake', 'python']
[0.540s] Level 1:colcon.colcon_core.package_identification:_identify(stm32_fw/Drivers/CMSIS/DSP/Source/SupportFunctions) by extension 'cmake'
[0.540s] Level 1:colcon.colcon_core.package_identification:_identify(stm32_fw/Drivers/CMSIS/DSP/Source/SupportFunctions) by extension 'python'
[0.540s] Level 1:colcon.colcon_core.package_identification:_identify(stm32_fw/Drivers/CMSIS/DSP/Source/SupportFunctions) by extensions ['python_setup_py']
[0.540s] Level 1:colcon.colcon_core.package_identification:_identify(stm32_fw/Drivers/CMSIS/DSP/Source/SupportFunctions) by extension 'python_setup_py'
[0.540s] Level 1:colcon.colcon_core.package_identification:_identify(stm32_fw/Drivers/CMSIS/DSP/Source/TransformFunctions) by extensions ['ignore', 'ignore_ament_install']
[0.540s] Level 1:colcon.colcon_core.package_identification:_identify(stm32_fw/Drivers/CMSIS/DSP/Source/TransformFunctions) by extension 'ignore'
[0.540s] Level 1:colcon.colcon_core.package_identification:_identify(stm32_fw/Drivers/CMSIS/DSP/Source/TransformFunctions) by extension 'ignore_ament_install'
[0.540s] Level 1:colcon.colcon_core.package_identification:_identify(stm32_fw/Drivers/CMSIS/DSP/Source/TransformFunctions) by extensions ['colcon_pkg']
[0.540s] Level 1:colcon.colcon_core.package_identification:_identify(stm32_fw/Drivers/CMSIS/DSP/Source/TransformFunctions) by extension 'colcon_pkg'
[0.540s] Level 1:colcon.colcon_core.package_identification:_identify(stm32_fw/Drivers/CMSIS/DSP/Source/TransformFunctions) by extensions ['colcon_meta']
[0.541s] Level 1:colcon.colcon_core.package_identification:_identify(stm32_fw/Drivers/CMSIS/DSP/Source/TransformFunctions) by extension 'colcon_meta'
[0.541s] Level 1:colcon.colcon_core.package_identification:_identify(stm32_fw/Drivers/CMSIS/DSP/Source/TransformFunctions) by extensions ['ros']
[0.541s] Level 1:colcon.colcon_core.package_identification:_identify(stm32_fw/Drivers/CMSIS/DSP/Source/TransformFunctions) by extension 'ros'
[0.541s] Level 1:colcon.colcon_core.package_identification:_identify(stm32_fw/Drivers/CMSIS/DSP/Source/TransformFunctions) by extensions ['cmake', 'python']
[0.541s] Level 1:colcon.colcon_core.package_identification:_identify(stm32_fw/Drivers/CMSIS/DSP/Source/TransformFunctions) by extension 'cmake'
[0.541s] Level 1:colcon.colcon_core.package_identification:_identify(stm32_fw/Drivers/CMSIS/DSP/Source/TransformFunctions) by extension 'python'
[0.541s] Level 1:colcon.colcon_core.package_identification:_identify(stm32_fw/Drivers/CMSIS/DSP/Source/TransformFunctions) by extensions ['python_setup_py']
[0.541s] Level 1:colcon.colcon_core.package_identification:_identify(stm32_fw/Drivers/CMSIS/DSP/Source/TransformFunctions) by extension 'python_setup_py'
[0.541s] Level 1:colcon.colcon_core.package_identification:_identify(stm32_fw/Drivers/CMSIS/Device) by extensions ['ignore', 'ignore_ament_install']
[0.541s] Level 1:colcon.colcon_core.package_identification:_identify(stm32_fw/Drivers/CMSIS/Device) by extension 'ignore'
[0.541s] Level 1:colcon.colcon_core.package_identification:_identify(stm32_fw/Drivers/CMSIS/Device) by extension 'ignore_ament_install'
[0.541s] Level 1:colcon.colcon_core.package_identification:_identify(stm32_fw/Drivers/CMSIS/Device) by extensions ['colcon_pkg']
[0.541s] Level 1:colcon.colcon_core.package_identification:_identify(stm32_fw/Drivers/CMSIS/Device) by extension 'colcon_pkg'
[0.541s] Level 1:colcon.colcon_core.package_identification:_identify(stm32_fw/Drivers/CMSIS/Device) by extensions ['colcon_meta']
[0.541s] Level 1:colcon.colcon_core.package_identification:_identify(stm32_fw/Drivers/CMSIS/Device) by extension 'colcon_meta'
[0.541s] Level 1:colcon.colcon_core.package_identification:_identify(stm32_fw/Drivers/CMSIS/Device) by extensions ['ros']
[0.541s] Level 1:colcon.colcon_core.package_identification:_identify(stm32_fw/Drivers/CMSIS/Device) by extension 'ros'
[0.541s] Level 1:colcon.colcon_core.package_identification:_identify(stm32_fw/Drivers/CMSIS/Device) by extensions ['cmake', 'python']
[0.541s] Level 1:colcon.colcon_core.package_identification:_identify(stm32_fw/Drivers/CMSIS/Device) by extension 'cmake'
[0.541s] Level 1:colcon.colcon_core.package_identification:_identify(stm32_fw/Drivers/CMSIS/Device) by extension 'python'
[0.541s] Level 1:colcon.colcon_core.package_identification:_identify(stm32_fw/Drivers/CMSIS/Device) by extensions ['python_setup_py']
[0.541s] Level 1:colcon.colcon_core.package_identification:_identify(stm32_fw/Drivers/CMSIS/Device) by extension 'python_setup_py'
[0.541s] Level 1:colcon.colcon_core.package_identification:_identify(stm32_fw/Drivers/CMSIS/Device/ST) by extensions ['ignore', 'ignore_ament_install']
[0.541s] Level 1:colcon.colcon_core.package_identification:_identify(stm32_fw/Drivers/CMSIS/Device/ST) by extension 'ignore'
[0.541s] Level 1:colcon.colcon_core.package_identification:_identify(stm32_fw/Drivers/CMSIS/Device/ST) by extension 'ignore_ament_install'
[0.542s] Level 1:colcon.colcon_core.package_identification:_identify(stm32_fw/Drivers/CMSIS/Device/ST) by extensions ['colcon_pkg']
[0.542s] Level 1:colcon.colcon_core.package_identification:_identify(stm32_fw/Drivers/CMSIS/Device/ST) by extension 'colcon_pkg'
[0.542s] Level 1:colcon.colcon_core.package_identification:_identify(stm32_fw/Drivers/CMSIS/Device/ST) by extensions ['colcon_meta']
[0.542s] Level 1:colcon.colcon_core.package_identification:_identify(stm32_fw/Drivers/CMSIS/Device/ST) by extension 'colcon_meta'
[0.542s] Level 1:colcon.colcon_core.package_identification:_identify(stm32_fw/Drivers/CMSIS/Device/ST) by extensions ['ros']
[0.542s] Level 1:colcon.colcon_core.package_identification:_identify(stm32_fw/Drivers/CMSIS/Device/ST) by extension 'ros'
[0.542s] Level 1:colcon.colcon_core.package_identification:_identify(stm32_fw/Drivers/CMSIS/Device/ST) by extensions ['cmake', 'python']
[0.542s] Level 1:colcon.colcon_core.package_identification:_identify(stm32_fw/Drivers/CMSIS/Device/ST) by extension 'cmake'
[0.542s] Level 1:colcon.colcon_core.package_identification:_identify(stm32_fw/Drivers/CMSIS/Device/ST) by extension 'python'
[0.542s] Level 1:colcon.colcon_core.package_identification:_identify(stm32_fw/Drivers/CMSIS/Device/ST) by extensions ['python_setup_py']
[0.542s] Level 1:colcon.colcon_core.package_identification:_identify(stm32_fw/Drivers/CMSIS/Device/ST) by extension 'python_setup_py'
[0.542s] Level 1:colcon.colcon_core.package_identification:_identify(stm32_fw/Drivers/CMSIS/Device/ST/STM32F1xx) by extensions ['ignore', 'ignore_ament_install']
[0.542s] Level 1:colcon.colcon_core.package_identification:_identify(stm32_fw/Drivers/CMSIS/Device/ST/STM32F1xx) by extension 'ignore'
[0.542s] Level 1:colcon.colcon_core.package_identification:_identify(stm32_fw/Drivers/CMSIS/Device/ST/STM32F1xx) by extension 'ignore_ament_install'
[0.542s] Level 1:colcon.colcon_core.package_identification:_identify(stm32_fw/Drivers/CMSIS/Device/ST/STM32F1xx) by extensions ['colcon_pkg']
[0.542s] Level 1:colcon.colcon_core.package_identification:_identify(stm32_fw/Drivers/CMSIS/Device/ST/STM32F1xx) by extension 'colcon_pkg'
[0.542s] Level 1:colcon.colcon_core.package_identification:_identify(stm32_fw/Drivers/CMSIS/Device/ST/STM32F1xx) by extensions ['colcon_meta']
[0.542s] Level 1:colcon.colcon_core.package_identification:_identify(stm32_fw/Drivers/CMSIS/Device/ST/STM32F1xx) by extension 'colcon_meta'
[0.542s] Level 1:colcon.colcon_core.package_identification:_identify(stm32_fw/Drivers/CMSIS/Device/ST/STM32F1xx) by extensions ['ros']
[0.543s] Level 1:colcon.colcon_core.package_identification:_identify(stm32_fw/Drivers/CMSIS/Device/ST/STM32F1xx) by extension 'ros'
[0.543s] Level 1:colcon.colcon_core.package_identification:_identify(stm32_fw/Drivers/CMSIS/Device/ST/STM32F1xx) by extensions ['cmake', 'python']
[0.543s] Level 1:colcon.colcon_core.package_identification:_identify(stm32_fw/Drivers/CMSIS/Device/ST/STM32F1xx) by extension 'cmake'
[0.543s] Level 1:colcon.colcon_core.package_identification:_identify(stm32_fw/Drivers/CMSIS/Device/ST/STM32F1xx) by extension 'python'
[0.543s] Level 1:colcon.colcon_core.package_identification:_identify(stm32_fw/Drivers/CMSIS/Device/ST/STM32F1xx) by extensions ['python_setup_py']
[0.543s] Level 1:colcon.colcon_core.package_identification:_identify(stm32_fw/Drivers/CMSIS/Device/ST/STM32F1xx) by extension 'python_setup_py'
[0.543s] Level 1:colcon.colcon_core.package_identification:_identify(stm32_fw/Drivers/CMSIS/Device/ST/STM32F1xx/Include) by extensions ['ignore', 'ignore_ament_install']
[0.543s] Level 1:colcon.colcon_core.package_identification:_identify(stm32_fw/Drivers/CMSIS/Device/ST/STM32F1xx/Include) by extension 'ignore'
[0.543s] Level 1:colcon.colcon_core.package_identification:_identify(stm32_fw/Drivers/CMSIS/Device/ST/STM32F1xx/Include) by extension 'ignore_ament_install'
[0.543s] Level 1:colcon.colcon_core.package_identification:_identify(stm32_fw/Drivers/CMSIS/Device/ST/STM32F1xx/Include) by extensions ['colcon_pkg']
[0.543s] Level 1:colcon.colcon_core.package_identification:_identify(stm32_fw/Drivers/CMSIS/Device/ST/STM32F1xx/Include) by extension 'colcon_pkg'
[0.543s] Level 1:colcon.colcon_core.package_identification:_identify(stm32_fw/Drivers/CMSIS/Device/ST/STM32F1xx/Include) by extensions ['colcon_meta']
[0.543s] Level 1:colcon.colcon_core.package_identification:_identify(stm32_fw/Drivers/CMSIS/Device/ST/STM32F1xx/Include) by extension 'colcon_meta'
[0.543s] Level 1:colcon.colcon_core.package_identification:_identify(stm32_fw/Drivers/CMSIS/Device/ST/STM32F1xx/Include) by extensions ['ros']
[0.543s] Level 1:colcon.colcon_core.package_identification:_identify(stm32_fw/Drivers/CMSIS/Device/ST/STM32F1xx/Include) by extension 'ros'
[0.543s] Level 1:colcon.colcon_core.package_identification:_identify(stm32_fw/Drivers/CMSIS/Device/ST/STM32F1xx/Include) by extensions ['cmake', 'python']
[0.543s] Level 1:colcon.colcon_core.package_identification:_identify(stm32_fw/Drivers/CMSIS/Device/ST/STM32F1xx/Include) by extension 'cmake'
[0.543s] Level 1:colcon.colcon_core.package_identification:_identify(stm32_fw/Drivers/CMSIS/Device/ST/STM32F1xx/Include) by extension 'python'
[0.543s] Level 1:colcon.colcon_core.package_identification:_identify(stm32_fw/Drivers/CMSIS/Device/ST/STM32F1xx/Include) by extensions ['python_setup_py']
[0.543s] Level 1:colcon.colcon_core.package_identification:_identify(stm32_fw/Drivers/CMSIS/Device/ST/STM32F1xx/Include) by extension 'python_setup_py'
[0.543s] Level 1:colcon.colcon_core.package_identification:_identify(stm32_fw/Drivers/CMSIS/Device/ST/STM32F1xx/Source) by extensions ['ignore', 'ignore_ament_install']
[0.543s] Level 1:colcon.colcon_core.package_identification:_identify(stm32_fw/Drivers/CMSIS/Device/ST/STM32F1xx/Source) by extension 'ignore'
[0.543s] Level 1:colcon.colcon_core.package_identification:_identify(stm32_fw/Drivers/CMSIS/Device/ST/STM32F1xx/Source) by extension 'ignore_ament_install'
[0.543s] Level 1:colcon.colcon_core.package_identification:_identify(stm32_fw/Drivers/CMSIS/Device/ST/STM32F1xx/Source) by extensions ['colcon_pkg']
[0.543s] Level 1:colcon.colcon_core.package_identification:_identify(stm32_fw/Drivers/CMSIS/Device/ST/STM32F1xx/Source) by extension 'colcon_pkg'
[0.543s] Level 1:colcon.colcon_core.package_identification:_identify(stm32_fw/Drivers/CMSIS/Device/ST/STM32F1xx/Source) by extensions ['colcon_meta']
[0.543s] Level 1:colcon.colcon_core.package_identification:_identify(stm32_fw/Drivers/CMSIS/Device/ST/STM32F1xx/Source) by extension 'colcon_meta'
[0.543s] Level 1:colcon.colcon_core.package_identification:_identify(stm32_fw/Drivers/CMSIS/Device/ST/STM32F1xx/Source) by extensions ['ros']
[0.543s] Level 1:colcon.colcon_core.package_identification:_identify(stm32_fw/Drivers/CMSIS/Device/ST/STM32F1xx/Source) by extension 'ros'
[0.543s] Level 1:colcon.colcon_core.package_identification:_identify(stm32_fw/Drivers/CMSIS/Device/ST/STM32F1xx/Source) by extensions ['cmake', 'python']
[0.543s] Level 1:colcon.colcon_core.package_identification:_identify(stm32_fw/Drivers/CMSIS/Device/ST/STM32F1xx/Source) by extension 'cmake'
[0.543s] Level 1:colcon.colcon_core.package_identification:_identify(stm32_fw/Drivers/CMSIS/Device/ST/STM32F1xx/Source) by extension 'python'
[0.543s] Level 1:colcon.colcon_core.package_identification:_identify(stm32_fw/Drivers/CMSIS/Device/ST/STM32F1xx/Source) by extensions ['python_setup_py']
[0.543s] Level 1:colcon.colcon_core.package_identification:_identify(stm32_fw/Drivers/CMSIS/Device/ST/STM32F1xx/Source) by extension 'python_setup_py'
[0.544s] Level 1:colcon.colcon_core.package_identification:_identify(stm32_fw/Drivers/CMSIS/Device/ST/STM32F1xx/Source/Templates) by extensions ['ignore', 'ignore_ament_install']
[0.544s] Level 1:colcon.colcon_core.package_identification:_identify(stm32_fw/Drivers/CMSIS/Device/ST/STM32F1xx/Source/Templates) by extension 'ignore'
[0.544s] Level 1:colcon.colcon_core.package_identification:_identify(stm32_fw/Drivers/CMSIS/Device/ST/STM32F1xx/Source/Templates) by extension 'ignore_ament_install'
[0.544s] Level 1:colcon.colcon_core.package_identification:_identify(stm32_fw/Drivers/CMSIS/Device/ST/STM32F1xx/Source/Templates) by extensions ['colcon_pkg']
[0.544s] Level 1:colcon.colcon_core.package_identification:_identify(stm32_fw/Drivers/CMSIS/Device/ST/STM32F1xx/Source/Templates) by extension 'colcon_pkg'
[0.544s] Level 1:colcon.colcon_core.package_identification:_identify(stm32_fw/Drivers/CMSIS/Device/ST/STM32F1xx/Source/Templates) by extensions ['colcon_meta']
[0.544s] Level 1:colcon.colcon_core.package_identification:_identify(stm32_fw/Drivers/CMSIS/Device/ST/STM32F1xx/Source/Templates) by extension 'colcon_meta'
[0.544s] Level 1:colcon.colcon_core.package_identification:_identify(stm32_fw/Drivers/CMSIS/Device/ST/STM32F1xx/Source/Templates) by extensions ['ros']
[0.544s] Level 1:colcon.colcon_core.package_identification:_identify(stm32_fw/Drivers/CMSIS/Device/ST/STM32F1xx/Source/Templates) by extension 'ros'
[0.544s] Level 1:colcon.colcon_core.package_identification:_identify(stm32_fw/Drivers/CMSIS/Device/ST/STM32F1xx/Source/Templates) by extensions ['cmake', 'python']
[0.544s] Level 1:colcon.colcon_core.package_identification:_identify(stm32_fw/Drivers/CMSIS/Device/ST/STM32F1xx/Source/Templates) by extension 'cmake'
[0.544s] Level 1:colcon.colcon_core.package_identification:_identify(stm32_fw/Drivers/CMSIS/Device/ST/STM32F1xx/Source/Templates) by extension 'python'
[0.544s] Level 1:colcon.colcon_core.package_identification:_identify(stm32_fw/Drivers/CMSIS/Device/ST/STM32F1xx/Source/Templates) by extensions ['python_setup_py']
[0.544s] Level 1:colcon.colcon_core.package_identification:_identify(stm32_fw/Drivers/CMSIS/Device/ST/STM32F1xx/Source/Templates) by extension 'python_setup_py'
[0.544s] Level 1:colcon.colcon_core.package_identification:_identify(stm32_fw/Drivers/CMSIS/Device/ST/STM32F1xx/Source/Templates/arm) by extensions ['ignore', 'ignore_ament_install']
[0.544s] Level 1:colcon.colcon_core.package_identification:_identify(stm32_fw/Drivers/CMSIS/Device/ST/STM32F1xx/Source/Templates/arm) by extension 'ignore'
[0.544s] Level 1:colcon.colcon_core.package_identification:_identify(stm32_fw/Drivers/CMSIS/Device/ST/STM32F1xx/Source/Templates/arm) by extension 'ignore_ament_install'
[0.544s] Level 1:colcon.colcon_core.package_identification:_identify(stm32_fw/Drivers/CMSIS/Device/ST/STM32F1xx/Source/Templates/arm) by extensions ['colcon_pkg']
[0.544s] Level 1:colcon.colcon_core.package_identification:_identify(stm32_fw/Drivers/CMSIS/Device/ST/STM32F1xx/Source/Templates/arm) by extension 'colcon_pkg'
[0.544s] Level 1:colcon.colcon_core.package_identification:_identify(stm32_fw/Drivers/CMSIS/Device/ST/STM32F1xx/Source/Templates/arm) by extensions ['colcon_meta']
[0.544s] Level 1:colcon.colcon_core.package_identification:_identify(stm32_fw/Drivers/CMSIS/Device/ST/STM32F1xx/Source/Templates/arm) by extension 'colcon_meta'
[0.544s] Level 1:colcon.colcon_core.package_identification:_identify(stm32_fw/Drivers/CMSIS/Device/ST/STM32F1xx/Source/Templates/arm) by extensions ['ros']
[0.544s] Level 1:colcon.colcon_core.package_identification:_identify(stm32_fw/Drivers/CMSIS/Device/ST/STM32F1xx/Source/Templates/arm) by extension 'ros'
[0.544s] Level 1:colcon.colcon_core.package_identification:_identify(stm32_fw/Drivers/CMSIS/Device/ST/STM32F1xx/Source/Templates/arm) by extensions ['cmake', 'python']
[0.544s] Level 1:colcon.colcon_core.package_identification:_identify(stm32_fw/Drivers/CMSIS/Device/ST/STM32F1xx/Source/Templates/arm) by extension 'cmake'
[0.544s] Level 1:colcon.colcon_core.package_identification:_identify(stm32_fw/Drivers/CMSIS/Device/ST/STM32F1xx/Source/Templates/arm) by extension 'python'
[0.544s] Level 1:colcon.colcon_core.package_identification:_identify(stm32_fw/Drivers/CMSIS/Device/ST/STM32F1xx/Source/Templates/arm) by extensions ['python_setup_py']
[0.544s] Level 1:colcon.colcon_core.package_identification:_identify(stm32_fw/Drivers/CMSIS/Device/ST/STM32F1xx/Source/Templates/arm) by extension 'python_setup_py'
[0.545s] Level 1:colcon.colcon_core.package_identification:_identify(stm32_fw/Drivers/CMSIS/Device/ST/STM32F1xx/Source/Templates/gcc) by extensions ['ignore', 'ignore_ament_install']
[0.545s] Level 1:colcon.colcon_core.package_identification:_identify(stm32_fw/Drivers/CMSIS/Device/ST/STM32F1xx/Source/Templates/gcc) by extension 'ignore'
[0.545s] Level 1:colcon.colcon_core.package_identification:_identify(stm32_fw/Drivers/CMSIS/Device/ST/STM32F1xx/Source/Templates/gcc) by extension 'ignore_ament_install'
[0.545s] Level 1:colcon.colcon_core.package_identification:_identify(stm32_fw/Drivers/CMSIS/Device/ST/STM32F1xx/Source/Templates/gcc) by extensions ['colcon_pkg']
[0.545s] Level 1:colcon.colcon_core.package_identification:_identify(stm32_fw/Drivers/CMSIS/Device/ST/STM32F1xx/Source/Templates/gcc) by extension 'colcon_pkg'
[0.545s] Level 1:colcon.colcon_core.package_identification:_identify(stm32_fw/Drivers/CMSIS/Device/ST/STM32F1xx/Source/Templates/gcc) by extensions ['colcon_meta']
[0.545s] Level 1:colcon.colcon_core.package_identification:_identify(stm32_fw/Drivers/CMSIS/Device/ST/STM32F1xx/Source/Templates/gcc) by extension 'colcon_meta'
[0.545s] Level 1:colcon.colcon_core.package_identification:_identify(stm32_fw/Drivers/CMSIS/Device/ST/STM32F1xx/Source/Templates/gcc) by extensions ['ros']
[0.545s] Level 1:colcon.colcon_core.package_identification:_identify(stm32_fw/Drivers/CMSIS/Device/ST/STM32F1xx/Source/Templates/gcc) by extension 'ros'
[0.545s] Level 1:colcon.colcon_core.package_identification:_identify(stm32_fw/Drivers/CMSIS/Device/ST/STM32F1xx/Source/Templates/gcc) by extensions ['cmake', 'python']
[0.545s] Level 1:colcon.colcon_core.package_identification:_identify(stm32_fw/Drivers/CMSIS/Device/ST/STM32F1xx/Source/Templates/gcc) by extension 'cmake'
[0.545s] Level 1:colcon.colcon_core.package_identification:_identify(stm32_fw/Drivers/CMSIS/Device/ST/STM32F1xx/Source/Templates/gcc) by extension 'python'
[0.545s] Level 1:colcon.colcon_core.package_identification:_identify(stm32_fw/Drivers/CMSIS/Device/ST/STM32F1xx/Source/Templates/gcc) by extensions ['python_setup_py']
[0.545s] Level 1:colcon.colcon_core.package_identification:_identify(stm32_fw/Drivers/CMSIS/Device/ST/STM32F1xx/Source/Templates/gcc) by extension 'python_setup_py'
[0.545s] Level 1:colcon.colcon_core.package_identification:_identify(stm32_fw/Drivers/CMSIS/Device/ST/STM32F1xx/Source/Templates/iar) by extensions ['ignore', 'ignore_ament_install']
[0.545s] Level 1:colcon.colcon_core.package_identification:_identify(stm32_fw/Drivers/CMSIS/Device/ST/STM32F1xx/Source/Templates/iar) by extension 'ignore'
[0.545s] Level 1:colcon.colcon_core.package_identification:_identify(stm32_fw/Drivers/CMSIS/Device/ST/STM32F1xx/Source/Templates/iar) by extension 'ignore_ament_install'
[0.545s] Level 1:colcon.colcon_core.package_identification:_identify(stm32_fw/Drivers/CMSIS/Device/ST/STM32F1xx/Source/Templates/iar) by extensions ['colcon_pkg']
[0.545s] Level 1:colcon.colcon_core.package_identification:_identify(stm32_fw/Drivers/CMSIS/Device/ST/STM32F1xx/Source/Templates/iar) by extension 'colcon_pkg'
[0.545s] Level 1:colcon.colcon_core.package_identification:_identify(stm32_fw/Drivers/CMSIS/Device/ST/STM32F1xx/Source/Templates/iar) by extensions ['colcon_meta']
[0.545s] Level 1:colcon.colcon_core.package_identification:_identify(stm32_fw/Drivers/CMSIS/Device/ST/STM32F1xx/Source/Templates/iar) by extension 'colcon_meta'
[0.545s] Level 1:colcon.colcon_core.package_identification:_identify(stm32_fw/Drivers/CMSIS/Device/ST/STM32F1xx/Source/Templates/iar) by extensions ['ros']
[0.546s] Level 1:colcon.colcon_core.package_identification:_identify(stm32_fw/Drivers/CMSIS/Device/ST/STM32F1xx/Source/Templates/iar) by extension 'ros'
[0.546s] Level 1:colcon.colcon_core.package_identification:_identify(stm32_fw/Drivers/CMSIS/Device/ST/STM32F1xx/Source/Templates/iar) by extensions ['cmake', 'python']
[0.546s] Level 1:colcon.colcon_core.package_identification:_identify(stm32_fw/Drivers/CMSIS/Device/ST/STM32F1xx/Source/Templates/iar) by extension 'cmake'
[0.546s] Level 1:colcon.colcon_core.package_identification:_identify(stm32_fw/Drivers/CMSIS/Device/ST/STM32F1xx/Source/Templates/iar) by extension 'python'
[0.546s] Level 1:colcon.colcon_core.package_identification:_identify(stm32_fw/Drivers/CMSIS/Device/ST/STM32F1xx/Source/Templates/iar) by extensions ['python_setup_py']
[0.546s] Level 1:colcon.colcon_core.package_identification:_identify(stm32_fw/Drivers/CMSIS/Device/ST/STM32F1xx/Source/Templates/iar) by extension 'python_setup_py'
[0.546s] Level 1:colcon.colcon_core.package_identification:_identify(stm32_fw/Drivers/CMSIS/Device/ST/STM32F1xx/Source/Templates/iar/linker) by extensions ['ignore', 'ignore_ament_install']
[0.546s] Level 1:colcon.colcon_core.package_identification:_identify(stm32_fw/Drivers/CMSIS/Device/ST/STM32F1xx/Source/Templates/iar/linker) by extension 'ignore'
[0.546s] Level 1:colcon.colcon_core.package_identification:_identify(stm32_fw/Drivers/CMSIS/Device/ST/STM32F1xx/Source/Templates/iar/linker) by extension 'ignore_ament_install'
[0.546s] Level 1:colcon.colcon_core.package_identification:_identify(stm32_fw/Drivers/CMSIS/Device/ST/STM32F1xx/Source/Templates/iar/linker) by extensions ['colcon_pkg']
[0.546s] Level 1:colcon.colcon_core.package_identification:_identify(stm32_fw/Drivers/CMSIS/Device/ST/STM32F1xx/Source/Templates/iar/linker) by extension 'colcon_pkg'
[0.546s] Level 1:colcon.colcon_core.package_identification:_identify(stm32_fw/Drivers/CMSIS/Device/ST/STM32F1xx/Source/Templates/iar/linker) by extensions ['colcon_meta']
[0.546s] Level 1:colcon.colcon_core.package_identification:_identify(stm32_fw/Drivers/CMSIS/Device/ST/STM32F1xx/Source/Templates/iar/linker) by extension 'colcon_meta'
[0.546s] Level 1:colcon.colcon_core.package_identification:_identify(stm32_fw/Drivers/CMSIS/Device/ST/STM32F1xx/Source/Templates/iar/linker) by extensions ['ros']
[0.546s] Level 1:colcon.colcon_core.package_identification:_identify(stm32_fw/Drivers/CMSIS/Device/ST/STM32F1xx/Source/Templates/iar/linker) by extension 'ros'
[0.546s] Level 1:colcon.colcon_core.package_identification:_identify(stm32_fw/Drivers/CMSIS/Device/ST/STM32F1xx/Source/Templates/iar/linker) by extensions ['cmake', 'python']
[0.546s] Level 1:colcon.colcon_core.package_identification:_identify(stm32_fw/Drivers/CMSIS/Device/ST/STM32F1xx/Source/Templates/iar/linker) by extension 'cmake'
[0.546s] Level 1:colcon.colcon_core.package_identification:_identify(stm32_fw/Drivers/CMSIS/Device/ST/STM32F1xx/Source/Templates/iar/linker) by extension 'python'
[0.546s] Level 1:colcon.colcon_core.package_identification:_identify(stm32_fw/Drivers/CMSIS/Device/ST/STM32F1xx/Source/Templates/iar/linker) by extensions ['python_setup_py']
[0.546s] Level 1:colcon.colcon_core.package_identification:_identify(stm32_fw/Drivers/CMSIS/Device/ST/STM32F1xx/Source/Templates/iar/linker) by extension 'python_setup_py'
[0.546s] Level 1:colcon.colcon_core.package_identification:_identify(stm32_fw/Drivers/CMSIS/Include) by extensions ['ignore', 'ignore_ament_install']
[0.546s] Level 1:colcon.colcon_core.package_identification:_identify(stm32_fw/Drivers/CMSIS/Include) by extension 'ignore'
[0.546s] Level 1:colcon.colcon_core.package_identification:_identify(stm32_fw/Drivers/CMSIS/Include) by extension 'ignore_ament_install'
[0.546s] Level 1:colcon.colcon_core.package_identification:_identify(stm32_fw/Drivers/CMSIS/Include) by extensions ['colcon_pkg']
[0.547s] Level 1:colcon.colcon_core.package_identification:_identify(stm32_fw/Drivers/CMSIS/Include) by extension 'colcon_pkg'
[0.547s] Level 1:colcon.colcon_core.package_identification:_identify(stm32_fw/Drivers/CMSIS/Include) by extensions ['colcon_meta']
[0.547s] Level 1:colcon.colcon_core.package_identification:_identify(stm32_fw/Drivers/CMSIS/Include) by extension 'colcon_meta'
[0.547s] Level 1:colcon.colcon_core.package_identification:_identify(stm32_fw/Drivers/CMSIS/Include) by extensions ['ros']
[0.547s] Level 1:colcon.colcon_core.package_identification:_identify(stm32_fw/Drivers/CMSIS/Include) by extension 'ros'
[0.547s] Level 1:colcon.colcon_core.package_identification:_identify(stm32_fw/Drivers/CMSIS/Include) by extensions ['cmake', 'python']
[0.547s] Level 1:colcon.colcon_core.package_identification:_identify(stm32_fw/Drivers/CMSIS/Include) by extension 'cmake'
[0.547s] Level 1:colcon.colcon_core.package_identification:_identify(stm32_fw/Drivers/CMSIS/Include) by extension 'python'
[0.547s] Level 1:colcon.colcon_core.package_identification:_identify(stm32_fw/Drivers/CMSIS/Include) by extensions ['python_setup_py']
[0.547s] Level 1:colcon.colcon_core.package_identification:_identify(stm32_fw/Drivers/CMSIS/Include) by extension 'python_setup_py'
[0.547s] Level 1:colcon.colcon_core.package_identification:_identify(stm32_fw/Drivers/CMSIS/Lib) by extensions ['ignore', 'ignore_ament_install']
[0.547s] Level 1:colcon.colcon_core.package_identification:_identify(stm32_fw/Drivers/CMSIS/Lib) by extension 'ignore'
[0.547s] Level 1:colcon.colcon_core.package_identification:_identify(stm32_fw/Drivers/CMSIS/Lib) by extension 'ignore_ament_install'
[0.547s] Level 1:colcon.colcon_core.package_identification:_identify(stm32_fw/Drivers/CMSIS/Lib) by extensions ['colcon_pkg']
[0.547s] Level 1:colcon.colcon_core.package_identification:_identify(stm32_fw/Drivers/CMSIS/Lib) by extension 'colcon_pkg'
[0.547s] Level 1:colcon.colcon_core.package_identification:_identify(stm32_fw/Drivers/CMSIS/Lib) by extensions ['colcon_meta']
[0.547s] Level 1:colcon.colcon_core.package_identification:_identify(stm32_fw/Drivers/CMSIS/Lib) by extension 'colcon_meta'
[0.547s] Level 1:colcon.colcon_core.package_identification:_identify(stm32_fw/Drivers/CMSIS/Lib) by extensions ['ros']
[0.547s] Level 1:colcon.colcon_core.package_identification:_identify(stm32_fw/Drivers/CMSIS/Lib) by extension 'ros'
[0.547s] Level 1:colcon.colcon_core.package_identification:_identify(stm32_fw/Drivers/CMSIS/Lib) by extensions ['cmake', 'python']
[0.547s] Level 1:colcon.colcon_core.package_identification:_identify(stm32_fw/Drivers/CMSIS/Lib) by extension 'cmake'
[0.547s] Level 1:colcon.colcon_core.package_identification:_identify(stm32_fw/Drivers/CMSIS/Lib) by extension 'python'
[0.547s] Level 1:colcon.colcon_core.package_identification:_identify(stm32_fw/Drivers/CMSIS/Lib) by extensions ['python_setup_py']
[0.547s] Level 1:colcon.colcon_core.package_identification:_identify(stm32_fw/Drivers/CMSIS/Lib) by extension 'python_setup_py'
[0.547s] Level 1:colcon.colcon_core.package_identification:_identify(stm32_fw/Drivers/CMSIS/Lib/ARM) by extensions ['ignore', 'ignore_ament_install']
[0.547s] Level 1:colcon.colcon_core.package_identification:_identify(stm32_fw/Drivers/CMSIS/Lib/ARM) by extension 'ignore'
[0.548s] Level 1:colcon.colcon_core.package_identification:_identify(stm32_fw/Drivers/CMSIS/Lib/ARM) by extension 'ignore_ament_install'
[0.548s] Level 1:colcon.colcon_core.package_identification:_identify(stm32_fw/Drivers/CMSIS/Lib/ARM) by extensions ['colcon_pkg']
[0.548s] Level 1:colcon.colcon_core.package_identification:_identify(stm32_fw/Drivers/CMSIS/Lib/ARM) by extension 'colcon_pkg'
[0.548s] Level 1:colcon.colcon_core.package_identification:_identify(stm32_fw/Drivers/CMSIS/Lib/ARM) by extensions ['colcon_meta']
[0.548s] Level 1:colcon.colcon_core.package_identification:_identify(stm32_fw/Drivers/CMSIS/Lib/ARM) by extension 'colcon_meta'
[0.548s] Level 1:colcon.colcon_core.package_identification:_identify(stm32_fw/Drivers/CMSIS/Lib/ARM) by extensions ['ros']
[0.548s] Level 1:colcon.colcon_core.package_identification:_identify(stm32_fw/Drivers/CMSIS/Lib/ARM) by extension 'ros'
[0.548s] Level 1:colcon.colcon_core.package_identification:_identify(stm32_fw/Drivers/CMSIS/Lib/ARM) by extensions ['cmake', 'python']
[0.548s] Level 1:colcon.colcon_core.package_identification:_identify(stm32_fw/Drivers/CMSIS/Lib/ARM) by extension 'cmake'
[0.548s] Level 1:colcon.colcon_core.package_identification:_identify(stm32_fw/Drivers/CMSIS/Lib/ARM) by extension 'python'
[0.548s] Level 1:colcon.colcon_core.package_identification:_identify(stm32_fw/Drivers/CMSIS/Lib/ARM) by extensions ['python_setup_py']
[0.548s] Level 1:colcon.colcon_core.package_identification:_identify(stm32_fw/Drivers/CMSIS/Lib/ARM) by extension 'python_setup_py'
[0.548s] Level 1:colcon.colcon_core.package_identification:_identify(stm32_fw/Drivers/CMSIS/Lib/GCC) by extensions ['ignore', 'ignore_ament_install']
[0.548s] Level 1:colcon.colcon_core.package_identification:_identify(stm32_fw/Drivers/CMSIS/Lib/GCC) by extension 'ignore'
[0.548s] Level 1:colcon.colcon_core.package_identification:_identify(stm32_fw/Drivers/CMSIS/Lib/GCC) by extension 'ignore_ament_install'
[0.548s] Level 1:colcon.colcon_core.package_identification:_identify(stm32_fw/Drivers/CMSIS/Lib/GCC) by extensions ['colcon_pkg']
[0.548s] Level 1:colcon.colcon_core.package_identification:_identify(stm32_fw/Drivers/CMSIS/Lib/GCC) by extension 'colcon_pkg'
[0.548s] Level 1:colcon.colcon_core.package_identification:_identify(stm32_fw/Drivers/CMSIS/Lib/GCC) by extensions ['colcon_meta']
[0.548s] Level 1:colcon.colcon_core.package_identification:_identify(stm32_fw/Drivers/CMSIS/Lib/GCC) by extension 'colcon_meta'
[0.548s] Level 1:colcon.colcon_core.package_identification:_identify(stm32_fw/Drivers/CMSIS/Lib/GCC) by extensions ['ros']
[0.548s] Level 1:colcon.colcon_core.package_identification:_identify(stm32_fw/Drivers/CMSIS/Lib/GCC) by extension 'ros'
[0.549s] Level 1:colcon.colcon_core.package_identification:_identify(stm32_fw/Drivers/CMSIS/Lib/GCC) by extensions ['cmake', 'python']
[0.549s] Level 1:colcon.colcon_core.package_identification:_identify(stm32_fw/Drivers/CMSIS/Lib/GCC) by extension 'cmake'
[0.549s] Level 1:colcon.colcon_core.package_identification:_identify(stm32_fw/Drivers/CMSIS/Lib/GCC) by extension 'python'
[0.549s] Level 1:colcon.colcon_core.package_identification:_identify(stm32_fw/Drivers/CMSIS/Lib/GCC) by extensions ['python_setup_py']
[0.549s] Level 1:colcon.colcon_core.package_identification:_identify(stm32_fw/Drivers/CMSIS/Lib/GCC) by extension 'python_setup_py'
[0.549s] Level 1:colcon.colcon_core.package_identification:_identify(stm32_fw/Drivers/CMSIS/Lib/IAR) by extensions ['ignore', 'ignore_ament_install']
[0.549s] Level 1:colcon.colcon_core.package_identification:_identify(stm32_fw/Drivers/CMSIS/Lib/IAR) by extension 'ignore'
[0.549s] Level 1:colcon.colcon_core.package_identification:_identify(stm32_fw/Drivers/CMSIS/Lib/IAR) by extension 'ignore_ament_install'
[0.549s] Level 1:colcon.colcon_core.package_identification:_identify(stm32_fw/Drivers/CMSIS/Lib/IAR) by extensions ['colcon_pkg']
[0.549s] Level 1:colcon.colcon_core.package_identification:_identify(stm32_fw/Drivers/CMSIS/Lib/IAR) by extension 'colcon_pkg'
[0.549s] Level 1:colcon.colcon_core.package_identification:_identify(stm32_fw/Drivers/CMSIS/Lib/IAR) by extensions ['colcon_meta']
[0.549s] Level 1:colcon.colcon_core.package_identification:_identify(stm32_fw/Drivers/CMSIS/Lib/IAR) by extension 'colcon_meta'
[0.549s] Level 1:colcon.colcon_core.package_identification:_identify(stm32_fw/Drivers/CMSIS/Lib/IAR) by extensions ['ros']
[0.549s] Level 1:colcon.colcon_core.package_identification:_identify(stm32_fw/Drivers/CMSIS/Lib/IAR) by extension 'ros'
[0.549s] Level 1:colcon.colcon_core.package_identification:_identify(stm32_fw/Drivers/CMSIS/Lib/IAR) by extensions ['cmake', 'python']
[0.549s] Level 1:colcon.colcon_core.package_identification:_identify(stm32_fw/Drivers/CMSIS/Lib/IAR) by extension 'cmake'
[0.549s] Level 1:colcon.colcon_core.package_identification:_identify(stm32_fw/Drivers/CMSIS/Lib/IAR) by extension 'python'
[0.549s] Level 1:colcon.colcon_core.package_identification:_identify(stm32_fw/Drivers/CMSIS/Lib/IAR) by extensions ['python_setup_py']
[0.549s] Level 1:colcon.colcon_core.package_identification:_identify(stm32_fw/Drivers/CMSIS/Lib/IAR) by extension 'python_setup_py'
[0.549s] Level 1:colcon.colcon_core.package_identification:_identify(stm32_fw/Drivers/CMSIS/NN) by extensions ['ignore', 'ignore_ament_install']
[0.549s] Level 1:colcon.colcon_core.package_identification:_identify(stm32_fw/Drivers/CMSIS/NN) by extension 'ignore'
[0.549s] Level 1:colcon.colcon_core.package_identification:_identify(stm32_fw/Drivers/CMSIS/NN) by extension 'ignore_ament_install'
[0.549s] Level 1:colcon.colcon_core.package_identification:_identify(stm32_fw/Drivers/CMSIS/NN) by extensions ['colcon_pkg']
[0.549s] Level 1:colcon.colcon_core.package_identification:_identify(stm32_fw/Drivers/CMSIS/NN) by extension 'colcon_pkg'
[0.549s] Level 1:colcon.colcon_core.package_identification:_identify(stm32_fw/Drivers/CMSIS/NN) by extensions ['colcon_meta']
[0.549s] Level 1:colcon.colcon_core.package_identification:_identify(stm32_fw/Drivers/CMSIS/NN) by extension 'colcon_meta'
[0.549s] Level 1:colcon.colcon_core.package_identification:_identify(stm32_fw/Drivers/CMSIS/NN) by extensions ['ros']
[0.550s] Level 1:colcon.colcon_core.package_identification:_identify(stm32_fw/Drivers/CMSIS/NN) by extension 'ros'
[0.550s] Level 1:colcon.colcon_core.package_identification:_identify(stm32_fw/Drivers/CMSIS/NN) by extensions ['cmake', 'python']
[0.550s] Level 1:colcon.colcon_core.package_identification:_identify(stm32_fw/Drivers/CMSIS/NN) by extension 'cmake'
[0.550s] Level 1:colcon.colcon_core.package_identification:_identify(stm32_fw/Drivers/CMSIS/NN) by extension 'python'
[0.550s] Level 1:colcon.colcon_core.package_identification:_identify(stm32_fw/Drivers/CMSIS/NN) by extensions ['python_setup_py']
[0.550s] Level 1:colcon.colcon_core.package_identification:_identify(stm32_fw/Drivers/CMSIS/NN) by extension 'python_setup_py'
[0.550s] Level 1:colcon.colcon_core.package_identification:_identify(stm32_fw/Drivers/CMSIS/NN/Examples) by extensions ['ignore', 'ignore_ament_install']
[0.550s] Level 1:colcon.colcon_core.package_identification:_identify(stm32_fw/Drivers/CMSIS/NN/Examples) by extension 'ignore'
[0.550s] Level 1:colcon.colcon_core.package_identification:_identify(stm32_fw/Drivers/CMSIS/NN/Examples) by extension 'ignore_ament_install'
[0.550s] Level 1:colcon.colcon_core.package_identification:_identify(stm32_fw/Drivers/CMSIS/NN/Examples) by extensions ['colcon_pkg']
[0.550s] Level 1:colcon.colcon_core.package_identification:_identify(stm32_fw/Drivers/CMSIS/NN/Examples) by extension 'colcon_pkg'
[0.550s] Level 1:colcon.colcon_core.package_identification:_identify(stm32_fw/Drivers/CMSIS/NN/Examples) by extensions ['colcon_meta']
[0.550s] Level 1:colcon.colcon_core.package_identification:_identify(stm32_fw/Drivers/CMSIS/NN/Examples) by extension 'colcon_meta'
[0.550s] Level 1:colcon.colcon_core.package_identification:_identify(stm32_fw/Drivers/CMSIS/NN/Examples) by extensions ['ros']
[0.550s] Level 1:colcon.colcon_core.package_identification:_identify(stm32_fw/Drivers/CMSIS/NN/Examples) by extension 'ros'
[0.550s] Level 1:colcon.colcon_core.package_identification:_identify(stm32_fw/Drivers/CMSIS/NN/Examples) by extensions ['cmake', 'python']
[0.550s] Level 1:colcon.colcon_core.package_identification:_identify(stm32_fw/Drivers/CMSIS/NN/Examples) by extension 'cmake'
[0.550s] Level 1:colcon.colcon_core.package_identification:_identify(stm32_fw/Drivers/CMSIS/NN/Examples) by extension 'python'
[0.550s] Level 1:colcon.colcon_core.package_identification:_identify(stm32_fw/Drivers/CMSIS/NN/Examples) by extensions ['python_setup_py']
[0.550s] Level 1:colcon.colcon_core.package_identification:_identify(stm32_fw/Drivers/CMSIS/NN/Examples) by extension 'python_setup_py'
[0.550s] Level 1:colcon.colcon_core.package_identification:_identify(stm32_fw/Drivers/CMSIS/NN/Examples/ARM) by extensions ['ignore', 'ignore_ament_install']
[0.550s] Level 1:colcon.colcon_core.package_identification:_identify(stm32_fw/Drivers/CMSIS/NN/Examples/ARM) by extension 'ignore'
[0.551s] Level 1:colcon.colcon_core.package_identification:_identify(stm32_fw/Drivers/CMSIS/NN/Examples/ARM) by extension 'ignore_ament_install'
[0.551s] Level 1:colcon.colcon_core.package_identification:_identify(stm32_fw/Drivers/CMSIS/NN/Examples/ARM) by extensions ['colcon_pkg']
[0.551s] Level 1:colcon.colcon_core.package_identification:_identify(stm32_fw/Drivers/CMSIS/NN/Examples/ARM) by extension 'colcon_pkg'
[0.551s] Level 1:colcon.colcon_core.package_identification:_identify(stm32_fw/Drivers/CMSIS/NN/Examples/ARM) by extensions ['colcon_meta']
[0.551s] Level 1:colcon.colcon_core.package_identification:_identify(stm32_fw/Drivers/CMSIS/NN/Examples/ARM) by extension 'colcon_meta'
[0.551s] Level 1:colcon.colcon_core.package_identification:_identify(stm32_fw/Drivers/CMSIS/NN/Examples/ARM) by extensions ['ros']
[0.551s] Level 1:colcon.colcon_core.package_identification:_identify(stm32_fw/Drivers/CMSIS/NN/Examples/ARM) by extension 'ros'
[0.551s] Level 1:colcon.colcon_core.package_identification:_identify(stm32_fw/Drivers/CMSIS/NN/Examples/ARM) by extensions ['cmake', 'python']
[0.551s] Level 1:colcon.colcon_core.package_identification:_identify(stm32_fw/Drivers/CMSIS/NN/Examples/ARM) by extension 'cmake'
[0.551s] Level 1:colcon.colcon_core.package_identification:_identify(stm32_fw/Drivers/CMSIS/NN/Examples/ARM) by extension 'python'
[0.551s] Level 1:colcon.colcon_core.package_identification:_identify(stm32_fw/Drivers/CMSIS/NN/Examples/ARM) by extensions ['python_setup_py']
[0.551s] Level 1:colcon.colcon_core.package_identification:_identify(stm32_fw/Drivers/CMSIS/NN/Examples/ARM) by extension 'python_setup_py'
[0.551s] Level 1:colcon.colcon_core.package_identification:_identify(stm32_fw/Drivers/CMSIS/NN/Examples/ARM/arm_nn_examples) by extensions ['ignore', 'ignore_ament_install']
[0.551s] Level 1:colcon.colcon_core.package_identification:_identify(stm32_fw/Drivers/CMSIS/NN/Examples/ARM/arm_nn_examples) by extension 'ignore'
[0.551s] Level 1:colcon.colcon_core.package_identification:_identify(stm32_fw/Drivers/CMSIS/NN/Examples/ARM/arm_nn_examples) by extension 'ignore_ament_install'
[0.551s] Level 1:colcon.colcon_core.package_identification:_identify(stm32_fw/Drivers/CMSIS/NN/Examples/ARM/arm_nn_examples) by extensions ['colcon_pkg']
[0.551s] Level 1:colcon.colcon_core.package_identification:_identify(stm32_fw/Drivers/CMSIS/NN/Examples/ARM/arm_nn_examples) by extension 'colcon_pkg'
[0.551s] Level 1:colcon.colcon_core.package_identification:_identify(stm32_fw/Drivers/CMSIS/NN/Examples/ARM/arm_nn_examples) by extensions ['colcon_meta']
[0.551s] Level 1:colcon.colcon_core.package_identification:_identify(stm32_fw/Drivers/CMSIS/NN/Examples/ARM/arm_nn_examples) by extension 'colcon_meta'
[0.551s] Level 1:colcon.colcon_core.package_identification:_identify(stm32_fw/Drivers/CMSIS/NN/Examples/ARM/arm_nn_examples) by extensions ['ros']
[0.551s] Level 1:colcon.colcon_core.package_identification:_identify(stm32_fw/Drivers/CMSIS/NN/Examples/ARM/arm_nn_examples) by extension 'ros'
[0.551s] Level 1:colcon.colcon_core.package_identification:_identify(stm32_fw/Drivers/CMSIS/NN/Examples/ARM/arm_nn_examples) by extensions ['cmake', 'python']
[0.551s] Level 1:colcon.colcon_core.package_identification:_identify(stm32_fw/Drivers/CMSIS/NN/Examples/ARM/arm_nn_examples) by extension 'cmake'
[0.551s] Level 1:colcon.colcon_core.package_identification:_identify(stm32_fw/Drivers/CMSIS/NN/Examples/ARM/arm_nn_examples) by extension 'python'
[0.551s] Level 1:colcon.colcon_core.package_identification:_identify(stm32_fw/Drivers/CMSIS/NN/Examples/ARM/arm_nn_examples) by extensions ['python_setup_py']
[0.551s] Level 1:colcon.colcon_core.package_identification:_identify(stm32_fw/Drivers/CMSIS/NN/Examples/ARM/arm_nn_examples) by extension 'python_setup_py'
[0.551s] Level 1:colcon.colcon_core.package_identification:_identify(stm32_fw/Drivers/CMSIS/NN/Examples/ARM/arm_nn_examples/cifar10) by extensions ['ignore', 'ignore_ament_install']
[0.552s] Level 1:colcon.colcon_core.package_identification:_identify(stm32_fw/Drivers/CMSIS/NN/Examples/ARM/arm_nn_examples/cifar10) by extension 'ignore'
[0.552s] Level 1:colcon.colcon_core.package_identification:_identify(stm32_fw/Drivers/CMSIS/NN/Examples/ARM/arm_nn_examples/cifar10) by extension 'ignore_ament_install'
[0.552s] Level 1:colcon.colcon_core.package_identification:_identify(stm32_fw/Drivers/CMSIS/NN/Examples/ARM/arm_nn_examples/cifar10) by extensions ['colcon_pkg']
[0.552s] Level 1:colcon.colcon_core.package_identification:_identify(stm32_fw/Drivers/CMSIS/NN/Examples/ARM/arm_nn_examples/cifar10) by extension 'colcon_pkg'
[0.552s] Level 1:colcon.colcon_core.package_identification:_identify(stm32_fw/Drivers/CMSIS/NN/Examples/ARM/arm_nn_examples/cifar10) by extensions ['colcon_meta']
[0.552s] Level 1:colcon.colcon_core.package_identification:_identify(stm32_fw/Drivers/CMSIS/NN/Examples/ARM/arm_nn_examples/cifar10) by extension 'colcon_meta'
[0.552s] Level 1:colcon.colcon_core.package_identification:_identify(stm32_fw/Drivers/CMSIS/NN/Examples/ARM/arm_nn_examples/cifar10) by extensions ['ros']
[0.552s] Level 1:colcon.colcon_core.package_identification:_identify(stm32_fw/Drivers/CMSIS/NN/Examples/ARM/arm_nn_examples/cifar10) by extension 'ros'
[0.552s] Level 1:colcon.colcon_core.package_identification:_identify(stm32_fw/Drivers/CMSIS/NN/Examples/ARM/arm_nn_examples/cifar10) by extensions ['cmake', 'python']
[0.552s] Level 1:colcon.colcon_core.package_identification:_identify(stm32_fw/Drivers/CMSIS/NN/Examples/ARM/arm_nn_examples/cifar10) by extension 'cmake'
[0.552s] Level 1:colcon.colcon_core.package_identification:_identify(stm32_fw/Drivers/CMSIS/NN/Examples/ARM/arm_nn_examples/cifar10) by extension 'python'
[0.552s] Level 1:colcon.colcon_core.package_identification:_identify(stm32_fw/Drivers/CMSIS/NN/Examples/ARM/arm_nn_examples/cifar10) by extensions ['python_setup_py']
[0.552s] Level 1:colcon.colcon_core.package_identification:_identify(stm32_fw/Drivers/CMSIS/NN/Examples/ARM/arm_nn_examples/cifar10) by extension 'python_setup_py'
[0.552s] Level 1:colcon.colcon_core.package_identification:_identify(stm32_fw/Drivers/CMSIS/NN/Examples/ARM/arm_nn_examples/cifar10/RTE) by extensions ['ignore', 'ignore_ament_install']
[0.552s] Level 1:colcon.colcon_core.package_identification:_identify(stm32_fw/Drivers/CMSIS/NN/Examples/ARM/arm_nn_examples/cifar10/RTE) by extension 'ignore'
[0.552s] Level 1:colcon.colcon_core.package_identification:_identify(stm32_fw/Drivers/CMSIS/NN/Examples/ARM/arm_nn_examples/cifar10/RTE) by extension 'ignore_ament_install'
[0.552s] Level 1:colcon.colcon_core.package_identification:_identify(stm32_fw/Drivers/CMSIS/NN/Examples/ARM/arm_nn_examples/cifar10/RTE) by extensions ['colcon_pkg']
[0.552s] Level 1:colcon.colcon_core.package_identification:_identify(stm32_fw/Drivers/CMSIS/NN/Examples/ARM/arm_nn_examples/cifar10/RTE) by extension 'colcon_pkg'
[0.552s] Level 1:colcon.colcon_core.package_identification:_identify(stm32_fw/Drivers/CMSIS/NN/Examples/ARM/arm_nn_examples/cifar10/RTE) by extensions ['colcon_meta']
[0.552s] Level 1:colcon.colcon_core.package_identification:_identify(stm32_fw/Drivers/CMSIS/NN/Examples/ARM/arm_nn_examples/cifar10/RTE) by extension 'colcon_meta'
[0.552s] Level 1:colcon.colcon_core.package_identification:_identify(stm32_fw/Drivers/CMSIS/NN/Examples/ARM/arm_nn_examples/cifar10/RTE) by extensions ['ros']
[0.552s] Level 1:colcon.colcon_core.package_identification:_identify(stm32_fw/Drivers/CMSIS/NN/Examples/ARM/arm_nn_examples/cifar10/RTE) by extension 'ros'
[0.553s] Level 1:colcon.colcon_core.package_identification:_identify(stm32_fw/Drivers/CMSIS/NN/Examples/ARM/arm_nn_examples/cifar10/RTE) by extensions ['cmake', 'python']
[0.553s] Level 1:colcon.colcon_core.package_identification:_identify(stm32_fw/Drivers/CMSIS/NN/Examples/ARM/arm_nn_examples/cifar10/RTE) by extension 'cmake'
[0.553s] Level 1:colcon.colcon_core.package_identification:_identify(stm32_fw/Drivers/CMSIS/NN/Examples/ARM/arm_nn_examples/cifar10/RTE) by extension 'python'
[0.553s] Level 1:colcon.colcon_core.package_identification:_identify(stm32_fw/Drivers/CMSIS/NN/Examples/ARM/arm_nn_examples/cifar10/RTE) by extensions ['python_setup_py']
[0.553s] Level 1:colcon.colcon_core.package_identification:_identify(stm32_fw/Drivers/CMSIS/NN/Examples/ARM/arm_nn_examples/cifar10/RTE) by extension 'python_setup_py'
[0.553s] Level 1:colcon.colcon_core.package_identification:_identify(stm32_fw/Drivers/CMSIS/NN/Examples/ARM/arm_nn_examples/cifar10/RTE/Compiler) by extensions ['ignore', 'ignore_ament_install']
[0.553s] Level 1:colcon.colcon_core.package_identification:_identify(stm32_fw/Drivers/CMSIS/NN/Examples/ARM/arm_nn_examples/cifar10/RTE/Compiler) by extension 'ignore'
[0.553s] Level 1:colcon.colcon_core.package_identification:_identify(stm32_fw/Drivers/CMSIS/NN/Examples/ARM/arm_nn_examples/cifar10/RTE/Compiler) by extension 'ignore_ament_install'
[0.553s] Level 1:colcon.colcon_core.package_identification:_identify(stm32_fw/Drivers/CMSIS/NN/Examples/ARM/arm_nn_examples/cifar10/RTE/Compiler) by extensions ['colcon_pkg']
[0.553s] Level 1:colcon.colcon_core.package_identification:_identify(stm32_fw/Drivers/CMSIS/NN/Examples/ARM/arm_nn_examples/cifar10/RTE/Compiler) by extension 'colcon_pkg'
[0.553s] Level 1:colcon.colcon_core.package_identification:_identify(stm32_fw/Drivers/CMSIS/NN/Examples/ARM/arm_nn_examples/cifar10/RTE/Compiler) by extensions ['colcon_meta']
[0.553s] Level 1:colcon.colcon_core.package_identification:_identify(stm32_fw/Drivers/CMSIS/NN/Examples/ARM/arm_nn_examples/cifar10/RTE/Compiler) by extension 'colcon_meta'
[0.553s] Level 1:colcon.colcon_core.package_identification:_identify(stm32_fw/Drivers/CMSIS/NN/Examples/ARM/arm_nn_examples/cifar10/RTE/Compiler) by extensions ['ros']
[0.553s] Level 1:colcon.colcon_core.package_identification:_identify(stm32_fw/Drivers/CMSIS/NN/Examples/ARM/arm_nn_examples/cifar10/RTE/Compiler) by extension 'ros'
[0.553s] Level 1:colcon.colcon_core.package_identification:_identify(stm32_fw/Drivers/CMSIS/NN/Examples/ARM/arm_nn_examples/cifar10/RTE/Compiler) by extensions ['cmake', 'python']
[0.553s] Level 1:colcon.colcon_core.package_identification:_identify(stm32_fw/Drivers/CMSIS/NN/Examples/ARM/arm_nn_examples/cifar10/RTE/Compiler) by extension 'cmake'
[0.553s] Level 1:colcon.colcon_core.package_identification:_identify(stm32_fw/Drivers/CMSIS/NN/Examples/ARM/arm_nn_examples/cifar10/RTE/Compiler) by extension 'python'
[0.553s] Level 1:colcon.colcon_core.package_identification:_identify(stm32_fw/Drivers/CMSIS/NN/Examples/ARM/arm_nn_examples/cifar10/RTE/Compiler) by extensions ['python_setup_py']
[0.553s] Level 1:colcon.colcon_core.package_identification:_identify(stm32_fw/Drivers/CMSIS/NN/Examples/ARM/arm_nn_examples/cifar10/RTE/Compiler) by extension 'python_setup_py'
[0.553s] Level 1:colcon.colcon_core.package_identification:_identify(stm32_fw/Drivers/CMSIS/NN/Examples/ARM/arm_nn_examples/cifar10/RTE/_ARMCM0) by extensions ['ignore', 'ignore_ament_install']
[0.553s] Level 1:colcon.colcon_core.package_identification:_identify(stm32_fw/Drivers/CMSIS/NN/Examples/ARM/arm_nn_examples/cifar10/RTE/_ARMCM0) by extension 'ignore'
[0.553s] Level 1:colcon.colcon_core.package_identification:_identify(stm32_fw/Drivers/CMSIS/NN/Examples/ARM/arm_nn_examples/cifar10/RTE/_ARMCM0) by extension 'ignore_ament_install'
[0.553s] Level 1:colcon.colcon_core.package_identification:_identify(stm32_fw/Drivers/CMSIS/NN/Examples/ARM/arm_nn_examples/cifar10/RTE/_ARMCM0) by extensions ['colcon_pkg']
[0.553s] Level 1:colcon.colcon_core.package_identification:_identify(stm32_fw/Drivers/CMSIS/NN/Examples/ARM/arm_nn_examples/cifar10/RTE/_ARMCM0) by extension 'colcon_pkg'
[0.553s] Level 1:colcon.colcon_core.package_identification:_identify(stm32_fw/Drivers/CMSIS/NN/Examples/ARM/arm_nn_examples/cifar10/RTE/_ARMCM0) by extensions ['colcon_meta']
[0.554s] Level 1:colcon.colcon_core.package_identification:_identify(stm32_fw/Drivers/CMSIS/NN/Examples/ARM/arm_nn_examples/cifar10/RTE/_ARMCM0) by extension 'colcon_meta'
[0.554s] Level 1:colcon.colcon_core.package_identification:_identify(stm32_fw/Drivers/CMSIS/NN/Examples/ARM/arm_nn_examples/cifar10/RTE/_ARMCM0) by extensions ['ros']
[0.554s] Level 1:colcon.colcon_core.package_identification:_identify(stm32_fw/Drivers/CMSIS/NN/Examples/ARM/arm_nn_examples/cifar10/RTE/_ARMCM0) by extension 'ros'
[0.554s] Level 1:colcon.colcon_core.package_identification:_identify(stm32_fw/Drivers/CMSIS/NN/Examples/ARM/arm_nn_examples/cifar10/RTE/_ARMCM0) by extensions ['cmake', 'python']
[0.554s] Level 1:colcon.colcon_core.package_identification:_identify(stm32_fw/Drivers/CMSIS/NN/Examples/ARM/arm_nn_examples/cifar10/RTE/_ARMCM0) by extension 'cmake'
[0.554s] Level 1:colcon.colcon_core.package_identification:_identify(stm32_fw/Drivers/CMSIS/NN/Examples/ARM/arm_nn_examples/cifar10/RTE/_ARMCM0) by extension 'python'
[0.554s] Level 1:colcon.colcon_core.package_identification:_identify(stm32_fw/Drivers/CMSIS/NN/Examples/ARM/arm_nn_examples/cifar10/RTE/_ARMCM0) by extensions ['python_setup_py']
[0.554s] Level 1:colcon.colcon_core.package_identification:_identify(stm32_fw/Drivers/CMSIS/NN/Examples/ARM/arm_nn_examples/cifar10/RTE/_ARMCM0) by extension 'python_setup_py'
[0.554s] Level 1:colcon.colcon_core.package_identification:_identify(stm32_fw/Drivers/CMSIS/NN/Examples/ARM/arm_nn_examples/cifar10/RTE/_ARMCM3) by extensions ['ignore', 'ignore_ament_install']
[0.554s] Level 1:colcon.colcon_core.package_identification:_identify(stm32_fw/Drivers/CMSIS/NN/Examples/ARM/arm_nn_examples/cifar10/RTE/_ARMCM3) by extension 'ignore'
[0.554s] Level 1:colcon.colcon_core.package_identification:_identify(stm32_fw/Drivers/CMSIS/NN/Examples/ARM/arm_nn_examples/cifar10/RTE/_ARMCM3) by extension 'ignore_ament_install'
[0.554s] Level 1:colcon.colcon_core.package_identification:_identify(stm32_fw/Drivers/CMSIS/NN/Examples/ARM/arm_nn_examples/cifar10/RTE/_ARMCM3) by extensions ['colcon_pkg']
[0.554s] Level 1:colcon.colcon_core.package_identification:_identify(stm32_fw/Drivers/CMSIS/NN/Examples/ARM/arm_nn_examples/cifar10/RTE/_ARMCM3) by extension 'colcon_pkg'
[0.554s] Level 1:colcon.colcon_core.package_identification:_identify(stm32_fw/Drivers/CMSIS/NN/Examples/ARM/arm_nn_examples/cifar10/RTE/_ARMCM3) by extensions ['colcon_meta']
[0.554s] Level 1:colcon.colcon_core.package_identification:_identify(stm32_fw/Drivers/CMSIS/NN/Examples/ARM/arm_nn_examples/cifar10/RTE/_ARMCM3) by extension 'colcon_meta'
[0.554s] Level 1:colcon.colcon_core.package_identification:_identify(stm32_fw/Drivers/CMSIS/NN/Examples/ARM/arm_nn_examples/cifar10/RTE/_ARMCM3) by extensions ['ros']
[0.554s] Level 1:colcon.colcon_core.package_identification:_identify(stm32_fw/Drivers/CMSIS/NN/Examples/ARM/arm_nn_examples/cifar10/RTE/_ARMCM3) by extension 'ros'
[0.554s] Level 1:colcon.colcon_core.package_identification:_identify(stm32_fw/Drivers/CMSIS/NN/Examples/ARM/arm_nn_examples/cifar10/RTE/_ARMCM3) by extensions ['cmake', 'python']
[0.554s] Level 1:colcon.colcon_core.package_identification:_identify(stm32_fw/Drivers/CMSIS/NN/Examples/ARM/arm_nn_examples/cifar10/RTE/_ARMCM3) by extension 'cmake'
[0.554s] Level 1:colcon.colcon_core.package_identification:_identify(stm32_fw/Drivers/CMSIS/NN/Examples/ARM/arm_nn_examples/cifar10/RTE/_ARMCM3) by extension 'python'
[0.554s] Level 1:colcon.colcon_core.package_identification:_identify(stm32_fw/Drivers/CMSIS/NN/Examples/ARM/arm_nn_examples/cifar10/RTE/_ARMCM3) by extensions ['python_setup_py']
[0.554s] Level 1:colcon.colcon_core.package_identification:_identify(stm32_fw/Drivers/CMSIS/NN/Examples/ARM/arm_nn_examples/cifar10/RTE/_ARMCM3) by extension 'python_setup_py'
[0.554s] Level 1:colcon.colcon_core.package_identification:_identify(stm32_fw/Drivers/CMSIS/NN/Examples/ARM/arm_nn_examples/cifar10/RTE/_ARMCM4_FP) by extensions ['ignore', 'ignore_ament_install']
[0.554s] Level 1:colcon.colcon_core.package_identification:_identify(stm32_fw/Drivers/CMSIS/NN/Examples/ARM/arm_nn_examples/cifar10/RTE/_ARMCM4_FP) by extension 'ignore'
[0.554s] Level 1:colcon.colcon_core.package_identification:_identify(stm32_fw/Drivers/CMSIS/NN/Examples/ARM/arm_nn_examples/cifar10/RTE/_ARMCM4_FP) by extension 'ignore_ament_install'
[0.555s] Level 1:colcon.colcon_core.package_identification:_identify(stm32_fw/Drivers/CMSIS/NN/Examples/ARM/arm_nn_examples/cifar10/RTE/_ARMCM4_FP) by extensions ['colcon_pkg']
[0.555s] Level 1:colcon.colcon_core.package_identification:_identify(stm32_fw/Drivers/CMSIS/NN/Examples/ARM/arm_nn_examples/cifar10/RTE/_ARMCM4_FP) by extension 'colcon_pkg'
[0.555s] Level 1:colcon.colcon_core.package_identification:_identify(stm32_fw/Drivers/CMSIS/NN/Examples/ARM/arm_nn_examples/cifar10/RTE/_ARMCM4_FP) by extensions ['colcon_meta']
[0.555s] Level 1:colcon.colcon_core.package_identification:_identify(stm32_fw/Drivers/CMSIS/NN/Examples/ARM/arm_nn_examples/cifar10/RTE/_ARMCM4_FP) by extension 'colcon_meta'
[0.555s] Level 1:colcon.colcon_core.package_identification:_identify(stm32_fw/Drivers/CMSIS/NN/Examples/ARM/arm_nn_examples/cifar10/RTE/_ARMCM4_FP) by extensions ['ros']
[0.555s] Level 1:colcon.colcon_core.package_identification:_identify(stm32_fw/Drivers/CMSIS/NN/Examples/ARM/arm_nn_examples/cifar10/RTE/_ARMCM4_FP) by extension 'ros'
[0.555s] Level 1:colcon.colcon_core.package_identification:_identify(stm32_fw/Drivers/CMSIS/NN/Examples/ARM/arm_nn_examples/cifar10/RTE/_ARMCM4_FP) by extensions ['cmake', 'python']
[0.555s] Level 1:colcon.colcon_core.package_identification:_identify(stm32_fw/Drivers/CMSIS/NN/Examples/ARM/arm_nn_examples/cifar10/RTE/_ARMCM4_FP) by extension 'cmake'
[0.555s] Level 1:colcon.colcon_core.package_identification:_identify(stm32_fw/Drivers/CMSIS/NN/Examples/ARM/arm_nn_examples/cifar10/RTE/_ARMCM4_FP) by extension 'python'
[0.555s] Level 1:colcon.colcon_core.package_identification:_identify(stm32_fw/Drivers/CMSIS/NN/Examples/ARM/arm_nn_examples/cifar10/RTE/_ARMCM4_FP) by extensions ['python_setup_py']
[0.555s] Level 1:colcon.colcon_core.package_identification:_identify(stm32_fw/Drivers/CMSIS/NN/Examples/ARM/arm_nn_examples/cifar10/RTE/_ARMCM4_FP) by extension 'python_setup_py'
[0.555s] Level 1:colcon.colcon_core.package_identification:_identify(stm32_fw/Drivers/CMSIS/NN/Examples/ARM/arm_nn_examples/cifar10/RTE/_ARMCM7_SP) by extensions ['ignore', 'ignore_ament_install']
[0.555s] Level 1:colcon.colcon_core.package_identification:_identify(stm32_fw/Drivers/CMSIS/NN/Examples/ARM/arm_nn_examples/cifar10/RTE/_ARMCM7_SP) by extension 'ignore'
[0.555s] Level 1:colcon.colcon_core.package_identification:_identify(stm32_fw/Drivers/CMSIS/NN/Examples/ARM/arm_nn_examples/cifar10/RTE/_ARMCM7_SP) by extension 'ignore_ament_install'
[0.555s] Level 1:colcon.colcon_core.package_identification:_identify(stm32_fw/Drivers/CMSIS/NN/Examples/ARM/arm_nn_examples/cifar10/RTE/_ARMCM7_SP) by extensions ['colcon_pkg']
[0.555s] Level 1:colcon.colcon_core.package_identification:_identify(stm32_fw/Drivers/CMSIS/NN/Examples/ARM/arm_nn_examples/cifar10/RTE/_ARMCM7_SP) by extension 'colcon_pkg'
[0.555s] Level 1:colcon.colcon_core.package_identification:_identify(stm32_fw/Drivers/CMSIS/NN/Examples/ARM/arm_nn_examples/cifar10/RTE/_ARMCM7_SP) by extensions ['colcon_meta']
[0.555s] Level 1:colcon.colcon_core.package_identification:_identify(stm32_fw/Drivers/CMSIS/NN/Examples/ARM/arm_nn_examples/cifar10/RTE/_ARMCM7_SP) by extension 'colcon_meta'
[0.555s] Level 1:colcon.colcon_core.package_identification:_identify(stm32_fw/Drivers/CMSIS/NN/Examples/ARM/arm_nn_examples/cifar10/RTE/_ARMCM7_SP) by extensions ['ros']
[0.555s] Level 1:colcon.colcon_core.package_identification:_identify(stm32_fw/Drivers/CMSIS/NN/Examples/ARM/arm_nn_examples/cifar10/RTE/_ARMCM7_SP) by extension 'ros'
[0.555s] Level 1:colcon.colcon_core.package_identification:_identify(stm32_fw/Drivers/CMSIS/NN/Examples/ARM/arm_nn_examples/cifar10/RTE/_ARMCM7_SP) by extensions ['cmake', 'python']
[0.555s] Level 1:colcon.colcon_core.package_identification:_identify(stm32_fw/Drivers/CMSIS/NN/Examples/ARM/arm_nn_examples/cifar10/RTE/_ARMCM7_SP) by extension 'cmake'
[0.555s] Level 1:colcon.colcon_core.package_identification:_identify(stm32_fw/Drivers/CMSIS/NN/Examples/ARM/arm_nn_examples/cifar10/RTE/_ARMCM7_SP) by extension 'python'
[0.555s] Level 1:colcon.colcon_core.package_identification:_identify(stm32_fw/Drivers/CMSIS/NN/Examples/ARM/arm_nn_examples/cifar10/RTE/_ARMCM7_SP) by extensions ['python_setup_py']
[0.555s] Level 1:colcon.colcon_core.package_identification:_identify(stm32_fw/Drivers/CMSIS/NN/Examples/ARM/arm_nn_examples/cifar10/RTE/_ARMCM7_SP) by extension 'python_setup_py'
[0.555s] Level 1:colcon.colcon_core.package_identification:_identify(stm32_fw/Drivers/CMSIS/NN/Examples/ARM/arm_nn_examples/gru) by extensions ['ignore', 'ignore_ament_install']
[0.556s] Level 1:colcon.colcon_core.package_identification:_identify(stm32_fw/Drivers/CMSIS/NN/Examples/ARM/arm_nn_examples/gru) by extension 'ignore'
[0.556s] Level 1:colcon.colcon_core.package_identification:_identify(stm32_fw/Drivers/CMSIS/NN/Examples/ARM/arm_nn_examples/gru) by extension 'ignore_ament_install'
[0.556s] Level 1:colcon.colcon_core.package_identification:_identify(stm32_fw/Drivers/CMSIS/NN/Examples/ARM/arm_nn_examples/gru) by extensions ['colcon_pkg']
[0.556s] Level 1:colcon.colcon_core.package_identification:_identify(stm32_fw/Drivers/CMSIS/NN/Examples/ARM/arm_nn_examples/gru) by extension 'colcon_pkg'
[0.556s] Level 1:colcon.colcon_core.package_identification:_identify(stm32_fw/Drivers/CMSIS/NN/Examples/ARM/arm_nn_examples/gru) by extensions ['colcon_meta']
[0.556s] Level 1:colcon.colcon_core.package_identification:_identify(stm32_fw/Drivers/CMSIS/NN/Examples/ARM/arm_nn_examples/gru) by extension 'colcon_meta'
[0.556s] Level 1:colcon.colcon_core.package_identification:_identify(stm32_fw/Drivers/CMSIS/NN/Examples/ARM/arm_nn_examples/gru) by extensions ['ros']
[0.556s] Level 1:colcon.colcon_core.package_identification:_identify(stm32_fw/Drivers/CMSIS/NN/Examples/ARM/arm_nn_examples/gru) by extension 'ros'
[0.556s] Level 1:colcon.colcon_core.package_identification:_identify(stm32_fw/Drivers/CMSIS/NN/Examples/ARM/arm_nn_examples/gru) by extensions ['cmake', 'python']
[0.556s] Level 1:colcon.colcon_core.package_identification:_identify(stm32_fw/Drivers/CMSIS/NN/Examples/ARM/arm_nn_examples/gru) by extension 'cmake'
[0.556s] Level 1:colcon.colcon_core.package_identification:_identify(stm32_fw/Drivers/CMSIS/NN/Examples/ARM/arm_nn_examples/gru) by extension 'python'
[0.556s] Level 1:colcon.colcon_core.package_identification:_identify(stm32_fw/Drivers/CMSIS/NN/Examples/ARM/arm_nn_examples/gru) by extensions ['python_setup_py']
[0.556s] Level 1:colcon.colcon_core.package_identification:_identify(stm32_fw/Drivers/CMSIS/NN/Examples/ARM/arm_nn_examples/gru) by extension 'python_setup_py'
[0.556s] Level 1:colcon.colcon_core.package_identification:_identify(stm32_fw/Drivers/CMSIS/NN/Examples/ARM/arm_nn_examples/gru/RTE) by extensions ['ignore', 'ignore_ament_install']
[0.556s] Level 1:colcon.colcon_core.package_identification:_identify(stm32_fw/Drivers/CMSIS/NN/Examples/ARM/arm_nn_examples/gru/RTE) by extension 'ignore'
[0.556s] Level 1:colcon.colcon_core.package_identification:_identify(stm32_fw/Drivers/CMSIS/NN/Examples/ARM/arm_nn_examples/gru/RTE) by extension 'ignore_ament_install'
[0.556s] Level 1:colcon.colcon_core.package_identification:_identify(stm32_fw/Drivers/CMSIS/NN/Examples/ARM/arm_nn_examples/gru/RTE) by extensions ['colcon_pkg']
[0.556s] Level 1:colcon.colcon_core.package_identification:_identify(stm32_fw/Drivers/CMSIS/NN/Examples/ARM/arm_nn_examples/gru/RTE) by extension 'colcon_pkg'
[0.556s] Level 1:colcon.colcon_core.package_identification:_identify(stm32_fw/Drivers/CMSIS/NN/Examples/ARM/arm_nn_examples/gru/RTE) by extensions ['colcon_meta']
[0.556s] Level 1:colcon.colcon_core.package_identification:_identify(stm32_fw/Drivers/CMSIS/NN/Examples/ARM/arm_nn_examples/gru/RTE) by extension 'colcon_meta'
[0.556s] Level 1:colcon.colcon_core.package_identification:_identify(stm32_fw/Drivers/CMSIS/NN/Examples/ARM/arm_nn_examples/gru/RTE) by extensions ['ros']
[0.556s] Level 1:colcon.colcon_core.package_identification:_identify(stm32_fw/Drivers/CMSIS/NN/Examples/ARM/arm_nn_examples/gru/RTE) by extension 'ros'
[0.556s] Level 1:colcon.colcon_core.package_identification:_identify(stm32_fw/Drivers/CMSIS/NN/Examples/ARM/arm_nn_examples/gru/RTE) by extensions ['cmake', 'python']
[0.556s] Level 1:colcon.colcon_core.package_identification:_identify(stm32_fw/Drivers/CMSIS/NN/Examples/ARM/arm_nn_examples/gru/RTE) by extension 'cmake'
[0.557s] Level 1:colcon.colcon_core.package_identification:_identify(stm32_fw/Drivers/CMSIS/NN/Examples/ARM/arm_nn_examples/gru/RTE) by extension 'python'
[0.557s] Level 1:colcon.colcon_core.package_identification:_identify(stm32_fw/Drivers/CMSIS/NN/Examples/ARM/arm_nn_examples/gru/RTE) by extensions ['python_setup_py']
[0.557s] Level 1:colcon.colcon_core.package_identification:_identify(stm32_fw/Drivers/CMSIS/NN/Examples/ARM/arm_nn_examples/gru/RTE) by extension 'python_setup_py'
[0.557s] Level 1:colcon.colcon_core.package_identification:_identify(stm32_fw/Drivers/CMSIS/NN/Examples/ARM/arm_nn_examples/gru/RTE/Compiler) by extensions ['ignore', 'ignore_ament_install']
[0.557s] Level 1:colcon.colcon_core.package_identification:_identify(stm32_fw/Drivers/CMSIS/NN/Examples/ARM/arm_nn_examples/gru/RTE/Compiler) by extension 'ignore'
[0.557s] Level 1:colcon.colcon_core.package_identification:_identify(stm32_fw/Drivers/CMSIS/NN/Examples/ARM/arm_nn_examples/gru/RTE/Compiler) by extension 'ignore_ament_install'
[0.557s] Level 1:colcon.colcon_core.package_identification:_identify(stm32_fw/Drivers/CMSIS/NN/Examples/ARM/arm_nn_examples/gru/RTE/Compiler) by extensions ['colcon_pkg']
[0.557s] Level 1:colcon.colcon_core.package_identification:_identify(stm32_fw/Drivers/CMSIS/NN/Examples/ARM/arm_nn_examples/gru/RTE/Compiler) by extension 'colcon_pkg'
[0.557s] Level 1:colcon.colcon_core.package_identification:_identify(stm32_fw/Drivers/CMSIS/NN/Examples/ARM/arm_nn_examples/gru/RTE/Compiler) by extensions ['colcon_meta']
[0.557s] Level 1:colcon.colcon_core.package_identification:_identify(stm32_fw/Drivers/CMSIS/NN/Examples/ARM/arm_nn_examples/gru/RTE/Compiler) by extension 'colcon_meta'
[0.557s] Level 1:colcon.colcon_core.package_identification:_identify(stm32_fw/Drivers/CMSIS/NN/Examples/ARM/arm_nn_examples/gru/RTE/Compiler) by extensions ['ros']
[0.557s] Level 1:colcon.colcon_core.package_identification:_identify(stm32_fw/Drivers/CMSIS/NN/Examples/ARM/arm_nn_examples/gru/RTE/Compiler) by extension 'ros'
[0.557s] Level 1:colcon.colcon_core.package_identification:_identify(stm32_fw/Drivers/CMSIS/NN/Examples/ARM/arm_nn_examples/gru/RTE/Compiler) by extensions ['cmake', 'python']
[0.557s] Level 1:colcon.colcon_core.package_identification:_identify(stm32_fw/Drivers/CMSIS/NN/Examples/ARM/arm_nn_examples/gru/RTE/Compiler) by extension 'cmake'
[0.557s] Level 1:colcon.colcon_core.package_identification:_identify(stm32_fw/Drivers/CMSIS/NN/Examples/ARM/arm_nn_examples/gru/RTE/Compiler) by extension 'python'
[0.557s] Level 1:colcon.colcon_core.package_identification:_identify(stm32_fw/Drivers/CMSIS/NN/Examples/ARM/arm_nn_examples/gru/RTE/Compiler) by extensions ['python_setup_py']
[0.557s] Level 1:colcon.colcon_core.package_identification:_identify(stm32_fw/Drivers/CMSIS/NN/Examples/ARM/arm_nn_examples/gru/RTE/Compiler) by extension 'python_setup_py'
[0.557s] Level 1:colcon.colcon_core.package_identification:_identify(stm32_fw/Drivers/CMSIS/NN/Examples/ARM/arm_nn_examples/gru/RTE/_ARMCM0) by extensions ['ignore', 'ignore_ament_install']
[0.557s] Level 1:colcon.colcon_core.package_identification:_identify(stm32_fw/Drivers/CMSIS/NN/Examples/ARM/arm_nn_examples/gru/RTE/_ARMCM0) by extension 'ignore'
[0.557s] Level 1:colcon.colcon_core.package_identification:_identify(stm32_fw/Drivers/CMSIS/NN/Examples/ARM/arm_nn_examples/gru/RTE/_ARMCM0) by extension 'ignore_ament_install'
[0.557s] Level 1:colcon.colcon_core.package_identification:_identify(stm32_fw/Drivers/CMSIS/NN/Examples/ARM/arm_nn_examples/gru/RTE/_ARMCM0) by extensions ['colcon_pkg']
[0.557s] Level 1:colcon.colcon_core.package_identification:_identify(stm32_fw/Drivers/CMSIS/NN/Examples/ARM/arm_nn_examples/gru/RTE/_ARMCM0) by extension 'colcon_pkg'
[0.557s] Level 1:colcon.colcon_core.package_identification:_identify(stm32_fw/Drivers/CMSIS/NN/Examples/ARM/arm_nn_examples/gru/RTE/_ARMCM0) by extensions ['colcon_meta']
[0.557s] Level 1:colcon.colcon_core.package_identification:_identify(stm32_fw/Drivers/CMSIS/NN/Examples/ARM/arm_nn_examples/gru/RTE/_ARMCM0) by extension 'colcon_meta'
[0.558s] Level 1:colcon.colcon_core.package_identification:_identify(stm32_fw/Drivers/CMSIS/NN/Examples/ARM/arm_nn_examples/gru/RTE/_ARMCM0) by extensions ['ros']
[0.558s] Level 1:colcon.colcon_core.package_identification:_identify(stm32_fw/Drivers/CMSIS/NN/Examples/ARM/arm_nn_examples/gru/RTE/_ARMCM0) by extension 'ros'
[0.558s] Level 1:colcon.colcon_core.package_identification:_identify(stm32_fw/Drivers/CMSIS/NN/Examples/ARM/arm_nn_examples/gru/RTE/_ARMCM0) by extensions ['cmake', 'python']
[0.558s] Level 1:colcon.colcon_core.package_identification:_identify(stm32_fw/Drivers/CMSIS/NN/Examples/ARM/arm_nn_examples/gru/RTE/_ARMCM0) by extension 'cmake'
[0.558s] Level 1:colcon.colcon_core.package_identification:_identify(stm32_fw/Drivers/CMSIS/NN/Examples/ARM/arm_nn_examples/gru/RTE/_ARMCM0) by extension 'python'
[0.558s] Level 1:colcon.colcon_core.package_identification:_identify(stm32_fw/Drivers/CMSIS/NN/Examples/ARM/arm_nn_examples/gru/RTE/_ARMCM0) by extensions ['python_setup_py']
[0.558s] Level 1:colcon.colcon_core.package_identification:_identify(stm32_fw/Drivers/CMSIS/NN/Examples/ARM/arm_nn_examples/gru/RTE/_ARMCM0) by extension 'python_setup_py'
[0.558s] Level 1:colcon.colcon_core.package_identification:_identify(stm32_fw/Drivers/CMSIS/NN/Examples/ARM/arm_nn_examples/gru/RTE/_ARMCM3) by extensions ['ignore', 'ignore_ament_install']
[0.558s] Level 1:colcon.colcon_core.package_identification:_identify(stm32_fw/Drivers/CMSIS/NN/Examples/ARM/arm_nn_examples/gru/RTE/_ARMCM3) by extension 'ignore'
[0.558s] Level 1:colcon.colcon_core.package_identification:_identify(stm32_fw/Drivers/CMSIS/NN/Examples/ARM/arm_nn_examples/gru/RTE/_ARMCM3) by extension 'ignore_ament_install'
[0.558s] Level 1:colcon.colcon_core.package_identification:_identify(stm32_fw/Drivers/CMSIS/NN/Examples/ARM/arm_nn_examples/gru/RTE/_ARMCM3) by extensions ['colcon_pkg']
[0.558s] Level 1:colcon.colcon_core.package_identification:_identify(stm32_fw/Drivers/CMSIS/NN/Examples/ARM/arm_nn_examples/gru/RTE/_ARMCM3) by extension 'colcon_pkg'
[0.558s] Level 1:colcon.colcon_core.package_identification:_identify(stm32_fw/Drivers/CMSIS/NN/Examples/ARM/arm_nn_examples/gru/RTE/_ARMCM3) by extensions ['colcon_meta']
[0.558s] Level 1:colcon.colcon_core.package_identification:_identify(stm32_fw/Drivers/CMSIS/NN/Examples/ARM/arm_nn_examples/gru/RTE/_ARMCM3) by extension 'colcon_meta'
[0.558s] Level 1:colcon.colcon_core.package_identification:_identify(stm32_fw/Drivers/CMSIS/NN/Examples/ARM/arm_nn_examples/gru/RTE/_ARMCM3) by extensions ['ros']
[0.558s] Level 1:colcon.colcon_core.package_identification:_identify(stm32_fw/Drivers/CMSIS/NN/Examples/ARM/arm_nn_examples/gru/RTE/_ARMCM3) by extension 'ros'
[0.558s] Level 1:colcon.colcon_core.package_identification:_identify(stm32_fw/Drivers/CMSIS/NN/Examples/ARM/arm_nn_examples/gru/RTE/_ARMCM3) by extensions ['cmake', 'python']
[0.558s] Level 1:colcon.colcon_core.package_identification:_identify(stm32_fw/Drivers/CMSIS/NN/Examples/ARM/arm_nn_examples/gru/RTE/_ARMCM3) by extension 'cmake'
[0.558s] Level 1:colcon.colcon_core.package_identification:_identify(stm32_fw/Drivers/CMSIS/NN/Examples/ARM/arm_nn_examples/gru/RTE/_ARMCM3) by extension 'python'
[0.558s] Level 1:colcon.colcon_core.package_identification:_identify(stm32_fw/Drivers/CMSIS/NN/Examples/ARM/arm_nn_examples/gru/RTE/_ARMCM3) by extensions ['python_setup_py']
[0.558s] Level 1:colcon.colcon_core.package_identification:_identify(stm32_fw/Drivers/CMSIS/NN/Examples/ARM/arm_nn_examples/gru/RTE/_ARMCM3) by extension 'python_setup_py'
[0.558s] Level 1:colcon.colcon_core.package_identification:_identify(stm32_fw/Drivers/CMSIS/NN/Examples/ARM/arm_nn_examples/gru/RTE/_ARMCM4_FP) by extensions ['ignore', 'ignore_ament_install']
[0.558s] Level 1:colcon.colcon_core.package_identification:_identify(stm32_fw/Drivers/CMSIS/NN/Examples/ARM/arm_nn_examples/gru/RTE/_ARMCM4_FP) by extension 'ignore'
[0.558s] Level 1:colcon.colcon_core.package_identification:_identify(stm32_fw/Drivers/CMSIS/NN/Examples/ARM/arm_nn_examples/gru/RTE/_ARMCM4_FP) by extension 'ignore_ament_install'
[0.558s] Level 1:colcon.colcon_core.package_identification:_identify(stm32_fw/Drivers/CMSIS/NN/Examples/ARM/arm_nn_examples/gru/RTE/_ARMCM4_FP) by extensions ['colcon_pkg']
[0.558s] Level 1:colcon.colcon_core.package_identification:_identify(stm32_fw/Drivers/CMSIS/NN/Examples/ARM/arm_nn_examples/gru/RTE/_ARMCM4_FP) by extension 'colcon_pkg'
[0.558s] Level 1:colcon.colcon_core.package_identification:_identify(stm32_fw/Drivers/CMSIS/NN/Examples/ARM/arm_nn_examples/gru/RTE/_ARMCM4_FP) by extensions ['colcon_meta']
[0.558s] Level 1:colcon.colcon_core.package_identification:_identify(stm32_fw/Drivers/CMSIS/NN/Examples/ARM/arm_nn_examples/gru/RTE/_ARMCM4_FP) by extension 'colcon_meta'
[0.558s] Level 1:colcon.colcon_core.package_identification:_identify(stm32_fw/Drivers/CMSIS/NN/Examples/ARM/arm_nn_examples/gru/RTE/_ARMCM4_FP) by extensions ['ros']
[0.558s] Level 1:colcon.colcon_core.package_identification:_identify(stm32_fw/Drivers/CMSIS/NN/Examples/ARM/arm_nn_examples/gru/RTE/_ARMCM4_FP) by extension 'ros'
[0.559s] Level 1:colcon.colcon_core.package_identification:_identify(stm32_fw/Drivers/CMSIS/NN/Examples/ARM/arm_nn_examples/gru/RTE/_ARMCM4_FP) by extensions ['cmake', 'python']
[0.559s] Level 1:colcon.colcon_core.package_identification:_identify(stm32_fw/Drivers/CMSIS/NN/Examples/ARM/arm_nn_examples/gru/RTE/_ARMCM4_FP) by extension 'cmake'
[0.559s] Level 1:colcon.colcon_core.package_identification:_identify(stm32_fw/Drivers/CMSIS/NN/Examples/ARM/arm_nn_examples/gru/RTE/_ARMCM4_FP) by extension 'python'
[0.559s] Level 1:colcon.colcon_core.package_identification:_identify(stm32_fw/Drivers/CMSIS/NN/Examples/ARM/arm_nn_examples/gru/RTE/_ARMCM4_FP) by extensions ['python_setup_py']
[0.559s] Level 1:colcon.colcon_core.package_identification:_identify(stm32_fw/Drivers/CMSIS/NN/Examples/ARM/arm_nn_examples/gru/RTE/_ARMCM4_FP) by extension 'python_setup_py'
[0.559s] Level 1:colcon.colcon_core.package_identification:_identify(stm32_fw/Drivers/CMSIS/NN/Examples/ARM/arm_nn_examples/gru/RTE/_ARMCM7_SP) by extensions ['ignore', 'ignore_ament_install']
[0.559s] Level 1:colcon.colcon_core.package_identification:_identify(stm32_fw/Drivers/CMSIS/NN/Examples/ARM/arm_nn_examples/gru/RTE/_ARMCM7_SP) by extension 'ignore'
[0.559s] Level 1:colcon.colcon_core.package_identification:_identify(stm32_fw/Drivers/CMSIS/NN/Examples/ARM/arm_nn_examples/gru/RTE/_ARMCM7_SP) by extension 'ignore_ament_install'
[0.559s] Level 1:colcon.colcon_core.package_identification:_identify(stm32_fw/Drivers/CMSIS/NN/Examples/ARM/arm_nn_examples/gru/RTE/_ARMCM7_SP) by extensions ['colcon_pkg']
[0.559s] Level 1:colcon.colcon_core.package_identification:_identify(stm32_fw/Drivers/CMSIS/NN/Examples/ARM/arm_nn_examples/gru/RTE/_ARMCM7_SP) by extension 'colcon_pkg'
[0.559s] Level 1:colcon.colcon_core.package_identification:_identify(stm32_fw/Drivers/CMSIS/NN/Examples/ARM/arm_nn_examples/gru/RTE/_ARMCM7_SP) by extensions ['colcon_meta']
[0.559s] Level 1:colcon.colcon_core.package_identification:_identify(stm32_fw/Drivers/CMSIS/NN/Examples/ARM/arm_nn_examples/gru/RTE/_ARMCM7_SP) by extension 'colcon_meta'
[0.559s] Level 1:colcon.colcon_core.package_identification:_identify(stm32_fw/Drivers/CMSIS/NN/Examples/ARM/arm_nn_examples/gru/RTE/_ARMCM7_SP) by extensions ['ros']
[0.559s] Level 1:colcon.colcon_core.package_identification:_identify(stm32_fw/Drivers/CMSIS/NN/Examples/ARM/arm_nn_examples/gru/RTE/_ARMCM7_SP) by extension 'ros'
[0.559s] Level 1:colcon.colcon_core.package_identification:_identify(stm32_fw/Drivers/CMSIS/NN/Examples/ARM/arm_nn_examples/gru/RTE/_ARMCM7_SP) by extensions ['cmake', 'python']
[0.559s] Level 1:colcon.colcon_core.package_identification:_identify(stm32_fw/Drivers/CMSIS/NN/Examples/ARM/arm_nn_examples/gru/RTE/_ARMCM7_SP) by extension 'cmake'
[0.559s] Level 1:colcon.colcon_core.package_identification:_identify(stm32_fw/Drivers/CMSIS/NN/Examples/ARM/arm_nn_examples/gru/RTE/_ARMCM7_SP) by extension 'python'
[0.559s] Level 1:colcon.colcon_core.package_identification:_identify(stm32_fw/Drivers/CMSIS/NN/Examples/ARM/arm_nn_examples/gru/RTE/_ARMCM7_SP) by extensions ['python_setup_py']
[0.559s] Level 1:colcon.colcon_core.package_identification:_identify(stm32_fw/Drivers/CMSIS/NN/Examples/ARM/arm_nn_examples/gru/RTE/_ARMCM7_SP) by extension 'python_setup_py'
[0.559s] Level 1:colcon.colcon_core.package_identification:_identify(stm32_fw/Drivers/CMSIS/NN/Include) by extensions ['ignore', 'ignore_ament_install']
[0.559s] Level 1:colcon.colcon_core.package_identification:_identify(stm32_fw/Drivers/CMSIS/NN/Include) by extension 'ignore'
[0.559s] Level 1:colcon.colcon_core.package_identification:_identify(stm32_fw/Drivers/CMSIS/NN/Include) by extension 'ignore_ament_install'
[0.559s] Level 1:colcon.colcon_core.package_identification:_identify(stm32_fw/Drivers/CMSIS/NN/Include) by extensions ['colcon_pkg']
[0.559s] Level 1:colcon.colcon_core.package_identification:_identify(stm32_fw/Drivers/CMSIS/NN/Include) by extension 'colcon_pkg'
[0.560s] Level 1:colcon.colcon_core.package_identification:_identify(stm32_fw/Drivers/CMSIS/NN/Include) by extensions ['colcon_meta']
[0.560s] Level 1:colcon.colcon_core.package_identification:_identify(stm32_fw/Drivers/CMSIS/NN/Include) by extension 'colcon_meta'
[0.560s] Level 1:colcon.colcon_core.package_identification:_identify(stm32_fw/Drivers/CMSIS/NN/Include) by extensions ['ros']
[0.560s] Level 1:colcon.colcon_core.package_identification:_identify(stm32_fw/Drivers/CMSIS/NN/Include) by extension 'ros'
[0.560s] Level 1:colcon.colcon_core.package_identification:_identify(stm32_fw/Drivers/CMSIS/NN/Include) by extensions ['cmake', 'python']
[0.560s] Level 1:colcon.colcon_core.package_identification:_identify(stm32_fw/Drivers/CMSIS/NN/Include) by extension 'cmake'
[0.560s] Level 1:colcon.colcon_core.package_identification:_identify(stm32_fw/Drivers/CMSIS/NN/Include) by extension 'python'
[0.560s] Level 1:colcon.colcon_core.package_identification:_identify(stm32_fw/Drivers/CMSIS/NN/Include) by extensions ['python_setup_py']
[0.560s] Level 1:colcon.colcon_core.package_identification:_identify(stm32_fw/Drivers/CMSIS/NN/Include) by extension 'python_setup_py'
[0.560s] Level 1:colcon.colcon_core.package_identification:_identify(stm32_fw/Drivers/CMSIS/NN/NN_Lib_Tests) by extensions ['ignore', 'ignore_ament_install']
[0.560s] Level 1:colcon.colcon_core.package_identification:_identify(stm32_fw/Drivers/CMSIS/NN/NN_Lib_Tests) by extension 'ignore'
[0.560s] Level 1:colcon.colcon_core.package_identification:_identify(stm32_fw/Drivers/CMSIS/NN/NN_Lib_Tests) by extension 'ignore_ament_install'
[0.560s] Level 1:colcon.colcon_core.package_identification:_identify(stm32_fw/Drivers/CMSIS/NN/NN_Lib_Tests) by extensions ['colcon_pkg']
[0.560s] Level 1:colcon.colcon_core.package_identification:_identify(stm32_fw/Drivers/CMSIS/NN/NN_Lib_Tests) by extension 'colcon_pkg'
[0.560s] Level 1:colcon.colcon_core.package_identification:_identify(stm32_fw/Drivers/CMSIS/NN/NN_Lib_Tests) by extensions ['colcon_meta']
[0.560s] Level 1:colcon.colcon_core.package_identification:_identify(stm32_fw/Drivers/CMSIS/NN/NN_Lib_Tests) by extension 'colcon_meta'
[0.560s] Level 1:colcon.colcon_core.package_identification:_identify(stm32_fw/Drivers/CMSIS/NN/NN_Lib_Tests) by extensions ['ros']
[0.560s] Level 1:colcon.colcon_core.package_identification:_identify(stm32_fw/Drivers/CMSIS/NN/NN_Lib_Tests) by extension 'ros'
[0.560s] Level 1:colcon.colcon_core.package_identification:_identify(stm32_fw/Drivers/CMSIS/NN/NN_Lib_Tests) by extensions ['cmake', 'python']
[0.560s] Level 1:colcon.colcon_core.package_identification:_identify(stm32_fw/Drivers/CMSIS/NN/NN_Lib_Tests) by extension 'cmake'
[0.560s] Level 1:colcon.colcon_core.package_identification:_identify(stm32_fw/Drivers/CMSIS/NN/NN_Lib_Tests) by extension 'python'
[0.560s] Level 1:colcon.colcon_core.package_identification:_identify(stm32_fw/Drivers/CMSIS/NN/NN_Lib_Tests) by extensions ['python_setup_py']
[0.560s] Level 1:colcon.colcon_core.package_identification:_identify(stm32_fw/Drivers/CMSIS/NN/NN_Lib_Tests) by extension 'python_setup_py'
[0.561s] Level 1:colcon.colcon_core.package_identification:_identify(stm32_fw/Drivers/CMSIS/NN/NN_Lib_Tests/nn_test) by extensions ['ignore', 'ignore_ament_install']
[0.561s] Level 1:colcon.colcon_core.package_identification:_identify(stm32_fw/Drivers/CMSIS/NN/NN_Lib_Tests/nn_test) by extension 'ignore'
[0.561s] Level 1:colcon.colcon_core.package_identification:_identify(stm32_fw/Drivers/CMSIS/NN/NN_Lib_Tests/nn_test) by extension 'ignore_ament_install'
[0.561s] Level 1:colcon.colcon_core.package_identification:_identify(stm32_fw/Drivers/CMSIS/NN/NN_Lib_Tests/nn_test) by extensions ['colcon_pkg']
[0.561s] Level 1:colcon.colcon_core.package_identification:_identify(stm32_fw/Drivers/CMSIS/NN/NN_Lib_Tests/nn_test) by extension 'colcon_pkg'
[0.561s] Level 1:colcon.colcon_core.package_identification:_identify(stm32_fw/Drivers/CMSIS/NN/NN_Lib_Tests/nn_test) by extensions ['colcon_meta']
[0.561s] Level 1:colcon.colcon_core.package_identification:_identify(stm32_fw/Drivers/CMSIS/NN/NN_Lib_Tests/nn_test) by extension 'colcon_meta'
[0.561s] Level 1:colcon.colcon_core.package_identification:_identify(stm32_fw/Drivers/CMSIS/NN/NN_Lib_Tests/nn_test) by extensions ['ros']
[0.561s] Level 1:colcon.colcon_core.package_identification:_identify(stm32_fw/Drivers/CMSIS/NN/NN_Lib_Tests/nn_test) by extension 'ros'
[0.561s] Level 1:colcon.colcon_core.package_identification:_identify(stm32_fw/Drivers/CMSIS/NN/NN_Lib_Tests/nn_test) by extensions ['cmake', 'python']
[0.561s] Level 1:colcon.colcon_core.package_identification:_identify(stm32_fw/Drivers/CMSIS/NN/NN_Lib_Tests/nn_test) by extension 'cmake'
[0.561s] Level 1:colcon.colcon_core.package_identification:_identify(stm32_fw/Drivers/CMSIS/NN/NN_Lib_Tests/nn_test) by extension 'python'
[0.561s] Level 1:colcon.colcon_core.package_identification:_identify(stm32_fw/Drivers/CMSIS/NN/NN_Lib_Tests/nn_test) by extensions ['python_setup_py']
[0.561s] Level 1:colcon.colcon_core.package_identification:_identify(stm32_fw/Drivers/CMSIS/NN/NN_Lib_Tests/nn_test) by extension 'python_setup_py'
[0.561s] Level 1:colcon.colcon_core.package_identification:_identify(stm32_fw/Drivers/CMSIS/NN/NN_Lib_Tests/nn_test/RTE) by extensions ['ignore', 'ignore_ament_install']
[0.561s] Level 1:colcon.colcon_core.package_identification:_identify(stm32_fw/Drivers/CMSIS/NN/NN_Lib_Tests/nn_test/RTE) by extension 'ignore'
[0.561s] Level 1:colcon.colcon_core.package_identification:_identify(stm32_fw/Drivers/CMSIS/NN/NN_Lib_Tests/nn_test/RTE) by extension 'ignore_ament_install'
[0.561s] Level 1:colcon.colcon_core.package_identification:_identify(stm32_fw/Drivers/CMSIS/NN/NN_Lib_Tests/nn_test/RTE) by extensions ['colcon_pkg']
[0.561s] Level 1:colcon.colcon_core.package_identification:_identify(stm32_fw/Drivers/CMSIS/NN/NN_Lib_Tests/nn_test/RTE) by extension 'colcon_pkg'
[0.561s] Level 1:colcon.colcon_core.package_identification:_identify(stm32_fw/Drivers/CMSIS/NN/NN_Lib_Tests/nn_test/RTE) by extensions ['colcon_meta']
[0.561s] Level 1:colcon.colcon_core.package_identification:_identify(stm32_fw/Drivers/CMSIS/NN/NN_Lib_Tests/nn_test/RTE) by extension 'colcon_meta'
[0.561s] Level 1:colcon.colcon_core.package_identification:_identify(stm32_fw/Drivers/CMSIS/NN/NN_Lib_Tests/nn_test/RTE) by extensions ['ros']
[0.561s] Level 1:colcon.colcon_core.package_identification:_identify(stm32_fw/Drivers/CMSIS/NN/NN_Lib_Tests/nn_test/RTE) by extension 'ros'
[0.561s] Level 1:colcon.colcon_core.package_identification:_identify(stm32_fw/Drivers/CMSIS/NN/NN_Lib_Tests/nn_test/RTE) by extensions ['cmake', 'python']
[0.562s] Level 1:colcon.colcon_core.package_identification:_identify(stm32_fw/Drivers/CMSIS/NN/NN_Lib_Tests/nn_test/RTE) by extension 'cmake'
[0.562s] Level 1:colcon.colcon_core.package_identification:_identify(stm32_fw/Drivers/CMSIS/NN/NN_Lib_Tests/nn_test/RTE) by extension 'python'
[0.562s] Level 1:colcon.colcon_core.package_identification:_identify(stm32_fw/Drivers/CMSIS/NN/NN_Lib_Tests/nn_test/RTE) by extensions ['python_setup_py']
[0.562s] Level 1:colcon.colcon_core.package_identification:_identify(stm32_fw/Drivers/CMSIS/NN/NN_Lib_Tests/nn_test/RTE) by extension 'python_setup_py'
[0.562s] Level 1:colcon.colcon_core.package_identification:_identify(stm32_fw/Drivers/CMSIS/NN/NN_Lib_Tests/nn_test/RTE/_ARMCM0) by extensions ['ignore', 'ignore_ament_install']
[0.562s] Level 1:colcon.colcon_core.package_identification:_identify(stm32_fw/Drivers/CMSIS/NN/NN_Lib_Tests/nn_test/RTE/_ARMCM0) by extension 'ignore'
[0.562s] Level 1:colcon.colcon_core.package_identification:_identify(stm32_fw/Drivers/CMSIS/NN/NN_Lib_Tests/nn_test/RTE/_ARMCM0) by extension 'ignore_ament_install'
[0.562s] Level 1:colcon.colcon_core.package_identification:_identify(stm32_fw/Drivers/CMSIS/NN/NN_Lib_Tests/nn_test/RTE/_ARMCM0) by extensions ['colcon_pkg']
[0.562s] Level 1:colcon.colcon_core.package_identification:_identify(stm32_fw/Drivers/CMSIS/NN/NN_Lib_Tests/nn_test/RTE/_ARMCM0) by extension 'colcon_pkg'
[0.562s] Level 1:colcon.colcon_core.package_identification:_identify(stm32_fw/Drivers/CMSIS/NN/NN_Lib_Tests/nn_test/RTE/_ARMCM0) by extensions ['colcon_meta']
[0.562s] Level 1:colcon.colcon_core.package_identification:_identify(stm32_fw/Drivers/CMSIS/NN/NN_Lib_Tests/nn_test/RTE/_ARMCM0) by extension 'colcon_meta'
[0.562s] Level 1:colcon.colcon_core.package_identification:_identify(stm32_fw/Drivers/CMSIS/NN/NN_Lib_Tests/nn_test/RTE/_ARMCM0) by extensions ['ros']
[0.562s] Level 1:colcon.colcon_core.package_identification:_identify(stm32_fw/Drivers/CMSIS/NN/NN_Lib_Tests/nn_test/RTE/_ARMCM0) by extension 'ros'
[0.562s] Level 1:colcon.colcon_core.package_identification:_identify(stm32_fw/Drivers/CMSIS/NN/NN_Lib_Tests/nn_test/RTE/_ARMCM0) by extensions ['cmake', 'python']
[0.562s] Level 1:colcon.colcon_core.package_identification:_identify(stm32_fw/Drivers/CMSIS/NN/NN_Lib_Tests/nn_test/RTE/_ARMCM0) by extension 'cmake'
[0.562s] Level 1:colcon.colcon_core.package_identification:_identify(stm32_fw/Drivers/CMSIS/NN/NN_Lib_Tests/nn_test/RTE/_ARMCM0) by extension 'python'
[0.562s] Level 1:colcon.colcon_core.package_identification:_identify(stm32_fw/Drivers/CMSIS/NN/NN_Lib_Tests/nn_test/RTE/_ARMCM0) by extensions ['python_setup_py']
[0.562s] Level 1:colcon.colcon_core.package_identification:_identify(stm32_fw/Drivers/CMSIS/NN/NN_Lib_Tests/nn_test/RTE/_ARMCM0) by extension 'python_setup_py'
[0.562s] Level 1:colcon.colcon_core.package_identification:_identify(stm32_fw/Drivers/CMSIS/NN/NN_Lib_Tests/nn_test/RTE/_ARMCM3) by extensions ['ignore', 'ignore_ament_install']
[0.562s] Level 1:colcon.colcon_core.package_identification:_identify(stm32_fw/Drivers/CMSIS/NN/NN_Lib_Tests/nn_test/RTE/_ARMCM3) by extension 'ignore'
[0.562s] Level 1:colcon.colcon_core.package_identification:_identify(stm32_fw/Drivers/CMSIS/NN/NN_Lib_Tests/nn_test/RTE/_ARMCM3) by extension 'ignore_ament_install'
[0.562s] Level 1:colcon.colcon_core.package_identification:_identify(stm32_fw/Drivers/CMSIS/NN/NN_Lib_Tests/nn_test/RTE/_ARMCM3) by extensions ['colcon_pkg']
[0.562s] Level 1:colcon.colcon_core.package_identification:_identify(stm32_fw/Drivers/CMSIS/NN/NN_Lib_Tests/nn_test/RTE/_ARMCM3) by extension 'colcon_pkg'
[0.563s] Level 1:colcon.colcon_core.package_identification:_identify(stm32_fw/Drivers/CMSIS/NN/NN_Lib_Tests/nn_test/RTE/_ARMCM3) by extensions ['colcon_meta']
[0.563s] Level 1:colcon.colcon_core.package_identification:_identify(stm32_fw/Drivers/CMSIS/NN/NN_Lib_Tests/nn_test/RTE/_ARMCM3) by extension 'colcon_meta'
[0.563s] Level 1:colcon.colcon_core.package_identification:_identify(stm32_fw/Drivers/CMSIS/NN/NN_Lib_Tests/nn_test/RTE/_ARMCM3) by extensions ['ros']
[0.563s] Level 1:colcon.colcon_core.package_identification:_identify(stm32_fw/Drivers/CMSIS/NN/NN_Lib_Tests/nn_test/RTE/_ARMCM3) by extension 'ros'
[0.563s] Level 1:colcon.colcon_core.package_identification:_identify(stm32_fw/Drivers/CMSIS/NN/NN_Lib_Tests/nn_test/RTE/_ARMCM3) by extensions ['cmake', 'python']
[0.563s] Level 1:colcon.colcon_core.package_identification:_identify(stm32_fw/Drivers/CMSIS/NN/NN_Lib_Tests/nn_test/RTE/_ARMCM3) by extension 'cmake'
[0.563s] Level 1:colcon.colcon_core.package_identification:_identify(stm32_fw/Drivers/CMSIS/NN/NN_Lib_Tests/nn_test/RTE/_ARMCM3) by extension 'python'
[0.563s] Level 1:colcon.colcon_core.package_identification:_identify(stm32_fw/Drivers/CMSIS/NN/NN_Lib_Tests/nn_test/RTE/_ARMCM3) by extensions ['python_setup_py']
[0.563s] Level 1:colcon.colcon_core.package_identification:_identify(stm32_fw/Drivers/CMSIS/NN/NN_Lib_Tests/nn_test/RTE/_ARMCM3) by extension 'python_setup_py'
[0.563s] Level 1:colcon.colcon_core.package_identification:_identify(stm32_fw/Drivers/CMSIS/NN/NN_Lib_Tests/nn_test/RTE/_ARMCM4_FP) by extensions ['ignore', 'ignore_ament_install']
[0.563s] Level 1:colcon.colcon_core.package_identification:_identify(stm32_fw/Drivers/CMSIS/NN/NN_Lib_Tests/nn_test/RTE/_ARMCM4_FP) by extension 'ignore'
[0.563s] Level 1:colcon.colcon_core.package_identification:_identify(stm32_fw/Drivers/CMSIS/NN/NN_Lib_Tests/nn_test/RTE/_ARMCM4_FP) by extension 'ignore_ament_install'
[0.563s] Level 1:colcon.colcon_core.package_identification:_identify(stm32_fw/Drivers/CMSIS/NN/NN_Lib_Tests/nn_test/RTE/_ARMCM4_FP) by extensions ['colcon_pkg']
[0.563s] Level 1:colcon.colcon_core.package_identification:_identify(stm32_fw/Drivers/CMSIS/NN/NN_Lib_Tests/nn_test/RTE/_ARMCM4_FP) by extension 'colcon_pkg'
[0.563s] Level 1:colcon.colcon_core.package_identification:_identify(stm32_fw/Drivers/CMSIS/NN/NN_Lib_Tests/nn_test/RTE/_ARMCM4_FP) by extensions ['colcon_meta']
[0.563s] Level 1:colcon.colcon_core.package_identification:_identify(stm32_fw/Drivers/CMSIS/NN/NN_Lib_Tests/nn_test/RTE/_ARMCM4_FP) by extension 'colcon_meta'
[0.563s] Level 1:colcon.colcon_core.package_identification:_identify(stm32_fw/Drivers/CMSIS/NN/NN_Lib_Tests/nn_test/RTE/_ARMCM4_FP) by extensions ['ros']
[0.563s] Level 1:colcon.colcon_core.package_identification:_identify(stm32_fw/Drivers/CMSIS/NN/NN_Lib_Tests/nn_test/RTE/_ARMCM4_FP) by extension 'ros'
[0.563s] Level 1:colcon.colcon_core.package_identification:_identify(stm32_fw/Drivers/CMSIS/NN/NN_Lib_Tests/nn_test/RTE/_ARMCM4_FP) by extensions ['cmake', 'python']
[0.563s] Level 1:colcon.colcon_core.package_identification:_identify(stm32_fw/Drivers/CMSIS/NN/NN_Lib_Tests/nn_test/RTE/_ARMCM4_FP) by extension 'cmake'
[0.563s] Level 1:colcon.colcon_core.package_identification:_identify(stm32_fw/Drivers/CMSIS/NN/NN_Lib_Tests/nn_test/RTE/_ARMCM4_FP) by extension 'python'
[0.564s] Level 1:colcon.colcon_core.package_identification:_identify(stm32_fw/Drivers/CMSIS/NN/NN_Lib_Tests/nn_test/RTE/_ARMCM4_FP) by extensions ['python_setup_py']
[0.564s] Level 1:colcon.colcon_core.package_identification:_identify(stm32_fw/Drivers/CMSIS/NN/NN_Lib_Tests/nn_test/RTE/_ARMCM4_FP) by extension 'python_setup_py'
[0.564s] Level 1:colcon.colcon_core.package_identification:_identify(stm32_fw/Drivers/CMSIS/NN/NN_Lib_Tests/nn_test/RTE/_ARMCM7_SP) by extensions ['ignore', 'ignore_ament_install']
[0.564s] Level 1:colcon.colcon_core.package_identification:_identify(stm32_fw/Drivers/CMSIS/NN/NN_Lib_Tests/nn_test/RTE/_ARMCM7_SP) by extension 'ignore'
[0.564s] Level 1:colcon.colcon_core.package_identification:_identify(stm32_fw/Drivers/CMSIS/NN/NN_Lib_Tests/nn_test/RTE/_ARMCM7_SP) by extension 'ignore_ament_install'
[0.564s] Level 1:colcon.colcon_core.package_identification:_identify(stm32_fw/Drivers/CMSIS/NN/NN_Lib_Tests/nn_test/RTE/_ARMCM7_SP) by extensions ['colcon_pkg']
[0.564s] Level 1:colcon.colcon_core.package_identification:_identify(stm32_fw/Drivers/CMSIS/NN/NN_Lib_Tests/nn_test/RTE/_ARMCM7_SP) by extension 'colcon_pkg'
[0.564s] Level 1:colcon.colcon_core.package_identification:_identify(stm32_fw/Drivers/CMSIS/NN/NN_Lib_Tests/nn_test/RTE/_ARMCM7_SP) by extensions ['colcon_meta']
[0.564s] Level 1:colcon.colcon_core.package_identification:_identify(stm32_fw/Drivers/CMSIS/NN/NN_Lib_Tests/nn_test/RTE/_ARMCM7_SP) by extension 'colcon_meta'
[0.564s] Level 1:colcon.colcon_core.package_identification:_identify(stm32_fw/Drivers/CMSIS/NN/NN_Lib_Tests/nn_test/RTE/_ARMCM7_SP) by extensions ['ros']
[0.564s] Level 1:colcon.colcon_core.package_identification:_identify(stm32_fw/Drivers/CMSIS/NN/NN_Lib_Tests/nn_test/RTE/_ARMCM7_SP) by extension 'ros'
[0.564s] Level 1:colcon.colcon_core.package_identification:_identify(stm32_fw/Drivers/CMSIS/NN/NN_Lib_Tests/nn_test/RTE/_ARMCM7_SP) by extensions ['cmake', 'python']
[0.564s] Level 1:colcon.colcon_core.package_identification:_identify(stm32_fw/Drivers/CMSIS/NN/NN_Lib_Tests/nn_test/RTE/_ARMCM7_SP) by extension 'cmake'
[0.564s] Level 1:colcon.colcon_core.package_identification:_identify(stm32_fw/Drivers/CMSIS/NN/NN_Lib_Tests/nn_test/RTE/_ARMCM7_SP) by extension 'python'
[0.564s] Level 1:colcon.colcon_core.package_identification:_identify(stm32_fw/Drivers/CMSIS/NN/NN_Lib_Tests/nn_test/RTE/_ARMCM7_SP) by extensions ['python_setup_py']
[0.564s] Level 1:colcon.colcon_core.package_identification:_identify(stm32_fw/Drivers/CMSIS/NN/NN_Lib_Tests/nn_test/RTE/_ARMCM7_SP) by extension 'python_setup_py'
[0.564s] Level 1:colcon.colcon_core.package_identification:_identify(stm32_fw/Drivers/CMSIS/NN/NN_Lib_Tests/nn_test/Ref_Implementations) by extensions ['ignore', 'ignore_ament_install']
[0.564s] Level 1:colcon.colcon_core.package_identification:_identify(stm32_fw/Drivers/CMSIS/NN/NN_Lib_Tests/nn_test/Ref_Implementations) by extension 'ignore'
[0.564s] Level 1:colcon.colcon_core.package_identification:_identify(stm32_fw/Drivers/CMSIS/NN/NN_Lib_Tests/nn_test/Ref_Implementations) by extension 'ignore_ament_install'
[0.564s] Level 1:colcon.colcon_core.package_identification:_identify(stm32_fw/Drivers/CMSIS/NN/NN_Lib_Tests/nn_test/Ref_Implementations) by extensions ['colcon_pkg']
[0.564s] Level 1:colcon.colcon_core.package_identification:_identify(stm32_fw/Drivers/CMSIS/NN/NN_Lib_Tests/nn_test/Ref_Implementations) by extension 'colcon_pkg'
[0.564s] Level 1:colcon.colcon_core.package_identification:_identify(stm32_fw/Drivers/CMSIS/NN/NN_Lib_Tests/nn_test/Ref_Implementations) by extensions ['colcon_meta']
[0.565s] Level 1:colcon.colcon_core.package_identification:_identify(stm32_fw/Drivers/CMSIS/NN/NN_Lib_Tests/nn_test/Ref_Implementations) by extension 'colcon_meta'
[0.565s] Level 1:colcon.colcon_core.package_identification:_identify(stm32_fw/Drivers/CMSIS/NN/NN_Lib_Tests/nn_test/Ref_Implementations) by extensions ['ros']
[0.565s] Level 1:colcon.colcon_core.package_identification:_identify(stm32_fw/Drivers/CMSIS/NN/NN_Lib_Tests/nn_test/Ref_Implementations) by extension 'ros'
[0.565s] Level 1:colcon.colcon_core.package_identification:_identify(stm32_fw/Drivers/CMSIS/NN/NN_Lib_Tests/nn_test/Ref_Implementations) by extensions ['cmake', 'python']
[0.565s] Level 1:colcon.colcon_core.package_identification:_identify(stm32_fw/Drivers/CMSIS/NN/NN_Lib_Tests/nn_test/Ref_Implementations) by extension 'cmake'
[0.565s] Level 1:colcon.colcon_core.package_identification:_identify(stm32_fw/Drivers/CMSIS/NN/NN_Lib_Tests/nn_test/Ref_Implementations) by extension 'python'
[0.565s] Level 1:colcon.colcon_core.package_identification:_identify(stm32_fw/Drivers/CMSIS/NN/NN_Lib_Tests/nn_test/Ref_Implementations) by extensions ['python_setup_py']
[0.565s] Level 1:colcon.colcon_core.package_identification:_identify(stm32_fw/Drivers/CMSIS/NN/NN_Lib_Tests/nn_test/Ref_Implementations) by extension 'python_setup_py'
[0.565s] Level 1:colcon.colcon_core.package_identification:_identify(stm32_fw/Drivers/CMSIS/NN/Source) by extensions ['ignore', 'ignore_ament_install']
[0.565s] Level 1:colcon.colcon_core.package_identification:_identify(stm32_fw/Drivers/CMSIS/NN/Source) by extension 'ignore'
[0.565s] Level 1:colcon.colcon_core.package_identification:_identify(stm32_fw/Drivers/CMSIS/NN/Source) by extension 'ignore_ament_install'
[0.565s] Level 1:colcon.colcon_core.package_identification:_identify(stm32_fw/Drivers/CMSIS/NN/Source) by extensions ['colcon_pkg']
[0.565s] Level 1:colcon.colcon_core.package_identification:_identify(stm32_fw/Drivers/CMSIS/NN/Source) by extension 'colcon_pkg'
[0.565s] Level 1:colcon.colcon_core.package_identification:_identify(stm32_fw/Drivers/CMSIS/NN/Source) by extensions ['colcon_meta']
[0.565s] Level 1:colcon.colcon_core.package_identification:_identify(stm32_fw/Drivers/CMSIS/NN/Source) by extension 'colcon_meta'
[0.565s] Level 1:colcon.colcon_core.package_identification:_identify(stm32_fw/Drivers/CMSIS/NN/Source) by extensions ['ros']
[0.565s] Level 1:colcon.colcon_core.package_identification:_identify(stm32_fw/Drivers/CMSIS/NN/Source) by extension 'ros'
[0.565s] Level 1:colcon.colcon_core.package_identification:_identify(stm32_fw/Drivers/CMSIS/NN/Source) by extensions ['cmake', 'python']
[0.565s] Level 1:colcon.colcon_core.package_identification:_identify(stm32_fw/Drivers/CMSIS/NN/Source) by extension 'cmake'
[0.565s] Level 1:colcon.colcon_core.package_identification:_identify(stm32_fw/Drivers/CMSIS/NN/Source) by extension 'python'
[0.565s] Level 1:colcon.colcon_core.package_identification:_identify(stm32_fw/Drivers/CMSIS/NN/Source) by extensions ['python_setup_py']
[0.565s] Level 1:colcon.colcon_core.package_identification:_identify(stm32_fw/Drivers/CMSIS/NN/Source) by extension 'python_setup_py'
[0.565s] Level 1:colcon.colcon_core.package_identification:_identify(stm32_fw/Drivers/CMSIS/NN/Source/ActivationFunctions) by extensions ['ignore', 'ignore_ament_install']
[0.565s] Level 1:colcon.colcon_core.package_identification:_identify(stm32_fw/Drivers/CMSIS/NN/Source/ActivationFunctions) by extension 'ignore'
[0.565s] Level 1:colcon.colcon_core.package_identification:_identify(stm32_fw/Drivers/CMSIS/NN/Source/ActivationFunctions) by extension 'ignore_ament_install'
[0.566s] Level 1:colcon.colcon_core.package_identification:_identify(stm32_fw/Drivers/CMSIS/NN/Source/ActivationFunctions) by extensions ['colcon_pkg']
[0.566s] Level 1:colcon.colcon_core.package_identification:_identify(stm32_fw/Drivers/CMSIS/NN/Source/ActivationFunctions) by extension 'colcon_pkg'
[0.566s] Level 1:colcon.colcon_core.package_identification:_identify(stm32_fw/Drivers/CMSIS/NN/Source/ActivationFunctions) by extensions ['colcon_meta']
[0.566s] Level 1:colcon.colcon_core.package_identification:_identify(stm32_fw/Drivers/CMSIS/NN/Source/ActivationFunctions) by extension 'colcon_meta'
[0.566s] Level 1:colcon.colcon_core.package_identification:_identify(stm32_fw/Drivers/CMSIS/NN/Source/ActivationFunctions) by extensions ['ros']
[0.566s] Level 1:colcon.colcon_core.package_identification:_identify(stm32_fw/Drivers/CMSIS/NN/Source/ActivationFunctions) by extension 'ros'
[0.566s] Level 1:colcon.colcon_core.package_identification:_identify(stm32_fw/Drivers/CMSIS/NN/Source/ActivationFunctions) by extensions ['cmake', 'python']
[0.566s] Level 1:colcon.colcon_core.package_identification:_identify(stm32_fw/Drivers/CMSIS/NN/Source/ActivationFunctions) by extension 'cmake'
[0.566s] Level 1:colcon.colcon_core.package_identification:_identify(stm32_fw/Drivers/CMSIS/NN/Source/ActivationFunctions) by extension 'python'
[0.566s] Level 1:colcon.colcon_core.package_identification:_identify(stm32_fw/Drivers/CMSIS/NN/Source/ActivationFunctions) by extensions ['python_setup_py']
[0.566s] Level 1:colcon.colcon_core.package_identification:_identify(stm32_fw/Drivers/CMSIS/NN/Source/ActivationFunctions) by extension 'python_setup_py'
[0.566s] Level 1:colcon.colcon_core.package_identification:_identify(stm32_fw/Drivers/CMSIS/NN/Source/ConvolutionFunctions) by extensions ['ignore', 'ignore_ament_install']
[0.566s] Level 1:colcon.colcon_core.package_identification:_identify(stm32_fw/Drivers/CMSIS/NN/Source/ConvolutionFunctions) by extension 'ignore'
[0.566s] Level 1:colcon.colcon_core.package_identification:_identify(stm32_fw/Drivers/CMSIS/NN/Source/ConvolutionFunctions) by extension 'ignore_ament_install'
[0.566s] Level 1:colcon.colcon_core.package_identification:_identify(stm32_fw/Drivers/CMSIS/NN/Source/ConvolutionFunctions) by extensions ['colcon_pkg']
[0.566s] Level 1:colcon.colcon_core.package_identification:_identify(stm32_fw/Drivers/CMSIS/NN/Source/ConvolutionFunctions) by extension 'colcon_pkg'
[0.566s] Level 1:colcon.colcon_core.package_identification:_identify(stm32_fw/Drivers/CMSIS/NN/Source/ConvolutionFunctions) by extensions ['colcon_meta']
[0.566s] Level 1:colcon.colcon_core.package_identification:_identify(stm32_fw/Drivers/CMSIS/NN/Source/ConvolutionFunctions) by extension 'colcon_meta'
[0.566s] Level 1:colcon.colcon_core.package_identification:_identify(stm32_fw/Drivers/CMSIS/NN/Source/ConvolutionFunctions) by extensions ['ros']
[0.566s] Level 1:colcon.colcon_core.package_identification:_identify(stm32_fw/Drivers/CMSIS/NN/Source/ConvolutionFunctions) by extension 'ros'
[0.566s] Level 1:colcon.colcon_core.package_identification:_identify(stm32_fw/Drivers/CMSIS/NN/Source/ConvolutionFunctions) by extensions ['cmake', 'python']
[0.566s] Level 1:colcon.colcon_core.package_identification:_identify(stm32_fw/Drivers/CMSIS/NN/Source/ConvolutionFunctions) by extension 'cmake'
[0.566s] Level 1:colcon.colcon_core.package_identification:_identify(stm32_fw/Drivers/CMSIS/NN/Source/ConvolutionFunctions) by extension 'python'
[0.566s] Level 1:colcon.colcon_core.package_identification:_identify(stm32_fw/Drivers/CMSIS/NN/Source/ConvolutionFunctions) by extensions ['python_setup_py']
[0.566s] Level 1:colcon.colcon_core.package_identification:_identify(stm32_fw/Drivers/CMSIS/NN/Source/ConvolutionFunctions) by extension 'python_setup_py'
[0.566s] Level 1:colcon.colcon_core.package_identification:_identify(stm32_fw/Drivers/CMSIS/NN/Source/FullyConnectedFunctions) by extensions ['ignore', 'ignore_ament_install']
[0.566s] Level 1:colcon.colcon_core.package_identification:_identify(stm32_fw/Drivers/CMSIS/NN/Source/FullyConnectedFunctions) by extension 'ignore'
[0.566s] Level 1:colcon.colcon_core.package_identification:_identify(stm32_fw/Drivers/CMSIS/NN/Source/FullyConnectedFunctions) by extension 'ignore_ament_install'
[0.566s] Level 1:colcon.colcon_core.package_identification:_identify(stm32_fw/Drivers/CMSIS/NN/Source/FullyConnectedFunctions) by extensions ['colcon_pkg']
[0.567s] Level 1:colcon.colcon_core.package_identification:_identify(stm32_fw/Drivers/CMSIS/NN/Source/FullyConnectedFunctions) by extension 'colcon_pkg'
[0.567s] Level 1:colcon.colcon_core.package_identification:_identify(stm32_fw/Drivers/CMSIS/NN/Source/FullyConnectedFunctions) by extensions ['colcon_meta']
[0.567s] Level 1:colcon.colcon_core.package_identification:_identify(stm32_fw/Drivers/CMSIS/NN/Source/FullyConnectedFunctions) by extension 'colcon_meta'
[0.567s] Level 1:colcon.colcon_core.package_identification:_identify(stm32_fw/Drivers/CMSIS/NN/Source/FullyConnectedFunctions) by extensions ['ros']
[0.567s] Level 1:colcon.colcon_core.package_identification:_identify(stm32_fw/Drivers/CMSIS/NN/Source/FullyConnectedFunctions) by extension 'ros'
[0.567s] Level 1:colcon.colcon_core.package_identification:_identify(stm32_fw/Drivers/CMSIS/NN/Source/FullyConnectedFunctions) by extensions ['cmake', 'python']
[0.567s] Level 1:colcon.colcon_core.package_identification:_identify(stm32_fw/Drivers/CMSIS/NN/Source/FullyConnectedFunctions) by extension 'cmake'
[0.567s] Level 1:colcon.colcon_core.package_identification:_identify(stm32_fw/Drivers/CMSIS/NN/Source/FullyConnectedFunctions) by extension 'python'
[0.567s] Level 1:colcon.colcon_core.package_identification:_identify(stm32_fw/Drivers/CMSIS/NN/Source/FullyConnectedFunctions) by extensions ['python_setup_py']
[0.567s] Level 1:colcon.colcon_core.package_identification:_identify(stm32_fw/Drivers/CMSIS/NN/Source/FullyConnectedFunctions) by extension 'python_setup_py'
[0.567s] Level 1:colcon.colcon_core.package_identification:_identify(stm32_fw/Drivers/CMSIS/NN/Source/NNSupportFunctions) by extensions ['ignore', 'ignore_ament_install']
[0.567s] Level 1:colcon.colcon_core.package_identification:_identify(stm32_fw/Drivers/CMSIS/NN/Source/NNSupportFunctions) by extension 'ignore'
[0.567s] Level 1:colcon.colcon_core.package_identification:_identify(stm32_fw/Drivers/CMSIS/NN/Source/NNSupportFunctions) by extension 'ignore_ament_install'
[0.567s] Level 1:colcon.colcon_core.package_identification:_identify(stm32_fw/Drivers/CMSIS/NN/Source/NNSupportFunctions) by extensions ['colcon_pkg']
[0.567s] Level 1:colcon.colcon_core.package_identification:_identify(stm32_fw/Drivers/CMSIS/NN/Source/NNSupportFunctions) by extension 'colcon_pkg'
[0.567s] Level 1:colcon.colcon_core.package_identification:_identify(stm32_fw/Drivers/CMSIS/NN/Source/NNSupportFunctions) by extensions ['colcon_meta']
[0.567s] Level 1:colcon.colcon_core.package_identification:_identify(stm32_fw/Drivers/CMSIS/NN/Source/NNSupportFunctions) by extension 'colcon_meta'
[0.567s] Level 1:colcon.colcon_core.package_identification:_identify(stm32_fw/Drivers/CMSIS/NN/Source/NNSupportFunctions) by extensions ['ros']
[0.567s] Level 1:colcon.colcon_core.package_identification:_identify(stm32_fw/Drivers/CMSIS/NN/Source/NNSupportFunctions) by extension 'ros'
[0.567s] Level 1:colcon.colcon_core.package_identification:_identify(stm32_fw/Drivers/CMSIS/NN/Source/NNSupportFunctions) by extensions ['cmake', 'python']
[0.567s] Level 1:colcon.colcon_core.package_identification:_identify(stm32_fw/Drivers/CMSIS/NN/Source/NNSupportFunctions) by extension 'cmake'
[0.567s] Level 1:colcon.colcon_core.package_identification:_identify(stm32_fw/Drivers/CMSIS/NN/Source/NNSupportFunctions) by extension 'python'
[0.567s] Level 1:colcon.colcon_core.package_identification:_identify(stm32_fw/Drivers/CMSIS/NN/Source/NNSupportFunctions) by extensions ['python_setup_py']
[0.567s] Level 1:colcon.colcon_core.package_identification:_identify(stm32_fw/Drivers/CMSIS/NN/Source/NNSupportFunctions) by extension 'python_setup_py'
[0.567s] Level 1:colcon.colcon_core.package_identification:_identify(stm32_fw/Drivers/CMSIS/NN/Source/PoolingFunctions) by extensions ['ignore', 'ignore_ament_install']
[0.567s] Level 1:colcon.colcon_core.package_identification:_identify(stm32_fw/Drivers/CMSIS/NN/Source/PoolingFunctions) by extension 'ignore'
[0.567s] Level 1:colcon.colcon_core.package_identification:_identify(stm32_fw/Drivers/CMSIS/NN/Source/PoolingFunctions) by extension 'ignore_ament_install'
[0.567s] Level 1:colcon.colcon_core.package_identification:_identify(stm32_fw/Drivers/CMSIS/NN/Source/PoolingFunctions) by extensions ['colcon_pkg']
[0.567s] Level 1:colcon.colcon_core.package_identification:_identify(stm32_fw/Drivers/CMSIS/NN/Source/PoolingFunctions) by extension 'colcon_pkg'
[0.567s] Level 1:colcon.colcon_core.package_identification:_identify(stm32_fw/Drivers/CMSIS/NN/Source/PoolingFunctions) by extensions ['colcon_meta']
[0.567s] Level 1:colcon.colcon_core.package_identification:_identify(stm32_fw/Drivers/CMSIS/NN/Source/PoolingFunctions) by extension 'colcon_meta'
[0.567s] Level 1:colcon.colcon_core.package_identification:_identify(stm32_fw/Drivers/CMSIS/NN/Source/PoolingFunctions) by extensions ['ros']
[0.567s] Level 1:colcon.colcon_core.package_identification:_identify(stm32_fw/Drivers/CMSIS/NN/Source/PoolingFunctions) by extension 'ros'
[0.568s] Level 1:colcon.colcon_core.package_identification:_identify(stm32_fw/Drivers/CMSIS/NN/Source/PoolingFunctions) by extensions ['cmake', 'python']
[0.568s] Level 1:colcon.colcon_core.package_identification:_identify(stm32_fw/Drivers/CMSIS/NN/Source/PoolingFunctions) by extension 'cmake'
[0.568s] Level 1:colcon.colcon_core.package_identification:_identify(stm32_fw/Drivers/CMSIS/NN/Source/PoolingFunctions) by extension 'python'
[0.568s] Level 1:colcon.colcon_core.package_identification:_identify(stm32_fw/Drivers/CMSIS/NN/Source/PoolingFunctions) by extensions ['python_setup_py']
[0.568s] Level 1:colcon.colcon_core.package_identification:_identify(stm32_fw/Drivers/CMSIS/NN/Source/PoolingFunctions) by extension 'python_setup_py'
[0.568s] Level 1:colcon.colcon_core.package_identification:_identify(stm32_fw/Drivers/CMSIS/NN/Source/SoftmaxFunctions) by extensions ['ignore', 'ignore_ament_install']
[0.568s] Level 1:colcon.colcon_core.package_identification:_identify(stm32_fw/Drivers/CMSIS/NN/Source/SoftmaxFunctions) by extension 'ignore'
[0.568s] Level 1:colcon.colcon_core.package_identification:_identify(stm32_fw/Drivers/CMSIS/NN/Source/SoftmaxFunctions) by extension 'ignore_ament_install'
[0.568s] Level 1:colcon.colcon_core.package_identification:_identify(stm32_fw/Drivers/CMSIS/NN/Source/SoftmaxFunctions) by extensions ['colcon_pkg']
[0.568s] Level 1:colcon.colcon_core.package_identification:_identify(stm32_fw/Drivers/CMSIS/NN/Source/SoftmaxFunctions) by extension 'colcon_pkg'
[0.568s] Level 1:colcon.colcon_core.package_identification:_identify(stm32_fw/Drivers/CMSIS/NN/Source/SoftmaxFunctions) by extensions ['colcon_meta']
[0.568s] Level 1:colcon.colcon_core.package_identification:_identify(stm32_fw/Drivers/CMSIS/NN/Source/SoftmaxFunctions) by extension 'colcon_meta'
[0.568s] Level 1:colcon.colcon_core.package_identification:_identify(stm32_fw/Drivers/CMSIS/NN/Source/SoftmaxFunctions) by extensions ['ros']
[0.568s] Level 1:colcon.colcon_core.package_identification:_identify(stm32_fw/Drivers/CMSIS/NN/Source/SoftmaxFunctions) by extension 'ros'
[0.568s] Level 1:colcon.colcon_core.package_identification:_identify(stm32_fw/Drivers/CMSIS/NN/Source/SoftmaxFunctions) by extensions ['cmake', 'python']
[0.568s] Level 1:colcon.colcon_core.package_identification:_identify(stm32_fw/Drivers/CMSIS/NN/Source/SoftmaxFunctions) by extension 'cmake'
[0.568s] Level 1:colcon.colcon_core.package_identification:_identify(stm32_fw/Drivers/CMSIS/NN/Source/SoftmaxFunctions) by extension 'python'
[0.568s] Level 1:colcon.colcon_core.package_identification:_identify(stm32_fw/Drivers/CMSIS/NN/Source/SoftmaxFunctions) by extensions ['python_setup_py']
[0.568s] Level 1:colcon.colcon_core.package_identification:_identify(stm32_fw/Drivers/CMSIS/NN/Source/SoftmaxFunctions) by extension 'python_setup_py'
[0.568s] Level 1:colcon.colcon_core.package_identification:_identify(stm32_fw/Drivers/CMSIS/RTOS) by extensions ['ignore', 'ignore_ament_install']
[0.568s] Level 1:colcon.colcon_core.package_identification:_identify(stm32_fw/Drivers/CMSIS/RTOS) by extension 'ignore'
[0.568s] Level 1:colcon.colcon_core.package_identification:_identify(stm32_fw/Drivers/CMSIS/RTOS) by extension 'ignore_ament_install'
[0.569s] Level 1:colcon.colcon_core.package_identification:_identify(stm32_fw/Drivers/CMSIS/RTOS) by extensions ['colcon_pkg']
[0.569s] Level 1:colcon.colcon_core.package_identification:_identify(stm32_fw/Drivers/CMSIS/RTOS) by extension 'colcon_pkg'
[0.569s] Level 1:colcon.colcon_core.package_identification:_identify(stm32_fw/Drivers/CMSIS/RTOS) by extensions ['colcon_meta']
[0.569s] Level 1:colcon.colcon_core.package_identification:_identify(stm32_fw/Drivers/CMSIS/RTOS) by extension 'colcon_meta'
[0.569s] Level 1:colcon.colcon_core.package_identification:_identify(stm32_fw/Drivers/CMSIS/RTOS) by extensions ['ros']
[0.569s] Level 1:colcon.colcon_core.package_identification:_identify(stm32_fw/Drivers/CMSIS/RTOS) by extension 'ros'
[0.569s] Level 1:colcon.colcon_core.package_identification:_identify(stm32_fw/Drivers/CMSIS/RTOS) by extensions ['cmake', 'python']
[0.569s] Level 1:colcon.colcon_core.package_identification:_identify(stm32_fw/Drivers/CMSIS/RTOS) by extension 'cmake'
[0.569s] Level 1:colcon.colcon_core.package_identification:_identify(stm32_fw/Drivers/CMSIS/RTOS) by extension 'python'
[0.569s] Level 1:colcon.colcon_core.package_identification:_identify(stm32_fw/Drivers/CMSIS/RTOS) by extensions ['python_setup_py']
[0.569s] Level 1:colcon.colcon_core.package_identification:_identify(stm32_fw/Drivers/CMSIS/RTOS) by extension 'python_setup_py'
[0.569s] Level 1:colcon.colcon_core.package_identification:_identify(stm32_fw/Drivers/CMSIS/RTOS/Template) by extensions ['ignore', 'ignore_ament_install']
[0.569s] Level 1:colcon.colcon_core.package_identification:_identify(stm32_fw/Drivers/CMSIS/RTOS/Template) by extension 'ignore'
[0.569s] Level 1:colcon.colcon_core.package_identification:_identify(stm32_fw/Drivers/CMSIS/RTOS/Template) by extension 'ignore_ament_install'
[0.569s] Level 1:colcon.colcon_core.package_identification:_identify(stm32_fw/Drivers/CMSIS/RTOS/Template) by extensions ['colcon_pkg']
[0.569s] Level 1:colcon.colcon_core.package_identification:_identify(stm32_fw/Drivers/CMSIS/RTOS/Template) by extension 'colcon_pkg'
[0.569s] Level 1:colcon.colcon_core.package_identification:_identify(stm32_fw/Drivers/CMSIS/RTOS/Template) by extensions ['colcon_meta']
[0.569s] Level 1:colcon.colcon_core.package_identification:_identify(stm32_fw/Drivers/CMSIS/RTOS/Template) by extension 'colcon_meta'
[0.569s] Level 1:colcon.colcon_core.package_identification:_identify(stm32_fw/Drivers/CMSIS/RTOS/Template) by extensions ['ros']
[0.569s] Level 1:colcon.colcon_core.package_identification:_identify(stm32_fw/Drivers/CMSIS/RTOS/Template) by extension 'ros'
[0.569s] Level 1:colcon.colcon_core.package_identification:_identify(stm32_fw/Drivers/CMSIS/RTOS/Template) by extensions ['cmake', 'python']
[0.569s] Level 1:colcon.colcon_core.package_identification:_identify(stm32_fw/Drivers/CMSIS/RTOS/Template) by extension 'cmake'
[0.569s] Level 1:colcon.colcon_core.package_identification:_identify(stm32_fw/Drivers/CMSIS/RTOS/Template) by extension 'python'
[0.569s] Level 1:colcon.colcon_core.package_identification:_identify(stm32_fw/Drivers/CMSIS/RTOS/Template) by extensions ['python_setup_py']
[0.569s] Level 1:colcon.colcon_core.package_identification:_identify(stm32_fw/Drivers/CMSIS/RTOS/Template) by extension 'python_setup_py'
[0.569s] Level 1:colcon.colcon_core.package_identification:_identify(stm32_fw/Drivers/CMSIS/RTOS2) by extensions ['ignore', 'ignore_ament_install']
[0.570s] Level 1:colcon.colcon_core.package_identification:_identify(stm32_fw/Drivers/CMSIS/RTOS2) by extension 'ignore'
[0.570s] Level 1:colcon.colcon_core.package_identification:_identify(stm32_fw/Drivers/CMSIS/RTOS2) by extension 'ignore_ament_install'
[0.570s] Level 1:colcon.colcon_core.package_identification:_identify(stm32_fw/Drivers/CMSIS/RTOS2) by extensions ['colcon_pkg']
[0.570s] Level 1:colcon.colcon_core.package_identification:_identify(stm32_fw/Drivers/CMSIS/RTOS2) by extension 'colcon_pkg'
[0.570s] Level 1:colcon.colcon_core.package_identification:_identify(stm32_fw/Drivers/CMSIS/RTOS2) by extensions ['colcon_meta']
[0.570s] Level 1:colcon.colcon_core.package_identification:_identify(stm32_fw/Drivers/CMSIS/RTOS2) by extension 'colcon_meta'
[0.570s] Level 1:colcon.colcon_core.package_identification:_identify(stm32_fw/Drivers/CMSIS/RTOS2) by extensions ['ros']
[0.570s] Level 1:colcon.colcon_core.package_identification:_identify(stm32_fw/Drivers/CMSIS/RTOS2) by extension 'ros'
[0.570s] Level 1:colcon.colcon_core.package_identification:_identify(stm32_fw/Drivers/CMSIS/RTOS2) by extensions ['cmake', 'python']
[0.570s] Level 1:colcon.colcon_core.package_identification:_identify(stm32_fw/Drivers/CMSIS/RTOS2) by extension 'cmake'
[0.570s] Level 1:colcon.colcon_core.package_identification:_identify(stm32_fw/Drivers/CMSIS/RTOS2) by extension 'python'
[0.570s] Level 1:colcon.colcon_core.package_identification:_identify(stm32_fw/Drivers/CMSIS/RTOS2) by extensions ['python_setup_py']
[0.570s] Level 1:colcon.colcon_core.package_identification:_identify(stm32_fw/Drivers/CMSIS/RTOS2) by extension 'python_setup_py'
[0.570s] Level 1:colcon.colcon_core.package_identification:_identify(stm32_fw/Drivers/CMSIS/RTOS2/Include) by extensions ['ignore', 'ignore_ament_install']
[0.570s] Level 1:colcon.colcon_core.package_identification:_identify(stm32_fw/Drivers/CMSIS/RTOS2/Include) by extension 'ignore'
[0.570s] Level 1:colcon.colcon_core.package_identification:_identify(stm32_fw/Drivers/CMSIS/RTOS2/Include) by extension 'ignore_ament_install'
[0.570s] Level 1:colcon.colcon_core.package_identification:_identify(stm32_fw/Drivers/CMSIS/RTOS2/Include) by extensions ['colcon_pkg']
[0.570s] Level 1:colcon.colcon_core.package_identification:_identify(stm32_fw/Drivers/CMSIS/RTOS2/Include) by extension 'colcon_pkg'
[0.570s] Level 1:colcon.colcon_core.package_identification:_identify(stm32_fw/Drivers/CMSIS/RTOS2/Include) by extensions ['colcon_meta']
[0.570s] Level 1:colcon.colcon_core.package_identification:_identify(stm32_fw/Drivers/CMSIS/RTOS2/Include) by extension 'colcon_meta'
[0.570s] Level 1:colcon.colcon_core.package_identification:_identify(stm32_fw/Drivers/CMSIS/RTOS2/Include) by extensions ['ros']
[0.570s] Level 1:colcon.colcon_core.package_identification:_identify(stm32_fw/Drivers/CMSIS/RTOS2/Include) by extension 'ros'
[0.570s] Level 1:colcon.colcon_core.package_identification:_identify(stm32_fw/Drivers/CMSIS/RTOS2/Include) by extensions ['cmake', 'python']
[0.570s] Level 1:colcon.colcon_core.package_identification:_identify(stm32_fw/Drivers/CMSIS/RTOS2/Include) by extension 'cmake'
[0.570s] Level 1:colcon.colcon_core.package_identification:_identify(stm32_fw/Drivers/CMSIS/RTOS2/Include) by extension 'python'
[0.571s] Level 1:colcon.colcon_core.package_identification:_identify(stm32_fw/Drivers/CMSIS/RTOS2/Include) by extensions ['python_setup_py']
[0.571s] Level 1:colcon.colcon_core.package_identification:_identify(stm32_fw/Drivers/CMSIS/RTOS2/Include) by extension 'python_setup_py'
[0.571s] Level 1:colcon.colcon_core.package_identification:_identify(stm32_fw/Drivers/CMSIS/RTOS2/Source) by extensions ['ignore', 'ignore_ament_install']
[0.571s] Level 1:colcon.colcon_core.package_identification:_identify(stm32_fw/Drivers/CMSIS/RTOS2/Source) by extension 'ignore'
[0.571s] Level 1:colcon.colcon_core.package_identification:_identify(stm32_fw/Drivers/CMSIS/RTOS2/Source) by extension 'ignore_ament_install'
[0.571s] Level 1:colcon.colcon_core.package_identification:_identify(stm32_fw/Drivers/CMSIS/RTOS2/Source) by extensions ['colcon_pkg']
[0.571s] Level 1:colcon.colcon_core.package_identification:_identify(stm32_fw/Drivers/CMSIS/RTOS2/Source) by extension 'colcon_pkg'
[0.571s] Level 1:colcon.colcon_core.package_identification:_identify(stm32_fw/Drivers/CMSIS/RTOS2/Source) by extensions ['colcon_meta']
[0.571s] Level 1:colcon.colcon_core.package_identification:_identify(stm32_fw/Drivers/CMSIS/RTOS2/Source) by extension 'colcon_meta'
[0.571s] Level 1:colcon.colcon_core.package_identification:_identify(stm32_fw/Drivers/CMSIS/RTOS2/Source) by extensions ['ros']
[0.571s] Level 1:colcon.colcon_core.package_identification:_identify(stm32_fw/Drivers/CMSIS/RTOS2/Source) by extension 'ros'
[0.571s] Level 1:colcon.colcon_core.package_identification:_identify(stm32_fw/Drivers/CMSIS/RTOS2/Source) by extensions ['cmake', 'python']
[0.571s] Level 1:colcon.colcon_core.package_identification:_identify(stm32_fw/Drivers/CMSIS/RTOS2/Source) by extension 'cmake'
[0.571s] Level 1:colcon.colcon_core.package_identification:_identify(stm32_fw/Drivers/CMSIS/RTOS2/Source) by extension 'python'
[0.571s] Level 1:colcon.colcon_core.package_identification:_identify(stm32_fw/Drivers/CMSIS/RTOS2/Source) by extensions ['python_setup_py']
[0.571s] Level 1:colcon.colcon_core.package_identification:_identify(stm32_fw/Drivers/CMSIS/RTOS2/Source) by extension 'python_setup_py'
[0.571s] Level 1:colcon.colcon_core.package_identification:_identify(stm32_fw/Drivers/CMSIS/RTOS2/Template) by extensions ['ignore', 'ignore_ament_install']
[0.571s] Level 1:colcon.colcon_core.package_identification:_identify(stm32_fw/Drivers/CMSIS/RTOS2/Template) by extension 'ignore'
[0.571s] Level 1:colcon.colcon_core.package_identification:_identify(stm32_fw/Drivers/CMSIS/RTOS2/Template) by extension 'ignore_ament_install'
[0.571s] Level 1:colcon.colcon_core.package_identification:_identify(stm32_fw/Drivers/CMSIS/RTOS2/Template) by extensions ['colcon_pkg']
[0.571s] Level 1:colcon.colcon_core.package_identification:_identify(stm32_fw/Drivers/CMSIS/RTOS2/Template) by extension 'colcon_pkg'
[0.571s] Level 1:colcon.colcon_core.package_identification:_identify(stm32_fw/Drivers/CMSIS/RTOS2/Template) by extensions ['colcon_meta']
[0.571s] Level 1:colcon.colcon_core.package_identification:_identify(stm32_fw/Drivers/CMSIS/RTOS2/Template) by extension 'colcon_meta'
[0.571s] Level 1:colcon.colcon_core.package_identification:_identify(stm32_fw/Drivers/CMSIS/RTOS2/Template) by extensions ['ros']
[0.571s] Level 1:colcon.colcon_core.package_identification:_identify(stm32_fw/Drivers/CMSIS/RTOS2/Template) by extension 'ros'
[0.571s] Level 1:colcon.colcon_core.package_identification:_identify(stm32_fw/Drivers/CMSIS/RTOS2/Template) by extensions ['cmake', 'python']
[0.571s] Level 1:colcon.colcon_core.package_identification:_identify(stm32_fw/Drivers/CMSIS/RTOS2/Template) by extension 'cmake'
[0.572s] Level 1:colcon.colcon_core.package_identification:_identify(stm32_fw/Drivers/CMSIS/RTOS2/Template) by extension 'python'
[0.572s] Level 1:colcon.colcon_core.package_identification:_identify(stm32_fw/Drivers/CMSIS/RTOS2/Template) by extensions ['python_setup_py']
[0.572s] Level 1:colcon.colcon_core.package_identification:_identify(stm32_fw/Drivers/CMSIS/RTOS2/Template) by extension 'python_setup_py'
[0.572s] Level 1:colcon.colcon_core.package_identification:_identify(stm32_fw/Drivers/CMSIS/docs) by extensions ['ignore', 'ignore_ament_install']
[0.572s] Level 1:colcon.colcon_core.package_identification:_identify(stm32_fw/Drivers/CMSIS/docs) by extension 'ignore'
[0.572s] Level 1:colcon.colcon_core.package_identification:_identify(stm32_fw/Drivers/CMSIS/docs) by extension 'ignore_ament_install'
[0.572s] Level 1:colcon.colcon_core.package_identification:_identify(stm32_fw/Drivers/CMSIS/docs) by extensions ['colcon_pkg']
[0.572s] Level 1:colcon.colcon_core.package_identification:_identify(stm32_fw/Drivers/CMSIS/docs) by extension 'colcon_pkg'
[0.572s] Level 1:colcon.colcon_core.package_identification:_identify(stm32_fw/Drivers/CMSIS/docs) by extensions ['colcon_meta']
[0.572s] Level 1:colcon.colcon_core.package_identification:_identify(stm32_fw/Drivers/CMSIS/docs) by extension 'colcon_meta'
[0.572s] Level 1:colcon.colcon_core.package_identification:_identify(stm32_fw/Drivers/CMSIS/docs) by extensions ['ros']
[0.572s] Level 1:colcon.colcon_core.package_identification:_identify(stm32_fw/Drivers/CMSIS/docs) by extension 'ros'
[0.572s] Level 1:colcon.colcon_core.package_identification:_identify(stm32_fw/Drivers/CMSIS/docs) by extensions ['cmake', 'python']
[0.572s] Level 1:colcon.colcon_core.package_identification:_identify(stm32_fw/Drivers/CMSIS/docs) by extension 'cmake'
[0.572s] Level 1:colcon.colcon_core.package_identification:_identify(stm32_fw/Drivers/CMSIS/docs) by extension 'python'
[0.572s] Level 1:colcon.colcon_core.package_identification:_identify(stm32_fw/Drivers/CMSIS/docs) by extensions ['python_setup_py']
[0.572s] Level 1:colcon.colcon_core.package_identification:_identify(stm32_fw/Drivers/CMSIS/docs) by extension 'python_setup_py'
[0.572s] Level 1:colcon.colcon_core.package_identification:_identify(stm32_fw/Drivers/CMSIS/docs/General) by extensions ['ignore', 'ignore_ament_install']
[0.572s] Level 1:colcon.colcon_core.package_identification:_identify(stm32_fw/Drivers/CMSIS/docs/General) by extension 'ignore'
[0.572s] Level 1:colcon.colcon_core.package_identification:_identify(stm32_fw/Drivers/CMSIS/docs/General) by extension 'ignore_ament_install'
[0.572s] Level 1:colcon.colcon_core.package_identification:_identify(stm32_fw/Drivers/CMSIS/docs/General) by extensions ['colcon_pkg']
[0.572s] Level 1:colcon.colcon_core.package_identification:_identify(stm32_fw/Drivers/CMSIS/docs/General) by extension 'colcon_pkg'
[0.572s] Level 1:colcon.colcon_core.package_identification:_identify(stm32_fw/Drivers/CMSIS/docs/General) by extensions ['colcon_meta']
[0.572s] Level 1:colcon.colcon_core.package_identification:_identify(stm32_fw/Drivers/CMSIS/docs/General) by extension 'colcon_meta'
[0.573s] Level 1:colcon.colcon_core.package_identification:_identify(stm32_fw/Drivers/CMSIS/docs/General) by extensions ['ros']
[0.573s] Level 1:colcon.colcon_core.package_identification:_identify(stm32_fw/Drivers/CMSIS/docs/General) by extension 'ros'
[0.573s] Level 1:colcon.colcon_core.package_identification:_identify(stm32_fw/Drivers/CMSIS/docs/General) by extensions ['cmake', 'python']
[0.573s] Level 1:colcon.colcon_core.package_identification:_identify(stm32_fw/Drivers/CMSIS/docs/General) by extension 'cmake'
[0.573s] Level 1:colcon.colcon_core.package_identification:_identify(stm32_fw/Drivers/CMSIS/docs/General) by extension 'python'
[0.573s] Level 1:colcon.colcon_core.package_identification:_identify(stm32_fw/Drivers/CMSIS/docs/General) by extensions ['python_setup_py']
[0.573s] Level 1:colcon.colcon_core.package_identification:_identify(stm32_fw/Drivers/CMSIS/docs/General) by extension 'python_setup_py'
[0.573s] Level 1:colcon.colcon_core.package_identification:_identify(stm32_fw/Drivers/CMSIS/docs/General/html) by extensions ['ignore', 'ignore_ament_install']
[0.573s] Level 1:colcon.colcon_core.package_identification:_identify(stm32_fw/Drivers/CMSIS/docs/General/html) by extension 'ignore'
[0.573s] Level 1:colcon.colcon_core.package_identification:_identify(stm32_fw/Drivers/CMSIS/docs/General/html) by extension 'ignore_ament_install'
[0.573s] Level 1:colcon.colcon_core.package_identification:_identify(stm32_fw/Drivers/CMSIS/docs/General/html) by extensions ['colcon_pkg']
[0.573s] Level 1:colcon.colcon_core.package_identification:_identify(stm32_fw/Drivers/CMSIS/docs/General/html) by extension 'colcon_pkg'
[0.573s] Level 1:colcon.colcon_core.package_identification:_identify(stm32_fw/Drivers/CMSIS/docs/General/html) by extensions ['colcon_meta']
[0.573s] Level 1:colcon.colcon_core.package_identification:_identify(stm32_fw/Drivers/CMSIS/docs/General/html) by extension 'colcon_meta'
[0.573s] Level 1:colcon.colcon_core.package_identification:_identify(stm32_fw/Drivers/CMSIS/docs/General/html) by extensions ['ros']
[0.573s] Level 1:colcon.colcon_core.package_identification:_identify(stm32_fw/Drivers/CMSIS/docs/General/html) by extension 'ros'
[0.573s] Level 1:colcon.colcon_core.package_identification:_identify(stm32_fw/Drivers/CMSIS/docs/General/html) by extensions ['cmake', 'python']
[0.573s] Level 1:colcon.colcon_core.package_identification:_identify(stm32_fw/Drivers/CMSIS/docs/General/html) by extension 'cmake'
[0.573s] Level 1:colcon.colcon_core.package_identification:_identify(stm32_fw/Drivers/CMSIS/docs/General/html) by extension 'python'
[0.573s] Level 1:colcon.colcon_core.package_identification:_identify(stm32_fw/Drivers/CMSIS/docs/General/html) by extensions ['python_setup_py']
[0.573s] Level 1:colcon.colcon_core.package_identification:_identify(stm32_fw/Drivers/CMSIS/docs/General/html) by extension 'python_setup_py'
[0.573s] Level 1:colcon.colcon_core.package_identification:_identify(stm32_fw/Drivers/STM32F1xx_HAL_Driver) by extensions ['ignore', 'ignore_ament_install']
[0.573s] Level 1:colcon.colcon_core.package_identification:_identify(stm32_fw/Drivers/STM32F1xx_HAL_Driver) by extension 'ignore'
[0.573s] Level 1:colcon.colcon_core.package_identification:_identify(stm32_fw/Drivers/STM32F1xx_HAL_Driver) by extension 'ignore_ament_install'
[0.573s] Level 1:colcon.colcon_core.package_identification:_identify(stm32_fw/Drivers/STM32F1xx_HAL_Driver) by extensions ['colcon_pkg']
[0.573s] Level 1:colcon.colcon_core.package_identification:_identify(stm32_fw/Drivers/STM32F1xx_HAL_Driver) by extension 'colcon_pkg'
[0.574s] Level 1:colcon.colcon_core.package_identification:_identify(stm32_fw/Drivers/STM32F1xx_HAL_Driver) by extensions ['colcon_meta']
[0.574s] Level 1:colcon.colcon_core.package_identification:_identify(stm32_fw/Drivers/STM32F1xx_HAL_Driver) by extension 'colcon_meta'
[0.574s] Level 1:colcon.colcon_core.package_identification:_identify(stm32_fw/Drivers/STM32F1xx_HAL_Driver) by extensions ['ros']
[0.574s] Level 1:colcon.colcon_core.package_identification:_identify(stm32_fw/Drivers/STM32F1xx_HAL_Driver) by extension 'ros'
[0.574s] Level 1:colcon.colcon_core.package_identification:_identify(stm32_fw/Drivers/STM32F1xx_HAL_Driver) by extensions ['cmake', 'python']
[0.574s] Level 1:colcon.colcon_core.package_identification:_identify(stm32_fw/Drivers/STM32F1xx_HAL_Driver) by extension 'cmake'
[0.574s] Level 1:colcon.colcon_core.package_identification:_identify(stm32_fw/Drivers/STM32F1xx_HAL_Driver) by extension 'python'
[0.574s] Level 1:colcon.colcon_core.package_identification:_identify(stm32_fw/Drivers/STM32F1xx_HAL_Driver) by extensions ['python_setup_py']
[0.574s] Level 1:colcon.colcon_core.package_identification:_identify(stm32_fw/Drivers/STM32F1xx_HAL_Driver) by extension 'python_setup_py'
[0.574s] Level 1:colcon.colcon_core.package_identification:_identify(stm32_fw/Drivers/STM32F1xx_HAL_Driver/Inc) by extensions ['ignore', 'ignore_ament_install']
[0.574s] Level 1:colcon.colcon_core.package_identification:_identify(stm32_fw/Drivers/STM32F1xx_HAL_Driver/Inc) by extension 'ignore'
[0.574s] Level 1:colcon.colcon_core.package_identification:_identify(stm32_fw/Drivers/STM32F1xx_HAL_Driver/Inc) by extension 'ignore_ament_install'
[0.574s] Level 1:colcon.colcon_core.package_identification:_identify(stm32_fw/Drivers/STM32F1xx_HAL_Driver/Inc) by extensions ['colcon_pkg']
[0.574s] Level 1:colcon.colcon_core.package_identification:_identify(stm32_fw/Drivers/STM32F1xx_HAL_Driver/Inc) by extension 'colcon_pkg'
[0.574s] Level 1:colcon.colcon_core.package_identification:_identify(stm32_fw/Drivers/STM32F1xx_HAL_Driver/Inc) by extensions ['colcon_meta']
[0.574s] Level 1:colcon.colcon_core.package_identification:_identify(stm32_fw/Drivers/STM32F1xx_HAL_Driver/Inc) by extension 'colcon_meta'
[0.574s] Level 1:colcon.colcon_core.package_identification:_identify(stm32_fw/Drivers/STM32F1xx_HAL_Driver/Inc) by extensions ['ros']
[0.574s] Level 1:colcon.colcon_core.package_identification:_identify(stm32_fw/Drivers/STM32F1xx_HAL_Driver/Inc) by extension 'ros'
[0.574s] Level 1:colcon.colcon_core.package_identification:_identify(stm32_fw/Drivers/STM32F1xx_HAL_Driver/Inc) by extensions ['cmake', 'python']
[0.574s] Level 1:colcon.colcon_core.package_identification:_identify(stm32_fw/Drivers/STM32F1xx_HAL_Driver/Inc) by extension 'cmake'
[0.574s] Level 1:colcon.colcon_core.package_identification:_identify(stm32_fw/Drivers/STM32F1xx_HAL_Driver/Inc) by extension 'python'
[0.574s] Level 1:colcon.colcon_core.package_identification:_identify(stm32_fw/Drivers/STM32F1xx_HAL_Driver/Inc) by extensions ['python_setup_py']
[0.574s] Level 1:colcon.colcon_core.package_identification:_identify(stm32_fw/Drivers/STM32F1xx_HAL_Driver/Inc) by extension 'python_setup_py'
[0.574s] Level 1:colcon.colcon_core.package_identification:_identify(stm32_fw/Drivers/STM32F1xx_HAL_Driver/Inc/Legacy) by extensions ['ignore', 'ignore_ament_install']
[0.574s] Level 1:colcon.colcon_core.package_identification:_identify(stm32_fw/Drivers/STM32F1xx_HAL_Driver/Inc/Legacy) by extension 'ignore'
[0.575s] Level 1:colcon.colcon_core.package_identification:_identify(stm32_fw/Drivers/STM32F1xx_HAL_Driver/Inc/Legacy) by extension 'ignore_ament_install'
[0.575s] Level 1:colcon.colcon_core.package_identification:_identify(stm32_fw/Drivers/STM32F1xx_HAL_Driver/Inc/Legacy) by extensions ['colcon_pkg']
[0.575s] Level 1:colcon.colcon_core.package_identification:_identify(stm32_fw/Drivers/STM32F1xx_HAL_Driver/Inc/Legacy) by extension 'colcon_pkg'
[0.575s] Level 1:colcon.colcon_core.package_identification:_identify(stm32_fw/Drivers/STM32F1xx_HAL_Driver/Inc/Legacy) by extensions ['colcon_meta']
[0.575s] Level 1:colcon.colcon_core.package_identification:_identify(stm32_fw/Drivers/STM32F1xx_HAL_Driver/Inc/Legacy) by extension 'colcon_meta'
[0.575s] Level 1:colcon.colcon_core.package_identification:_identify(stm32_fw/Drivers/STM32F1xx_HAL_Driver/Inc/Legacy) by extensions ['ros']
[0.575s] Level 1:colcon.colcon_core.package_identification:_identify(stm32_fw/Drivers/STM32F1xx_HAL_Driver/Inc/Legacy) by extension 'ros'
[0.575s] Level 1:colcon.colcon_core.package_identification:_identify(stm32_fw/Drivers/STM32F1xx_HAL_Driver/Inc/Legacy) by extensions ['cmake', 'python']
[0.575s] Level 1:colcon.colcon_core.package_identification:_identify(stm32_fw/Drivers/STM32F1xx_HAL_Driver/Inc/Legacy) by extension 'cmake'
[0.575s] Level 1:colcon.colcon_core.package_identification:_identify(stm32_fw/Drivers/STM32F1xx_HAL_Driver/Inc/Legacy) by extension 'python'
[0.575s] Level 1:colcon.colcon_core.package_identification:_identify(stm32_fw/Drivers/STM32F1xx_HAL_Driver/Inc/Legacy) by extensions ['python_setup_py']
[0.575s] Level 1:colcon.colcon_core.package_identification:_identify(stm32_fw/Drivers/STM32F1xx_HAL_Driver/Inc/Legacy) by extension 'python_setup_py'
[0.575s] Level 1:colcon.colcon_core.package_identification:_identify(stm32_fw/Drivers/STM32F1xx_HAL_Driver/Src) by extensions ['ignore', 'ignore_ament_install']
[0.575s] Level 1:colcon.colcon_core.package_identification:_identify(stm32_fw/Drivers/STM32F1xx_HAL_Driver/Src) by extension 'ignore'
[0.575s] Level 1:colcon.colcon_core.package_identification:_identify(stm32_fw/Drivers/STM32F1xx_HAL_Driver/Src) by extension 'ignore_ament_install'
[0.575s] Level 1:colcon.colcon_core.package_identification:_identify(stm32_fw/Drivers/STM32F1xx_HAL_Driver/Src) by extensions ['colcon_pkg']
[0.575s] Level 1:colcon.colcon_core.package_identification:_identify(stm32_fw/Drivers/STM32F1xx_HAL_Driver/Src) by extension 'colcon_pkg'
[0.575s] Level 1:colcon.colcon_core.package_identification:_identify(stm32_fw/Drivers/STM32F1xx_HAL_Driver/Src) by extensions ['colcon_meta']
[0.575s] Level 1:colcon.colcon_core.package_identification:_identify(stm32_fw/Drivers/STM32F1xx_HAL_Driver/Src) by extension 'colcon_meta'
[0.575s] Level 1:colcon.colcon_core.package_identification:_identify(stm32_fw/Drivers/STM32F1xx_HAL_Driver/Src) by extensions ['ros']
[0.575s] Level 1:colcon.colcon_core.package_identification:_identify(stm32_fw/Drivers/STM32F1xx_HAL_Driver/Src) by extension 'ros'
[0.575s] Level 1:colcon.colcon_core.package_identification:_identify(stm32_fw/Drivers/STM32F1xx_HAL_Driver/Src) by extensions ['cmake', 'python']
[0.575s] Level 1:colcon.colcon_core.package_identification:_identify(stm32_fw/Drivers/STM32F1xx_HAL_Driver/Src) by extension 'cmake'
[0.575s] Level 1:colcon.colcon_core.package_identification:_identify(stm32_fw/Drivers/STM32F1xx_HAL_Driver/Src) by extension 'python'
[0.575s] Level 1:colcon.colcon_core.package_identification:_identify(stm32_fw/Drivers/STM32F1xx_HAL_Driver/Src) by extensions ['python_setup_py']
[0.575s] Level 1:colcon.colcon_core.package_identification:_identify(stm32_fw/Drivers/STM32F1xx_HAL_Driver/Src) by extension 'python_setup_py'
[0.576s] Level 1:colcon.colcon_core.package_identification:_identify(stm32_fw/Middlewares) by extensions ['ignore', 'ignore_ament_install']
[0.576s] Level 1:colcon.colcon_core.package_identification:_identify(stm32_fw/Middlewares) by extension 'ignore'
[0.576s] Level 1:colcon.colcon_core.package_identification:_identify(stm32_fw/Middlewares) by extension 'ignore_ament_install'
[0.576s] Level 1:colcon.colcon_core.package_identification:_identify(stm32_fw/Middlewares) by extensions ['colcon_pkg']
[0.576s] Level 1:colcon.colcon_core.package_identification:_identify(stm32_fw/Middlewares) by extension 'colcon_pkg'
[0.576s] Level 1:colcon.colcon_core.package_identification:_identify(stm32_fw/Middlewares) by extensions ['colcon_meta']
[0.576s] Level 1:colcon.colcon_core.package_identification:_identify(stm32_fw/Middlewares) by extension 'colcon_meta'
[0.576s] Level 1:colcon.colcon_core.package_identification:_identify(stm32_fw/Middlewares) by extensions ['ros']
[0.576s] Level 1:colcon.colcon_core.package_identification:_identify(stm32_fw/Middlewares) by extension 'ros'
[0.576s] Level 1:colcon.colcon_core.package_identification:_identify(stm32_fw/Middlewares) by extensions ['cmake', 'python']
[0.576s] Level 1:colcon.colcon_core.package_identification:_identify(stm32_fw/Middlewares) by extension 'cmake'
[0.576s] Level 1:colcon.colcon_core.package_identification:_identify(stm32_fw/Middlewares) by extension 'python'
[0.576s] Level 1:colcon.colcon_core.package_identification:_identify(stm32_fw/Middlewares) by extensions ['python_setup_py']
[0.576s] Level 1:colcon.colcon_core.package_identification:_identify(stm32_fw/Middlewares) by extension 'python_setup_py'
[0.576s] Level 1:colcon.colcon_core.package_identification:_identify(stm32_fw/Middlewares/Third_Party) by extensions ['ignore', 'ignore_ament_install']
[0.576s] Level 1:colcon.colcon_core.package_identification:_identify(stm32_fw/Middlewares/Third_Party) by extension 'ignore'
[0.576s] Level 1:colcon.colcon_core.package_identification:_identify(stm32_fw/Middlewares/Third_Party) by extension 'ignore_ament_install'
[0.576s] Level 1:colcon.colcon_core.package_identification:_identify(stm32_fw/Middlewares/Third_Party) by extensions ['colcon_pkg']
[0.576s] Level 1:colcon.colcon_core.package_identification:_identify(stm32_fw/Middlewares/Third_Party) by extension 'colcon_pkg'
[0.576s] Level 1:colcon.colcon_core.package_identification:_identify(stm32_fw/Middlewares/Third_Party) by extensions ['colcon_meta']
[0.576s] Level 1:colcon.colcon_core.package_identification:_identify(stm32_fw/Middlewares/Third_Party) by extension 'colcon_meta'
[0.576s] Level 1:colcon.colcon_core.package_identification:_identify(stm32_fw/Middlewares/Third_Party) by extensions ['ros']
[0.576s] Level 1:colcon.colcon_core.package_identification:_identify(stm32_fw/Middlewares/Third_Party) by extension 'ros'
[0.576s] Level 1:colcon.colcon_core.package_identification:_identify(stm32_fw/Middlewares/Third_Party) by extensions ['cmake', 'python']
[0.576s] Level 1:colcon.colcon_core.package_identification:_identify(stm32_fw/Middlewares/Third_Party) by extension 'cmake'
[0.576s] Level 1:colcon.colcon_core.package_identification:_identify(stm32_fw/Middlewares/Third_Party) by extension 'python'
[0.576s] Level 1:colcon.colcon_core.package_identification:_identify(stm32_fw/Middlewares/Third_Party) by extensions ['python_setup_py']
[0.577s] Level 1:colcon.colcon_core.package_identification:_identify(stm32_fw/Middlewares/Third_Party) by extension 'python_setup_py'
[0.577s] Level 1:colcon.colcon_core.package_identification:_identify(stm32_fw/Middlewares/Third_Party/FreeRTOS) by extensions ['ignore', 'ignore_ament_install']
[0.577s] Level 1:colcon.colcon_core.package_identification:_identify(stm32_fw/Middlewares/Third_Party/FreeRTOS) by extension 'ignore'
[0.577s] Level 1:colcon.colcon_core.package_identification:_identify(stm32_fw/Middlewares/Third_Party/FreeRTOS) by extension 'ignore_ament_install'
[0.577s] Level 1:colcon.colcon_core.package_identification:_identify(stm32_fw/Middlewares/Third_Party/FreeRTOS) by extensions ['colcon_pkg']
[0.577s] Level 1:colcon.colcon_core.package_identification:_identify(stm32_fw/Middlewares/Third_Party/FreeRTOS) by extension 'colcon_pkg'
[0.577s] Level 1:colcon.colcon_core.package_identification:_identify(stm32_fw/Middlewares/Third_Party/FreeRTOS) by extensions ['colcon_meta']
[0.577s] Level 1:colcon.colcon_core.package_identification:_identify(stm32_fw/Middlewares/Third_Party/FreeRTOS) by extension 'colcon_meta'
[0.577s] Level 1:colcon.colcon_core.package_identification:_identify(stm32_fw/Middlewares/Third_Party/FreeRTOS) by extensions ['ros']
[0.577s] Level 1:colcon.colcon_core.package_identification:_identify(stm32_fw/Middlewares/Third_Party/FreeRTOS) by extension 'ros'
[0.577s] Level 1:colcon.colcon_core.package_identification:_identify(stm32_fw/Middlewares/Third_Party/FreeRTOS) by extensions ['cmake', 'python']
[0.577s] Level 1:colcon.colcon_core.package_identification:_identify(stm32_fw/Middlewares/Third_Party/FreeRTOS) by extension 'cmake'
[0.577s] Level 1:colcon.colcon_core.package_identification:_identify(stm32_fw/Middlewares/Third_Party/FreeRTOS) by extension 'python'
[0.577s] Level 1:colcon.colcon_core.package_identification:_identify(stm32_fw/Middlewares/Third_Party/FreeRTOS) by extensions ['python_setup_py']
[0.577s] Level 1:colcon.colcon_core.package_identification:_identify(stm32_fw/Middlewares/Third_Party/FreeRTOS) by extension 'python_setup_py'
[0.577s] Level 1:colcon.colcon_core.package_identification:_identify(stm32_fw/Middlewares/Third_Party/FreeRTOS/Source) by extensions ['ignore', 'ignore_ament_install']
[0.577s] Level 1:colcon.colcon_core.package_identification:_identify(stm32_fw/Middlewares/Third_Party/FreeRTOS/Source) by extension 'ignore'
[0.577s] Level 1:colcon.colcon_core.package_identification:_identify(stm32_fw/Middlewares/Third_Party/FreeRTOS/Source) by extension 'ignore_ament_install'
[0.577s] Level 1:colcon.colcon_core.package_identification:_identify(stm32_fw/Middlewares/Third_Party/FreeRTOS/Source) by extensions ['colcon_pkg']
[0.577s] Level 1:colcon.colcon_core.package_identification:_identify(stm32_fw/Middlewares/Third_Party/FreeRTOS/Source) by extension 'colcon_pkg'
[0.577s] Level 1:colcon.colcon_core.package_identification:_identify(stm32_fw/Middlewares/Third_Party/FreeRTOS/Source) by extensions ['colcon_meta']
[0.577s] Level 1:colcon.colcon_core.package_identification:_identify(stm32_fw/Middlewares/Third_Party/FreeRTOS/Source) by extension 'colcon_meta'
[0.577s] Level 1:colcon.colcon_core.package_identification:_identify(stm32_fw/Middlewares/Third_Party/FreeRTOS/Source) by extensions ['ros']
[0.577s] Level 1:colcon.colcon_core.package_identification:_identify(stm32_fw/Middlewares/Third_Party/FreeRTOS/Source) by extension 'ros'
[0.577s] Level 1:colcon.colcon_core.package_identification:_identify(stm32_fw/Middlewares/Third_Party/FreeRTOS/Source) by extensions ['cmake', 'python']
[0.577s] Level 1:colcon.colcon_core.package_identification:_identify(stm32_fw/Middlewares/Third_Party/FreeRTOS/Source) by extension 'cmake'
[0.578s] Level 1:colcon.colcon_core.package_identification:_identify(stm32_fw/Middlewares/Third_Party/FreeRTOS/Source) by extension 'python'
[0.578s] Level 1:colcon.colcon_core.package_identification:_identify(stm32_fw/Middlewares/Third_Party/FreeRTOS/Source) by extensions ['python_setup_py']
[0.578s] Level 1:colcon.colcon_core.package_identification:_identify(stm32_fw/Middlewares/Third_Party/FreeRTOS/Source) by extension 'python_setup_py'
[0.578s] Level 1:colcon.colcon_core.package_identification:_identify(stm32_fw/Middlewares/Third_Party/FreeRTOS/Source/CMSIS_RTOS_V2) by extensions ['ignore', 'ignore_ament_install']
[0.578s] Level 1:colcon.colcon_core.package_identification:_identify(stm32_fw/Middlewares/Third_Party/FreeRTOS/Source/CMSIS_RTOS_V2) by extension 'ignore'
[0.578s] Level 1:colcon.colcon_core.package_identification:_identify(stm32_fw/Middlewares/Third_Party/FreeRTOS/Source/CMSIS_RTOS_V2) by extension 'ignore_ament_install'
[0.578s] Level 1:colcon.colcon_core.package_identification:_identify(stm32_fw/Middlewares/Third_Party/FreeRTOS/Source/CMSIS_RTOS_V2) by extensions ['colcon_pkg']
[0.578s] Level 1:colcon.colcon_core.package_identification:_identify(stm32_fw/Middlewares/Third_Party/FreeRTOS/Source/CMSIS_RTOS_V2) by extension 'colcon_pkg'
[0.578s] Level 1:colcon.colcon_core.package_identification:_identify(stm32_fw/Middlewares/Third_Party/FreeRTOS/Source/CMSIS_RTOS_V2) by extensions ['colcon_meta']
[0.578s] Level 1:colcon.colcon_core.package_identification:_identify(stm32_fw/Middlewares/Third_Party/FreeRTOS/Source/CMSIS_RTOS_V2) by extension 'colcon_meta'
[0.578s] Level 1:colcon.colcon_core.package_identification:_identify(stm32_fw/Middlewares/Third_Party/FreeRTOS/Source/CMSIS_RTOS_V2) by extensions ['ros']
[0.578s] Level 1:colcon.colcon_core.package_identification:_identify(stm32_fw/Middlewares/Third_Party/FreeRTOS/Source/CMSIS_RTOS_V2) by extension 'ros'
[0.578s] Level 1:colcon.colcon_core.package_identification:_identify(stm32_fw/Middlewares/Third_Party/FreeRTOS/Source/CMSIS_RTOS_V2) by extensions ['cmake', 'python']
[0.578s] Level 1:colcon.colcon_core.package_identification:_identify(stm32_fw/Middlewares/Third_Party/FreeRTOS/Source/CMSIS_RTOS_V2) by extension 'cmake'
[0.578s] Level 1:colcon.colcon_core.package_identification:_identify(stm32_fw/Middlewares/Third_Party/FreeRTOS/Source/CMSIS_RTOS_V2) by extension 'python'
[0.578s] Level 1:colcon.colcon_core.package_identification:_identify(stm32_fw/Middlewares/Third_Party/FreeRTOS/Source/CMSIS_RTOS_V2) by extensions ['python_setup_py']
[0.578s] Level 1:colcon.colcon_core.package_identification:_identify(stm32_fw/Middlewares/Third_Party/FreeRTOS/Source/CMSIS_RTOS_V2) by extension 'python_setup_py'
[0.578s] Level 1:colcon.colcon_core.package_identification:_identify(stm32_fw/Middlewares/Third_Party/FreeRTOS/Source/include) by extensions ['ignore', 'ignore_ament_install']
[0.578s] Level 1:colcon.colcon_core.package_identification:_identify(stm32_fw/Middlewares/Third_Party/FreeRTOS/Source/include) by extension 'ignore'
[0.578s] Level 1:colcon.colcon_core.package_identification:_identify(stm32_fw/Middlewares/Third_Party/FreeRTOS/Source/include) by extension 'ignore_ament_install'
[0.578s] Level 1:colcon.colcon_core.package_identification:_identify(stm32_fw/Middlewares/Third_Party/FreeRTOS/Source/include) by extensions ['colcon_pkg']
[0.578s] Level 1:colcon.colcon_core.package_identification:_identify(stm32_fw/Middlewares/Third_Party/FreeRTOS/Source/include) by extension 'colcon_pkg'
[0.578s] Level 1:colcon.colcon_core.package_identification:_identify(stm32_fw/Middlewares/Third_Party/FreeRTOS/Source/include) by extensions ['colcon_meta']
[0.578s] Level 1:colcon.colcon_core.package_identification:_identify(stm32_fw/Middlewares/Third_Party/FreeRTOS/Source/include) by extension 'colcon_meta'
[0.578s] Level 1:colcon.colcon_core.package_identification:_identify(stm32_fw/Middlewares/Third_Party/FreeRTOS/Source/include) by extensions ['ros']
[0.578s] Level 1:colcon.colcon_core.package_identification:_identify(stm32_fw/Middlewares/Third_Party/FreeRTOS/Source/include) by extension 'ros'
[0.579s] Level 1:colcon.colcon_core.package_identification:_identify(stm32_fw/Middlewares/Third_Party/FreeRTOS/Source/include) by extensions ['cmake', 'python']
[0.579s] Level 1:colcon.colcon_core.package_identification:_identify(stm32_fw/Middlewares/Third_Party/FreeRTOS/Source/include) by extension 'cmake'
[0.579s] Level 1:colcon.colcon_core.package_identification:_identify(stm32_fw/Middlewares/Third_Party/FreeRTOS/Source/include) by extension 'python'
[0.579s] Level 1:colcon.colcon_core.package_identification:_identify(stm32_fw/Middlewares/Third_Party/FreeRTOS/Source/include) by extensions ['python_setup_py']
[0.579s] Level 1:colcon.colcon_core.package_identification:_identify(stm32_fw/Middlewares/Third_Party/FreeRTOS/Source/include) by extension 'python_setup_py'
[0.579s] Level 1:colcon.colcon_core.package_identification:_identify(stm32_fw/Middlewares/Third_Party/FreeRTOS/Source/portable) by extensions ['ignore', 'ignore_ament_install']
[0.579s] Level 1:colcon.colcon_core.package_identification:_identify(stm32_fw/Middlewares/Third_Party/FreeRTOS/Source/portable) by extension 'ignore'
[0.579s] Level 1:colcon.colcon_core.package_identification:_identify(stm32_fw/Middlewares/Third_Party/FreeRTOS/Source/portable) by extension 'ignore_ament_install'
[0.579s] Level 1:colcon.colcon_core.package_identification:_identify(stm32_fw/Middlewares/Third_Party/FreeRTOS/Source/portable) by extensions ['colcon_pkg']
[0.579s] Level 1:colcon.colcon_core.package_identification:_identify(stm32_fw/Middlewares/Third_Party/FreeRTOS/Source/portable) by extension 'colcon_pkg'
[0.579s] Level 1:colcon.colcon_core.package_identification:_identify(stm32_fw/Middlewares/Third_Party/FreeRTOS/Source/portable) by extensions ['colcon_meta']
[0.579s] Level 1:colcon.colcon_core.package_identification:_identify(stm32_fw/Middlewares/Third_Party/FreeRTOS/Source/portable) by extension 'colcon_meta'
[0.579s] Level 1:colcon.colcon_core.package_identification:_identify(stm32_fw/Middlewares/Third_Party/FreeRTOS/Source/portable) by extensions ['ros']
[0.579s] Level 1:colcon.colcon_core.package_identification:_identify(stm32_fw/Middlewares/Third_Party/FreeRTOS/Source/portable) by extension 'ros'
[0.579s] Level 1:colcon.colcon_core.package_identification:_identify(stm32_fw/Middlewares/Third_Party/FreeRTOS/Source/portable) by extensions ['cmake', 'python']
[0.579s] Level 1:colcon.colcon_core.package_identification:_identify(stm32_fw/Middlewares/Third_Party/FreeRTOS/Source/portable) by extension 'cmake'
[0.579s] Level 1:colcon.colcon_core.package_identification:_identify(stm32_fw/Middlewares/Third_Party/FreeRTOS/Source/portable) by extension 'python'
[0.579s] Level 1:colcon.colcon_core.package_identification:_identify(stm32_fw/Middlewares/Third_Party/FreeRTOS/Source/portable) by extensions ['python_setup_py']
[0.579s] Level 1:colcon.colcon_core.package_identification:_identify(stm32_fw/Middlewares/Third_Party/FreeRTOS/Source/portable) by extension 'python_setup_py'
[0.579s] Level 1:colcon.colcon_core.package_identification:_identify(stm32_fw/Middlewares/Third_Party/FreeRTOS/Source/portable/GCC) by extensions ['ignore', 'ignore_ament_install']
[0.579s] Level 1:colcon.colcon_core.package_identification:_identify(stm32_fw/Middlewares/Third_Party/FreeRTOS/Source/portable/GCC) by extension 'ignore'
[0.579s] Level 1:colcon.colcon_core.package_identification:_identify(stm32_fw/Middlewares/Third_Party/FreeRTOS/Source/portable/GCC) by extension 'ignore_ament_install'
[0.579s] Level 1:colcon.colcon_core.package_identification:_identify(stm32_fw/Middlewares/Third_Party/FreeRTOS/Source/portable/GCC) by extensions ['colcon_pkg']
[0.579s] Level 1:colcon.colcon_core.package_identification:_identify(stm32_fw/Middlewares/Third_Party/FreeRTOS/Source/portable/GCC) by extension 'colcon_pkg'
[0.579s] Level 1:colcon.colcon_core.package_identification:_identify(stm32_fw/Middlewares/Third_Party/FreeRTOS/Source/portable/GCC) by extensions ['colcon_meta']
[0.579s] Level 1:colcon.colcon_core.package_identification:_identify(stm32_fw/Middlewares/Third_Party/FreeRTOS/Source/portable/GCC) by extension 'colcon_meta'
[0.580s] Level 1:colcon.colcon_core.package_identification:_identify(stm32_fw/Middlewares/Third_Party/FreeRTOS/Source/portable/GCC) by extensions ['ros']
[0.580s] Level 1:colcon.colcon_core.package_identification:_identify(stm32_fw/Middlewares/Third_Party/FreeRTOS/Source/portable/GCC) by extension 'ros'
[0.580s] Level 1:colcon.colcon_core.package_identification:_identify(stm32_fw/Middlewares/Third_Party/FreeRTOS/Source/portable/GCC) by extensions ['cmake', 'python']
[0.580s] Level 1:colcon.colcon_core.package_identification:_identify(stm32_fw/Middlewares/Third_Party/FreeRTOS/Source/portable/GCC) by extension 'cmake'
[0.580s] Level 1:colcon.colcon_core.package_identification:_identify(stm32_fw/Middlewares/Third_Party/FreeRTOS/Source/portable/GCC) by extension 'python'
[0.580s] Level 1:colcon.colcon_core.package_identification:_identify(stm32_fw/Middlewares/Third_Party/FreeRTOS/Source/portable/GCC) by extensions ['python_setup_py']
[0.580s] Level 1:colcon.colcon_core.package_identification:_identify(stm32_fw/Middlewares/Third_Party/FreeRTOS/Source/portable/GCC) by extension 'python_setup_py'
[0.580s] Level 1:colcon.colcon_core.package_identification:_identify(stm32_fw/Middlewares/Third_Party/FreeRTOS/Source/portable/GCC/ARM_CM3) by extensions ['ignore', 'ignore_ament_install']
[0.580s] Level 1:colcon.colcon_core.package_identification:_identify(stm32_fw/Middlewares/Third_Party/FreeRTOS/Source/portable/GCC/ARM_CM3) by extension 'ignore'
[0.580s] Level 1:colcon.colcon_core.package_identification:_identify(stm32_fw/Middlewares/Third_Party/FreeRTOS/Source/portable/GCC/ARM_CM3) by extension 'ignore_ament_install'
[0.580s] Level 1:colcon.colcon_core.package_identification:_identify(stm32_fw/Middlewares/Third_Party/FreeRTOS/Source/portable/GCC/ARM_CM3) by extensions ['colcon_pkg']
[0.580s] Level 1:colcon.colcon_core.package_identification:_identify(stm32_fw/Middlewares/Third_Party/FreeRTOS/Source/portable/GCC/ARM_CM3) by extension 'colcon_pkg'
[0.580s] Level 1:colcon.colcon_core.package_identification:_identify(stm32_fw/Middlewares/Third_Party/FreeRTOS/Source/portable/GCC/ARM_CM3) by extensions ['colcon_meta']
[0.580s] Level 1:colcon.colcon_core.package_identification:_identify(stm32_fw/Middlewares/Third_Party/FreeRTOS/Source/portable/GCC/ARM_CM3) by extension 'colcon_meta'
[0.580s] Level 1:colcon.colcon_core.package_identification:_identify(stm32_fw/Middlewares/Third_Party/FreeRTOS/Source/portable/GCC/ARM_CM3) by extensions ['ros']
[0.580s] Level 1:colcon.colcon_core.package_identification:_identify(stm32_fw/Middlewares/Third_Party/FreeRTOS/Source/portable/GCC/ARM_CM3) by extension 'ros'
[0.580s] Level 1:colcon.colcon_core.package_identification:_identify(stm32_fw/Middlewares/Third_Party/FreeRTOS/Source/portable/GCC/ARM_CM3) by extensions ['cmake', 'python']
[0.580s] Level 1:colcon.colcon_core.package_identification:_identify(stm32_fw/Middlewares/Third_Party/FreeRTOS/Source/portable/GCC/ARM_CM3) by extension 'cmake'
[0.580s] Level 1:colcon.colcon_core.package_identification:_identify(stm32_fw/Middlewares/Third_Party/FreeRTOS/Source/portable/GCC/ARM_CM3) by extension 'python'
[0.580s] Level 1:colcon.colcon_core.package_identification:_identify(stm32_fw/Middlewares/Third_Party/FreeRTOS/Source/portable/GCC/ARM_CM3) by extensions ['python_setup_py']
[0.580s] Level 1:colcon.colcon_core.package_identification:_identify(stm32_fw/Middlewares/Third_Party/FreeRTOS/Source/portable/GCC/ARM_CM3) by extension 'python_setup_py'
[0.580s] Level 1:colcon.colcon_core.package_identification:_identify(stm32_fw/Middlewares/Third_Party/FreeRTOS/Source/portable/MemMang) by extensions ['ignore', 'ignore_ament_install']
[0.581s] Level 1:colcon.colcon_core.package_identification:_identify(stm32_fw/Middlewares/Third_Party/FreeRTOS/Source/portable/MemMang) by extension 'ignore'
[0.581s] Level 1:colcon.colcon_core.package_identification:_identify(stm32_fw/Middlewares/Third_Party/FreeRTOS/Source/portable/MemMang) by extension 'ignore_ament_install'
[0.581s] Level 1:colcon.colcon_core.package_identification:_identify(stm32_fw/Middlewares/Third_Party/FreeRTOS/Source/portable/MemMang) by extensions ['colcon_pkg']
[0.581s] Level 1:colcon.colcon_core.package_identification:_identify(stm32_fw/Middlewares/Third_Party/FreeRTOS/Source/portable/MemMang) by extension 'colcon_pkg'
[0.581s] Level 1:colcon.colcon_core.package_identification:_identify(stm32_fw/Middlewares/Third_Party/FreeRTOS/Source/portable/MemMang) by extensions ['colcon_meta']
[0.581s] Level 1:colcon.colcon_core.package_identification:_identify(stm32_fw/Middlewares/Third_Party/FreeRTOS/Source/portable/MemMang) by extension 'colcon_meta'
[0.581s] Level 1:colcon.colcon_core.package_identification:_identify(stm32_fw/Middlewares/Third_Party/FreeRTOS/Source/portable/MemMang) by extensions ['ros']
[0.581s] Level 1:colcon.colcon_core.package_identification:_identify(stm32_fw/Middlewares/Third_Party/FreeRTOS/Source/portable/MemMang) by extension 'ros'
[0.581s] Level 1:colcon.colcon_core.package_identification:_identify(stm32_fw/Middlewares/Third_Party/FreeRTOS/Source/portable/MemMang) by extensions ['cmake', 'python']
[0.581s] Level 1:colcon.colcon_core.package_identification:_identify(stm32_fw/Middlewares/Third_Party/FreeRTOS/Source/portable/MemMang) by extension 'cmake'
[0.581s] Level 1:colcon.colcon_core.package_identification:_identify(stm32_fw/Middlewares/Third_Party/FreeRTOS/Source/portable/MemMang) by extension 'python'
[0.581s] Level 1:colcon.colcon_core.package_identification:_identify(stm32_fw/Middlewares/Third_Party/FreeRTOS/Source/portable/MemMang) by extensions ['python_setup_py']
[0.581s] Level 1:colcon.colcon_core.package_identification:_identify(stm32_fw/Middlewares/Third_Party/FreeRTOS/Source/portable/MemMang) by extension 'python_setup_py'
[0.581s] Level 1:colcon.colcon_core.package_identification:_identify(stm32_fw/build) by extensions ['ignore', 'ignore_ament_install']
[0.581s] Level 1:colcon.colcon_core.package_identification:_identify(stm32_fw/build) by extension 'ignore'
[0.581s] Level 1:colcon.colcon_core.package_identification:_identify(stm32_fw/build) by extension 'ignore_ament_install'
[0.581s] Level 1:colcon.colcon_core.package_identification:_identify(stm32_fw/build) by extensions ['colcon_pkg']
[0.581s] Level 1:colcon.colcon_core.package_identification:_identify(stm32_fw/build) by extension 'colcon_pkg'
[0.581s] Level 1:colcon.colcon_core.package_identification:_identify(stm32_fw/build) by extensions ['colcon_meta']
[0.581s] Level 1:colcon.colcon_core.package_identification:_identify(stm32_fw/build) by extension 'colcon_meta'
[0.581s] Level 1:colcon.colcon_core.package_identification:_identify(stm32_fw/build) by extensions ['ros']
[0.581s] Level 1:colcon.colcon_core.package_identification:_identify(stm32_fw/build) by extension 'ros'
[0.581s] Level 1:colcon.colcon_core.package_identification:_identify(stm32_fw/build) by extensions ['cmake', 'python']
[0.581s] Level 1:colcon.colcon_core.package_identification:_identify(stm32_fw/build) by extension 'cmake'
[0.581s] Level 1:colcon.colcon_core.package_identification:_identify(stm32_fw/build) by extension 'python'
[0.582s] Level 1:colcon.colcon_core.package_identification:_identify(stm32_fw/build) by extensions ['python_setup_py']
[0.582s] Level 1:colcon.colcon_core.package_identification:_identify(stm32_fw/build) by extension 'python_setup_py'
[0.582s] Level 1:colcon.colcon_core.package_identification:_identify(tests) by extensions ['ignore', 'ignore_ament_install']
[0.582s] Level 1:colcon.colcon_core.package_identification:_identify(tests) by extension 'ignore'
[0.582s] Level 1:colcon.colcon_core.package_identification:_identify(tests) by extension 'ignore_ament_install'
[0.582s] Level 1:colcon.colcon_core.package_identification:_identify(tests) by extensions ['colcon_pkg']
[0.582s] Level 1:colcon.colcon_core.package_identification:_identify(tests) by extension 'colcon_pkg'
[0.582s] Level 1:colcon.colcon_core.package_identification:_identify(tests) by extensions ['colcon_meta']
[0.582s] Level 1:colcon.colcon_core.package_identification:_identify(tests) by extension 'colcon_meta'
[0.582s] Level 1:colcon.colcon_core.package_identification:_identify(tests) by extensions ['ros']
[0.582s] Level 1:colcon.colcon_core.package_identification:_identify(tests) by extension 'ros'
[0.582s] Level 1:colcon.colcon_core.package_identification:_identify(tests) by extensions ['cmake', 'python']
[0.582s] Level 1:colcon.colcon_core.package_identification:_identify(tests) by extension 'cmake'
[0.582s] Level 1:colcon.colcon_core.package_identification:_identify(tests) by extension 'python'
[0.582s] Level 1:colcon.colcon_core.package_identification:_identify(tests) by extensions ['python_setup_py']
[0.582s] Level 1:colcon.colcon_core.package_identification:_identify(tests) by extension 'python_setup_py'
[0.582s] Level 1:colcon.colcon_core.package_identification:_identify(tests/test_detection) by extensions ['ignore', 'ignore_ament_install']
[0.582s] Level 1:colcon.colcon_core.package_identification:_identify(tests/test_detection) by extension 'ignore'
[0.582s] Level 1:colcon.colcon_core.package_identification:_identify(tests/test_detection) by extension 'ignore_ament_install'
[0.582s] Level 1:colcon.colcon_core.package_identification:_identify(tests/test_detection) by extensions ['colcon_pkg']
[0.582s] Level 1:colcon.colcon_core.package_identification:_identify(tests/test_detection) by extension 'colcon_pkg'
[0.582s] Level 1:colcon.colcon_core.package_identification:_identify(tests/test_detection) by extensions ['colcon_meta']
[0.582s] Level 1:colcon.colcon_core.package_identification:_identify(tests/test_detection) by extension 'colcon_meta'
[0.582s] Level 1:colcon.colcon_core.package_identification:_identify(tests/test_detection) by extensions ['ros']
[0.582s] Level 1:colcon.colcon_core.package_identification:_identify(tests/test_detection) by extension 'ros'
[0.583s] Level 1:colcon.colcon_core.package_identification:_identify(tests/test_detection) by extensions ['cmake', 'python']
[0.583s] Level 1:colcon.colcon_core.package_identification:_identify(tests/test_detection) by extension 'cmake'
[0.584s] Level 1:colcon.colcon_core.package_identification:_identify(tests/test_detection) by extension 'python'
[0.584s] DEBUG:colcon.colcon_core.package_identification:Package 'tests/test_detection' with type 'cmake' and name 'test_onnx_cpp'
[0.584s] Level 1:colcon.colcon_core.package_identification:_identify(tests/test_uart_protocol) by extensions ['ignore', 'ignore_ament_install']
[0.584s] Level 1:colcon.colcon_core.package_identification:_identify(tests/test_uart_protocol) by extension 'ignore'
[0.584s] Level 1:colcon.colcon_core.package_identification:_identify(tests/test_uart_protocol) by extension 'ignore_ament_install'
[0.584s] Level 1:colcon.colcon_core.package_identification:_identify(tests/test_uart_protocol) by extensions ['colcon_pkg']
[0.584s] Level 1:colcon.colcon_core.package_identification:_identify(tests/test_uart_protocol) by extension 'colcon_pkg'
[0.584s] Level 1:colcon.colcon_core.package_identification:_identify(tests/test_uart_protocol) by extensions ['colcon_meta']
[0.584s] Level 1:colcon.colcon_core.package_identification:_identify(tests/test_uart_protocol) by extension 'colcon_meta'
[0.585s] Level 1:colcon.colcon_core.package_identification:_identify(tests/test_uart_protocol) by extensions ['ros']
[0.585s] Level 1:colcon.colcon_core.package_identification:_identify(tests/test_uart_protocol) by extension 'ros'
[0.585s] Level 1:colcon.colcon_core.package_identification:_identify(tests/test_uart_protocol) by extensions ['cmake', 'python']
[0.585s] Level 1:colcon.colcon_core.package_identification:_identify(tests/test_uart_protocol) by extension 'cmake'
[0.585s] Level 1:colcon.colcon_core.package_identification:_identify(tests/test_uart_protocol) by extension 'python'
[0.585s] Level 1:colcon.colcon_core.package_identification:_identify(tests/test_uart_protocol) by extensions ['python_setup_py']
[0.585s] Level 1:colcon.colcon_core.package_identification:_identify(tests/test_uart_protocol) by extension 'python_setup_py'
[0.585s] Level 1:colcon.colcon_core.package_discovery:discover_packages(recursive) using defaults
[0.585s] Level 1:colcon.colcon_core.package_discovery:discover_packages(ignore) discover
[0.585s] Level 1:colcon.colcon_core.package_discovery:discover_packages(ignore) using defaults
[0.585s] Level 1:colcon.colcon_core.package_discovery:discover_packages(path) discover
[0.585s] Level 1:colcon.colcon_core.package_discovery:discover_packages(path) using defaults
[0.598s] INFO:colcon.colcon_core.package_selection:Skipping not selected package 'gst_receiver' in 'ros2_ws/src/gst_receiver'
[0.598s] INFO:colcon.colcon_core.package_selection:Skipping not selected package 'robot_interfaces' in 'ros2_ws/src/robot_interfaces'
[0.598s] INFO:colcon.colcon_core.package_selection:Skipping not selected package 'stereo_splitter' in 'ros2_ws/src/stereo_splitter'
[0.598s] INFO:colcon.colcon_core.package_selection:Skipping not selected package 'test_onnx_cpp' in 'tests/test_detection'
[0.598s] INFO:colcon.colcon_core.package_selection:Skipping not selected package 'uart_bridge' in 'ros2_ws/src/uart_bridge'
[0.598s] Level 1:colcon.colcon_core.package_discovery:discover_packages(prefix_path) check parameters
[0.599s] Level 1:colcon.colcon_core.package_discovery:discover_packages(prefix_path) discover
[0.600s] DEBUG:colcon.colcon_installed_package_information.package_discovery:Found 288 installed packages in /opt/ros/jazzy
[0.601s] Level 1:colcon.colcon_core.package_discovery:discover_packages(prefix_path) using defaults
[0.627s] Level 5:colcon.colcon_core.verb:set package 'detection_node' build argument 'cmake_args' from command line to 'None'
[0.627s] Level 5:colcon.colcon_core.verb:set package 'detection_node' build argument 'cmake_target' from command line to 'None'
[0.627s] Level 5:colcon.colcon_core.verb:set package 'detection_node' build argument 'cmake_target_skip_unavailable' from command line to 'False'
[0.627s] Level 5:colcon.colcon_core.verb:set package 'detection_node' build argument 'cmake_clean_cache' from command line to 'False'
[0.627s] Level 5:colcon.colcon_core.verb:set package 'detection_node' build argument 'cmake_clean_first' from command line to 'False'
[0.627s] Level 5:colcon.colcon_core.verb:set package 'detection_node' build argument 'cmake_force_configure' from command line to 'False'
[0.627s] Level 5:colcon.colcon_core.verb:set package 'detection_node' build argument 'ament_cmake_args' from command line to 'None'
[0.627s] Level 5:colcon.colcon_core.verb:set package 'detection_node' build argument 'catkin_cmake_args' from command line to 'None'
[0.627s] Level 5:colcon.colcon_core.verb:set package 'detection_node' build argument 'catkin_skip_building_tests' from command line to 'False'
[0.627s] DEBUG:colcon.colcon_core.verb:Building package 'detection_node' with the following arguments: {'ament_cmake_args': None, 'build_base': '/home/peter/dog/dog_dev/build/detection_node', 'catkin_cmake_args': None, 'catkin_skip_building_tests': False, 'cmake_args': None, 'cmake_clean_cache': False, 'cmake_clean_first': False, 'cmake_force_configure': False, 'cmake_target': None, 'cmake_target_skip_unavailable': False, 'install_base': '/home/peter/dog/dog_dev/install/detection_node', 'merge_install': False, 'path': '/home/peter/dog/dog_dev/ros2_ws/src/detection_node', 'symlink_install': False, 'test_result_base': None}
[0.627s] INFO:colcon.colcon_core.executor:Executing jobs using 'parallel' executor
[0.628s] DEBUG:colcon.colcon_parallel_executor.executor.parallel:run_until_complete
[0.629s] INFO:colcon.colcon_ros.task.ament_cmake.build:Building ROS package in '/home/peter/dog/dog_dev/ros2_ws/src/detection_node' with build type 'ament_cmake'
[0.629s] INFO:colcon.colcon_cmake.task.cmake.build:Building CMake package in '/home/peter/dog/dog_dev/ros2_ws/src/detection_node'
[0.630s] INFO:colcon.colcon_core.plugin_system:Skipping extension 'colcon_core.shell.bat': Not used on non-Windows systems
[0.630s] INFO:colcon.colcon_core.shell:Skip shell extension 'powershell' for command environment: Not usable outside of PowerShell
[0.630s] DEBUG:colcon.colcon_core.shell:Skip shell extension 'dsv' for command environment
[0.635s] DEBUG:colcon.colcon_core.event_handler.log_command:Invoking command in '/home/peter/dog/dog_dev/build/detection_node': CMAKE_PREFIX_PATH=${CMAKE_PREFIX_PATH}:/opt/ros/jazzy DEBUGINFOD_URLS=https://debuginfod.ubuntu.com /usr/bin/cmake --build /home/peter/dog/dog_dev/build/detection_node -- -j16 -l16
[8.917s] DEBUG:colcon.colcon_core.event_handler.log_command:Invoked command in '/home/peter/dog/dog_dev/build/detection_node' returned '0': CMAKE_PREFIX_PATH=${CMAKE_PREFIX_PATH}:/opt/ros/jazzy DEBUGINFOD_URLS=https://debuginfod.ubuntu.com /usr/bin/cmake --build /home/peter/dog/dog_dev/build/detection_node -- -j16 -l16
[8.924s] DEBUG:colcon.colcon_core.event_handler.log_command:Invoking command in '/home/peter/dog/dog_dev/build/detection_node': CMAKE_PREFIX_PATH=${CMAKE_PREFIX_PATH}:/opt/ros/jazzy DEBUGINFOD_URLS=https://debuginfod.ubuntu.com /usr/bin/cmake --install /home/peter/dog/dog_dev/build/detection_node
[8.934s] Level 1:colcon.colcon_core.environment:create_environment_scripts_only(detection_node)
[8.934s] DEBUG:colcon.colcon_core.event_handler.log_command:Invoked command in '/home/peter/dog/dog_dev/build/detection_node' returned '0': CMAKE_PREFIX_PATH=${CMAKE_PREFIX_PATH}:/opt/ros/jazzy DEBUGINFOD_URLS=https://debuginfod.ubuntu.com /usr/bin/cmake --install /home/peter/dog/dog_dev/build/detection_node
[8.936s] Level 1:colcon.colcon_core.environment:checking '/home/peter/dog/dog_dev/install/detection_node' for CMake module files
[8.936s] Level 1:colcon.colcon_core.environment:checking '/home/peter/dog/dog_dev/install/detection_node' for CMake config files
[8.936s] Level 1:colcon.colcon_core.shell:create_environment_hook('detection_node', 'cmake_prefix_path')
[8.937s] INFO:colcon.colcon_core.shell:Creating environment hook '/home/peter/dog/dog_dev/install/detection_node/share/detection_node/hook/cmake_prefix_path.ps1'
[8.937s] INFO:colcon.colcon_core.shell:Creating environment descriptor '/home/peter/dog/dog_dev/install/detection_node/share/detection_node/hook/cmake_prefix_path.dsv'
[8.937s] INFO:colcon.colcon_core.shell:Creating environment hook '/home/peter/dog/dog_dev/install/detection_node/share/detection_node/hook/cmake_prefix_path.sh'
[8.938s] Level 1:colcon.colcon_core.environment:checking '/home/peter/dog/dog_dev/install/detection_node/lib'
[8.938s] Level 1:colcon.colcon_core.environment:checking '/home/peter/dog/dog_dev/install/detection_node/bin'
[8.938s] Level 1:colcon.colcon_core.environment:checking '/home/peter/dog/dog_dev/install/detection_node/lib/pkgconfig/detection_node.pc'
[8.938s] Level 1:colcon.colcon_core.environment:checking '/home/peter/dog/dog_dev/install/detection_node/lib/python3.12/site-packages'
[8.938s] Level 1:colcon.colcon_core.environment:checking '/home/peter/dog/dog_dev/install/detection_node/bin'
[8.939s] INFO:colcon.colcon_core.shell:Creating package script '/home/peter/dog/dog_dev/install/detection_node/share/detection_node/package.ps1'
[8.939s] INFO:colcon.colcon_core.shell:Creating package descriptor '/home/peter/dog/dog_dev/install/detection_node/share/detection_node/package.dsv'
[8.939s] INFO:colcon.colcon_core.shell:Creating package script '/home/peter/dog/dog_dev/install/detection_node/share/detection_node/package.sh'
[8.940s] INFO:colcon.colcon_core.shell:Creating package script '/home/peter/dog/dog_dev/install/detection_node/share/detection_node/package.bash'
[8.940s] INFO:colcon.colcon_core.shell:Creating package script '/home/peter/dog/dog_dev/install/detection_node/share/detection_node/package.zsh'
[8.940s] Level 1:colcon.colcon_core.environment:create_file_with_runtime_dependencies(/home/peter/dog/dog_dev/install/detection_node/share/colcon-core/packages/detection_node)
[8.941s] Level 1:colcon.colcon_core.environment:create_environment_scripts_only(detection_node)
[8.941s] Level 1:colcon.colcon_core.environment:checking '/home/peter/dog/dog_dev/install/detection_node' for CMake module files
[8.941s] Level 1:colcon.colcon_core.environment:checking '/home/peter/dog/dog_dev/install/detection_node' for CMake config files
[8.941s] Level 1:colcon.colcon_core.shell:create_environment_hook('detection_node', 'cmake_prefix_path')
[8.941s] INFO:colcon.colcon_core.shell:Creating environment hook '/home/peter/dog/dog_dev/install/detection_node/share/detection_node/hook/cmake_prefix_path.ps1'
[8.942s] INFO:colcon.colcon_core.shell:Creating environment descriptor '/home/peter/dog/dog_dev/install/detection_node/share/detection_node/hook/cmake_prefix_path.dsv'
[8.942s] INFO:colcon.colcon_core.shell:Creating environment hook '/home/peter/dog/dog_dev/install/detection_node/share/detection_node/hook/cmake_prefix_path.sh'
[8.942s] Level 1:colcon.colcon_core.environment:checking '/home/peter/dog/dog_dev/install/detection_node/lib'
[8.942s] Level 1:colcon.colcon_core.environment:checking '/home/peter/dog/dog_dev/install/detection_node/bin'
[8.942s] Level 1:colcon.colcon_core.environment:checking '/home/peter/dog/dog_dev/install/detection_node/lib/pkgconfig/detection_node.pc'
[8.942s] Level 1:colcon.colcon_core.environment:checking '/home/peter/dog/dog_dev/install/detection_node/lib/python3.12/site-packages'
[8.943s] Level 1:colcon.colcon_core.environment:checking '/home/peter/dog/dog_dev/install/detection_node/bin'
[8.943s] INFO:colcon.colcon_core.shell:Creating package script '/home/peter/dog/dog_dev/install/detection_node/share/detection_node/package.ps1'
[8.943s] INFO:colcon.colcon_core.shell:Creating package descriptor '/home/peter/dog/dog_dev/install/detection_node/share/detection_node/package.dsv'
[8.943s] INFO:colcon.colcon_core.shell:Creating package script '/home/peter/dog/dog_dev/install/detection_node/share/detection_node/package.sh'
[8.944s] INFO:colcon.colcon_core.shell:Creating package script '/home/peter/dog/dog_dev/install/detection_node/share/detection_node/package.bash'
[8.944s] INFO:colcon.colcon_core.shell:Creating package script '/home/peter/dog/dog_dev/install/detection_node/share/detection_node/package.zsh'
[8.944s] Level 1:colcon.colcon_core.environment:create_file_with_runtime_dependencies(/home/peter/dog/dog_dev/install/detection_node/share/colcon-core/packages/detection_node)
[8.944s] DEBUG:colcon.colcon_parallel_executor.executor.parallel:closing loop
[8.944s] DEBUG:colcon.colcon_parallel_executor.executor.parallel:loop closed
[8.945s] DEBUG:colcon.colcon_parallel_executor.executor.parallel:run_until_complete finished with '0'
[8.945s] DEBUG:colcon.colcon_core.event_reactor:joining thread
[8.948s] INFO:colcon.colcon_core.plugin_system:Skipping extension 'colcon_notification.desktop_notification.terminal_notifier': Not used on non-Darwin systems
[8.948s] INFO:colcon.colcon_core.plugin_system:Skipping extension 'colcon_notification.desktop_notification.win32': Not used on non-Windows systems
[8.948s] INFO:colcon.colcon_notification.desktop_notification:Sending desktop notification using 'notify2'
[8.949s] DEBUG:colcon.colcon_notification.desktop_notification.notify2:Failed to initialize notify2: org.freedesktop.DBus.Error.ServiceUnknown: The name org.freedesktop.Notifications was not provided by any .service files
[8.949s] DEBUG:colcon.colcon_core.event_reactor:joined thread
[8.950s] INFO:colcon.colcon_core.shell:Creating prefix script '/home/peter/dog/dog_dev/install/local_setup.ps1'
[8.950s] INFO:colcon.colcon_core.shell:Creating prefix util module '/home/peter/dog/dog_dev/install/_local_setup_util_ps1.py'
[8.951s] INFO:colcon.colcon_core.shell:Creating prefix chain script '/home/peter/dog/dog_dev/install/setup.ps1'
[8.951s] INFO:colcon.colcon_core.shell:Creating prefix script '/home/peter/dog/dog_dev/install/local_setup.sh'
[8.952s] INFO:colcon.colcon_core.shell:Creating prefix util module '/home/peter/dog/dog_dev/install/_local_setup_util_sh.py'
[8.952s] INFO:colcon.colcon_core.shell:Creating prefix chain script '/home/peter/dog/dog_dev/install/setup.sh'
[8.953s] INFO:colcon.colcon_core.shell:Creating prefix script '/home/peter/dog/dog_dev/install/local_setup.bash'
[8.953s] INFO:colcon.colcon_core.shell:Creating prefix chain script '/home/peter/dog/dog_dev/install/setup.bash'
[8.953s] INFO:colcon.colcon_core.shell:Creating prefix script '/home/peter/dog/dog_dev/install/local_setup.zsh'
[8.954s] INFO:colcon.colcon_core.shell:Creating prefix chain script '/home/peter/dog/dog_dev/install/setup.zsh'
