[0.343s] DEBUG:colcon:Command line arguments: ['/usr/bin/colcon', 'build', '--packages-select', 'robot_interfaces']
[0.343s] DEBUG:colcon:Parsed command line arguments: Namespace(log_base=None, log_level=None, verb_name='build', build_base='build', install_base='install', merge_install=False, symlink_install=False, test_result_base=None, continue_on_error=False, executor='parallel', parallel_workers=16, event_handlers=None, ignore_user_meta=False, metas=['./colcon.meta'], base_paths=['.'], packages_ignore=None, packages_ignore_regex=None, paths=None, packages_up_to=None, packages_up_to_regex=None, packages_above=None, packages_above_and_dependencies=None, packages_above_depth=None, packages_select_by_dep=None, packages_skip_by_dep=None, packages_skip_up_to=None, packages_select_build_failed=False, packages_skip_build_finished=False, packages_select_test_failures=False, packages_skip_test_passed=False, packages_select=['robot_interfaces'], packages_skip=None, packages_select_regex=None, packages_skip_regex=None, packages_start=None, packages_end=None, allow_overriding=[], cmake_args=None, cmake_target=None, cmake_target_skip_unavailable=False, cmake_clean_cache=False, cmake_clean_first=False, cmake_force_configure=False, ament_cmake_args=None, catkin_cmake_args=None, catkin_skip_building_tests=False, verb_parser=<colcon_defaults.argument_parser.defaults.DefaultArgumentsDecorator object at 0x73b2f4287080>, verb_extension=<colcon_core.verb.build.BuildVerb object at 0x73b2f43a7110>, main=<bound method BuildVerb.main of <colcon_core.verb.build.BuildVerb object at 0x73b2f43a7110>>)
[0.368s] Level 1:colcon.colcon_core.package_discovery:discover_packages(colcon_meta) check parameters
[0.369s] Level 1:colcon.colcon_core.package_discovery:discover_packages(recursive) check parameters
[0.369s] Level 1:colcon.colcon_core.package_discovery:discover_packages(ignore) check parameters
[0.369s] Level 1:colcon.colcon_core.package_discovery:discover_packages(path) check parameters
[0.369s] Level 1:colcon.colcon_core.package_discovery:discover_packages(colcon_meta) discover
[0.369s] Level 1:colcon.colcon_core.package_discovery:discover_packages(recursive) discover
[0.369s] INFO:colcon.colcon_core.package_discovery:Crawling recursively for packages in '/home/peter/dog/dog_dev'
[0.369s] Level 1:colcon.colcon_core.package_identification:_identify(.) by extensions ['ignore', 'ignore_ament_install']
[0.369s] Level 1:colcon.colcon_core.package_identification:_identify(.) by extension 'ignore'
[0.369s] Level 1:colcon.colcon_core.package_identification:_identify(.) by extension 'ignore_ament_install'
[0.369s] Level 1:colcon.colcon_core.package_identification:_identify(.) by extensions ['colcon_pkg']
[0.369s] Level 1:colcon.colcon_core.package_identification:_identify(.) by extension 'colcon_pkg'
[0.369s] Level 1:colcon.colcon_core.package_identification:_identify(.) by extensions ['colcon_meta']
[0.369s] Level 1:colcon.colcon_core.package_identification:_identify(.) by extension 'colcon_meta'
[0.369s] Level 1:colcon.colcon_core.package_identification:_identify(.) by extensions ['ros']
[0.369s] Level 1:colcon.colcon_core.package_identification:_identify(.) by extension 'ros'
[0.387s] Level 1:colcon.colcon_core.package_identification:_identify(.) by extensions ['cmake', 'python']
[0.387s] Level 1:colcon.colcon_core.package_identification:_identify(.) by extension 'cmake'
[0.387s] Level 1:colcon.colcon_core.package_identification:_identify(.) by extension 'python'
[0.387s] Level 1:colcon.colcon_core.package_identification:_identify(.) by extensions ['python_setup_py']
[0.387s] Level 1:colcon.colcon_core.package_identification:_identify(.) by extension 'python_setup_py'
[0.387s] Level 1:colcon.colcon_core.package_identification:_identify(build) by extensions ['ignore', 'ignore_ament_install']
[0.387s] Level 1:colcon.colcon_core.package_identification:_identify(build) by extension 'ignore'
[0.387s] Level 1:colcon.colcon_core.package_identification:_identify(build) ignored
[0.387s] Level 1:colcon.colcon_core.package_identification:_identify(config) by extensions ['ignore', 'ignore_ament_install']
[0.387s] Level 1:colcon.colcon_core.package_identification:_identify(config) by extension 'ignore'
[0.387s] Level 1:colcon.colcon_core.package_identification:_identify(config) by extension 'ignore_ament_install'
[0.387s] Level 1:colcon.colcon_core.package_identification:_identify(config) by extensions ['colcon_pkg']
[0.387s] Level 1:colcon.colcon_core.package_identification:_identify(config) by extension 'colcon_pkg'
[0.387s] Level 1:colcon.colcon_core.package_identification:_identify(config) by extensions ['colcon_meta']
[0.387s] Level 1:colcon.colcon_core.package_identification:_identify(config) by extension 'colcon_meta'
[0.387s] Level 1:colcon.colcon_core.package_identification:_identify(config) by extensions ['ros']
[0.387s] Level 1:colcon.colcon_core.package_identification:_identify(config) by extension 'ros'
[0.387s] Level 1:colcon.colcon_core.package_identification:_identify(config) by extensions ['cmake', 'python']
[0.387s] Level 1:colcon.colcon_core.package_identification:_identify(config) by extension 'cmake'
[0.388s] Level 1:colcon.colcon_core.package_identification:_identify(config) by extension 'python'
[0.388s] Level 1:colcon.colcon_core.package_identification:_identify(config) by extensions ['python_setup_py']
[0.388s] Level 1:colcon.colcon_core.package_identification:_identify(config) by extension 'python_setup_py'
[0.388s] Level 1:colcon.colcon_core.package_identification:_identify(docs) by extensions ['ignore', 'ignore_ament_install']
[0.388s] Level 1:colcon.colcon_core.package_identification:_identify(docs) by extension 'ignore'
[0.388s] Level 1:colcon.colcon_core.package_identification:_identify(docs) by extension 'ignore_ament_install'
[0.388s] Level 1:colcon.colcon_core.package_identification:_identify(docs) by extensions ['colcon_pkg']
[0.388s] Level 1:colcon.colcon_core.package_identification:_identify(docs) by extension 'colcon_pkg'
[0.388s] Level 1:colcon.colcon_core.package_identification:_identify(docs) by extensions ['colcon_meta']
[0.388s] Level 1:colcon.colcon_core.package_identification:_identify(docs) by extension 'colcon_meta'
[0.388s] Level 1:colcon.colcon_core.package_identification:_identify(docs) by extensions ['ros']
[0.388s] Level 1:colcon.colcon_core.package_identification:_identify(docs) by extension 'ros'
[0.388s] Level 1:colcon.colcon_core.package_identification:_identify(docs) by extensions ['cmake', 'python']
[0.388s] Level 1:colcon.colcon_core.package_identification:_identify(docs) by extension 'cmake'
[0.388s] Level 1:colcon.colcon_core.package_identification:_identify(docs) by extension 'python'
[0.388s] Level 1:colcon.colcon_core.package_identification:_identify(docs) by extensions ['python_setup_py']
[0.388s] Level 1:colcon.colcon_core.package_identification:_identify(docs) by extension 'python_setup_py'
[0.388s] Level 1:colcon.colcon_core.package_identification:_identify(install) by extensions ['ignore', 'ignore_ament_install']
[0.388s] Level 1:colcon.colcon_core.package_identification:_identify(install) by extension 'ignore'
[0.388s] Level 1:colcon.colcon_core.package_identification:_identify(install) ignored
[0.388s] Level 1:colcon.colcon_core.package_identification:_identify(log) by extensions ['ignore', 'ignore_ament_install']
[0.388s] Level 1:colcon.colcon_core.package_identification:_identify(log) by extension 'ignore'
[0.388s] Level 1:colcon.colcon_core.package_identification:_identify(log) ignored
[0.388s] Level 1:colcon.colcon_core.package_identification:_identify(models) by extensions ['ignore', 'ignore_ament_install']
[0.389s] Level 1:colcon.colcon_core.package_identification:_identify(models) by extension 'ignore'
[0.389s] Level 1:colcon.colcon_core.package_identification:_identify(models) by extension 'ignore_ament_install'
[0.389s] Level 1:colcon.colcon_core.package_identification:_identify(models) by extensions ['colcon_pkg']
[0.389s] Level 1:colcon.colcon_core.package_identification:_identify(models) by extension 'colcon_pkg'
[0.389s] Level 1:colcon.colcon_core.package_identification:_identify(models) by extensions ['colcon_meta']
[0.389s] Level 1:colcon.colcon_core.package_identification:_identify(models) by extension 'colcon_meta'
[0.389s] Level 1:colcon.colcon_core.package_identification:_identify(models) by extensions ['ros']
[0.389s] Level 1:colcon.colcon_core.package_identification:_identify(models) by extension 'ros'
[0.389s] Level 1:colcon.colcon_core.package_identification:_identify(models) by extensions ['cmake', 'python']
[0.389s] Level 1:colcon.colcon_core.package_identification:_identify(models) by extension 'cmake'
[0.389s] Level 1:colcon.colcon_core.package_identification:_identify(models) by extension 'python'
[0.389s] Level 1:colcon.colcon_core.package_identification:_identify(models) by extensions ['python_setup_py']
[0.389s] Level 1:colcon.colcon_core.package_identification:_identify(models) by extension 'python_setup_py'
[0.389s] Level 1:colcon.colcon_core.package_identification:_identify(ros2_ws) by extensions ['ignore', 'ignore_ament_install']
[0.389s] Level 1:colcon.colcon_core.package_identification:_identify(ros2_ws) by extension 'ignore'
[0.389s] Level 1:colcon.colcon_core.package_identification:_identify(ros2_ws) by extension 'ignore_ament_install'
[0.389s] Level 1:colcon.colcon_core.package_identification:_identify(ros2_ws) by extensions ['colcon_pkg']
[0.389s] Level 1:colcon.colcon_core.package_identification:_identify(ros2_ws) by extension 'colcon_pkg'
[0.389s] Level 1:colcon.colcon_core.package_identification:_identify(ros2_ws) by extensions ['colcon_meta']
[0.389s] Level 1:colcon.colcon_core.package_identification:_identify(ros2_ws) by extension 'colcon_meta'
[0.389s] Level 1:colcon.colcon_core.package_identification:_identify(ros2_ws) by extensions ['ros']
[0.389s] Level 1:colcon.colcon_core.package_identification:_identify(ros2_ws) by extension 'ros'
[0.389s] Level 1:colcon.colcon_core.package_identification:_identify(ros2_ws) by extensions ['cmake', 'python']
[0.389s] Level 1:colcon.colcon_core.package_identification:_identify(ros2_ws) by extension 'cmake'
[0.389s] Level 1:colcon.colcon_core.package_identification:_identify(ros2_ws) by extension 'python'
[0.389s] Level 1:colcon.colcon_core.package_identification:_identify(ros2_ws) by extensions ['python_setup_py']
[0.389s] Level 1:colcon.colcon_core.package_identification:_identify(ros2_ws) by extension 'python_setup_py'
[0.390s] Level 1:colcon.colcon_core.package_identification:_identify(ros2_ws/build) by extensions ['ignore', 'ignore_ament_install']
[0.390s] Level 1:colcon.colcon_core.package_identification:_identify(ros2_ws/build) by extension 'ignore'
[0.390s] Level 1:colcon.colcon_core.package_identification:_identify(ros2_ws/build) ignored
[0.390s] Level 1:colcon.colcon_core.package_identification:_identify(ros2_ws/install) by extensions ['ignore', 'ignore_ament_install']
[0.390s] Level 1:colcon.colcon_core.package_identification:_identify(ros2_ws/install) by extension 'ignore'
[0.390s] Level 1:colcon.colcon_core.package_identification:_identify(ros2_ws/install) ignored
[0.390s] Level 1:colcon.colcon_core.package_identification:_identify(ros2_ws/log) by extensions ['ignore', 'ignore_ament_install']
[0.390s] Level 1:colcon.colcon_core.package_identification:_identify(ros2_ws/log) by extension 'ignore'
[0.390s] Level 1:colcon.colcon_core.package_identification:_identify(ros2_ws/log) ignored
[0.390s] Level 1:colcon.colcon_core.package_identification:_identify(ros2_ws/src) by extensions ['ignore', 'ignore_ament_install']
[0.390s] Level 1:colcon.colcon_core.package_identification:_identify(ros2_ws/src) by extension 'ignore'
[0.390s] Level 1:colcon.colcon_core.package_identification:_identify(ros2_ws/src) by extension 'ignore_ament_install'
[0.390s] Level 1:colcon.colcon_core.package_identification:_identify(ros2_ws/src) by extensions ['colcon_pkg']
[0.390s] Level 1:colcon.colcon_core.package_identification:_identify(ros2_ws/src) by extension 'colcon_pkg'
[0.390s] Level 1:colcon.colcon_core.package_identification:_identify(ros2_ws/src) by extensions ['colcon_meta']
[0.390s] Level 1:colcon.colcon_core.package_identification:_identify(ros2_ws/src) by extension 'colcon_meta'
[0.390s] Level 1:colcon.colcon_core.package_identification:_identify(ros2_ws/src) by extensions ['ros']
[0.390s] Level 1:colcon.colcon_core.package_identification:_identify(ros2_ws/src) by extension 'ros'
[0.390s] Level 1:colcon.colcon_core.package_identification:_identify(ros2_ws/src) by extensions ['cmake', 'python']
[0.390s] Level 1:colcon.colcon_core.package_identification:_identify(ros2_ws/src) by extension 'cmake'
[0.390s] Level 1:colcon.colcon_core.package_identification:_identify(ros2_ws/src) by extension 'python'
[0.390s] Level 1:colcon.colcon_core.package_identification:_identify(ros2_ws/src) by extensions ['python_setup_py']
[0.390s] Level 1:colcon.colcon_core.package_identification:_identify(ros2_ws/src) by extension 'python_setup_py'
[0.391s] Level 1:colcon.colcon_core.package_identification:_identify(ros2_ws/src/detection_node) by extensions ['ignore', 'ignore_ament_install']
[0.391s] Level 1:colcon.colcon_core.package_identification:_identify(ros2_ws/src/detection_node) by extension 'ignore'
[0.391s] Level 1:colcon.colcon_core.package_identification:_identify(ros2_ws/src/detection_node) by extension 'ignore_ament_install'
[0.391s] Level 1:colcon.colcon_core.package_identification:_identify(ros2_ws/src/detection_node) by extensions ['colcon_pkg']
[0.391s] Level 1:colcon.colcon_core.package_identification:_identify(ros2_ws/src/detection_node) by extension 'colcon_pkg'
[0.391s] Level 1:colcon.colcon_core.package_identification:_identify(ros2_ws/src/detection_node) by extensions ['colcon_meta']
[0.391s] Level 1:colcon.colcon_core.package_identification:_identify(ros2_ws/src/detection_node) by extension 'colcon_meta'
[0.391s] Level 1:colcon.colcon_core.package_identification:_identify(ros2_ws/src/detection_node) by extensions ['ros']
[0.391s] Level 1:colcon.colcon_core.package_identification:_identify(ros2_ws/src/detection_node) by extension 'ros'
[0.393s] DEBUG:colcon.colcon_core.package_identification:Package 'ros2_ws/src/detection_node' with type 'ros.ament_cmake' and name 'detection_node'
[0.393s] Level 1:colcon.colcon_core.package_identification:_identify(ros2_ws/src/gst_receiver) by extensions ['ignore', 'ignore_ament_install']
[0.393s] Level 1:colcon.colcon_core.package_identification:_identify(ros2_ws/src/gst_receiver) by extension 'ignore'
[0.393s] Level 1:colcon.colcon_core.package_identification:_identify(ros2_ws/src/gst_receiver) by extension 'ignore_ament_install'
[0.393s] Level 1:colcon.colcon_core.package_identification:_identify(ros2_ws/src/gst_receiver) by extensions ['colcon_pkg']
[0.393s] Level 1:colcon.colcon_core.package_identification:_identify(ros2_ws/src/gst_receiver) by extension 'colcon_pkg'
[0.393s] Level 1:colcon.colcon_core.package_identification:_identify(ros2_ws/src/gst_receiver) by extensions ['colcon_meta']
[0.393s] Level 1:colcon.colcon_core.package_identification:_identify(ros2_ws/src/gst_receiver) by extension 'colcon_meta'
[0.393s] Level 1:colcon.colcon_core.package_identification:_identify(ros2_ws/src/gst_receiver) by extensions ['ros']
[0.393s] Level 1:colcon.colcon_core.package_identification:_identify(ros2_ws/src/gst_receiver) by extension 'ros'
[0.394s] DEBUG:colcon.colcon_core.package_identification:Package 'ros2_ws/src/gst_receiver' with type 'ros.ament_cmake' and name 'gst_receiver'
[0.394s] Level 1:colcon.colcon_core.package_identification:_identify(ros2_ws/src/robot_interfaces) by extensions ['ignore', 'ignore_ament_install']
[0.394s] Level 1:colcon.colcon_core.package_identification:_identify(ros2_ws/src/robot_interfaces) by extension 'ignore'
[0.394s] Level 1:colcon.colcon_core.package_identification:_identify(ros2_ws/src/robot_interfaces) by extension 'ignore_ament_install'
[0.394s] Level 1:colcon.colcon_core.package_identification:_identify(ros2_ws/src/robot_interfaces) by extensions ['colcon_pkg']
[0.394s] Level 1:colcon.colcon_core.package_identification:_identify(ros2_ws/src/robot_interfaces) by extension 'colcon_pkg'
[0.394s] Level 1:colcon.colcon_core.package_identification:_identify(ros2_ws/src/robot_interfaces) by extensions ['colcon_meta']
[0.394s] Level 1:colcon.colcon_core.package_identification:_identify(ros2_ws/src/robot_interfaces) by extension 'colcon_meta'
[0.394s] Level 1:colcon.colcon_core.package_identification:_identify(ros2_ws/src/robot_interfaces) by extensions ['ros']
[0.394s] Level 1:colcon.colcon_core.package_identification:_identify(ros2_ws/src/robot_interfaces) by extension 'ros'
[0.395s] DEBUG:colcon.colcon_core.package_identification:Package 'ros2_ws/src/robot_interfaces' with type 'ros.ament_cmake' and name 'robot_interfaces'
[0.395s] Level 1:colcon.colcon_core.package_identification:_identify(ros2_ws/src/stereo_splitter) by extensions ['ignore', 'ignore_ament_install']
[0.395s] Level 1:colcon.colcon_core.package_identification:_identify(ros2_ws/src/stereo_splitter) by extension 'ignore'
[0.395s] Level 1:colcon.colcon_core.package_identification:_identify(ros2_ws/src/stereo_splitter) by extension 'ignore_ament_install'
[0.395s] Level 1:colcon.colcon_core.package_identification:_identify(ros2_ws/src/stereo_splitter) by extensions ['colcon_pkg']
[0.395s] Level 1:colcon.colcon_core.package_identification:_identify(ros2_ws/src/stereo_splitter) by extension 'colcon_pkg'
[0.395s] Level 1:colcon.colcon_core.package_identification:_identify(ros2_ws/src/stereo_splitter) by extensions ['colcon_meta']
[0.395s] Level 1:colcon.colcon_core.package_identification:_identify(ros2_ws/src/stereo_splitter) by extension 'colcon_meta'
[0.395s] Level 1:colcon.colcon_core.package_identification:_identify(ros2_ws/src/stereo_splitter) by extensions ['ros']
[0.395s] Level 1:colcon.colcon_core.package_identification:_identify(ros2_ws/src/stereo_splitter) by extension 'ros'
[0.395s] DEBUG:colcon.colcon_core.package_identification:Package 'ros2_ws/src/stereo_splitter' with type 'ros.ament_cmake' and name 'stereo_splitter'
[0.395s] Level 1:colcon.colcon_core.package_identification:_identify(ros2_ws/src/tracker_node) by extensions ['ignore', 'ignore_ament_install']
[0.396s] Level 1:colcon.colcon_core.package_identification:_identify(ros2_ws/src/tracker_node) by extension 'ignore'
[0.396s] Level 1:colcon.colcon_core.package_identification:_identify(ros2_ws/src/tracker_node) by extension 'ignore_ament_install'
[0.396s] Level 1:colcon.colcon_core.package_identification:_identify(ros2_ws/src/tracker_node) by extensions ['colcon_pkg']
[0.396s] Level 1:colcon.colcon_core.package_identification:_identify(ros2_ws/src/tracker_node) by extension 'colcon_pkg'
[0.396s] Level 1:colcon.colcon_core.package_identification:_identify(ros2_ws/src/tracker_node) by extensions ['colcon_meta']
[0.396s] Level 1:colcon.colcon_core.package_identification:_identify(ros2_ws/src/tracker_node) by extension 'colcon_meta'
[0.396s] Level 1:colcon.colcon_core.package_identification:_identify(ros2_ws/src/tracker_node) by extensions ['ros']
[0.396s] Level 1:colcon.colcon_core.package_identification:_identify(ros2_ws/src/tracker_node) by extension 'ros'
[0.396s] DEBUG:colcon.colcon_core.package_identification:Package 'ros2_ws/src/tracker_node' with type 'ros.ament_cmake' and name 'tracker_node'
[0.396s] Level 1:colcon.colcon_core.package_identification:_identify(ros2_ws/src/uart_bridge) by extensions ['ignore', 'ignore_ament_install']
[0.396s] Level 1:colcon.colcon_core.package_identification:_identify(ros2_ws/src/uart_bridge) by extension 'ignore'
[0.396s] Level 1:colcon.colcon_core.package_identification:_identify(ros2_ws/src/uart_bridge) by extension 'ignore_ament_install'
[0.396s] Level 1:colcon.colcon_core.package_identification:_identify(ros2_ws/src/uart_bridge) by extensions ['colcon_pkg']
[0.397s] Level 1:colcon.colcon_core.package_identification:_identify(ros2_ws/src/uart_bridge) by extension 'colcon_pkg'
[0.397s] Level 1:colcon.colcon_core.package_identification:_identify(ros2_ws/src/uart_bridge) by extensions ['colcon_meta']
[0.397s] Level 1:colcon.colcon_core.package_identification:_identify(ros2_ws/src/uart_bridge) by extension 'colcon_meta'
[0.397s] Level 1:colcon.colcon_core.package_identification:_identify(ros2_ws/src/uart_bridge) by extensions ['ros']
[0.397s] Level 1:colcon.colcon_core.package_identification:_identify(ros2_ws/src/uart_bridge) by extension 'ros'
[0.397s] DEBUG:colcon.colcon_core.package_identification:Package 'ros2_ws/src/uart_bridge' with type 'ros.ament_cmake' and name 'uart_bridge'
[0.397s] Level 1:colcon.colcon_core.package_identification:_identify(scripts) by extensions ['ignore', 'ignore_ament_install']
[0.397s] Level 1:colcon.colcon_core.package_identification:_identify(scripts) by extension 'ignore'
[0.397s] Level 1:colcon.colcon_core.package_identification:_identify(scripts) by extension 'ignore_ament_install'
[0.397s] Level 1:colcon.colcon_core.package_identification:_identify(scripts) by extensions ['colcon_pkg']
[0.397s] Level 1:colcon.colcon_core.package_identification:_identify(scripts) by extension 'colcon_pkg'
[0.397s] Level 1:colcon.colcon_core.package_identification:_identify(scripts) by extensions ['colcon_meta']
[0.397s] Level 1:colcon.colcon_core.package_identification:_identify(scripts) by extension 'colcon_meta'
[0.397s] Level 1:colcon.colcon_core.package_identification:_identify(scripts) by extensions ['ros']
[0.397s] Level 1:colcon.colcon_core.package_identification:_identify(scripts) by extension 'ros'
[0.397s] Level 1:colcon.colcon_core.package_identification:_identify(scripts) by extensions ['cmake', 'python']
[0.397s] Level 1:colcon.colcon_core.package_identification:_identify(scripts) by extension 'cmake'
[0.397s] Level 1:colcon.colcon_core.package_identification:_identify(scripts) by extension 'python'
[0.397s] Level 1:colcon.colcon_core.package_identification:_identify(scripts) by extensions ['python_setup_py']
[0.397s] Level 1:colcon.colcon_core.package_identification:_identify(scripts) by extension 'python_setup_py'
[0.397s] Level 1:colcon.colcon_core.package_identification:_identify(shared) by extensions ['ignore', 'ignore_ament_install']
[0.397s] Level 1:colcon.colcon_core.package_identification:_identify(shared) by extension 'ignore'
[0.398s] Level 1:colcon.colcon_core.package_identification:_identify(shared) by extension 'ignore_ament_install'
[0.398s] Level 1:colcon.colcon_core.package_identification:_identify(shared) by extensions ['colcon_pkg']
[0.398s] Level 1:colcon.colcon_core.package_identification:_identify(shared) by extension 'colcon_pkg'
[0.398s] Level 1:colcon.colcon_core.package_identification:_identify(shared) by extensions ['colcon_meta']
[0.398s] Level 1:colcon.colcon_core.package_identification:_identify(shared) by extension 'colcon_meta'
[0.398s] Level 1:colcon.colcon_core.package_identification:_identify(shared) by extensions ['ros']
[0.398s] Level 1:colcon.colcon_core.package_identification:_identify(shared) by extension 'ros'
[0.398s] Level 1:colcon.colcon_core.package_identification:_identify(shared) by extensions ['cmake', 'python']
[0.398s] Level 1:colcon.colcon_core.package_identification:_identify(shared) by extension 'cmake'
[0.398s] Level 1:colcon.colcon_core.package_identification:_identify(shared) by extension 'python'
[0.398s] Level 1:colcon.colcon_core.package_identification:_identify(shared) by extensions ['python_setup_py']
[0.398s] Level 1:colcon.colcon_core.package_identification:_identify(shared) by extension 'python_setup_py'
[0.398s] Level 1:colcon.colcon_core.package_identification:_identify(stm32_fw) by extensions ['ignore', 'ignore_ament_install']
[0.398s] Level 1:colcon.colcon_core.package_identification:_identify(stm32_fw) by extension 'ignore'
[0.398s] Level 1:colcon.colcon_core.package_identification:_identify(stm32_fw) by extension 'ignore_ament_install'
[0.398s] Level 1:colcon.colcon_core.package_identification:_identify(stm32_fw) by extensions ['colcon_pkg']
[0.398s] Level 1:colcon.colcon_core.package_identification:_identify(stm32_fw) by extension 'colcon_pkg'
[0.398s] Level 1:colcon.colcon_core.package_identification:_identify(stm32_fw) by extensions ['colcon_meta']
[0.398s] Level 1:colcon.colcon_core.package_identification:_identify(stm32_fw) by extension 'colcon_meta'
[0.398s] Level 1:colcon.colcon_core.package_identification:_identify(stm32_fw) by extensions ['ros']
[0.398s] Level 1:colcon.colcon_core.package_identification:_identify(stm32_fw) by extension 'ros'
[0.398s] Level 1:colcon.colcon_core.package_identification:_identify(stm32_fw) by extensions ['cmake', 'python']
[0.398s] Level 1:colcon.colcon_core.package_identification:_identify(stm32_fw) by extension 'cmake'
[0.398s] Level 1:colcon.colcon_core.package_identification:_identify(stm32_fw) by extension 'python'
[0.398s] Level 1:colcon.colcon_core.package_identification:_identify(stm32_fw) by extensions ['python_setup_py']
[0.398s] Level 1:colcon.colcon_core.package_identification:_identify(stm32_fw) by extension 'python_setup_py'
[0.398s] Level 1:colcon.colcon_core.package_identification:_identify(stm32_fw/Core) by extensions ['ignore', 'ignore_ament_install']
[0.398s] Level 1:colcon.colcon_core.package_identification:_identify(stm32_fw/Core) by extension 'ignore'
[0.398s] Level 1:colcon.colcon_core.package_identification:_identify(stm32_fw/Core) by extension 'ignore_ament_install'
[0.398s] Level 1:colcon.colcon_core.package_identification:_identify(stm32_fw/Core) by extensions ['colcon_pkg']
[0.398s] Level 1:colcon.colcon_core.package_identification:_identify(stm32_fw/Core) by extension 'colcon_pkg'
[0.398s] Level 1:colcon.colcon_core.package_identification:_identify(stm32_fw/Core) by extensions ['colcon_meta']
[0.398s] Level 1:colcon.colcon_core.package_identification:_identify(stm32_fw/Core) by extension 'colcon_meta'
[0.398s] Level 1:colcon.colcon_core.package_identification:_identify(stm32_fw/Core) by extensions ['ros']
[0.398s] Level 1:colcon.colcon_core.package_identification:_identify(stm32_fw/Core) by extension 'ros'
[0.398s] Level 1:colcon.colcon_core.package_identification:_identify(stm32_fw/Core) by extensions ['cmake', 'python']
[0.398s] Level 1:colcon.colcon_core.package_identification:_identify(stm32_fw/Core) by extension 'cmake'
[0.399s] Level 1:colcon.colcon_core.package_identification:_identify(stm32_fw/Core) by extension 'python'
[0.399s] Level 1:colcon.colcon_core.package_identification:_identify(stm32_fw/Core) by extensions ['python_setup_py']
[0.399s] Level 1:colcon.colcon_core.package_identification:_identify(stm32_fw/Core) by extension 'python_setup_py'
[0.399s] Level 1:colcon.colcon_core.package_identification:_identify(stm32_fw/Core/Inc) by extensions ['ignore', 'ignore_ament_install']
[0.399s] Level 1:colcon.colcon_core.package_identification:_identify(stm32_fw/Core/Inc) by extension 'ignore'
[0.399s] Level 1:colcon.colcon_core.package_identification:_identify(stm32_fw/Core/Inc) by extension 'ignore_ament_install'
[0.399s] Level 1:colcon.colcon_core.package_identification:_identify(stm32_fw/Core/Inc) by extensions ['colcon_pkg']
[0.399s] Level 1:colcon.colcon_core.package_identification:_identify(stm32_fw/Core/Inc) by extension 'colcon_pkg'
[0.399s] Level 1:colcon.colcon_core.package_identification:_identify(stm32_fw/Core/Inc) by extensions ['colcon_meta']
[0.399s] Level 1:colcon.colcon_core.package_identification:_identify(stm32_fw/Core/Inc) by extension 'colcon_meta'
[0.399s] Level 1:colcon.colcon_core.package_identification:_identify(stm32_fw/Core/Inc) by extensions ['ros']
[0.399s] Level 1:colcon.colcon_core.package_identification:_identify(stm32_fw/Core/Inc) by extension 'ros'
[0.399s] Level 1:colcon.colcon_core.package_identification:_identify(stm32_fw/Core/Inc) by extensions ['cmake', 'python']
[0.399s] Level 1:colcon.colcon_core.package_identification:_identify(stm32_fw/Core/Inc) by extension 'cmake'
[0.399s] Level 1:colcon.colcon_core.package_identification:_identify(stm32_fw/Core/Inc) by extension 'python'
[0.399s] Level 1:colcon.colcon_core.package_identification:_identify(stm32_fw/Core/Inc) by extensions ['python_setup_py']
[0.399s] Level 1:colcon.colcon_core.package_identification:_identify(stm32_fw/Core/Inc) by extension 'python_setup_py'
[0.399s] Level 1:colcon.colcon_core.package_identification:_identify(stm32_fw/Core/Src) by extensions ['ignore', 'ignore_ament_install']
[0.399s] Level 1:colcon.colcon_core.package_identification:_identify(stm32_fw/Core/Src) by extension 'ignore'
[0.399s] Level 1:colcon.colcon_core.package_identification:_identify(stm32_fw/Core/Src) by extension 'ignore_ament_install'
[0.399s] Level 1:colcon.colcon_core.package_identification:_identify(stm32_fw/Core/Src) by extensions ['colcon_pkg']
[0.399s] Level 1:colcon.colcon_core.package_identification:_identify(stm32_fw/Core/Src) by extension 'colcon_pkg'
[0.399s] Level 1:colcon.colcon_core.package_identification:_identify(stm32_fw/Core/Src) by extensions ['colcon_meta']
[0.399s] Level 1:colcon.colcon_core.package_identification:_identify(stm32_fw/Core/Src) by extension 'colcon_meta'
[0.399s] Level 1:colcon.colcon_core.package_identification:_identify(stm32_fw/Core/Src) by extensions ['ros']
[0.399s] Level 1:colcon.colcon_core.package_identification:_identify(stm32_fw/Core/Src) by extension 'ros'
[0.399s] Level 1:colcon.colcon_core.package_identification:_identify(stm32_fw/Core/Src) by extensions ['cmake', 'python']
[0.399s] Level 1:colcon.colcon_core.package_identification:_identify(stm32_fw/Core/Src) by extension 'cmake'
[0.399s] Level 1:colcon.colcon_core.package_identification:_identify(stm32_fw/Core/Src) by extension 'python'
[0.399s] Level 1:colcon.colcon_core.package_identification:_identify(stm32_fw/Core/Src) by extensions ['python_setup_py']
[0.399s] Level 1:colcon.colcon_core.package_identification:_identify(stm32_fw/Core/Src) by extension 'python_setup_py'
[0.399s] Level 1:colcon.colcon_core.package_identification:_identify(stm32_fw/Drivers) by extensions ['ignore', 'ignore_ament_install']
[0.399s] Level 1:colcon.colcon_core.package_identification:_identify(stm32_fw/Drivers) by extension 'ignore'
[0.399s] Level 1:colcon.colcon_core.package_identification:_identify(stm32_fw/Drivers) by extension 'ignore_ament_install'
[0.399s] Level 1:colcon.colcon_core.package_identification:_identify(stm32_fw/Drivers) by extensions ['colcon_pkg']
[0.400s] Level 1:colcon.colcon_core.package_identification:_identify(stm32_fw/Drivers) by extension 'colcon_pkg'
[0.400s] Level 1:colcon.colcon_core.package_identification:_identify(stm32_fw/Drivers) by extensions ['colcon_meta']
[0.400s] Level 1:colcon.colcon_core.package_identification:_identify(stm32_fw/Drivers) by extension 'colcon_meta'
[0.400s] Level 1:colcon.colcon_core.package_identification:_identify(stm32_fw/Drivers) by extensions ['ros']
[0.400s] Level 1:colcon.colcon_core.package_identification:_identify(stm32_fw/Drivers) by extension 'ros'
[0.400s] Level 1:colcon.colcon_core.package_identification:_identify(stm32_fw/Drivers) by extensions ['cmake', 'python']
[0.400s] Level 1:colcon.colcon_core.package_identification:_identify(stm32_fw/Drivers) by extension 'cmake'
[0.400s] Level 1:colcon.colcon_core.package_identification:_identify(stm32_fw/Drivers) by extension 'python'
[0.400s] Level 1:colcon.colcon_core.package_identification:_identify(stm32_fw/Drivers) by extensions ['python_setup_py']
[0.400s] Level 1:colcon.colcon_core.package_identification:_identify(stm32_fw/Drivers) by extension 'python_setup_py'
[0.400s] Level 1:colcon.colcon_core.package_identification:_identify(stm32_fw/Drivers/CMSIS) by extensions ['ignore', 'ignore_ament_install']
[0.400s] Level 1:colcon.colcon_core.package_identification:_identify(stm32_fw/Drivers/CMSIS) by extension 'ignore'
[0.400s] Level 1:colcon.colcon_core.package_identification:_identify(stm32_fw/Drivers/CMSIS) by extension 'ignore_ament_install'
[0.400s] Level 1:colcon.colcon_core.package_identification:_identify(stm32_fw/Drivers/CMSIS) by extensions ['colcon_pkg']
[0.400s] Level 1:colcon.colcon_core.package_identification:_identify(stm32_fw/Drivers/CMSIS) by extension 'colcon_pkg'
[0.400s] Level 1:colcon.colcon_core.package_identification:_identify(stm32_fw/Drivers/CMSIS) by extensions ['colcon_meta']
[0.400s] Level 1:colcon.colcon_core.package_identification:_identify(stm32_fw/Drivers/CMSIS) by extension 'colcon_meta'
[0.400s] Level 1:colcon.colcon_core.package_identification:_identify(stm32_fw/Drivers/CMSIS) by extensions ['ros']
[0.400s] Level 1:colcon.colcon_core.package_identification:_identify(stm32_fw/Drivers/CMSIS) by extension 'ros'
[0.400s] Level 1:colcon.colcon_core.package_identification:_identify(stm32_fw/Drivers/CMSIS) by extensions ['cmake', 'python']
[0.400s] Level 1:colcon.colcon_core.package_identification:_identify(stm32_fw/Drivers/CMSIS) by extension 'cmake'
[0.400s] Level 1:colcon.colcon_core.package_identification:_identify(stm32_fw/Drivers/CMSIS) by extension 'python'
[0.400s] Level 1:colcon.colcon_core.package_identification:_identify(stm32_fw/Drivers/CMSIS) by extensions ['python_setup_py']
[0.400s] Level 1:colcon.colcon_core.package_identification:_identify(stm32_fw/Drivers/CMSIS) by extension 'python_setup_py'
[0.400s] Level 1:colcon.colcon_core.package_identification:_identify(stm32_fw/Drivers/CMSIS/Core) by extensions ['ignore', 'ignore_ament_install']
[0.400s] Level 1:colcon.colcon_core.package_identification:_identify(stm32_fw/Drivers/CMSIS/Core) by extension 'ignore'
[0.400s] Level 1:colcon.colcon_core.package_identification:_identify(stm32_fw/Drivers/CMSIS/Core) by extension 'ignore_ament_install'
[0.400s] Level 1:colcon.colcon_core.package_identification:_identify(stm32_fw/Drivers/CMSIS/Core) by extensions ['colcon_pkg']
[0.400s] Level 1:colcon.colcon_core.package_identification:_identify(stm32_fw/Drivers/CMSIS/Core) by extension 'colcon_pkg'
[0.401s] Level 1:colcon.colcon_core.package_identification:_identify(stm32_fw/Drivers/CMSIS/Core) by extensions ['colcon_meta']
[0.401s] Level 1:colcon.colcon_core.package_identification:_identify(stm32_fw/Drivers/CMSIS/Core) by extension 'colcon_meta'
[0.401s] Level 1:colcon.colcon_core.package_identification:_identify(stm32_fw/Drivers/CMSIS/Core) by extensions ['ros']
[0.401s] Level 1:colcon.colcon_core.package_identification:_identify(stm32_fw/Drivers/CMSIS/Core) by extension 'ros'
[0.401s] Level 1:colcon.colcon_core.package_identification:_identify(stm32_fw/Drivers/CMSIS/Core) by extensions ['cmake', 'python']
[0.401s] Level 1:colcon.colcon_core.package_identification:_identify(stm32_fw/Drivers/CMSIS/Core) by extension 'cmake'
[0.401s] Level 1:colcon.colcon_core.package_identification:_identify(stm32_fw/Drivers/CMSIS/Core) by extension 'python'
[0.401s] Level 1:colcon.colcon_core.package_identification:_identify(stm32_fw/Drivers/CMSIS/Core) by extensions ['python_setup_py']
[0.401s] Level 1:colcon.colcon_core.package_identification:_identify(stm32_fw/Drivers/CMSIS/Core) by extension 'python_setup_py'
[0.401s] Level 1:colcon.colcon_core.package_identification:_identify(stm32_fw/Drivers/CMSIS/Core/Include) by extensions ['ignore', 'ignore_ament_install']
[0.401s] Level 1:colcon.colcon_core.package_identification:_identify(stm32_fw/Drivers/CMSIS/Core/Include) by extension 'ignore'
[0.401s] Level 1:colcon.colcon_core.package_identification:_identify(stm32_fw/Drivers/CMSIS/Core/Include) by extension 'ignore_ament_install'
[0.401s] Level 1:colcon.colcon_core.package_identification:_identify(stm32_fw/Drivers/CMSIS/Core/Include) by extensions ['colcon_pkg']
[0.401s] Level 1:colcon.colcon_core.package_identification:_identify(stm32_fw/Drivers/CMSIS/Core/Include) by extension 'colcon_pkg'
[0.401s] Level 1:colcon.colcon_core.package_identification:_identify(stm32_fw/Drivers/CMSIS/Core/Include) by extensions ['colcon_meta']
[0.401s] Level 1:colcon.colcon_core.package_identification:_identify(stm32_fw/Drivers/CMSIS/Core/Include) by extension 'colcon_meta'
[0.401s] Level 1:colcon.colcon_core.package_identification:_identify(stm32_fw/Drivers/CMSIS/Core/Include) by extensions ['ros']
[0.401s] Level 1:colcon.colcon_core.package_identification:_identify(stm32_fw/Drivers/CMSIS/Core/Include) by extension 'ros'
[0.401s] Level 1:colcon.colcon_core.package_identification:_identify(stm32_fw/Drivers/CMSIS/Core/Include) by extensions ['cmake', 'python']
[0.401s] Level 1:colcon.colcon_core.package_identification:_identify(stm32_fw/Drivers/CMSIS/Core/Include) by extension 'cmake'
[0.401s] Level 1:colcon.colcon_core.package_identification:_identify(stm32_fw/Drivers/CMSIS/Core/Include) by extension 'python'
[0.401s] Level 1:colcon.colcon_core.package_identification:_identify(stm32_fw/Drivers/CMSIS/Core/Include) by extensions ['python_setup_py']
[0.401s] Level 1:colcon.colcon_core.package_identification:_identify(stm32_fw/Drivers/CMSIS/Core/Include) by extension 'python_setup_py'
[0.401s] Level 1:colcon.colcon_core.package_identification:_identify(stm32_fw/Drivers/CMSIS/Core/Template) by extensions ['ignore', 'ignore_ament_install']
[0.401s] Level 1:colcon.colcon_core.package_identification:_identify(stm32_fw/Drivers/CMSIS/Core/Template) by extension 'ignore'
[0.402s] Level 1:colcon.colcon_core.package_identification:_identify(stm32_fw/Drivers/CMSIS/Core/Template) by extension 'ignore_ament_install'
[0.402s] Level 1:colcon.colcon_core.package_identification:_identify(stm32_fw/Drivers/CMSIS/Core/Template) by extensions ['colcon_pkg']
[0.402s] Level 1:colcon.colcon_core.package_identification:_identify(stm32_fw/Drivers/CMSIS/Core/Template) by extension 'colcon_pkg'
[0.402s] Level 1:colcon.colcon_core.package_identification:_identify(stm32_fw/Drivers/CMSIS/Core/Template) by extensions ['colcon_meta']
[0.402s] Level 1:colcon.colcon_core.package_identification:_identify(stm32_fw/Drivers/CMSIS/Core/Template) by extension 'colcon_meta'
[0.402s] Level 1:colcon.colcon_core.package_identification:_identify(stm32_fw/Drivers/CMSIS/Core/Template) by extensions ['ros']
[0.402s] Level 1:colcon.colcon_core.package_identification:_identify(stm32_fw/Drivers/CMSIS/Core/Template) by extension 'ros'
[0.402s] Level 1:colcon.colcon_core.package_identification:_identify(stm32_fw/Drivers/CMSIS/Core/Template) by extensions ['cmake', 'python']
[0.402s] Level 1:colcon.colcon_core.package_identification:_identify(stm32_fw/Drivers/CMSIS/Core/Template) by extension 'cmake'
[0.402s] Level 1:colcon.colcon_core.package_identification:_identify(stm32_fw/Drivers/CMSIS/Core/Template) by extension 'python'
[0.402s] Level 1:colcon.colcon_core.package_identification:_identify(stm32_fw/Drivers/CMSIS/Core/Template) by extensions ['python_setup_py']
[0.402s] Level 1:colcon.colcon_core.package_identification:_identify(stm32_fw/Drivers/CMSIS/Core/Template) by extension 'python_setup_py'
[0.402s] Level 1:colcon.colcon_core.package_identification:_identify(stm32_fw/Drivers/CMSIS/Core/Template/ARMv8-M) by extensions ['ignore', 'ignore_ament_install']
[0.402s] Level 1:colcon.colcon_core.package_identification:_identify(stm32_fw/Drivers/CMSIS/Core/Template/ARMv8-M) by extension 'ignore'
[0.402s] Level 1:colcon.colcon_core.package_identification:_identify(stm32_fw/Drivers/CMSIS/Core/Template/ARMv8-M) by extension 'ignore_ament_install'
[0.402s] Level 1:colcon.colcon_core.package_identification:_identify(stm32_fw/Drivers/CMSIS/Core/Template/ARMv8-M) by extensions ['colcon_pkg']
[0.402s] Level 1:colcon.colcon_core.package_identification:_identify(stm32_fw/Drivers/CMSIS/Core/Template/ARMv8-M) by extension 'colcon_pkg'
[0.402s] Level 1:colcon.colcon_core.package_identification:_identify(stm32_fw/Drivers/CMSIS/Core/Template/ARMv8-M) by extensions ['colcon_meta']
[0.402s] Level 1:colcon.colcon_core.package_identification:_identify(stm32_fw/Drivers/CMSIS/Core/Template/ARMv8-M) by extension 'colcon_meta'
[0.402s] Level 1:colcon.colcon_core.package_identification:_identify(stm32_fw/Drivers/CMSIS/Core/Template/ARMv8-M) by extensions ['ros']
[0.402s] Level 1:colcon.colcon_core.package_identification:_identify(stm32_fw/Drivers/CMSIS/Core/Template/ARMv8-M) by extension 'ros'
[0.402s] Level 1:colcon.colcon_core.package_identification:_identify(stm32_fw/Drivers/CMSIS/Core/Template/ARMv8-M) by extensions ['cmake', 'python']
[0.402s] Level 1:colcon.colcon_core.package_identification:_identify(stm32_fw/Drivers/CMSIS/Core/Template/ARMv8-M) by extension 'cmake'
[0.402s] Level 1:colcon.colcon_core.package_identification:_identify(stm32_fw/Drivers/CMSIS/Core/Template/ARMv8-M) by extension 'python'
[0.402s] Level 1:colcon.colcon_core.package_identification:_identify(stm32_fw/Drivers/CMSIS/Core/Template/ARMv8-M) by extensions ['python_setup_py']
[0.402s] Level 1:colcon.colcon_core.package_identification:_identify(stm32_fw/Drivers/CMSIS/Core/Template/ARMv8-M) by extension 'python_setup_py'
[0.402s] Level 1:colcon.colcon_core.package_identification:_identify(stm32_fw/Drivers/CMSIS/Core_A) by extensions ['ignore', 'ignore_ament_install']
[0.403s] Level 1:colcon.colcon_core.package_identification:_identify(stm32_fw/Drivers/CMSIS/Core_A) by extension 'ignore'
[0.403s] Level 1:colcon.colcon_core.package_identification:_identify(stm32_fw/Drivers/CMSIS/Core_A) by extension 'ignore_ament_install'
[0.403s] Level 1:colcon.colcon_core.package_identification:_identify(stm32_fw/Drivers/CMSIS/Core_A) by extensions ['colcon_pkg']
[0.403s] Level 1:colcon.colcon_core.package_identification:_identify(stm32_fw/Drivers/CMSIS/Core_A) by extension 'colcon_pkg'
[0.403s] Level 1:colcon.colcon_core.package_identification:_identify(stm32_fw/Drivers/CMSIS/Core_A) by extensions ['colcon_meta']
[0.403s] Level 1:colcon.colcon_core.package_identification:_identify(stm32_fw/Drivers/CMSIS/Core_A) by extension 'colcon_meta'
[0.403s] Level 1:colcon.colcon_core.package_identification:_identify(stm32_fw/Drivers/CMSIS/Core_A) by extensions ['ros']
[0.403s] Level 1:colcon.colcon_core.package_identification:_identify(stm32_fw/Drivers/CMSIS/Core_A) by extension 'ros'
[0.403s] Level 1:colcon.colcon_core.package_identification:_identify(stm32_fw/Drivers/CMSIS/Core_A) by extensions ['cmake', 'python']
[0.403s] Level 1:colcon.colcon_core.package_identification:_identify(stm32_fw/Drivers/CMSIS/Core_A) by extension 'cmake'
[0.403s] Level 1:colcon.colcon_core.package_identification:_identify(stm32_fw/Drivers/CMSIS/Core_A) by extension 'python'
[0.403s] Level 1:colcon.colcon_core.package_identification:_identify(stm32_fw/Drivers/CMSIS/Core_A) by extensions ['python_setup_py']
[0.403s] Level 1:colcon.colcon_core.package_identification:_identify(stm32_fw/Drivers/CMSIS/Core_A) by extension 'python_setup_py'
[0.403s] Level 1:colcon.colcon_core.package_identification:_identify(stm32_fw/Drivers/CMSIS/Core_A/Include) by extensions ['ignore', 'ignore_ament_install']
[0.403s] Level 1:colcon.colcon_core.package_identification:_identify(stm32_fw/Drivers/CMSIS/Core_A/Include) by extension 'ignore'
[0.403s] Level 1:colcon.colcon_core.package_identification:_identify(stm32_fw/Drivers/CMSIS/Core_A/Include) by extension 'ignore_ament_install'
[0.403s] Level 1:colcon.colcon_core.package_identification:_identify(stm32_fw/Drivers/CMSIS/Core_A/Include) by extensions ['colcon_pkg']
[0.403s] Level 1:colcon.colcon_core.package_identification:_identify(stm32_fw/Drivers/CMSIS/Core_A/Include) by extension 'colcon_pkg'
[0.403s] Level 1:colcon.colcon_core.package_identification:_identify(stm32_fw/Drivers/CMSIS/Core_A/Include) by extensions ['colcon_meta']
[0.403s] Level 1:colcon.colcon_core.package_identification:_identify(stm32_fw/Drivers/CMSIS/Core_A/Include) by extension 'colcon_meta'
[0.403s] Level 1:colcon.colcon_core.package_identification:_identify(stm32_fw/Drivers/CMSIS/Core_A/Include) by extensions ['ros']
[0.403s] Level 1:colcon.colcon_core.package_identification:_identify(stm32_fw/Drivers/CMSIS/Core_A/Include) by extension 'ros'
[0.403s] Level 1:colcon.colcon_core.package_identification:_identify(stm32_fw/Drivers/CMSIS/Core_A/Include) by extensions ['cmake', 'python']
[0.403s] Level 1:colcon.colcon_core.package_identification:_identify(stm32_fw/Drivers/CMSIS/Core_A/Include) by extension 'cmake'
[0.403s] Level 1:colcon.colcon_core.package_identification:_identify(stm32_fw/Drivers/CMSIS/Core_A/Include) by extension 'python'
[0.403s] Level 1:colcon.colcon_core.package_identification:_identify(stm32_fw/Drivers/CMSIS/Core_A/Include) by extensions ['python_setup_py']
[0.404s] Level 1:colcon.colcon_core.package_identification:_identify(stm32_fw/Drivers/CMSIS/Core_A/Include) by extension 'python_setup_py'
[0.404s] Level 1:colcon.colcon_core.package_identification:_identify(stm32_fw/Drivers/CMSIS/Core_A/Source) by extensions ['ignore', 'ignore_ament_install']
[0.404s] Level 1:colcon.colcon_core.package_identification:_identify(stm32_fw/Drivers/CMSIS/Core_A/Source) by extension 'ignore'
[0.404s] Level 1:colcon.colcon_core.package_identification:_identify(stm32_fw/Drivers/CMSIS/Core_A/Source) by extension 'ignore_ament_install'
[0.404s] Level 1:colcon.colcon_core.package_identification:_identify(stm32_fw/Drivers/CMSIS/Core_A/Source) by extensions ['colcon_pkg']
[0.404s] Level 1:colcon.colcon_core.package_identification:_identify(stm32_fw/Drivers/CMSIS/Core_A/Source) by extension 'colcon_pkg'
[0.404s] Level 1:colcon.colcon_core.package_identification:_identify(stm32_fw/Drivers/CMSIS/Core_A/Source) by extensions ['colcon_meta']
[0.404s] Level 1:colcon.colcon_core.package_identification:_identify(stm32_fw/Drivers/CMSIS/Core_A/Source) by extension 'colcon_meta'
[0.404s] Level 1:colcon.colcon_core.package_identification:_identify(stm32_fw/Drivers/CMSIS/Core_A/Source) by extensions ['ros']
[0.404s] Level 1:colcon.colcon_core.package_identification:_identify(stm32_fw/Drivers/CMSIS/Core_A/Source) by extension 'ros'
[0.404s] Level 1:colcon.colcon_core.package_identification:_identify(stm32_fw/Drivers/CMSIS/Core_A/Source) by extensions ['cmake', 'python']
[0.404s] Level 1:colcon.colcon_core.package_identification:_identify(stm32_fw/Drivers/CMSIS/Core_A/Source) by extension 'cmake'
[0.404s] Level 1:colcon.colcon_core.package_identification:_identify(stm32_fw/Drivers/CMSIS/Core_A/Source) by extension 'python'
[0.404s] Level 1:colcon.colcon_core.package_identification:_identify(stm32_fw/Drivers/CMSIS/Core_A/Source) by extensions ['python_setup_py']
[0.404s] Level 1:colcon.colcon_core.package_identification:_identify(stm32_fw/Drivers/CMSIS/Core_A/Source) by extension 'python_setup_py'
[0.404s] Level 1:colcon.colcon_core.package_identification:_identify(stm32_fw/Drivers/CMSIS/DSP) by extensions ['ignore', 'ignore_ament_install']
[0.404s] Level 1:colcon.colcon_core.package_identification:_identify(stm32_fw/Drivers/CMSIS/DSP) by extension 'ignore'
[0.404s] Level 1:colcon.colcon_core.package_identification:_identify(stm32_fw/Drivers/CMSIS/DSP) by extension 'ignore_ament_install'
[0.404s] Level 1:colcon.colcon_core.package_identification:_identify(stm32_fw/Drivers/CMSIS/DSP) by extensions ['colcon_pkg']
[0.404s] Level 1:colcon.colcon_core.package_identification:_identify(stm32_fw/Drivers/CMSIS/DSP) by extension 'colcon_pkg'
[0.404s] Level 1:colcon.colcon_core.package_identification:_identify(stm32_fw/Drivers/CMSIS/DSP) by extensions ['colcon_meta']
[0.404s] Level 1:colcon.colcon_core.package_identification:_identify(stm32_fw/Drivers/CMSIS/DSP) by extension 'colcon_meta'
[0.404s] Level 1:colcon.colcon_core.package_identification:_identify(stm32_fw/Drivers/CMSIS/DSP) by extensions ['ros']
[0.404s] Level 1:colcon.colcon_core.package_identification:_identify(stm32_fw/Drivers/CMSIS/DSP) by extension 'ros'
[0.404s] Level 1:colcon.colcon_core.package_identification:_identify(stm32_fw/Drivers/CMSIS/DSP) by extensions ['cmake', 'python']
[0.405s] Level 1:colcon.colcon_core.package_identification:_identify(stm32_fw/Drivers/CMSIS/DSP) by extension 'cmake'
[0.405s] Level 1:colcon.colcon_core.package_identification:_identify(stm32_fw/Drivers/CMSIS/DSP) by extension 'python'
[0.405s] Level 1:colcon.colcon_core.package_identification:_identify(stm32_fw/Drivers/CMSIS/DSP) by extensions ['python_setup_py']
[0.405s] Level 1:colcon.colcon_core.package_identification:_identify(stm32_fw/Drivers/CMSIS/DSP) by extension 'python_setup_py'
[0.405s] Level 1:colcon.colcon_core.package_identification:_identify(stm32_fw/Drivers/CMSIS/DSP/DSP_Lib_TestSuite) by extensions ['ignore', 'ignore_ament_install']
[0.405s] Level 1:colcon.colcon_core.package_identification:_identify(stm32_fw/Drivers/CMSIS/DSP/DSP_Lib_TestSuite) by extension 'ignore'
[0.405s] Level 1:colcon.colcon_core.package_identification:_identify(stm32_fw/Drivers/CMSIS/DSP/DSP_Lib_TestSuite) by extension 'ignore_ament_install'
[0.405s] Level 1:colcon.colcon_core.package_identification:_identify(stm32_fw/Drivers/CMSIS/DSP/DSP_Lib_TestSuite) by extensions ['colcon_pkg']
[0.405s] Level 1:colcon.colcon_core.package_identification:_identify(stm32_fw/Drivers/CMSIS/DSP/DSP_Lib_TestSuite) by extension 'colcon_pkg'
[0.405s] Level 1:colcon.colcon_core.package_identification:_identify(stm32_fw/Drivers/CMSIS/DSP/DSP_Lib_TestSuite) by extensions ['colcon_meta']
[0.405s] Level 1:colcon.colcon_core.package_identification:_identify(stm32_fw/Drivers/CMSIS/DSP/DSP_Lib_TestSuite) by extension 'colcon_meta'
[0.405s] Level 1:colcon.colcon_core.package_identification:_identify(stm32_fw/Drivers/CMSIS/DSP/DSP_Lib_TestSuite) by extensions ['ros']
[0.405s] Level 1:colcon.colcon_core.package_identification:_identify(stm32_fw/Drivers/CMSIS/DSP/DSP_Lib_TestSuite) by extension 'ros'
[0.405s] Level 1:colcon.colcon_core.package_identification:_identify(stm32_fw/Drivers/CMSIS/DSP/DSP_Lib_TestSuite) by extensions ['cmake', 'python']
[0.405s] Level 1:colcon.colcon_core.package_identification:_identify(stm32_fw/Drivers/CMSIS/DSP/DSP_Lib_TestSuite) by extension 'cmake'
[0.405s] Level 1:colcon.colcon_core.package_identification:_identify(stm32_fw/Drivers/CMSIS/DSP/DSP_Lib_TestSuite) by extension 'python'
[0.405s] Level 1:colcon.colcon_core.package_identification:_identify(stm32_fw/Drivers/CMSIS/DSP/DSP_Lib_TestSuite) by extensions ['python_setup_py']
[0.405s] Level 1:colcon.colcon_core.package_identification:_identify(stm32_fw/Drivers/CMSIS/DSP/DSP_Lib_TestSuite) by extension 'python_setup_py'
[0.405s] Level 1:colcon.colcon_core.package_identification:_identify(stm32_fw/Drivers/CMSIS/DSP/DSP_Lib_TestSuite/Common) by extensions ['ignore', 'ignore_ament_install']
[0.405s] Level 1:colcon.colcon_core.package_identification:_identify(stm32_fw/Drivers/CMSIS/DSP/DSP_Lib_TestSuite/Common) by extension 'ignore'
[0.405s] Level 1:colcon.colcon_core.package_identification:_identify(stm32_fw/Drivers/CMSIS/DSP/DSP_Lib_TestSuite/Common) by extension 'ignore_ament_install'
[0.405s] Level 1:colcon.colcon_core.package_identification:_identify(stm32_fw/Drivers/CMSIS/DSP/DSP_Lib_TestSuite/Common) by extensions ['colcon_pkg']
[0.405s] Level 1:colcon.colcon_core.package_identification:_identify(stm32_fw/Drivers/CMSIS/DSP/DSP_Lib_TestSuite/Common) by extension 'colcon_pkg'
[0.405s] Level 1:colcon.colcon_core.package_identification:_identify(stm32_fw/Drivers/CMSIS/DSP/DSP_Lib_TestSuite/Common) by extensions ['colcon_meta']
[0.405s] Level 1:colcon.colcon_core.package_identification:_identify(stm32_fw/Drivers/CMSIS/DSP/DSP_Lib_TestSuite/Common) by extension 'colcon_meta'
[0.405s] Level 1:colcon.colcon_core.package_identification:_identify(stm32_fw/Drivers/CMSIS/DSP/DSP_Lib_TestSuite/Common) by extensions ['ros']
[0.406s] Level 1:colcon.colcon_core.package_identification:_identify(stm32_fw/Drivers/CMSIS/DSP/DSP_Lib_TestSuite/Common) by extension 'ros'
[0.406s] Level 1:colcon.colcon_core.package_identification:_identify(stm32_fw/Drivers/CMSIS/DSP/DSP_Lib_TestSuite/Common) by extensions ['cmake', 'python']
[0.406s] Level 1:colcon.colcon_core.package_identification:_identify(stm32_fw/Drivers/CMSIS/DSP/DSP_Lib_TestSuite/Common) by extension 'cmake'
[0.406s] Level 1:colcon.colcon_core.package_identification:_identify(stm32_fw/Drivers/CMSIS/DSP/DSP_Lib_TestSuite/Common) by extension 'python'
[0.406s] Level 1:colcon.colcon_core.package_identification:_identify(stm32_fw/Drivers/CMSIS/DSP/DSP_Lib_TestSuite/Common) by extensions ['python_setup_py']
[0.406s] Level 1:colcon.colcon_core.package_identification:_identify(stm32_fw/Drivers/CMSIS/DSP/DSP_Lib_TestSuite/Common) by extension 'python_setup_py'
[0.406s] Level 1:colcon.colcon_core.package_identification:_identify(stm32_fw/Drivers/CMSIS/DSP/DSP_Lib_TestSuite/Common/JTest) by extensions ['ignore', 'ignore_ament_install']
[0.406s] Level 1:colcon.colcon_core.package_identification:_identify(stm32_fw/Drivers/CMSIS/DSP/DSP_Lib_TestSuite/Common/JTest) by extension 'ignore'
[0.406s] Level 1:colcon.colcon_core.package_identification:_identify(stm32_fw/Drivers/CMSIS/DSP/DSP_Lib_TestSuite/Common/JTest) by extension 'ignore_ament_install'
[0.406s] Level 1:colcon.colcon_core.package_identification:_identify(stm32_fw/Drivers/CMSIS/DSP/DSP_Lib_TestSuite/Common/JTest) by extensions ['colcon_pkg']
[0.406s] Level 1:colcon.colcon_core.package_identification:_identify(stm32_fw/Drivers/CMSIS/DSP/DSP_Lib_TestSuite/Common/JTest) by extension 'colcon_pkg'
[0.406s] Level 1:colcon.colcon_core.package_identification:_identify(stm32_fw/Drivers/CMSIS/DSP/DSP_Lib_TestSuite/Common/JTest) by extensions ['colcon_meta']
[0.406s] Level 1:colcon.colcon_core.package_identification:_identify(stm32_fw/Drivers/CMSIS/DSP/DSP_Lib_TestSuite/Common/JTest) by extension 'colcon_meta'
[0.406s] Level 1:colcon.colcon_core.package_identification:_identify(stm32_fw/Drivers/CMSIS/DSP/DSP_Lib_TestSuite/Common/JTest) by extensions ['ros']
[0.406s] Level 1:colcon.colcon_core.package_identification:_identify(stm32_fw/Drivers/CMSIS/DSP/DSP_Lib_TestSuite/Common/JTest) by extension 'ros'
[0.406s] Level 1:colcon.colcon_core.package_identification:_identify(stm32_fw/Drivers/CMSIS/DSP/DSP_Lib_TestSuite/Common/JTest) by extensions ['cmake', 'python']
[0.406s] Level 1:colcon.colcon_core.package_identification:_identify(stm32_fw/Drivers/CMSIS/DSP/DSP_Lib_TestSuite/Common/JTest) by extension 'cmake'
[0.406s] Level 1:colcon.colcon_core.package_identification:_identify(stm32_fw/Drivers/CMSIS/DSP/DSP_Lib_TestSuite/Common/JTest) by extension 'python'
[0.406s] Level 1:colcon.colcon_core.package_identification:_identify(stm32_fw/Drivers/CMSIS/DSP/DSP_Lib_TestSuite/Common/JTest) by extensions ['python_setup_py']
[0.406s] Level 1:colcon.colcon_core.package_identification:_identify(stm32_fw/Drivers/CMSIS/DSP/DSP_Lib_TestSuite/Common/JTest) by extension 'python_setup_py'
[0.406s] Level 1:colcon.colcon_core.package_identification:_identify(stm32_fw/Drivers/CMSIS/DSP/DSP_Lib_TestSuite/Common/JTest/inc) by extensions ['ignore', 'ignore_ament_install']
[0.406s] Level 1:colcon.colcon_core.package_identification:_identify(stm32_fw/Drivers/CMSIS/DSP/DSP_Lib_TestSuite/Common/JTest/inc) by extension 'ignore'
[0.406s] Level 1:colcon.colcon_core.package_identification:_identify(stm32_fw/Drivers/CMSIS/DSP/DSP_Lib_TestSuite/Common/JTest/inc) by extension 'ignore_ament_install'
[0.406s] Level 1:colcon.colcon_core.package_identification:_identify(stm32_fw/Drivers/CMSIS/DSP/DSP_Lib_TestSuite/Common/JTest/inc) by extensions ['colcon_pkg']
[0.406s] Level 1:colcon.colcon_core.package_identification:_identify(stm32_fw/Drivers/CMSIS/DSP/DSP_Lib_TestSuite/Common/JTest/inc) by extension 'colcon_pkg'
[0.406s] Level 1:colcon.colcon_core.package_identification:_identify(stm32_fw/Drivers/CMSIS/DSP/DSP_Lib_TestSuite/Common/JTest/inc) by extensions ['colcon_meta']
[0.407s] Level 1:colcon.colcon_core.package_identification:_identify(stm32_fw/Drivers/CMSIS/DSP/DSP_Lib_TestSuite/Common/JTest/inc) by extension 'colcon_meta'
[0.407s] Level 1:colcon.colcon_core.package_identification:_identify(stm32_fw/Drivers/CMSIS/DSP/DSP_Lib_TestSuite/Common/JTest/inc) by extensions ['ros']
[0.407s] Level 1:colcon.colcon_core.package_identification:_identify(stm32_fw/Drivers/CMSIS/DSP/DSP_Lib_TestSuite/Common/JTest/inc) by extension 'ros'
[0.407s] Level 1:colcon.colcon_core.package_identification:_identify(stm32_fw/Drivers/CMSIS/DSP/DSP_Lib_TestSuite/Common/JTest/inc) by extensions ['cmake', 'python']
[0.407s] Level 1:colcon.colcon_core.package_identification:_identify(stm32_fw/Drivers/CMSIS/DSP/DSP_Lib_TestSuite/Common/JTest/inc) by extension 'cmake'
[0.407s] Level 1:colcon.colcon_core.package_identification:_identify(stm32_fw/Drivers/CMSIS/DSP/DSP_Lib_TestSuite/Common/JTest/inc) by extension 'python'
[0.407s] Level 1:colcon.colcon_core.package_identification:_identify(stm32_fw/Drivers/CMSIS/DSP/DSP_Lib_TestSuite/Common/JTest/inc) by extensions ['python_setup_py']
[0.407s] Level 1:colcon.colcon_core.package_identification:_identify(stm32_fw/Drivers/CMSIS/DSP/DSP_Lib_TestSuite/Common/JTest/inc) by extension 'python_setup_py'
[0.407s] Level 1:colcon.colcon_core.package_identification:_identify(stm32_fw/Drivers/CMSIS/DSP/DSP_Lib_TestSuite/Common/JTest/inc/arr_desc) by extensions ['ignore', 'ignore_ament_install']
[0.407s] Level 1:colcon.colcon_core.package_identification:_identify(stm32_fw/Drivers/CMSIS/DSP/DSP_Lib_TestSuite/Common/JTest/inc/arr_desc) by extension 'ignore'
[0.407s] Level 1:colcon.colcon_core.package_identification:_identify(stm32_fw/Drivers/CMSIS/DSP/DSP_Lib_TestSuite/Common/JTest/inc/arr_desc) by extension 'ignore_ament_install'
[0.407s] Level 1:colcon.colcon_core.package_identification:_identify(stm32_fw/Drivers/CMSIS/DSP/DSP_Lib_TestSuite/Common/JTest/inc/arr_desc) by extensions ['colcon_pkg']
[0.407s] Level 1:colcon.colcon_core.package_identification:_identify(stm32_fw/Drivers/CMSIS/DSP/DSP_Lib_TestSuite/Common/JTest/inc/arr_desc) by extension 'colcon_pkg'
[0.407s] Level 1:colcon.colcon_core.package_identification:_identify(stm32_fw/Drivers/CMSIS/DSP/DSP_Lib_TestSuite/Common/JTest/inc/arr_desc) by extensions ['colcon_meta']
[0.407s] Level 1:colcon.colcon_core.package_identification:_identify(stm32_fw/Drivers/CMSIS/DSP/DSP_Lib_TestSuite/Common/JTest/inc/arr_desc) by extension 'colcon_meta'
[0.407s] Level 1:colcon.colcon_core.package_identification:_identify(stm32_fw/Drivers/CMSIS/DSP/DSP_Lib_TestSuite/Common/JTest/inc/arr_desc) by extensions ['ros']
[0.407s] Level 1:colcon.colcon_core.package_identification:_identify(stm32_fw/Drivers/CMSIS/DSP/DSP_Lib_TestSuite/Common/JTest/inc/arr_desc) by extension 'ros'
[0.407s] Level 1:colcon.colcon_core.package_identification:_identify(stm32_fw/Drivers/CMSIS/DSP/DSP_Lib_TestSuite/Common/JTest/inc/arr_desc) by extensions ['cmake', 'python']
[0.407s] Level 1:colcon.colcon_core.package_identification:_identify(stm32_fw/Drivers/CMSIS/DSP/DSP_Lib_TestSuite/Common/JTest/inc/arr_desc) by extension 'cmake'
[0.407s] Level 1:colcon.colcon_core.package_identification:_identify(stm32_fw/Drivers/CMSIS/DSP/DSP_Lib_TestSuite/Common/JTest/inc/arr_desc) by extension 'python'
[0.407s] Level 1:colcon.colcon_core.package_identification:_identify(stm32_fw/Drivers/CMSIS/DSP/DSP_Lib_TestSuite/Common/JTest/inc/arr_desc) by extensions ['python_setup_py']
[0.407s] Level 1:colcon.colcon_core.package_identification:_identify(stm32_fw/Drivers/CMSIS/DSP/DSP_Lib_TestSuite/Common/JTest/inc/arr_desc) by extension 'python_setup_py'
[0.407s] Level 1:colcon.colcon_core.package_identification:_identify(stm32_fw/Drivers/CMSIS/DSP/DSP_Lib_TestSuite/Common/JTest/inc/opt_arg) by extensions ['ignore', 'ignore_ament_install']
[0.407s] Level 1:colcon.colcon_core.package_identification:_identify(stm32_fw/Drivers/CMSIS/DSP/DSP_Lib_TestSuite/Common/JTest/inc/opt_arg) by extension 'ignore'
[0.407s] Level 1:colcon.colcon_core.package_identification:_identify(stm32_fw/Drivers/CMSIS/DSP/DSP_Lib_TestSuite/Common/JTest/inc/opt_arg) by extension 'ignore_ament_install'
[0.408s] Level 1:colcon.colcon_core.package_identification:_identify(stm32_fw/Drivers/CMSIS/DSP/DSP_Lib_TestSuite/Common/JTest/inc/opt_arg) by extensions ['colcon_pkg']
[0.408s] Level 1:colcon.colcon_core.package_identification:_identify(stm32_fw/Drivers/CMSIS/DSP/DSP_Lib_TestSuite/Common/JTest/inc/opt_arg) by extension 'colcon_pkg'
[0.408s] Level 1:colcon.colcon_core.package_identification:_identify(stm32_fw/Drivers/CMSIS/DSP/DSP_Lib_TestSuite/Common/JTest/inc/opt_arg) by extensions ['colcon_meta']
[0.408s] Level 1:colcon.colcon_core.package_identification:_identify(stm32_fw/Drivers/CMSIS/DSP/DSP_Lib_TestSuite/Common/JTest/inc/opt_arg) by extension 'colcon_meta'
[0.408s] Level 1:colcon.colcon_core.package_identification:_identify(stm32_fw/Drivers/CMSIS/DSP/DSP_Lib_TestSuite/Common/JTest/inc/opt_arg) by extensions ['ros']
[0.408s] Level 1:colcon.colcon_core.package_identification:_identify(stm32_fw/Drivers/CMSIS/DSP/DSP_Lib_TestSuite/Common/JTest/inc/opt_arg) by extension 'ros'
[0.408s] Level 1:colcon.colcon_core.package_identification:_identify(stm32_fw/Drivers/CMSIS/DSP/DSP_Lib_TestSuite/Common/JTest/inc/opt_arg) by extensions ['cmake', 'python']
[0.408s] Level 1:colcon.colcon_core.package_identification:_identify(stm32_fw/Drivers/CMSIS/DSP/DSP_Lib_TestSuite/Common/JTest/inc/opt_arg) by extension 'cmake'
[0.408s] Level 1:colcon.colcon_core.package_identification:_identify(stm32_fw/Drivers/CMSIS/DSP/DSP_Lib_TestSuite/Common/JTest/inc/opt_arg) by extension 'python'
[0.408s] Level 1:colcon.colcon_core.package_identification:_identify(stm32_fw/Drivers/CMSIS/DSP/DSP_Lib_TestSuite/Common/JTest/inc/opt_arg) by extensions ['python_setup_py']
[0.408s] Level 1:colcon.colcon_core.package_identification:_identify(stm32_fw/Drivers/CMSIS/DSP/DSP_Lib_TestSuite/Common/JTest/inc/opt_arg) by extension 'python_setup_py'
[0.408s] Level 1:colcon.colcon_core.package_identification:_identify(stm32_fw/Drivers/CMSIS/DSP/DSP_Lib_TestSuite/Common/JTest/inc/util) by extensions ['ignore', 'ignore_ament_install']
[0.408s] Level 1:colcon.colcon_core.package_identification:_identify(stm32_fw/Drivers/CMSIS/DSP/DSP_Lib_TestSuite/Common/JTest/inc/util) by extension 'ignore'
[0.408s] Level 1:colcon.colcon_core.package_identification:_identify(stm32_fw/Drivers/CMSIS/DSP/DSP_Lib_TestSuite/Common/JTest/inc/util) by extension 'ignore_ament_install'
[0.408s] Level 1:colcon.colcon_core.package_identification:_identify(stm32_fw/Drivers/CMSIS/DSP/DSP_Lib_TestSuite/Common/JTest/inc/util) by extensions ['colcon_pkg']
[0.408s] Level 1:colcon.colcon_core.package_identification:_identify(stm32_fw/Drivers/CMSIS/DSP/DSP_Lib_TestSuite/Common/JTest/inc/util) by extension 'colcon_pkg'
[0.408s] Level 1:colcon.colcon_core.package_identification:_identify(stm32_fw/Drivers/CMSIS/DSP/DSP_Lib_TestSuite/Common/JTest/inc/util) by extensions ['colcon_meta']
[0.408s] Level 1:colcon.colcon_core.package_identification:_identify(stm32_fw/Drivers/CMSIS/DSP/DSP_Lib_TestSuite/Common/JTest/inc/util) by extension 'colcon_meta'
[0.408s] Level 1:colcon.colcon_core.package_identification:_identify(stm32_fw/Drivers/CMSIS/DSP/DSP_Lib_TestSuite/Common/JTest/inc/util) by extensions ['ros']
[0.408s] Level 1:colcon.colcon_core.package_identification:_identify(stm32_fw/Drivers/CMSIS/DSP/DSP_Lib_TestSuite/Common/JTest/inc/util) by extension 'ros'
[0.408s] Level 1:colcon.colcon_core.package_identification:_identify(stm32_fw/Drivers/CMSIS/DSP/DSP_Lib_TestSuite/Common/JTest/inc/util) by extensions ['cmake', 'python']
[0.408s] Level 1:colcon.colcon_core.package_identification:_identify(stm32_fw/Drivers/CMSIS/DSP/DSP_Lib_TestSuite/Common/JTest/inc/util) by extension 'cmake'
[0.408s] Level 1:colcon.colcon_core.package_identification:_identify(stm32_fw/Drivers/CMSIS/DSP/DSP_Lib_TestSuite/Common/JTest/inc/util) by extension 'python'
[0.408s] Level 1:colcon.colcon_core.package_identification:_identify(stm32_fw/Drivers/CMSIS/DSP/DSP_Lib_TestSuite/Common/JTest/inc/util) by extensions ['python_setup_py']
[0.408s] Level 1:colcon.colcon_core.package_identification:_identify(stm32_fw/Drivers/CMSIS/DSP/DSP_Lib_TestSuite/Common/JTest/inc/util) by extension 'python_setup_py'
[0.408s] Level 1:colcon.colcon_core.package_identification:_identify(stm32_fw/Drivers/CMSIS/DSP/DSP_Lib_TestSuite/Common/JTest/src) by extensions ['ignore', 'ignore_ament_install']
[0.409s] Level 1:colcon.colcon_core.package_identification:_identify(stm32_fw/Drivers/CMSIS/DSP/DSP_Lib_TestSuite/Common/JTest/src) by extension 'ignore'
[0.409s] Level 1:colcon.colcon_core.package_identification:_identify(stm32_fw/Drivers/CMSIS/DSP/DSP_Lib_TestSuite/Common/JTest/src) by extension 'ignore_ament_install'
[0.409s] Level 1:colcon.colcon_core.package_identification:_identify(stm32_fw/Drivers/CMSIS/DSP/DSP_Lib_TestSuite/Common/JTest/src) by extensions ['colcon_pkg']
[0.409s] Level 1:colcon.colcon_core.package_identification:_identify(stm32_fw/Drivers/CMSIS/DSP/DSP_Lib_TestSuite/Common/JTest/src) by extension 'colcon_pkg'
[0.409s] Level 1:colcon.colcon_core.package_identification:_identify(stm32_fw/Drivers/CMSIS/DSP/DSP_Lib_TestSuite/Common/JTest/src) by extensions ['colcon_meta']
[0.409s] Level 1:colcon.colcon_core.package_identification:_identify(stm32_fw/Drivers/CMSIS/DSP/DSP_Lib_TestSuite/Common/JTest/src) by extension 'colcon_meta'
[0.409s] Level 1:colcon.colcon_core.package_identification:_identify(stm32_fw/Drivers/CMSIS/DSP/DSP_Lib_TestSuite/Common/JTest/src) by extensions ['ros']
[0.409s] Level 1:colcon.colcon_core.package_identification:_identify(stm32_fw/Drivers/CMSIS/DSP/DSP_Lib_TestSuite/Common/JTest/src) by extension 'ros'
[0.409s] Level 1:colcon.colcon_core.package_identification:_identify(stm32_fw/Drivers/CMSIS/DSP/DSP_Lib_TestSuite/Common/JTest/src) by extensions ['cmake', 'python']
[0.409s] Level 1:colcon.colcon_core.package_identification:_identify(stm32_fw/Drivers/CMSIS/DSP/DSP_Lib_TestSuite/Common/JTest/src) by extension 'cmake'
[0.409s] Level 1:colcon.colcon_core.package_identification:_identify(stm32_fw/Drivers/CMSIS/DSP/DSP_Lib_TestSuite/Common/JTest/src) by extension 'python'
[0.409s] Level 1:colcon.colcon_core.package_identification:_identify(stm32_fw/Drivers/CMSIS/DSP/DSP_Lib_TestSuite/Common/JTest/src) by extensions ['python_setup_py']
[0.409s] Level 1:colcon.colcon_core.package_identification:_identify(stm32_fw/Drivers/CMSIS/DSP/DSP_Lib_TestSuite/Common/JTest/src) by extension 'python_setup_py'
[0.409s] Level 1:colcon.colcon_core.package_identification:_identify(stm32_fw/Drivers/CMSIS/DSP/DSP_Lib_TestSuite/Common/inc) by extensions ['ignore', 'ignore_ament_install']
[0.409s] Level 1:colcon.colcon_core.package_identification:_identify(stm32_fw/Drivers/CMSIS/DSP/DSP_Lib_TestSuite/Common/inc) by extension 'ignore'
[0.409s] Level 1:colcon.colcon_core.package_identification:_identify(stm32_fw/Drivers/CMSIS/DSP/DSP_Lib_TestSuite/Common/inc) by extension 'ignore_ament_install'
[0.409s] Level 1:colcon.colcon_core.package_identification:_identify(stm32_fw/Drivers/CMSIS/DSP/DSP_Lib_TestSuite/Common/inc) by extensions ['colcon_pkg']
[0.409s] Level 1:colcon.colcon_core.package_identification:_identify(stm32_fw/Drivers/CMSIS/DSP/DSP_Lib_TestSuite/Common/inc) by extension 'colcon_pkg'
[0.409s] Level 1:colcon.colcon_core.package_identification:_identify(stm32_fw/Drivers/CMSIS/DSP/DSP_Lib_TestSuite/Common/inc) by extensions ['colcon_meta']
[0.409s] Level 1:colcon.colcon_core.package_identification:_identify(stm32_fw/Drivers/CMSIS/DSP/DSP_Lib_TestSuite/Common/inc) by extension 'colcon_meta'
[0.409s] Level 1:colcon.colcon_core.package_identification:_identify(stm32_fw/Drivers/CMSIS/DSP/DSP_Lib_TestSuite/Common/inc) by extensions ['ros']
[0.409s] Level 1:colcon.colcon_core.package_identification:_identify(stm32_fw/Drivers/CMSIS/DSP/DSP_Lib_TestSuite/Common/inc) by extension 'ros'
[0.410s] Level 1:colcon.colcon_core.package_identification:_identify(stm32_fw/Drivers/CMSIS/DSP/DSP_Lib_TestSuite/Common/inc) by extensions ['cmake', 'python']
[0.410s] Level 1:colcon.colcon_core.package_identification:_identify(stm32_fw/Drivers/CMSIS/DSP/DSP_Lib_TestSuite/Common/inc) by extension 'cmake'
[0.410s] Level 1:colcon.colcon_core.package_identification:_identify(stm32_fw/Drivers/CMSIS/DSP/DSP_Lib_TestSuite/Common/inc) by extension 'python'
[0.410s] Level 1:colcon.colcon_core.package_identification:_identify(stm32_fw/Drivers/CMSIS/DSP/DSP_Lib_TestSuite/Common/inc) by extensions ['python_setup_py']
[0.410s] Level 1:colcon.colcon_core.package_identification:_identify(stm32_fw/Drivers/CMSIS/DSP/DSP_Lib_TestSuite/Common/inc) by extension 'python_setup_py'
[0.410s] Level 1:colcon.colcon_core.package_identification:_identify(stm32_fw/Drivers/CMSIS/DSP/DSP_Lib_TestSuite/Common/inc/basic_math_tests) by extensions ['ignore', 'ignore_ament_install']
[0.410s] Level 1:colcon.colcon_core.package_identification:_identify(stm32_fw/Drivers/CMSIS/DSP/DSP_Lib_TestSuite/Common/inc/basic_math_tests) by extension 'ignore'
[0.410s] Level 1:colcon.colcon_core.package_identification:_identify(stm32_fw/Drivers/CMSIS/DSP/DSP_Lib_TestSuite/Common/inc/basic_math_tests) by extension 'ignore_ament_install'
[0.410s] Level 1:colcon.colcon_core.package_identification:_identify(stm32_fw/Drivers/CMSIS/DSP/DSP_Lib_TestSuite/Common/inc/basic_math_tests) by extensions ['colcon_pkg']
[0.410s] Level 1:colcon.colcon_core.package_identification:_identify(stm32_fw/Drivers/CMSIS/DSP/DSP_Lib_TestSuite/Common/inc/basic_math_tests) by extension 'colcon_pkg'
[0.410s] Level 1:colcon.colcon_core.package_identification:_identify(stm32_fw/Drivers/CMSIS/DSP/DSP_Lib_TestSuite/Common/inc/basic_math_tests) by extensions ['colcon_meta']
[0.410s] Level 1:colcon.colcon_core.package_identification:_identify(stm32_fw/Drivers/CMSIS/DSP/DSP_Lib_TestSuite/Common/inc/basic_math_tests) by extension 'colcon_meta'
[0.410s] Level 1:colcon.colcon_core.package_identification:_identify(stm32_fw/Drivers/CMSIS/DSP/DSP_Lib_TestSuite/Common/inc/basic_math_tests) by extensions ['ros']
[0.410s] Level 1:colcon.colcon_core.package_identification:_identify(stm32_fw/Drivers/CMSIS/DSP/DSP_Lib_TestSuite/Common/inc/basic_math_tests) by extension 'ros'
[0.410s] Level 1:colcon.colcon_core.package_identification:_identify(stm32_fw/Drivers/CMSIS/DSP/DSP_Lib_TestSuite/Common/inc/basic_math_tests) by extensions ['cmake', 'python']
[0.410s] Level 1:colcon.colcon_core.package_identification:_identify(stm32_fw/Drivers/CMSIS/DSP/DSP_Lib_TestSuite/Common/inc/basic_math_tests) by extension 'cmake'
[0.410s] Level 1:colcon.colcon_core.package_identification:_identify(stm32_fw/Drivers/CMSIS/DSP/DSP_Lib_TestSuite/Common/inc/basic_math_tests) by extension 'python'
[0.410s] Level 1:colcon.colcon_core.package_identification:_identify(stm32_fw/Drivers/CMSIS/DSP/DSP_Lib_TestSuite/Common/inc/basic_math_tests) by extensions ['python_setup_py']
[0.410s] Level 1:colcon.colcon_core.package_identification:_identify(stm32_fw/Drivers/CMSIS/DSP/DSP_Lib_TestSuite/Common/inc/basic_math_tests) by extension 'python_setup_py'
[0.410s] Level 1:colcon.colcon_core.package_identification:_identify(stm32_fw/Drivers/CMSIS/DSP/DSP_Lib_TestSuite/Common/inc/complex_math_tests) by extensions ['ignore', 'ignore_ament_install']
[0.410s] Level 1:colcon.colcon_core.package_identification:_identify(stm32_fw/Drivers/CMSIS/DSP/DSP_Lib_TestSuite/Common/inc/complex_math_tests) by extension 'ignore'
[0.410s] Level 1:colcon.colcon_core.package_identification:_identify(stm32_fw/Drivers/CMSIS/DSP/DSP_Lib_TestSuite/Common/inc/complex_math_tests) by extension 'ignore_ament_install'
[0.411s] Level 1:colcon.colcon_core.package_identification:_identify(stm32_fw/Drivers/CMSIS/DSP/DSP_Lib_TestSuite/Common/inc/complex_math_tests) by extensions ['colcon_pkg']
[0.411s] Level 1:colcon.colcon_core.package_identification:_identify(stm32_fw/Drivers/CMSIS/DSP/DSP_Lib_TestSuite/Common/inc/complex_math_tests) by extension 'colcon_pkg'
[0.411s] Level 1:colcon.colcon_core.package_identification:_identify(stm32_fw/Drivers/CMSIS/DSP/DSP_Lib_TestSuite/Common/inc/complex_math_tests) by extensions ['colcon_meta']
[0.411s] Level 1:colcon.colcon_core.package_identification:_identify(stm32_fw/Drivers/CMSIS/DSP/DSP_Lib_TestSuite/Common/inc/complex_math_tests) by extension 'colcon_meta'
[0.411s] Level 1:colcon.colcon_core.package_identification:_identify(stm32_fw/Drivers/CMSIS/DSP/DSP_Lib_TestSuite/Common/inc/complex_math_tests) by extensions ['ros']
[0.411s] Level 1:colcon.colcon_core.package_identification:_identify(stm32_fw/Drivers/CMSIS/DSP/DSP_Lib_TestSuite/Common/inc/complex_math_tests) by extension 'ros'
[0.411s] Level 1:colcon.colcon_core.package_identification:_identify(stm32_fw/Drivers/CMSIS/DSP/DSP_Lib_TestSuite/Common/inc/complex_math_tests) by extensions ['cmake', 'python']
[0.411s] Level 1:colcon.colcon_core.package_identification:_identify(stm32_fw/Drivers/CMSIS/DSP/DSP_Lib_TestSuite/Common/inc/complex_math_tests) by extension 'cmake'
[0.411s] Level 1:colcon.colcon_core.package_identification:_identify(stm32_fw/Drivers/CMSIS/DSP/DSP_Lib_TestSuite/Common/inc/complex_math_tests) by extension 'python'
[0.411s] Level 1:colcon.colcon_core.package_identification:_identify(stm32_fw/Drivers/CMSIS/DSP/DSP_Lib_TestSuite/Common/inc/complex_math_tests) by extensions ['python_setup_py']
[0.411s] Level 1:colcon.colcon_core.package_identification:_identify(stm32_fw/Drivers/CMSIS/DSP/DSP_Lib_TestSuite/Common/inc/complex_math_tests) by extension 'python_setup_py'
[0.411s] Level 1:colcon.colcon_core.package_identification:_identify(stm32_fw/Drivers/CMSIS/DSP/DSP_Lib_TestSuite/Common/inc/controller_tests) by extensions ['ignore', 'ignore_ament_install']
[0.411s] Level 1:colcon.colcon_core.package_identification:_identify(stm32_fw/Drivers/CMSIS/DSP/DSP_Lib_TestSuite/Common/inc/controller_tests) by extension 'ignore'
[0.411s] Level 1:colcon.colcon_core.package_identification:_identify(stm32_fw/Drivers/CMSIS/DSP/DSP_Lib_TestSuite/Common/inc/controller_tests) by extension 'ignore_ament_install'
[0.411s] Level 1:colcon.colcon_core.package_identification:_identify(stm32_fw/Drivers/CMSIS/DSP/DSP_Lib_TestSuite/Common/inc/controller_tests) by extensions ['colcon_pkg']
[0.411s] Level 1:colcon.colcon_core.package_identification:_identify(stm32_fw/Drivers/CMSIS/DSP/DSP_Lib_TestSuite/Common/inc/controller_tests) by extension 'colcon_pkg'
[0.411s] Level 1:colcon.colcon_core.package_identification:_identify(stm32_fw/Drivers/CMSIS/DSP/DSP_Lib_TestSuite/Common/inc/controller_tests) by extensions ['colcon_meta']
[0.411s] Level 1:colcon.colcon_core.package_identification:_identify(stm32_fw/Drivers/CMSIS/DSP/DSP_Lib_TestSuite/Common/inc/controller_tests) by extension 'colcon_meta'
[0.411s] Level 1:colcon.colcon_core.package_identification:_identify(stm32_fw/Drivers/CMSIS/DSP/DSP_Lib_TestSuite/Common/inc/controller_tests) by extensions ['ros']
[0.411s] Level 1:colcon.colcon_core.package_identification:_identify(stm32_fw/Drivers/CMSIS/DSP/DSP_Lib_TestSuite/Common/inc/controller_tests) by extension 'ros'
[0.412s] Level 1:colcon.colcon_core.package_identification:_identify(stm32_fw/Drivers/CMSIS/DSP/DSP_Lib_TestSuite/Common/inc/controller_tests) by extensions ['cmake', 'python']
[0.412s] Level 1:colcon.colcon_core.package_identification:_identify(stm32_fw/Drivers/CMSIS/DSP/DSP_Lib_TestSuite/Common/inc/controller_tests) by extension 'cmake'
[0.412s] Level 1:colcon.colcon_core.package_identification:_identify(stm32_fw/Drivers/CMSIS/DSP/DSP_Lib_TestSuite/Common/inc/controller_tests) by extension 'python'
[0.412s] Level 1:colcon.colcon_core.package_identification:_identify(stm32_fw/Drivers/CMSIS/DSP/DSP_Lib_TestSuite/Common/inc/controller_tests) by extensions ['python_setup_py']
[0.412s] Level 1:colcon.colcon_core.package_identification:_identify(stm32_fw/Drivers/CMSIS/DSP/DSP_Lib_TestSuite/Common/inc/controller_tests) by extension 'python_setup_py'
[0.412s] Level 1:colcon.colcon_core.package_identification:_identify(stm32_fw/Drivers/CMSIS/DSP/DSP_Lib_TestSuite/Common/inc/fast_math_tests) by extensions ['ignore', 'ignore_ament_install']
[0.412s] Level 1:colcon.colcon_core.package_identification:_identify(stm32_fw/Drivers/CMSIS/DSP/DSP_Lib_TestSuite/Common/inc/fast_math_tests) by extension 'ignore'
[0.412s] Level 1:colcon.colcon_core.package_identification:_identify(stm32_fw/Drivers/CMSIS/DSP/DSP_Lib_TestSuite/Common/inc/fast_math_tests) by extension 'ignore_ament_install'
[0.412s] Level 1:colcon.colcon_core.package_identification:_identify(stm32_fw/Drivers/CMSIS/DSP/DSP_Lib_TestSuite/Common/inc/fast_math_tests) by extensions ['colcon_pkg']
[0.412s] Level 1:colcon.colcon_core.package_identification:_identify(stm32_fw/Drivers/CMSIS/DSP/DSP_Lib_TestSuite/Common/inc/fast_math_tests) by extension 'colcon_pkg'
[0.412s] Level 1:colcon.colcon_core.package_identification:_identify(stm32_fw/Drivers/CMSIS/DSP/DSP_Lib_TestSuite/Common/inc/fast_math_tests) by extensions ['colcon_meta']
[0.412s] Level 1:colcon.colcon_core.package_identification:_identify(stm32_fw/Drivers/CMSIS/DSP/DSP_Lib_TestSuite/Common/inc/fast_math_tests) by extension 'colcon_meta'
[0.412s] Level 1:colcon.colcon_core.package_identification:_identify(stm32_fw/Drivers/CMSIS/DSP/DSP_Lib_TestSuite/Common/inc/fast_math_tests) by extensions ['ros']
[0.412s] Level 1:colcon.colcon_core.package_identification:_identify(stm32_fw/Drivers/CMSIS/DSP/DSP_Lib_TestSuite/Common/inc/fast_math_tests) by extension 'ros'
[0.412s] Level 1:colcon.colcon_core.package_identification:_identify(stm32_fw/Drivers/CMSIS/DSP/DSP_Lib_TestSuite/Common/inc/fast_math_tests) by extensions ['cmake', 'python']
[0.412s] Level 1:colcon.colcon_core.package_identification:_identify(stm32_fw/Drivers/CMSIS/DSP/DSP_Lib_TestSuite/Common/inc/fast_math_tests) by extension 'cmake'
[0.412s] Level 1:colcon.colcon_core.package_identification:_identify(stm32_fw/Drivers/CMSIS/DSP/DSP_Lib_TestSuite/Common/inc/fast_math_tests) by extension 'python'
[0.412s] Level 1:colcon.colcon_core.package_identification:_identify(stm32_fw/Drivers/CMSIS/DSP/DSP_Lib_TestSuite/Common/inc/fast_math_tests) by extensions ['python_setup_py']
[0.412s] Level 1:colcon.colcon_core.package_identification:_identify(stm32_fw/Drivers/CMSIS/DSP/DSP_Lib_TestSuite/Common/inc/fast_math_tests) by extension 'python_setup_py'
[0.413s] Level 1:colcon.colcon_core.package_identification:_identify(stm32_fw/Drivers/CMSIS/DSP/DSP_Lib_TestSuite/Common/inc/filtering_tests) by extensions ['ignore', 'ignore_ament_install']
[0.413s] Level 1:colcon.colcon_core.package_identification:_identify(stm32_fw/Drivers/CMSIS/DSP/DSP_Lib_TestSuite/Common/inc/filtering_tests) by extension 'ignore'
[0.413s] Level 1:colcon.colcon_core.package_identification:_identify(stm32_fw/Drivers/CMSIS/DSP/DSP_Lib_TestSuite/Common/inc/filtering_tests) by extension 'ignore_ament_install'
[0.413s] Level 1:colcon.colcon_core.package_identification:_identify(stm32_fw/Drivers/CMSIS/DSP/DSP_Lib_TestSuite/Common/inc/filtering_tests) by extensions ['colcon_pkg']
[0.413s] Level 1:colcon.colcon_core.package_identification:_identify(stm32_fw/Drivers/CMSIS/DSP/DSP_Lib_TestSuite/Common/inc/filtering_tests) by extension 'colcon_pkg'
[0.413s] Level 1:colcon.colcon_core.package_identification:_identify(stm32_fw/Drivers/CMSIS/DSP/DSP_Lib_TestSuite/Common/inc/filtering_tests) by extensions ['colcon_meta']
[0.413s] Level 1:colcon.colcon_core.package_identification:_identify(stm32_fw/Drivers/CMSIS/DSP/DSP_Lib_TestSuite/Common/inc/filtering_tests) by extension 'colcon_meta'
[0.413s] Level 1:colcon.colcon_core.package_identification:_identify(stm32_fw/Drivers/CMSIS/DSP/DSP_Lib_TestSuite/Common/inc/filtering_tests) by extensions ['ros']
[0.413s] Level 1:colcon.colcon_core.package_identification:_identify(stm32_fw/Drivers/CMSIS/DSP/DSP_Lib_TestSuite/Common/inc/filtering_tests) by extension 'ros'
[0.413s] Level 1:colcon.colcon_core.package_identification:_identify(stm32_fw/Drivers/CMSIS/DSP/DSP_Lib_TestSuite/Common/inc/filtering_tests) by extensions ['cmake', 'python']
[0.413s] Level 1:colcon.colcon_core.package_identification:_identify(stm32_fw/Drivers/CMSIS/DSP/DSP_Lib_TestSuite/Common/inc/filtering_tests) by extension 'cmake'
[0.413s] Level 1:colcon.colcon_core.package_identification:_identify(stm32_fw/Drivers/CMSIS/DSP/DSP_Lib_TestSuite/Common/inc/filtering_tests) by extension 'python'
[0.413s] Level 1:colcon.colcon_core.package_identification:_identify(stm32_fw/Drivers/CMSIS/DSP/DSP_Lib_TestSuite/Common/inc/filtering_tests) by extensions ['python_setup_py']
[0.413s] Level 1:colcon.colcon_core.package_identification:_identify(stm32_fw/Drivers/CMSIS/DSP/DSP_Lib_TestSuite/Common/inc/filtering_tests) by extension 'python_setup_py'
[0.413s] Level 1:colcon.colcon_core.package_identification:_identify(stm32_fw/Drivers/CMSIS/DSP/DSP_Lib_TestSuite/Common/inc/intrinsics_tests) by extensions ['ignore', 'ignore_ament_install']
[0.413s] Level 1:colcon.colcon_core.package_identification:_identify(stm32_fw/Drivers/CMSIS/DSP/DSP_Lib_TestSuite/Common/inc/intrinsics_tests) by extension 'ignore'
[0.413s] Level 1:colcon.colcon_core.package_identification:_identify(stm32_fw/Drivers/CMSIS/DSP/DSP_Lib_TestSuite/Common/inc/intrinsics_tests) by extension 'ignore_ament_install'
[0.414s] Level 1:colcon.colcon_core.package_identification:_identify(stm32_fw/Drivers/CMSIS/DSP/DSP_Lib_TestSuite/Common/inc/intrinsics_tests) by extensions ['colcon_pkg']
[0.414s] Level 1:colcon.colcon_core.package_identification:_identify(stm32_fw/Drivers/CMSIS/DSP/DSP_Lib_TestSuite/Common/inc/intrinsics_tests) by extension 'colcon_pkg'
[0.414s] Level 1:colcon.colcon_core.package_identification:_identify(stm32_fw/Drivers/CMSIS/DSP/DSP_Lib_TestSuite/Common/inc/intrinsics_tests) by extensions ['colcon_meta']
[0.414s] Level 1:colcon.colcon_core.package_identification:_identify(stm32_fw/Drivers/CMSIS/DSP/DSP_Lib_TestSuite/Common/inc/intrinsics_tests) by extension 'colcon_meta'
[0.414s] Level 1:colcon.colcon_core.package_identification:_identify(stm32_fw/Drivers/CMSIS/DSP/DSP_Lib_TestSuite/Common/inc/intrinsics_tests) by extensions ['ros']
[0.414s] Level 1:colcon.colcon_core.package_identification:_identify(stm32_fw/Drivers/CMSIS/DSP/DSP_Lib_TestSuite/Common/inc/intrinsics_tests) by extension 'ros'
[0.414s] Level 1:colcon.colcon_core.package_identification:_identify(stm32_fw/Drivers/CMSIS/DSP/DSP_Lib_TestSuite/Common/inc/intrinsics_tests) by extensions ['cmake', 'python']
[0.414s] Level 1:colcon.colcon_core.package_identification:_identify(stm32_fw/Drivers/CMSIS/DSP/DSP_Lib_TestSuite/Common/inc/intrinsics_tests) by extension 'cmake'
[0.414s] Level 1:colcon.colcon_core.package_identification:_identify(stm32_fw/Drivers/CMSIS/DSP/DSP_Lib_TestSuite/Common/inc/intrinsics_tests) by extension 'python'
[0.414s] Level 1:colcon.colcon_core.package_identification:_identify(stm32_fw/Drivers/CMSIS/DSP/DSP_Lib_TestSuite/Common/inc/intrinsics_tests) by extensions ['python_setup_py']
[0.414s] Level 1:colcon.colcon_core.package_identification:_identify(stm32_fw/Drivers/CMSIS/DSP/DSP_Lib_TestSuite/Common/inc/intrinsics_tests) by extension 'python_setup_py'
[0.414s] Level 1:colcon.colcon_core.package_identification:_identify(stm32_fw/Drivers/CMSIS/DSP/DSP_Lib_TestSuite/Common/inc/matrix_tests) by extensions ['ignore', 'ignore_ament_install']
[0.414s] Level 1:colcon.colcon_core.package_identification:_identify(stm32_fw/Drivers/CMSIS/DSP/DSP_Lib_TestSuite/Common/inc/matrix_tests) by extension 'ignore'
[0.414s] Level 1:colcon.colcon_core.package_identification:_identify(stm32_fw/Drivers/CMSIS/DSP/DSP_Lib_TestSuite/Common/inc/matrix_tests) by extension 'ignore_ament_install'
[0.414s] Level 1:colcon.colcon_core.package_identification:_identify(stm32_fw/Drivers/CMSIS/DSP/DSP_Lib_TestSuite/Common/inc/matrix_tests) by extensions ['colcon_pkg']
[0.414s] Level 1:colcon.colcon_core.package_identification:_identify(stm32_fw/Drivers/CMSIS/DSP/DSP_Lib_TestSuite/Common/inc/matrix_tests) by extension 'colcon_pkg'
[0.415s] Level 1:colcon.colcon_core.package_identification:_identify(stm32_fw/Drivers/CMSIS/DSP/DSP_Lib_TestSuite/Common/inc/matrix_tests) by extensions ['colcon_meta']
[0.415s] Level 1:colcon.colcon_core.package_identification:_identify(stm32_fw/Drivers/CMSIS/DSP/DSP_Lib_TestSuite/Common/inc/matrix_tests) by extension 'colcon_meta'
[0.415s] Level 1:colcon.colcon_core.package_identification:_identify(stm32_fw/Drivers/CMSIS/DSP/DSP_Lib_TestSuite/Common/inc/matrix_tests) by extensions ['ros']
[0.415s] Level 1:colcon.colcon_core.package_identification:_identify(stm32_fw/Drivers/CMSIS/DSP/DSP_Lib_TestSuite/Common/inc/matrix_tests) by extension 'ros'
[0.415s] Level 1:colcon.colcon_core.package_identification:_identify(stm32_fw/Drivers/CMSIS/DSP/DSP_Lib_TestSuite/Common/inc/matrix_tests) by extensions ['cmake', 'python']
[0.415s] Level 1:colcon.colcon_core.package_identification:_identify(stm32_fw/Drivers/CMSIS/DSP/DSP_Lib_TestSuite/Common/inc/matrix_tests) by extension 'cmake'
[0.415s] Level 1:colcon.colcon_core.package_identification:_identify(stm32_fw/Drivers/CMSIS/DSP/DSP_Lib_TestSuite/Common/inc/matrix_tests) by extension 'python'
[0.415s] Level 1:colcon.colcon_core.package_identification:_identify(stm32_fw/Drivers/CMSIS/DSP/DSP_Lib_TestSuite/Common/inc/matrix_tests) by extensions ['python_setup_py']
[0.415s] Level 1:colcon.colcon_core.package_identification:_identify(stm32_fw/Drivers/CMSIS/DSP/DSP_Lib_TestSuite/Common/inc/matrix_tests) by extension 'python_setup_py'
[0.415s] Level 1:colcon.colcon_core.package_identification:_identify(stm32_fw/Drivers/CMSIS/DSP/DSP_Lib_TestSuite/Common/inc/statistics_tests) by extensions ['ignore', 'ignore_ament_install']
[0.415s] Level 1:colcon.colcon_core.package_identification:_identify(stm32_fw/Drivers/CMSIS/DSP/DSP_Lib_TestSuite/Common/inc/statistics_tests) by extension 'ignore'
[0.415s] Level 1:colcon.colcon_core.package_identification:_identify(stm32_fw/Drivers/CMSIS/DSP/DSP_Lib_TestSuite/Common/inc/statistics_tests) by extension 'ignore_ament_install'
[0.415s] Level 1:colcon.colcon_core.package_identification:_identify(stm32_fw/Drivers/CMSIS/DSP/DSP_Lib_TestSuite/Common/inc/statistics_tests) by extensions ['colcon_pkg']
[0.415s] Level 1:colcon.colcon_core.package_identification:_identify(stm32_fw/Drivers/CMSIS/DSP/DSP_Lib_TestSuite/Common/inc/statistics_tests) by extension 'colcon_pkg'
[0.415s] Level 1:colcon.colcon_core.package_identification:_identify(stm32_fw/Drivers/CMSIS/DSP/DSP_Lib_TestSuite/Common/inc/statistics_tests) by extensions ['colcon_meta']
[0.415s] Level 1:colcon.colcon_core.package_identification:_identify(stm32_fw/Drivers/CMSIS/DSP/DSP_Lib_TestSuite/Common/inc/statistics_tests) by extension 'colcon_meta'
[0.415s] Level 1:colcon.colcon_core.package_identification:_identify(stm32_fw/Drivers/CMSIS/DSP/DSP_Lib_TestSuite/Common/inc/statistics_tests) by extensions ['ros']
[0.415s] Level 1:colcon.colcon_core.package_identification:_identify(stm32_fw/Drivers/CMSIS/DSP/DSP_Lib_TestSuite/Common/inc/statistics_tests) by extension 'ros'
[0.415s] Level 1:colcon.colcon_core.package_identification:_identify(stm32_fw/Drivers/CMSIS/DSP/DSP_Lib_TestSuite/Common/inc/statistics_tests) by extensions ['cmake', 'python']
[0.415s] Level 1:colcon.colcon_core.package_identification:_identify(stm32_fw/Drivers/CMSIS/DSP/DSP_Lib_TestSuite/Common/inc/statistics_tests) by extension 'cmake'
[0.415s] Level 1:colcon.colcon_core.package_identification:_identify(stm32_fw/Drivers/CMSIS/DSP/DSP_Lib_TestSuite/Common/inc/statistics_tests) by extension 'python'
[0.415s] Level 1:colcon.colcon_core.package_identification:_identify(stm32_fw/Drivers/CMSIS/DSP/DSP_Lib_TestSuite/Common/inc/statistics_tests) by extensions ['python_setup_py']
[0.415s] Level 1:colcon.colcon_core.package_identification:_identify(stm32_fw/Drivers/CMSIS/DSP/DSP_Lib_TestSuite/Common/inc/statistics_tests) by extension 'python_setup_py'
[0.415s] Level 1:colcon.colcon_core.package_identification:_identify(stm32_fw/Drivers/CMSIS/DSP/DSP_Lib_TestSuite/Common/inc/support_tests) by extensions ['ignore', 'ignore_ament_install']
[0.415s] Level 1:colcon.colcon_core.package_identification:_identify(stm32_fw/Drivers/CMSIS/DSP/DSP_Lib_TestSuite/Common/inc/support_tests) by extension 'ignore'
[0.416s] Level 1:colcon.colcon_core.package_identification:_identify(stm32_fw/Drivers/CMSIS/DSP/DSP_Lib_TestSuite/Common/inc/support_tests) by extension 'ignore_ament_install'
[0.416s] Level 1:colcon.colcon_core.package_identification:_identify(stm32_fw/Drivers/CMSIS/DSP/DSP_Lib_TestSuite/Common/inc/support_tests) by extensions ['colcon_pkg']
[0.416s] Level 1:colcon.colcon_core.package_identification:_identify(stm32_fw/Drivers/CMSIS/DSP/DSP_Lib_TestSuite/Common/inc/support_tests) by extension 'colcon_pkg'
[0.416s] Level 1:colcon.colcon_core.package_identification:_identify(stm32_fw/Drivers/CMSIS/DSP/DSP_Lib_TestSuite/Common/inc/support_tests) by extensions ['colcon_meta']
[0.416s] Level 1:colcon.colcon_core.package_identification:_identify(stm32_fw/Drivers/CMSIS/DSP/DSP_Lib_TestSuite/Common/inc/support_tests) by extension 'colcon_meta'
[0.416s] Level 1:colcon.colcon_core.package_identification:_identify(stm32_fw/Drivers/CMSIS/DSP/DSP_Lib_TestSuite/Common/inc/support_tests) by extensions ['ros']
[0.416s] Level 1:colcon.colcon_core.package_identification:_identify(stm32_fw/Drivers/CMSIS/DSP/DSP_Lib_TestSuite/Common/inc/support_tests) by extension 'ros'
[0.416s] Level 1:colcon.colcon_core.package_identification:_identify(stm32_fw/Drivers/CMSIS/DSP/DSP_Lib_TestSuite/Common/inc/support_tests) by extensions ['cmake', 'python']
[0.416s] Level 1:colcon.colcon_core.package_identification:_identify(stm32_fw/Drivers/CMSIS/DSP/DSP_Lib_TestSuite/Common/inc/support_tests) by extension 'cmake'
[0.416s] Level 1:colcon.colcon_core.package_identification:_identify(stm32_fw/Drivers/CMSIS/DSP/DSP_Lib_TestSuite/Common/inc/support_tests) by extension 'python'
[0.416s] Level 1:colcon.colcon_core.package_identification:_identify(stm32_fw/Drivers/CMSIS/DSP/DSP_Lib_TestSuite/Common/inc/support_tests) by extensions ['python_setup_py']
[0.416s] Level 1:colcon.colcon_core.package_identification:_identify(stm32_fw/Drivers/CMSIS/DSP/DSP_Lib_TestSuite/Common/inc/support_tests) by extension 'python_setup_py'
[0.416s] Level 1:colcon.colcon_core.package_identification:_identify(stm32_fw/Drivers/CMSIS/DSP/DSP_Lib_TestSuite/Common/inc/templates) by extensions ['ignore', 'ignore_ament_install']
[0.416s] Level 1:colcon.colcon_core.package_identification:_identify(stm32_fw/Drivers/CMSIS/DSP/DSP_Lib_TestSuite/Common/inc/templates) by extension 'ignore'
[0.416s] Level 1:colcon.colcon_core.package_identification:_identify(stm32_fw/Drivers/CMSIS/DSP/DSP_Lib_TestSuite/Common/inc/templates) by extension 'ignore_ament_install'
[0.416s] Level 1:colcon.colcon_core.package_identification:_identify(stm32_fw/Drivers/CMSIS/DSP/DSP_Lib_TestSuite/Common/inc/templates) by extensions ['colcon_pkg']
[0.416s] Level 1:colcon.colcon_core.package_identification:_identify(stm32_fw/Drivers/CMSIS/DSP/DSP_Lib_TestSuite/Common/inc/templates) by extension 'colcon_pkg'
[0.416s] Level 1:colcon.colcon_core.package_identification:_identify(stm32_fw/Drivers/CMSIS/DSP/DSP_Lib_TestSuite/Common/inc/templates) by extensions ['colcon_meta']
[0.416s] Level 1:colcon.colcon_core.package_identification:_identify(stm32_fw/Drivers/CMSIS/DSP/DSP_Lib_TestSuite/Common/inc/templates) by extension 'colcon_meta'
[0.417s] Level 1:colcon.colcon_core.package_identification:_identify(stm32_fw/Drivers/CMSIS/DSP/DSP_Lib_TestSuite/Common/inc/templates) by extensions ['ros']
[0.417s] Level 1:colcon.colcon_core.package_identification:_identify(stm32_fw/Drivers/CMSIS/DSP/DSP_Lib_TestSuite/Common/inc/templates) by extension 'ros'
[0.417s] Level 1:colcon.colcon_core.package_identification:_identify(stm32_fw/Drivers/CMSIS/DSP/DSP_Lib_TestSuite/Common/inc/templates) by extensions ['cmake', 'python']
[0.417s] Level 1:colcon.colcon_core.package_identification:_identify(stm32_fw/Drivers/CMSIS/DSP/DSP_Lib_TestSuite/Common/inc/templates) by extension 'cmake'
[0.417s] Level 1:colcon.colcon_core.package_identification:_identify(stm32_fw/Drivers/CMSIS/DSP/DSP_Lib_TestSuite/Common/inc/templates) by extension 'python'
[0.417s] Level 1:colcon.colcon_core.package_identification:_identify(stm32_fw/Drivers/CMSIS/DSP/DSP_Lib_TestSuite/Common/inc/templates) by extensions ['python_setup_py']
[0.417s] Level 1:colcon.colcon_core.package_identification:_identify(stm32_fw/Drivers/CMSIS/DSP/DSP_Lib_TestSuite/Common/inc/templates) by extension 'python_setup_py'
[0.417s] Level 1:colcon.colcon_core.package_identification:_identify(stm32_fw/Drivers/CMSIS/DSP/DSP_Lib_TestSuite/Common/inc/transform_tests) by extensions ['ignore', 'ignore_ament_install']
[0.417s] Level 1:colcon.colcon_core.package_identification:_identify(stm32_fw/Drivers/CMSIS/DSP/DSP_Lib_TestSuite/Common/inc/transform_tests) by extension 'ignore'
[0.417s] Level 1:colcon.colcon_core.package_identification:_identify(stm32_fw/Drivers/CMSIS/DSP/DSP_Lib_TestSuite/Common/inc/transform_tests) by extension 'ignore_ament_install'
[0.417s] Level 1:colcon.colcon_core.package_identification:_identify(stm32_fw/Drivers/CMSIS/DSP/DSP_Lib_TestSuite/Common/inc/transform_tests) by extensions ['colcon_pkg']
[0.417s] Level 1:colcon.colcon_core.package_identification:_identify(stm32_fw/Drivers/CMSIS/DSP/DSP_Lib_TestSuite/Common/inc/transform_tests) by extension 'colcon_pkg'
[0.417s] Level 1:colcon.colcon_core.package_identification:_identify(stm32_fw/Drivers/CMSIS/DSP/DSP_Lib_TestSuite/Common/inc/transform_tests) by extensions ['colcon_meta']
[0.417s] Level 1:colcon.colcon_core.package_identification:_identify(stm32_fw/Drivers/CMSIS/DSP/DSP_Lib_TestSuite/Common/inc/transform_tests) by extension 'colcon_meta'
[0.417s] Level 1:colcon.colcon_core.package_identification:_identify(stm32_fw/Drivers/CMSIS/DSP/DSP_Lib_TestSuite/Common/inc/transform_tests) by extensions ['ros']
[0.417s] Level 1:colcon.colcon_core.package_identification:_identify(stm32_fw/Drivers/CMSIS/DSP/DSP_Lib_TestSuite/Common/inc/transform_tests) by extension 'ros'
[0.417s] Level 1:colcon.colcon_core.package_identification:_identify(stm32_fw/Drivers/CMSIS/DSP/DSP_Lib_TestSuite/Common/inc/transform_tests) by extensions ['cmake', 'python']
[0.417s] Level 1:colcon.colcon_core.package_identification:_identify(stm32_fw/Drivers/CMSIS/DSP/DSP_Lib_TestSuite/Common/inc/transform_tests) by extension 'cmake'
[0.417s] Level 1:colcon.colcon_core.package_identification:_identify(stm32_fw/Drivers/CMSIS/DSP/DSP_Lib_TestSuite/Common/inc/transform_tests) by extension 'python'
[0.417s] Level 1:colcon.colcon_core.package_identification:_identify(stm32_fw/Drivers/CMSIS/DSP/DSP_Lib_TestSuite/Common/inc/transform_tests) by extensions ['python_setup_py']
[0.417s] Level 1:colcon.colcon_core.package_identification:_identify(stm32_fw/Drivers/CMSIS/DSP/DSP_Lib_TestSuite/Common/inc/transform_tests) by extension 'python_setup_py'
[0.417s] Level 1:colcon.colcon_core.package_identification:_identify(stm32_fw/Drivers/CMSIS/DSP/DSP_Lib_TestSuite/Common/platform) by extensions ['ignore', 'ignore_ament_install']
[0.418s] Level 1:colcon.colcon_core.package_identification:_identify(stm32_fw/Drivers/CMSIS/DSP/DSP_Lib_TestSuite/Common/platform) by extension 'ignore'
[0.418s] Level 1:colcon.colcon_core.package_identification:_identify(stm32_fw/Drivers/CMSIS/DSP/DSP_Lib_TestSuite/Common/platform) by extension 'ignore_ament_install'
[0.418s] Level 1:colcon.colcon_core.package_identification:_identify(stm32_fw/Drivers/CMSIS/DSP/DSP_Lib_TestSuite/Common/platform) by extensions ['colcon_pkg']
[0.418s] Level 1:colcon.colcon_core.package_identification:_identify(stm32_fw/Drivers/CMSIS/DSP/DSP_Lib_TestSuite/Common/platform) by extension 'colcon_pkg'
[0.418s] Level 1:colcon.colcon_core.package_identification:_identify(stm32_fw/Drivers/CMSIS/DSP/DSP_Lib_TestSuite/Common/platform) by extensions ['colcon_meta']
[0.418s] Level 1:colcon.colcon_core.package_identification:_identify(stm32_fw/Drivers/CMSIS/DSP/DSP_Lib_TestSuite/Common/platform) by extension 'colcon_meta'
[0.418s] Level 1:colcon.colcon_core.package_identification:_identify(stm32_fw/Drivers/CMSIS/DSP/DSP_Lib_TestSuite/Common/platform) by extensions ['ros']
[0.418s] Level 1:colcon.colcon_core.package_identification:_identify(stm32_fw/Drivers/CMSIS/DSP/DSP_Lib_TestSuite/Common/platform) by extension 'ros'
[0.418s] Level 1:colcon.colcon_core.package_identification:_identify(stm32_fw/Drivers/CMSIS/DSP/DSP_Lib_TestSuite/Common/platform) by extensions ['cmake', 'python']
[0.418s] Level 1:colcon.colcon_core.package_identification:_identify(stm32_fw/Drivers/CMSIS/DSP/DSP_Lib_TestSuite/Common/platform) by extension 'cmake'
[0.418s] Level 1:colcon.colcon_core.package_identification:_identify(stm32_fw/Drivers/CMSIS/DSP/DSP_Lib_TestSuite/Common/platform) by extension 'python'
[0.418s] Level 1:colcon.colcon_core.package_identification:_identify(stm32_fw/Drivers/CMSIS/DSP/DSP_Lib_TestSuite/Common/platform) by extensions ['python_setup_py']
[0.418s] Level 1:colcon.colcon_core.package_identification:_identify(stm32_fw/Drivers/CMSIS/DSP/DSP_Lib_TestSuite/Common/platform) by extension 'python_setup_py'
[0.418s] Level 1:colcon.colcon_core.package_identification:_identify(stm32_fw/Drivers/CMSIS/DSP/DSP_Lib_TestSuite/Common/platform/ARMCC) by extensions ['ignore', 'ignore_ament_install']
[0.418s] Level 1:colcon.colcon_core.package_identification:_identify(stm32_fw/Drivers/CMSIS/DSP/DSP_Lib_TestSuite/Common/platform/ARMCC) by extension 'ignore'
[0.418s] Level 1:colcon.colcon_core.package_identification:_identify(stm32_fw/Drivers/CMSIS/DSP/DSP_Lib_TestSuite/Common/platform/ARMCC) by extension 'ignore_ament_install'
[0.418s] Level 1:colcon.colcon_core.package_identification:_identify(stm32_fw/Drivers/CMSIS/DSP/DSP_Lib_TestSuite/Common/platform/ARMCC) by extensions ['colcon_pkg']
[0.418s] Level 1:colcon.colcon_core.package_identification:_identify(stm32_fw/Drivers/CMSIS/DSP/DSP_Lib_TestSuite/Common/platform/ARMCC) by extension 'colcon_pkg'
[0.418s] Level 1:colcon.colcon_core.package_identification:_identify(stm32_fw/Drivers/CMSIS/DSP/DSP_Lib_TestSuite/Common/platform/ARMCC) by extensions ['colcon_meta']
[0.418s] Level 1:colcon.colcon_core.package_identification:_identify(stm32_fw/Drivers/CMSIS/DSP/DSP_Lib_TestSuite/Common/platform/ARMCC) by extension 'colcon_meta'
[0.418s] Level 1:colcon.colcon_core.package_identification:_identify(stm32_fw/Drivers/CMSIS/DSP/DSP_Lib_TestSuite/Common/platform/ARMCC) by extensions ['ros']
[0.418s] Level 1:colcon.colcon_core.package_identification:_identify(stm32_fw/Drivers/CMSIS/DSP/DSP_Lib_TestSuite/Common/platform/ARMCC) by extension 'ros'
[0.418s] Level 1:colcon.colcon_core.package_identification:_identify(stm32_fw/Drivers/CMSIS/DSP/DSP_Lib_TestSuite/Common/platform/ARMCC) by extensions ['cmake', 'python']
[0.418s] Level 1:colcon.colcon_core.package_identification:_identify(stm32_fw/Drivers/CMSIS/DSP/DSP_Lib_TestSuite/Common/platform/ARMCC) by extension 'cmake'
[0.419s] Level 1:colcon.colcon_core.package_identification:_identify(stm32_fw/Drivers/CMSIS/DSP/DSP_Lib_TestSuite/Common/platform/ARMCC) by extension 'python'
[0.419s] Level 1:colcon.colcon_core.package_identification:_identify(stm32_fw/Drivers/CMSIS/DSP/DSP_Lib_TestSuite/Common/platform/ARMCC) by extensions ['python_setup_py']
[0.419s] Level 1:colcon.colcon_core.package_identification:_identify(stm32_fw/Drivers/CMSIS/DSP/DSP_Lib_TestSuite/Common/platform/ARMCC) by extension 'python_setup_py'
[0.419s] Level 1:colcon.colcon_core.package_identification:_identify(stm32_fw/Drivers/CMSIS/DSP/DSP_Lib_TestSuite/Common/platform/ARMCLANG) by extensions ['ignore', 'ignore_ament_install']
[0.419s] Level 1:colcon.colcon_core.package_identification:_identify(stm32_fw/Drivers/CMSIS/DSP/DSP_Lib_TestSuite/Common/platform/ARMCLANG) by extension 'ignore'
[0.419s] Level 1:colcon.colcon_core.package_identification:_identify(stm32_fw/Drivers/CMSIS/DSP/DSP_Lib_TestSuite/Common/platform/ARMCLANG) by extension 'ignore_ament_install'
[0.419s] Level 1:colcon.colcon_core.package_identification:_identify(stm32_fw/Drivers/CMSIS/DSP/DSP_Lib_TestSuite/Common/platform/ARMCLANG) by extensions ['colcon_pkg']
[0.419s] Level 1:colcon.colcon_core.package_identification:_identify(stm32_fw/Drivers/CMSIS/DSP/DSP_Lib_TestSuite/Common/platform/ARMCLANG) by extension 'colcon_pkg'
[0.419s] Level 1:colcon.colcon_core.package_identification:_identify(stm32_fw/Drivers/CMSIS/DSP/DSP_Lib_TestSuite/Common/platform/ARMCLANG) by extensions ['colcon_meta']
[0.419s] Level 1:colcon.colcon_core.package_identification:_identify(stm32_fw/Drivers/CMSIS/DSP/DSP_Lib_TestSuite/Common/platform/ARMCLANG) by extension 'colcon_meta'
[0.419s] Level 1:colcon.colcon_core.package_identification:_identify(stm32_fw/Drivers/CMSIS/DSP/DSP_Lib_TestSuite/Common/platform/ARMCLANG) by extensions ['ros']
[0.419s] Level 1:colcon.colcon_core.package_identification:_identify(stm32_fw/Drivers/CMSIS/DSP/DSP_Lib_TestSuite/Common/platform/ARMCLANG) by extension 'ros'
[0.419s] Level 1:colcon.colcon_core.package_identification:_identify(stm32_fw/Drivers/CMSIS/DSP/DSP_Lib_TestSuite/Common/platform/ARMCLANG) by extensions ['cmake', 'python']
[0.419s] Level 1:colcon.colcon_core.package_identification:_identify(stm32_fw/Drivers/CMSIS/DSP/DSP_Lib_TestSuite/Common/platform/ARMCLANG) by extension 'cmake'
[0.419s] Level 1:colcon.colcon_core.package_identification:_identify(stm32_fw/Drivers/CMSIS/DSP/DSP_Lib_TestSuite/Common/platform/ARMCLANG) by extension 'python'
[0.420s] Level 1:colcon.colcon_core.package_identification:_identify(stm32_fw/Drivers/CMSIS/DSP/DSP_Lib_TestSuite/Common/platform/ARMCLANG) by extensions ['python_setup_py']
[0.420s] Level 1:colcon.colcon_core.package_identification:_identify(stm32_fw/Drivers/CMSIS/DSP/DSP_Lib_TestSuite/Common/platform/ARMCLANG) by extension 'python_setup_py'
[0.420s] Level 1:colcon.colcon_core.package_identification:_identify(stm32_fw/Drivers/CMSIS/DSP/DSP_Lib_TestSuite/Common/platform/GCC) by extensions ['ignore', 'ignore_ament_install']
[0.420s] Level 1:colcon.colcon_core.package_identification:_identify(stm32_fw/Drivers/CMSIS/DSP/DSP_Lib_TestSuite/Common/platform/GCC) by extension 'ignore'
[0.420s] Level 1:colcon.colcon_core.package_identification:_identify(stm32_fw/Drivers/CMSIS/DSP/DSP_Lib_TestSuite/Common/platform/GCC) by extension 'ignore_ament_install'
[0.420s] Level 1:colcon.colcon_core.package_identification:_identify(stm32_fw/Drivers/CMSIS/DSP/DSP_Lib_TestSuite/Common/platform/GCC) by extensions ['colcon_pkg']
[0.420s] Level 1:colcon.colcon_core.package_identification:_identify(stm32_fw/Drivers/CMSIS/DSP/DSP_Lib_TestSuite/Common/platform/GCC) by extension 'colcon_pkg'
[0.420s] Level 1:colcon.colcon_core.package_identification:_identify(stm32_fw/Drivers/CMSIS/DSP/DSP_Lib_TestSuite/Common/platform/GCC) by extensions ['colcon_meta']
[0.420s] Level 1:colcon.colcon_core.package_identification:_identify(stm32_fw/Drivers/CMSIS/DSP/DSP_Lib_TestSuite/Common/platform/GCC) by extension 'colcon_meta'
[0.420s] Level 1:colcon.colcon_core.package_identification:_identify(stm32_fw/Drivers/CMSIS/DSP/DSP_Lib_TestSuite/Common/platform/GCC) by extensions ['ros']
[0.420s] Level 1:colcon.colcon_core.package_identification:_identify(stm32_fw/Drivers/CMSIS/DSP/DSP_Lib_TestSuite/Common/platform/GCC) by extension 'ros'
[0.420s] Level 1:colcon.colcon_core.package_identification:_identify(stm32_fw/Drivers/CMSIS/DSP/DSP_Lib_TestSuite/Common/platform/GCC) by extensions ['cmake', 'python']
[0.420s] Level 1:colcon.colcon_core.package_identification:_identify(stm32_fw/Drivers/CMSIS/DSP/DSP_Lib_TestSuite/Common/platform/GCC) by extension 'cmake'
[0.420s] Level 1:colcon.colcon_core.package_identification:_identify(stm32_fw/Drivers/CMSIS/DSP/DSP_Lib_TestSuite/Common/platform/GCC) by extension 'python'
[0.420s] Level 1:colcon.colcon_core.package_identification:_identify(stm32_fw/Drivers/CMSIS/DSP/DSP_Lib_TestSuite/Common/platform/GCC) by extensions ['python_setup_py']
[0.420s] Level 1:colcon.colcon_core.package_identification:_identify(stm32_fw/Drivers/CMSIS/DSP/DSP_Lib_TestSuite/Common/platform/GCC) by extension 'python_setup_py'
[0.420s] Level 1:colcon.colcon_core.package_identification:_identify(stm32_fw/Drivers/CMSIS/DSP/DSP_Lib_TestSuite/Common/src) by extensions ['ignore', 'ignore_ament_install']
[0.420s] Level 1:colcon.colcon_core.package_identification:_identify(stm32_fw/Drivers/CMSIS/DSP/DSP_Lib_TestSuite/Common/src) by extension 'ignore'
[0.420s] Level 1:colcon.colcon_core.package_identification:_identify(stm32_fw/Drivers/CMSIS/DSP/DSP_Lib_TestSuite/Common/src) by extension 'ignore_ament_install'
[0.420s] Level 1:colcon.colcon_core.package_identification:_identify(stm32_fw/Drivers/CMSIS/DSP/DSP_Lib_TestSuite/Common/src) by extensions ['colcon_pkg']
[0.420s] Level 1:colcon.colcon_core.package_identification:_identify(stm32_fw/Drivers/CMSIS/DSP/DSP_Lib_TestSuite/Common/src) by extension 'colcon_pkg'
[0.420s] Level 1:colcon.colcon_core.package_identification:_identify(stm32_fw/Drivers/CMSIS/DSP/DSP_Lib_TestSuite/Common/src) by extensions ['colcon_meta']
[0.420s] Level 1:colcon.colcon_core.package_identification:_identify(stm32_fw/Drivers/CMSIS/DSP/DSP_Lib_TestSuite/Common/src) by extension 'colcon_meta'
[0.421s] Level 1:colcon.colcon_core.package_identification:_identify(stm32_fw/Drivers/CMSIS/DSP/DSP_Lib_TestSuite/Common/src) by extensions ['ros']
[0.421s] Level 1:colcon.colcon_core.package_identification:_identify(stm32_fw/Drivers/CMSIS/DSP/DSP_Lib_TestSuite/Common/src) by extension 'ros'
[0.421s] Level 1:colcon.colcon_core.package_identification:_identify(stm32_fw/Drivers/CMSIS/DSP/DSP_Lib_TestSuite/Common/src) by extensions ['cmake', 'python']
[0.421s] Level 1:colcon.colcon_core.package_identification:_identify(stm32_fw/Drivers/CMSIS/DSP/DSP_Lib_TestSuite/Common/src) by extension 'cmake'
[0.421s] Level 1:colcon.colcon_core.package_identification:_identify(stm32_fw/Drivers/CMSIS/DSP/DSP_Lib_TestSuite/Common/src) by extension 'python'
[0.421s] Level 1:colcon.colcon_core.package_identification:_identify(stm32_fw/Drivers/CMSIS/DSP/DSP_Lib_TestSuite/Common/src) by extensions ['python_setup_py']
[0.421s] Level 1:colcon.colcon_core.package_identification:_identify(stm32_fw/Drivers/CMSIS/DSP/DSP_Lib_TestSuite/Common/src) by extension 'python_setup_py'
[0.421s] Level 1:colcon.colcon_core.package_identification:_identify(stm32_fw/Drivers/CMSIS/DSP/DSP_Lib_TestSuite/Common/src/basic_math_tests) by extensions ['ignore', 'ignore_ament_install']
[0.421s] Level 1:colcon.colcon_core.package_identification:_identify(stm32_fw/Drivers/CMSIS/DSP/DSP_Lib_TestSuite/Common/src/basic_math_tests) by extension 'ignore'
[0.421s] Level 1:colcon.colcon_core.package_identification:_identify(stm32_fw/Drivers/CMSIS/DSP/DSP_Lib_TestSuite/Common/src/basic_math_tests) by extension 'ignore_ament_install'
[0.421s] Level 1:colcon.colcon_core.package_identification:_identify(stm32_fw/Drivers/CMSIS/DSP/DSP_Lib_TestSuite/Common/src/basic_math_tests) by extensions ['colcon_pkg']
[0.421s] Level 1:colcon.colcon_core.package_identification:_identify(stm32_fw/Drivers/CMSIS/DSP/DSP_Lib_TestSuite/Common/src/basic_math_tests) by extension 'colcon_pkg'
[0.421s] Level 1:colcon.colcon_core.package_identification:_identify(stm32_fw/Drivers/CMSIS/DSP/DSP_Lib_TestSuite/Common/src/basic_math_tests) by extensions ['colcon_meta']
[0.421s] Level 1:colcon.colcon_core.package_identification:_identify(stm32_fw/Drivers/CMSIS/DSP/DSP_Lib_TestSuite/Common/src/basic_math_tests) by extension 'colcon_meta'
[0.421s] Level 1:colcon.colcon_core.package_identification:_identify(stm32_fw/Drivers/CMSIS/DSP/DSP_Lib_TestSuite/Common/src/basic_math_tests) by extensions ['ros']
[0.421s] Level 1:colcon.colcon_core.package_identification:_identify(stm32_fw/Drivers/CMSIS/DSP/DSP_Lib_TestSuite/Common/src/basic_math_tests) by extension 'ros'
[0.421s] Level 1:colcon.colcon_core.package_identification:_identify(stm32_fw/Drivers/CMSIS/DSP/DSP_Lib_TestSuite/Common/src/basic_math_tests) by extensions ['cmake', 'python']
[0.421s] Level 1:colcon.colcon_core.package_identification:_identify(stm32_fw/Drivers/CMSIS/DSP/DSP_Lib_TestSuite/Common/src/basic_math_tests) by extension 'cmake'
[0.421s] Level 1:colcon.colcon_core.package_identification:_identify(stm32_fw/Drivers/CMSIS/DSP/DSP_Lib_TestSuite/Common/src/basic_math_tests) by extension 'python'
[0.421s] Level 1:colcon.colcon_core.package_identification:_identify(stm32_fw/Drivers/CMSIS/DSP/DSP_Lib_TestSuite/Common/src/basic_math_tests) by extensions ['python_setup_py']
[0.421s] Level 1:colcon.colcon_core.package_identification:_identify(stm32_fw/Drivers/CMSIS/DSP/DSP_Lib_TestSuite/Common/src/basic_math_tests) by extension 'python_setup_py'
[0.421s] Level 1:colcon.colcon_core.package_identification:_identify(stm32_fw/Drivers/CMSIS/DSP/DSP_Lib_TestSuite/Common/src/complex_math_tests) by extensions ['ignore', 'ignore_ament_install']
[0.421s] Level 1:colcon.colcon_core.package_identification:_identify(stm32_fw/Drivers/CMSIS/DSP/DSP_Lib_TestSuite/Common/src/complex_math_tests) by extension 'ignore'
[0.421s] Level 1:colcon.colcon_core.package_identification:_identify(stm32_fw/Drivers/CMSIS/DSP/DSP_Lib_TestSuite/Common/src/complex_math_tests) by extension 'ignore_ament_install'
[0.421s] Level 1:colcon.colcon_core.package_identification:_identify(stm32_fw/Drivers/CMSIS/DSP/DSP_Lib_TestSuite/Common/src/complex_math_tests) by extensions ['colcon_pkg']
[0.421s] Level 1:colcon.colcon_core.package_identification:_identify(stm32_fw/Drivers/CMSIS/DSP/DSP_Lib_TestSuite/Common/src/complex_math_tests) by extension 'colcon_pkg'
[0.422s] Level 1:colcon.colcon_core.package_identification:_identify(stm32_fw/Drivers/CMSIS/DSP/DSP_Lib_TestSuite/Common/src/complex_math_tests) by extensions ['colcon_meta']
[0.422s] Level 1:colcon.colcon_core.package_identification:_identify(stm32_fw/Drivers/CMSIS/DSP/DSP_Lib_TestSuite/Common/src/complex_math_tests) by extension 'colcon_meta'
[0.422s] Level 1:colcon.colcon_core.package_identification:_identify(stm32_fw/Drivers/CMSIS/DSP/DSP_Lib_TestSuite/Common/src/complex_math_tests) by extensions ['ros']
[0.422s] Level 1:colcon.colcon_core.package_identification:_identify(stm32_fw/Drivers/CMSIS/DSP/DSP_Lib_TestSuite/Common/src/complex_math_tests) by extension 'ros'
[0.422s] Level 1:colcon.colcon_core.package_identification:_identify(stm32_fw/Drivers/CMSIS/DSP/DSP_Lib_TestSuite/Common/src/complex_math_tests) by extensions ['cmake', 'python']
[0.422s] Level 1:colcon.colcon_core.package_identification:_identify(stm32_fw/Drivers/CMSIS/DSP/DSP_Lib_TestSuite/Common/src/complex_math_tests) by extension 'cmake'
[0.422s] Level 1:colcon.colcon_core.package_identification:_identify(stm32_fw/Drivers/CMSIS/DSP/DSP_Lib_TestSuite/Common/src/complex_math_tests) by extension 'python'
[0.422s] Level 1:colcon.colcon_core.package_identification:_identify(stm32_fw/Drivers/CMSIS/DSP/DSP_Lib_TestSuite/Common/src/complex_math_tests) by extensions ['python_setup_py']
[0.422s] Level 1:colcon.colcon_core.package_identification:_identify(stm32_fw/Drivers/CMSIS/DSP/DSP_Lib_TestSuite/Common/src/complex_math_tests) by extension 'python_setup_py'
[0.422s] Level 1:colcon.colcon_core.package_identification:_identify(stm32_fw/Drivers/CMSIS/DSP/DSP_Lib_TestSuite/Common/src/controller_tests) by extensions ['ignore', 'ignore_ament_install']
[0.422s] Level 1:colcon.colcon_core.package_identification:_identify(stm32_fw/Drivers/CMSIS/DSP/DSP_Lib_TestSuite/Common/src/controller_tests) by extension 'ignore'
[0.422s] Level 1:colcon.colcon_core.package_identification:_identify(stm32_fw/Drivers/CMSIS/DSP/DSP_Lib_TestSuite/Common/src/controller_tests) by extension 'ignore_ament_install'
[0.422s] Level 1:colcon.colcon_core.package_identification:_identify(stm32_fw/Drivers/CMSIS/DSP/DSP_Lib_TestSuite/Common/src/controller_tests) by extensions ['colcon_pkg']
[0.422s] Level 1:colcon.colcon_core.package_identification:_identify(stm32_fw/Drivers/CMSIS/DSP/DSP_Lib_TestSuite/Common/src/controller_tests) by extension 'colcon_pkg'
[0.422s] Level 1:colcon.colcon_core.package_identification:_identify(stm32_fw/Drivers/CMSIS/DSP/DSP_Lib_TestSuite/Common/src/controller_tests) by extensions ['colcon_meta']
[0.422s] Level 1:colcon.colcon_core.package_identification:_identify(stm32_fw/Drivers/CMSIS/DSP/DSP_Lib_TestSuite/Common/src/controller_tests) by extension 'colcon_meta'
[0.422s] Level 1:colcon.colcon_core.package_identification:_identify(stm32_fw/Drivers/CMSIS/DSP/DSP_Lib_TestSuite/Common/src/controller_tests) by extensions ['ros']
[0.422s] Level 1:colcon.colcon_core.package_identification:_identify(stm32_fw/Drivers/CMSIS/DSP/DSP_Lib_TestSuite/Common/src/controller_tests) by extension 'ros'
[0.422s] Level 1:colcon.colcon_core.package_identification:_identify(stm32_fw/Drivers/CMSIS/DSP/DSP_Lib_TestSuite/Common/src/controller_tests) by extensions ['cmake', 'python']
[0.422s] Level 1:colcon.colcon_core.package_identification:_identify(stm32_fw/Drivers/CMSIS/DSP/DSP_Lib_TestSuite/Common/src/controller_tests) by extension 'cmake'
[0.422s] Level 1:colcon.colcon_core.package_identification:_identify(stm32_fw/Drivers/CMSIS/DSP/DSP_Lib_TestSuite/Common/src/controller_tests) by extension 'python'
[0.422s] Level 1:colcon.colcon_core.package_identification:_identify(stm32_fw/Drivers/CMSIS/DSP/DSP_Lib_TestSuite/Common/src/controller_tests) by extensions ['python_setup_py']
[0.422s] Level 1:colcon.colcon_core.package_identification:_identify(stm32_fw/Drivers/CMSIS/DSP/DSP_Lib_TestSuite/Common/src/controller_tests) by extension 'python_setup_py'
[0.422s] Level 1:colcon.colcon_core.package_identification:_identify(stm32_fw/Drivers/CMSIS/DSP/DSP_Lib_TestSuite/Common/src/fast_math_tests) by extensions ['ignore', 'ignore_ament_install']
[0.422s] Level 1:colcon.colcon_core.package_identification:_identify(stm32_fw/Drivers/CMSIS/DSP/DSP_Lib_TestSuite/Common/src/fast_math_tests) by extension 'ignore'
[0.422s] Level 1:colcon.colcon_core.package_identification:_identify(stm32_fw/Drivers/CMSIS/DSP/DSP_Lib_TestSuite/Common/src/fast_math_tests) by extension 'ignore_ament_install'
[0.423s] Level 1:colcon.colcon_core.package_identification:_identify(stm32_fw/Drivers/CMSIS/DSP/DSP_Lib_TestSuite/Common/src/fast_math_tests) by extensions ['colcon_pkg']
[0.423s] Level 1:colcon.colcon_core.package_identification:_identify(stm32_fw/Drivers/CMSIS/DSP/DSP_Lib_TestSuite/Common/src/fast_math_tests) by extension 'colcon_pkg'
[0.423s] Level 1:colcon.colcon_core.package_identification:_identify(stm32_fw/Drivers/CMSIS/DSP/DSP_Lib_TestSuite/Common/src/fast_math_tests) by extensions ['colcon_meta']
[0.423s] Level 1:colcon.colcon_core.package_identification:_identify(stm32_fw/Drivers/CMSIS/DSP/DSP_Lib_TestSuite/Common/src/fast_math_tests) by extension 'colcon_meta'
[0.423s] Level 1:colcon.colcon_core.package_identification:_identify(stm32_fw/Drivers/CMSIS/DSP/DSP_Lib_TestSuite/Common/src/fast_math_tests) by extensions ['ros']
[0.423s] Level 1:colcon.colcon_core.package_identification:_identify(stm32_fw/Drivers/CMSIS/DSP/DSP_Lib_TestSuite/Common/src/fast_math_tests) by extension 'ros'
[0.423s] Level 1:colcon.colcon_core.package_identification:_identify(stm32_fw/Drivers/CMSIS/DSP/DSP_Lib_TestSuite/Common/src/fast_math_tests) by extensions ['cmake', 'python']
[0.423s] Level 1:colcon.colcon_core.package_identification:_identify(stm32_fw/Drivers/CMSIS/DSP/DSP_Lib_TestSuite/Common/src/fast_math_tests) by extension 'cmake'
[0.423s] Level 1:colcon.colcon_core.package_identification:_identify(stm32_fw/Drivers/CMSIS/DSP/DSP_Lib_TestSuite/Common/src/fast_math_tests) by extension 'python'
[0.423s] Level 1:colcon.colcon_core.package_identification:_identify(stm32_fw/Drivers/CMSIS/DSP/DSP_Lib_TestSuite/Common/src/fast_math_tests) by extensions ['python_setup_py']
[0.423s] Level 1:colcon.colcon_core.package_identification:_identify(stm32_fw/Drivers/CMSIS/DSP/DSP_Lib_TestSuite/Common/src/fast_math_tests) by extension 'python_setup_py'
[0.423s] Level 1:colcon.colcon_core.package_identification:_identify(stm32_fw/Drivers/CMSIS/DSP/DSP_Lib_TestSuite/Common/src/filtering_tests) by extensions ['ignore', 'ignore_ament_install']
[0.423s] Level 1:colcon.colcon_core.package_identification:_identify(stm32_fw/Drivers/CMSIS/DSP/DSP_Lib_TestSuite/Common/src/filtering_tests) by extension 'ignore'
[0.423s] Level 1:colcon.colcon_core.package_identification:_identify(stm32_fw/Drivers/CMSIS/DSP/DSP_Lib_TestSuite/Common/src/filtering_tests) by extension 'ignore_ament_install'
[0.423s] Level 1:colcon.colcon_core.package_identification:_identify(stm32_fw/Drivers/CMSIS/DSP/DSP_Lib_TestSuite/Common/src/filtering_tests) by extensions ['colcon_pkg']
[0.423s] Level 1:colcon.colcon_core.package_identification:_identify(stm32_fw/Drivers/CMSIS/DSP/DSP_Lib_TestSuite/Common/src/filtering_tests) by extension 'colcon_pkg'
[0.423s] Level 1:colcon.colcon_core.package_identification:_identify(stm32_fw/Drivers/CMSIS/DSP/DSP_Lib_TestSuite/Common/src/filtering_tests) by extensions ['colcon_meta']
[0.423s] Level 1:colcon.colcon_core.package_identification:_identify(stm32_fw/Drivers/CMSIS/DSP/DSP_Lib_TestSuite/Common/src/filtering_tests) by extension 'colcon_meta'
[0.423s] Level 1:colcon.colcon_core.package_identification:_identify(stm32_fw/Drivers/CMSIS/DSP/DSP_Lib_TestSuite/Common/src/filtering_tests) by extensions ['ros']
[0.423s] Level 1:colcon.colcon_core.package_identification:_identify(stm32_fw/Drivers/CMSIS/DSP/DSP_Lib_TestSuite/Common/src/filtering_tests) by extension 'ros'
[0.423s] Level 1:colcon.colcon_core.package_identification:_identify(stm32_fw/Drivers/CMSIS/DSP/DSP_Lib_TestSuite/Common/src/filtering_tests) by extensions ['cmake', 'python']
[0.423s] Level 1:colcon.colcon_core.package_identification:_identify(stm32_fw/Drivers/CMSIS/DSP/DSP_Lib_TestSuite/Common/src/filtering_tests) by extension 'cmake'
[0.423s] Level 1:colcon.colcon_core.package_identification:_identify(stm32_fw/Drivers/CMSIS/DSP/DSP_Lib_TestSuite/Common/src/filtering_tests) by extension 'python'
[0.423s] Level 1:colcon.colcon_core.package_identification:_identify(stm32_fw/Drivers/CMSIS/DSP/DSP_Lib_TestSuite/Common/src/filtering_tests) by extensions ['python_setup_py']
[0.423s] Level 1:colcon.colcon_core.package_identification:_identify(stm32_fw/Drivers/CMSIS/DSP/DSP_Lib_TestSuite/Common/src/filtering_tests) by extension 'python_setup_py'
[0.423s] Level 1:colcon.colcon_core.package_identification:_identify(stm32_fw/Drivers/CMSIS/DSP/DSP_Lib_TestSuite/Common/src/intrinsics_tests) by extensions ['ignore', 'ignore_ament_install']
[0.424s] Level 1:colcon.colcon_core.package_identification:_identify(stm32_fw/Drivers/CMSIS/DSP/DSP_Lib_TestSuite/Common/src/intrinsics_tests) by extension 'ignore'
[0.424s] Level 1:colcon.colcon_core.package_identification:_identify(stm32_fw/Drivers/CMSIS/DSP/DSP_Lib_TestSuite/Common/src/intrinsics_tests) by extension 'ignore_ament_install'
[0.424s] Level 1:colcon.colcon_core.package_identification:_identify(stm32_fw/Drivers/CMSIS/DSP/DSP_Lib_TestSuite/Common/src/intrinsics_tests) by extensions ['colcon_pkg']
[0.424s] Level 1:colcon.colcon_core.package_identification:_identify(stm32_fw/Drivers/CMSIS/DSP/DSP_Lib_TestSuite/Common/src/intrinsics_tests) by extension 'colcon_pkg'
[0.424s] Level 1:colcon.colcon_core.package_identification:_identify(stm32_fw/Drivers/CMSIS/DSP/DSP_Lib_TestSuite/Common/src/intrinsics_tests) by extensions ['colcon_meta']
[0.424s] Level 1:colcon.colcon_core.package_identification:_identify(stm32_fw/Drivers/CMSIS/DSP/DSP_Lib_TestSuite/Common/src/intrinsics_tests) by extension 'colcon_meta'
[0.424s] Level 1:colcon.colcon_core.package_identification:_identify(stm32_fw/Drivers/CMSIS/DSP/DSP_Lib_TestSuite/Common/src/intrinsics_tests) by extensions ['ros']
[0.424s] Level 1:colcon.colcon_core.package_identification:_identify(stm32_fw/Drivers/CMSIS/DSP/DSP_Lib_TestSuite/Common/src/intrinsics_tests) by extension 'ros'
[0.424s] Level 1:colcon.colcon_core.package_identification:_identify(stm32_fw/Drivers/CMSIS/DSP/DSP_Lib_TestSuite/Common/src/intrinsics_tests) by extensions ['cmake', 'python']
[0.424s] Level 1:colcon.colcon_core.package_identification:_identify(stm32_fw/Drivers/CMSIS/DSP/DSP_Lib_TestSuite/Common/src/intrinsics_tests) by extension 'cmake'
[0.424s] Level 1:colcon.colcon_core.package_identification:_identify(stm32_fw/Drivers/CMSIS/DSP/DSP_Lib_TestSuite/Common/src/intrinsics_tests) by extension 'python'
[0.424s] Level 1:colcon.colcon_core.package_identification:_identify(stm32_fw/Drivers/CMSIS/DSP/DSP_Lib_TestSuite/Common/src/intrinsics_tests) by extensions ['python_setup_py']
[0.424s] Level 1:colcon.colcon_core.package_identification:_identify(stm32_fw/Drivers/CMSIS/DSP/DSP_Lib_TestSuite/Common/src/intrinsics_tests) by extension 'python_setup_py'
[0.424s] Level 1:colcon.colcon_core.package_identification:_identify(stm32_fw/Drivers/CMSIS/DSP/DSP_Lib_TestSuite/Common/src/matrix_tests) by extensions ['ignore', 'ignore_ament_install']
[0.424s] Level 1:colcon.colcon_core.package_identification:_identify(stm32_fw/Drivers/CMSIS/DSP/DSP_Lib_TestSuite/Common/src/matrix_tests) by extension 'ignore'
[0.424s] Level 1:colcon.colcon_core.package_identification:_identify(stm32_fw/Drivers/CMSIS/DSP/DSP_Lib_TestSuite/Common/src/matrix_tests) by extension 'ignore_ament_install'
[0.424s] Level 1:colcon.colcon_core.package_identification:_identify(stm32_fw/Drivers/CMSIS/DSP/DSP_Lib_TestSuite/Common/src/matrix_tests) by extensions ['colcon_pkg']
[0.424s] Level 1:colcon.colcon_core.package_identification:_identify(stm32_fw/Drivers/CMSIS/DSP/DSP_Lib_TestSuite/Common/src/matrix_tests) by extension 'colcon_pkg'
[0.424s] Level 1:colcon.colcon_core.package_identification:_identify(stm32_fw/Drivers/CMSIS/DSP/DSP_Lib_TestSuite/Common/src/matrix_tests) by extensions ['colcon_meta']
[0.424s] Level 1:colcon.colcon_core.package_identification:_identify(stm32_fw/Drivers/CMSIS/DSP/DSP_Lib_TestSuite/Common/src/matrix_tests) by extension 'colcon_meta'
[0.424s] Level 1:colcon.colcon_core.package_identification:_identify(stm32_fw/Drivers/CMSIS/DSP/DSP_Lib_TestSuite/Common/src/matrix_tests) by extensions ['ros']
[0.424s] Level 1:colcon.colcon_core.package_identification:_identify(stm32_fw/Drivers/CMSIS/DSP/DSP_Lib_TestSuite/Common/src/matrix_tests) by extension 'ros'
[0.424s] Level 1:colcon.colcon_core.package_identification:_identify(stm32_fw/Drivers/CMSIS/DSP/DSP_Lib_TestSuite/Common/src/matrix_tests) by extensions ['cmake', 'python']
[0.425s] Level 1:colcon.colcon_core.package_identification:_identify(stm32_fw/Drivers/CMSIS/DSP/DSP_Lib_TestSuite/Common/src/matrix_tests) by extension 'cmake'
[0.425s] Level 1:colcon.colcon_core.package_identification:_identify(stm32_fw/Drivers/CMSIS/DSP/DSP_Lib_TestSuite/Common/src/matrix_tests) by extension 'python'
[0.425s] Level 1:colcon.colcon_core.package_identification:_identify(stm32_fw/Drivers/CMSIS/DSP/DSP_Lib_TestSuite/Common/src/matrix_tests) by extensions ['python_setup_py']
[0.425s] Level 1:colcon.colcon_core.package_identification:_identify(stm32_fw/Drivers/CMSIS/DSP/DSP_Lib_TestSuite/Common/src/matrix_tests) by extension 'python_setup_py'
[0.425s] Level 1:colcon.colcon_core.package_identification:_identify(stm32_fw/Drivers/CMSIS/DSP/DSP_Lib_TestSuite/Common/src/statistics_tests) by extensions ['ignore', 'ignore_ament_install']
[0.425s] Level 1:colcon.colcon_core.package_identification:_identify(stm32_fw/Drivers/CMSIS/DSP/DSP_Lib_TestSuite/Common/src/statistics_tests) by extension 'ignore'
[0.425s] Level 1:colcon.colcon_core.package_identification:_identify(stm32_fw/Drivers/CMSIS/DSP/DSP_Lib_TestSuite/Common/src/statistics_tests) by extension 'ignore_ament_install'
[0.425s] Level 1:colcon.colcon_core.package_identification:_identify(stm32_fw/Drivers/CMSIS/DSP/DSP_Lib_TestSuite/Common/src/statistics_tests) by extensions ['colcon_pkg']
[0.425s] Level 1:colcon.colcon_core.package_identification:_identify(stm32_fw/Drivers/CMSIS/DSP/DSP_Lib_TestSuite/Common/src/statistics_tests) by extension 'colcon_pkg'
[0.425s] Level 1:colcon.colcon_core.package_identification:_identify(stm32_fw/Drivers/CMSIS/DSP/DSP_Lib_TestSuite/Common/src/statistics_tests) by extensions ['colcon_meta']
[0.425s] Level 1:colcon.colcon_core.package_identification:_identify(stm32_fw/Drivers/CMSIS/DSP/DSP_Lib_TestSuite/Common/src/statistics_tests) by extension 'colcon_meta'
[0.425s] Level 1:colcon.colcon_core.package_identification:_identify(stm32_fw/Drivers/CMSIS/DSP/DSP_Lib_TestSuite/Common/src/statistics_tests) by extensions ['ros']
[0.425s] Level 1:colcon.colcon_core.package_identification:_identify(stm32_fw/Drivers/CMSIS/DSP/DSP_Lib_TestSuite/Common/src/statistics_tests) by extension 'ros'
[0.425s] Level 1:colcon.colcon_core.package_identification:_identify(stm32_fw/Drivers/CMSIS/DSP/DSP_Lib_TestSuite/Common/src/statistics_tests) by extensions ['cmake', 'python']
[0.425s] Level 1:colcon.colcon_core.package_identification:_identify(stm32_fw/Drivers/CMSIS/DSP/DSP_Lib_TestSuite/Common/src/statistics_tests) by extension 'cmake'
[0.425s] Level 1:colcon.colcon_core.package_identification:_identify(stm32_fw/Drivers/CMSIS/DSP/DSP_Lib_TestSuite/Common/src/statistics_tests) by extension 'python'
[0.425s] Level 1:colcon.colcon_core.package_identification:_identify(stm32_fw/Drivers/CMSIS/DSP/DSP_Lib_TestSuite/Common/src/statistics_tests) by extensions ['python_setup_py']
[0.425s] Level 1:colcon.colcon_core.package_identification:_identify(stm32_fw/Drivers/CMSIS/DSP/DSP_Lib_TestSuite/Common/src/statistics_tests) by extension 'python_setup_py'
[0.425s] Level 1:colcon.colcon_core.package_identification:_identify(stm32_fw/Drivers/CMSIS/DSP/DSP_Lib_TestSuite/Common/src/support_tests) by extensions ['ignore', 'ignore_ament_install']
[0.425s] Level 1:colcon.colcon_core.package_identification:_identify(stm32_fw/Drivers/CMSIS/DSP/DSP_Lib_TestSuite/Common/src/support_tests) by extension 'ignore'
[0.425s] Level 1:colcon.colcon_core.package_identification:_identify(stm32_fw/Drivers/CMSIS/DSP/DSP_Lib_TestSuite/Common/src/support_tests) by extension 'ignore_ament_install'
[0.425s] Level 1:colcon.colcon_core.package_identification:_identify(stm32_fw/Drivers/CMSIS/DSP/DSP_Lib_TestSuite/Common/src/support_tests) by extensions ['colcon_pkg']
[0.426s] Level 1:colcon.colcon_core.package_identification:_identify(stm32_fw/Drivers/CMSIS/DSP/DSP_Lib_TestSuite/Common/src/support_tests) by extension 'colcon_pkg'
[0.426s] Level 1:colcon.colcon_core.package_identification:_identify(stm32_fw/Drivers/CMSIS/DSP/DSP_Lib_TestSuite/Common/src/support_tests) by extensions ['colcon_meta']
[0.426s] Level 1:colcon.colcon_core.package_identification:_identify(stm32_fw/Drivers/CMSIS/DSP/DSP_Lib_TestSuite/Common/src/support_tests) by extension 'colcon_meta'
[0.426s] Level 1:colcon.colcon_core.package_identification:_identify(stm32_fw/Drivers/CMSIS/DSP/DSP_Lib_TestSuite/Common/src/support_tests) by extensions ['ros']
[0.426s] Level 1:colcon.colcon_core.package_identification:_identify(stm32_fw/Drivers/CMSIS/DSP/DSP_Lib_TestSuite/Common/src/support_tests) by extension 'ros'
[0.426s] Level 1:colcon.colcon_core.package_identification:_identify(stm32_fw/Drivers/CMSIS/DSP/DSP_Lib_TestSuite/Common/src/support_tests) by extensions ['cmake', 'python']
[0.426s] Level 1:colcon.colcon_core.package_identification:_identify(stm32_fw/Drivers/CMSIS/DSP/DSP_Lib_TestSuite/Common/src/support_tests) by extension 'cmake'
[0.426s] Level 1:colcon.colcon_core.package_identification:_identify(stm32_fw/Drivers/CMSIS/DSP/DSP_Lib_TestSuite/Common/src/support_tests) by extension 'python'
[0.426s] Level 1:colcon.colcon_core.package_identification:_identify(stm32_fw/Drivers/CMSIS/DSP/DSP_Lib_TestSuite/Common/src/support_tests) by extensions ['python_setup_py']
[0.426s] Level 1:colcon.colcon_core.package_identification:_identify(stm32_fw/Drivers/CMSIS/DSP/DSP_Lib_TestSuite/Common/src/support_tests) by extension 'python_setup_py'
[0.426s] Level 1:colcon.colcon_core.package_identification:_identify(stm32_fw/Drivers/CMSIS/DSP/DSP_Lib_TestSuite/Common/src/transform_tests) by extensions ['ignore', 'ignore_ament_install']
[0.426s] Level 1:colcon.colcon_core.package_identification:_identify(stm32_fw/Drivers/CMSIS/DSP/DSP_Lib_TestSuite/Common/src/transform_tests) by extension 'ignore'
[0.426s] Level 1:colcon.colcon_core.package_identification:_identify(stm32_fw/Drivers/CMSIS/DSP/DSP_Lib_TestSuite/Common/src/transform_tests) by extension 'ignore_ament_install'
[0.426s] Level 1:colcon.colcon_core.package_identification:_identify(stm32_fw/Drivers/CMSIS/DSP/DSP_Lib_TestSuite/Common/src/transform_tests) by extensions ['colcon_pkg']
[0.426s] Level 1:colcon.colcon_core.package_identification:_identify(stm32_fw/Drivers/CMSIS/DSP/DSP_Lib_TestSuite/Common/src/transform_tests) by extension 'colcon_pkg'
[0.426s] Level 1:colcon.colcon_core.package_identification:_identify(stm32_fw/Drivers/CMSIS/DSP/DSP_Lib_TestSuite/Common/src/transform_tests) by extensions ['colcon_meta']
[0.426s] Level 1:colcon.colcon_core.package_identification:_identify(stm32_fw/Drivers/CMSIS/DSP/DSP_Lib_TestSuite/Common/src/transform_tests) by extension 'colcon_meta'
[0.426s] Level 1:colcon.colcon_core.package_identification:_identify(stm32_fw/Drivers/CMSIS/DSP/DSP_Lib_TestSuite/Common/src/transform_tests) by extensions ['ros']
[0.426s] Level 1:colcon.colcon_core.package_identification:_identify(stm32_fw/Drivers/CMSIS/DSP/DSP_Lib_TestSuite/Common/src/transform_tests) by extension 'ros'
[0.426s] Level 1:colcon.colcon_core.package_identification:_identify(stm32_fw/Drivers/CMSIS/DSP/DSP_Lib_TestSuite/Common/src/transform_tests) by extensions ['cmake', 'python']
[0.426s] Level 1:colcon.colcon_core.package_identification:_identify(stm32_fw/Drivers/CMSIS/DSP/DSP_Lib_TestSuite/Common/src/transform_tests) by extension 'cmake'
[0.426s] Level 1:colcon.colcon_core.package_identification:_identify(stm32_fw/Drivers/CMSIS/DSP/DSP_Lib_TestSuite/Common/src/transform_tests) by extension 'python'
[0.426s] Level 1:colcon.colcon_core.package_identification:_identify(stm32_fw/Drivers/CMSIS/DSP/DSP_Lib_TestSuite/Common/src/transform_tests) by extensions ['python_setup_py']
[0.426s] Level 1:colcon.colcon_core.package_identification:_identify(stm32_fw/Drivers/CMSIS/DSP/DSP_Lib_TestSuite/Common/src/transform_tests) by extension 'python_setup_py'
[0.426s] Level 1:colcon.colcon_core.package_identification:_identify(stm32_fw/Drivers/CMSIS/DSP/DSP_Lib_TestSuite/DspLibTest_FVP) by extensions ['ignore', 'ignore_ament_install']
[0.426s] Level 1:colcon.colcon_core.package_identification:_identify(stm32_fw/Drivers/CMSIS/DSP/DSP_Lib_TestSuite/DspLibTest_FVP) by extension 'ignore'
[0.427s] Level 1:colcon.colcon_core.package_identification:_identify(stm32_fw/Drivers/CMSIS/DSP/DSP_Lib_TestSuite/DspLibTest_FVP) by extension 'ignore_ament_install'
[0.427s] Level 1:colcon.colcon_core.package_identification:_identify(stm32_fw/Drivers/CMSIS/DSP/DSP_Lib_TestSuite/DspLibTest_FVP) by extensions ['colcon_pkg']
[0.427s] Level 1:colcon.colcon_core.package_identification:_identify(stm32_fw/Drivers/CMSIS/DSP/DSP_Lib_TestSuite/DspLibTest_FVP) by extension 'colcon_pkg'
[0.427s] Level 1:colcon.colcon_core.package_identification:_identify(stm32_fw/Drivers/CMSIS/DSP/DSP_Lib_TestSuite/DspLibTest_FVP) by extensions ['colcon_meta']
[0.427s] Level 1:colcon.colcon_core.package_identification:_identify(stm32_fw/Drivers/CMSIS/DSP/DSP_Lib_TestSuite/DspLibTest_FVP) by extension 'colcon_meta'
[0.427s] Level 1:colcon.colcon_core.package_identification:_identify(stm32_fw/Drivers/CMSIS/DSP/DSP_Lib_TestSuite/DspLibTest_FVP) by extensions ['ros']
[0.427s] Level 1:colcon.colcon_core.package_identification:_identify(stm32_fw/Drivers/CMSIS/DSP/DSP_Lib_TestSuite/DspLibTest_FVP) by extension 'ros'
[0.427s] Level 1:colcon.colcon_core.package_identification:_identify(stm32_fw/Drivers/CMSIS/DSP/DSP_Lib_TestSuite/DspLibTest_FVP) by extensions ['cmake', 'python']
[0.427s] Level 1:colcon.colcon_core.package_identification:_identify(stm32_fw/Drivers/CMSIS/DSP/DSP_Lib_TestSuite/DspLibTest_FVP) by extension 'cmake'
[0.427s] Level 1:colcon.colcon_core.package_identification:_identify(stm32_fw/Drivers/CMSIS/DSP/DSP_Lib_TestSuite/DspLibTest_FVP) by extension 'python'
[0.427s] Level 1:colcon.colcon_core.package_identification:_identify(stm32_fw/Drivers/CMSIS/DSP/DSP_Lib_TestSuite/DspLibTest_FVP) by extensions ['python_setup_py']
[0.427s] Level 1:colcon.colcon_core.package_identification:_identify(stm32_fw/Drivers/CMSIS/DSP/DSP_Lib_TestSuite/DspLibTest_FVP) by extension 'python_setup_py'
[0.427s] Level 1:colcon.colcon_core.package_identification:_identify(stm32_fw/Drivers/CMSIS/DSP/DSP_Lib_TestSuite/DspLibTest_MPS2) by extensions ['ignore', 'ignore_ament_install']
[0.427s] Level 1:colcon.colcon_core.package_identification:_identify(stm32_fw/Drivers/CMSIS/DSP/DSP_Lib_TestSuite/DspLibTest_MPS2) by extension 'ignore'
[0.427s] Level 1:colcon.colcon_core.package_identification:_identify(stm32_fw/Drivers/CMSIS/DSP/DSP_Lib_TestSuite/DspLibTest_MPS2) by extension 'ignore_ament_install'
[0.427s] Level 1:colcon.colcon_core.package_identification:_identify(stm32_fw/Drivers/CMSIS/DSP/DSP_Lib_TestSuite/DspLibTest_MPS2) by extensions ['colcon_pkg']
[0.427s] Level 1:colcon.colcon_core.package_identification:_identify(stm32_fw/Drivers/CMSIS/DSP/DSP_Lib_TestSuite/DspLibTest_MPS2) by extension 'colcon_pkg'
[0.427s] Level 1:colcon.colcon_core.package_identification:_identify(stm32_fw/Drivers/CMSIS/DSP/DSP_Lib_TestSuite/DspLibTest_MPS2) by extensions ['colcon_meta']
[0.427s] Level 1:colcon.colcon_core.package_identification:_identify(stm32_fw/Drivers/CMSIS/DSP/DSP_Lib_TestSuite/DspLibTest_MPS2) by extension 'colcon_meta'
[0.427s] Level 1:colcon.colcon_core.package_identification:_identify(stm32_fw/Drivers/CMSIS/DSP/DSP_Lib_TestSuite/DspLibTest_MPS2) by extensions ['ros']
[0.427s] Level 1:colcon.colcon_core.package_identification:_identify(stm32_fw/Drivers/CMSIS/DSP/DSP_Lib_TestSuite/DspLibTest_MPS2) by extension 'ros'
[0.427s] Level 1:colcon.colcon_core.package_identification:_identify(stm32_fw/Drivers/CMSIS/DSP/DSP_Lib_TestSuite/DspLibTest_MPS2) by extensions ['cmake', 'python']
[0.427s] Level 1:colcon.colcon_core.package_identification:_identify(stm32_fw/Drivers/CMSIS/DSP/DSP_Lib_TestSuite/DspLibTest_MPS2) by extension 'cmake'
[0.427s] Level 1:colcon.colcon_core.package_identification:_identify(stm32_fw/Drivers/CMSIS/DSP/DSP_Lib_TestSuite/DspLibTest_MPS2) by extension 'python'
[0.427s] Level 1:colcon.colcon_core.package_identification:_identify(stm32_fw/Drivers/CMSIS/DSP/DSP_Lib_TestSuite/DspLibTest_MPS2) by extensions ['python_setup_py']
[0.427s] Level 1:colcon.colcon_core.package_identification:_identify(stm32_fw/Drivers/CMSIS/DSP/DSP_Lib_TestSuite/DspLibTest_MPS2) by extension 'python_setup_py'
[0.428s] Level 1:colcon.colcon_core.package_identification:_identify(stm32_fw/Drivers/CMSIS/DSP/DSP_Lib_TestSuite/RefLibs) by extensions ['ignore', 'ignore_ament_install']
[0.428s] Level 1:colcon.colcon_core.package_identification:_identify(stm32_fw/Drivers/CMSIS/DSP/DSP_Lib_TestSuite/RefLibs) by extension 'ignore'
[0.428s] Level 1:colcon.colcon_core.package_identification:_identify(stm32_fw/Drivers/CMSIS/DSP/DSP_Lib_TestSuite/RefLibs) by extension 'ignore_ament_install'
[0.428s] Level 1:colcon.colcon_core.package_identification:_identify(stm32_fw/Drivers/CMSIS/DSP/DSP_Lib_TestSuite/RefLibs) by extensions ['colcon_pkg']
[0.428s] Level 1:colcon.colcon_core.package_identification:_identify(stm32_fw/Drivers/CMSIS/DSP/DSP_Lib_TestSuite/RefLibs) by extension 'colcon_pkg'
[0.428s] Level 1:colcon.colcon_core.package_identification:_identify(stm32_fw/Drivers/CMSIS/DSP/DSP_Lib_TestSuite/RefLibs) by extensions ['colcon_meta']
[0.428s] Level 1:colcon.colcon_core.package_identification:_identify(stm32_fw/Drivers/CMSIS/DSP/DSP_Lib_TestSuite/RefLibs) by extension 'colcon_meta'
[0.428s] Level 1:colcon.colcon_core.package_identification:_identify(stm32_fw/Drivers/CMSIS/DSP/DSP_Lib_TestSuite/RefLibs) by extensions ['ros']
[0.428s] Level 1:colcon.colcon_core.package_identification:_identify(stm32_fw/Drivers/CMSIS/DSP/DSP_Lib_TestSuite/RefLibs) by extension 'ros'
[0.428s] Level 1:colcon.colcon_core.package_identification:_identify(stm32_fw/Drivers/CMSIS/DSP/DSP_Lib_TestSuite/RefLibs) by extensions ['cmake', 'python']
[0.428s] Level 1:colcon.colcon_core.package_identification:_identify(stm32_fw/Drivers/CMSIS/DSP/DSP_Lib_TestSuite/RefLibs) by extension 'cmake'
[0.428s] Level 1:colcon.colcon_core.package_identification:_identify(stm32_fw/Drivers/CMSIS/DSP/DSP_Lib_TestSuite/RefLibs) by extension 'python'
[0.428s] Level 1:colcon.colcon_core.package_identification:_identify(stm32_fw/Drivers/CMSIS/DSP/DSP_Lib_TestSuite/RefLibs) by extensions ['python_setup_py']
[0.428s] Level 1:colcon.colcon_core.package_identification:_identify(stm32_fw/Drivers/CMSIS/DSP/DSP_Lib_TestSuite/RefLibs) by extension 'python_setup_py'
[0.428s] Level 1:colcon.colcon_core.package_identification:_identify(stm32_fw/Drivers/CMSIS/DSP/DSP_Lib_TestSuite/RefLibs/inc) by extensions ['ignore', 'ignore_ament_install']
[0.428s] Level 1:colcon.colcon_core.package_identification:_identify(stm32_fw/Drivers/CMSIS/DSP/DSP_Lib_TestSuite/RefLibs/inc) by extension 'ignore'
[0.428s] Level 1:colcon.colcon_core.package_identification:_identify(stm32_fw/Drivers/CMSIS/DSP/DSP_Lib_TestSuite/RefLibs/inc) by extension 'ignore_ament_install'
[0.428s] Level 1:colcon.colcon_core.package_identification:_identify(stm32_fw/Drivers/CMSIS/DSP/DSP_Lib_TestSuite/RefLibs/inc) by extensions ['colcon_pkg']
[0.428s] Level 1:colcon.colcon_core.package_identification:_identify(stm32_fw/Drivers/CMSIS/DSP/DSP_Lib_TestSuite/RefLibs/inc) by extension 'colcon_pkg'
[0.428s] Level 1:colcon.colcon_core.package_identification:_identify(stm32_fw/Drivers/CMSIS/DSP/DSP_Lib_TestSuite/RefLibs/inc) by extensions ['colcon_meta']
[0.428s] Level 1:colcon.colcon_core.package_identification:_identify(stm32_fw/Drivers/CMSIS/DSP/DSP_Lib_TestSuite/RefLibs/inc) by extension 'colcon_meta'
[0.428s] Level 1:colcon.colcon_core.package_identification:_identify(stm32_fw/Drivers/CMSIS/DSP/DSP_Lib_TestSuite/RefLibs/inc) by extensions ['ros']
[0.428s] Level 1:colcon.colcon_core.package_identification:_identify(stm32_fw/Drivers/CMSIS/DSP/DSP_Lib_TestSuite/RefLibs/inc) by extension 'ros'
[0.428s] Level 1:colcon.colcon_core.package_identification:_identify(stm32_fw/Drivers/CMSIS/DSP/DSP_Lib_TestSuite/RefLibs/inc) by extensions ['cmake', 'python']
[0.428s] Level 1:colcon.colcon_core.package_identification:_identify(stm32_fw/Drivers/CMSIS/DSP/DSP_Lib_TestSuite/RefLibs/inc) by extension 'cmake'
[0.429s] Level 1:colcon.colcon_core.package_identification:_identify(stm32_fw/Drivers/CMSIS/DSP/DSP_Lib_TestSuite/RefLibs/inc) by extension 'python'
[0.429s] Level 1:colcon.colcon_core.package_identification:_identify(stm32_fw/Drivers/CMSIS/DSP/DSP_Lib_TestSuite/RefLibs/inc) by extensions ['python_setup_py']
[0.429s] Level 1:colcon.colcon_core.package_identification:_identify(stm32_fw/Drivers/CMSIS/DSP/DSP_Lib_TestSuite/RefLibs/inc) by extension 'python_setup_py'
[0.429s] Level 1:colcon.colcon_core.package_identification:_identify(stm32_fw/Drivers/CMSIS/DSP/DSP_Lib_TestSuite/RefLibs/src) by extensions ['ignore', 'ignore_ament_install']
[0.429s] Level 1:colcon.colcon_core.package_identification:_identify(stm32_fw/Drivers/CMSIS/DSP/DSP_Lib_TestSuite/RefLibs/src) by extension 'ignore'
[0.429s] Level 1:colcon.colcon_core.package_identification:_identify(stm32_fw/Drivers/CMSIS/DSP/DSP_Lib_TestSuite/RefLibs/src) by extension 'ignore_ament_install'
[0.429s] Level 1:colcon.colcon_core.package_identification:_identify(stm32_fw/Drivers/CMSIS/DSP/DSP_Lib_TestSuite/RefLibs/src) by extensions ['colcon_pkg']
[0.429s] Level 1:colcon.colcon_core.package_identification:_identify(stm32_fw/Drivers/CMSIS/DSP/DSP_Lib_TestSuite/RefLibs/src) by extension 'colcon_pkg'
[0.429s] Level 1:colcon.colcon_core.package_identification:_identify(stm32_fw/Drivers/CMSIS/DSP/DSP_Lib_TestSuite/RefLibs/src) by extensions ['colcon_meta']
[0.429s] Level 1:colcon.colcon_core.package_identification:_identify(stm32_fw/Drivers/CMSIS/DSP/DSP_Lib_TestSuite/RefLibs/src) by extension 'colcon_meta'
[0.429s] Level 1:colcon.colcon_core.package_identification:_identify(stm32_fw/Drivers/CMSIS/DSP/DSP_Lib_TestSuite/RefLibs/src) by extensions ['ros']
[0.429s] Level 1:colcon.colcon_core.package_identification:_identify(stm32_fw/Drivers/CMSIS/DSP/DSP_Lib_TestSuite/RefLibs/src) by extension 'ros'
[0.429s] Level 1:colcon.colcon_core.package_identification:_identify(stm32_fw/Drivers/CMSIS/DSP/DSP_Lib_TestSuite/RefLibs/src) by extensions ['cmake', 'python']
[0.429s] Level 1:colcon.colcon_core.package_identification:_identify(stm32_fw/Drivers/CMSIS/DSP/DSP_Lib_TestSuite/RefLibs/src) by extension 'cmake'
[0.429s] Level 1:colcon.colcon_core.package_identification:_identify(stm32_fw/Drivers/CMSIS/DSP/DSP_Lib_TestSuite/RefLibs/src) by extension 'python'
[0.429s] Level 1:colcon.colcon_core.package_identification:_identify(stm32_fw/Drivers/CMSIS/DSP/DSP_Lib_TestSuite/RefLibs/src) by extensions ['python_setup_py']
[0.429s] Level 1:colcon.colcon_core.package_identification:_identify(stm32_fw/Drivers/CMSIS/DSP/DSP_Lib_TestSuite/RefLibs/src) by extension 'python_setup_py'
[0.429s] Level 1:colcon.colcon_core.package_identification:_identify(stm32_fw/Drivers/CMSIS/DSP/DSP_Lib_TestSuite/RefLibs/src/BasicMathFunctions) by extensions ['ignore', 'ignore_ament_install']
[0.429s] Level 1:colcon.colcon_core.package_identification:_identify(stm32_fw/Drivers/CMSIS/DSP/DSP_Lib_TestSuite/RefLibs/src/BasicMathFunctions) by extension 'ignore'
[0.429s] Level 1:colcon.colcon_core.package_identification:_identify(stm32_fw/Drivers/CMSIS/DSP/DSP_Lib_TestSuite/RefLibs/src/BasicMathFunctions) by extension 'ignore_ament_install'
[0.429s] Level 1:colcon.colcon_core.package_identification:_identify(stm32_fw/Drivers/CMSIS/DSP/DSP_Lib_TestSuite/RefLibs/src/BasicMathFunctions) by extensions ['colcon_pkg']
[0.430s] Level 1:colcon.colcon_core.package_identification:_identify(stm32_fw/Drivers/CMSIS/DSP/DSP_Lib_TestSuite/RefLibs/src/BasicMathFunctions) by extension 'colcon_pkg'
[0.430s] Level 1:colcon.colcon_core.package_identification:_identify(stm32_fw/Drivers/CMSIS/DSP/DSP_Lib_TestSuite/RefLibs/src/BasicMathFunctions) by extensions ['colcon_meta']
[0.430s] Level 1:colcon.colcon_core.package_identification:_identify(stm32_fw/Drivers/CMSIS/DSP/DSP_Lib_TestSuite/RefLibs/src/BasicMathFunctions) by extension 'colcon_meta'
[0.430s] Level 1:colcon.colcon_core.package_identification:_identify(stm32_fw/Drivers/CMSIS/DSP/DSP_Lib_TestSuite/RefLibs/src/BasicMathFunctions) by extensions ['ros']
[0.430s] Level 1:colcon.colcon_core.package_identification:_identify(stm32_fw/Drivers/CMSIS/DSP/DSP_Lib_TestSuite/RefLibs/src/BasicMathFunctions) by extension 'ros'
[0.430s] Level 1:colcon.colcon_core.package_identification:_identify(stm32_fw/Drivers/CMSIS/DSP/DSP_Lib_TestSuite/RefLibs/src/BasicMathFunctions) by extensions ['cmake', 'python']
[0.430s] Level 1:colcon.colcon_core.package_identification:_identify(stm32_fw/Drivers/CMSIS/DSP/DSP_Lib_TestSuite/RefLibs/src/BasicMathFunctions) by extension 'cmake'
[0.430s] Level 1:colcon.colcon_core.package_identification:_identify(stm32_fw/Drivers/CMSIS/DSP/DSP_Lib_TestSuite/RefLibs/src/BasicMathFunctions) by extension 'python'
[0.430s] Level 1:colcon.colcon_core.package_identification:_identify(stm32_fw/Drivers/CMSIS/DSP/DSP_Lib_TestSuite/RefLibs/src/BasicMathFunctions) by extensions ['python_setup_py']
[0.430s] Level 1:colcon.colcon_core.package_identification:_identify(stm32_fw/Drivers/CMSIS/DSP/DSP_Lib_TestSuite/RefLibs/src/BasicMathFunctions) by extension 'python_setup_py'
[0.430s] Level 1:colcon.colcon_core.package_identification:_identify(stm32_fw/Drivers/CMSIS/DSP/DSP_Lib_TestSuite/RefLibs/src/ComplexMathFunctions) by extensions ['ignore', 'ignore_ament_install']
[0.430s] Level 1:colcon.colcon_core.package_identification:_identify(stm32_fw/Drivers/CMSIS/DSP/DSP_Lib_TestSuite/RefLibs/src/ComplexMathFunctions) by extension 'ignore'
[0.430s] Level 1:colcon.colcon_core.package_identification:_identify(stm32_fw/Drivers/CMSIS/DSP/DSP_Lib_TestSuite/RefLibs/src/ComplexMathFunctions) by extension 'ignore_ament_install'
[0.430s] Level 1:colcon.colcon_core.package_identification:_identify(stm32_fw/Drivers/CMSIS/DSP/DSP_Lib_TestSuite/RefLibs/src/ComplexMathFunctions) by extensions ['colcon_pkg']
[0.430s] Level 1:colcon.colcon_core.package_identification:_identify(stm32_fw/Drivers/CMSIS/DSP/DSP_Lib_TestSuite/RefLibs/src/ComplexMathFunctions) by extension 'colcon_pkg'
[0.430s] Level 1:colcon.colcon_core.package_identification:_identify(stm32_fw/Drivers/CMSIS/DSP/DSP_Lib_TestSuite/RefLibs/src/ComplexMathFunctions) by extensions ['colcon_meta']
[0.430s] Level 1:colcon.colcon_core.package_identification:_identify(stm32_fw/Drivers/CMSIS/DSP/DSP_Lib_TestSuite/RefLibs/src/ComplexMathFunctions) by extension 'colcon_meta'
[0.430s] Level 1:colcon.colcon_core.package_identification:_identify(stm32_fw/Drivers/CMSIS/DSP/DSP_Lib_TestSuite/RefLibs/src/ComplexMathFunctions) by extensions ['ros']
[0.430s] Level 1:colcon.colcon_core.package_identification:_identify(stm32_fw/Drivers/CMSIS/DSP/DSP_Lib_TestSuite/RefLibs/src/ComplexMathFunctions) by extension 'ros'
[0.430s] Level 1:colcon.colcon_core.package_identification:_identify(stm32_fw/Drivers/CMSIS/DSP/DSP_Lib_TestSuite/RefLibs/src/ComplexMathFunctions) by extensions ['cmake', 'python']
[0.430s] Level 1:colcon.colcon_core.package_identification:_identify(stm32_fw/Drivers/CMSIS/DSP/DSP_Lib_TestSuite/RefLibs/src/ComplexMathFunctions) by extension 'cmake'
[0.430s] Level 1:colcon.colcon_core.package_identification:_identify(stm32_fw/Drivers/CMSIS/DSP/DSP_Lib_TestSuite/RefLibs/src/ComplexMathFunctions) by extension 'python'
[0.430s] Level 1:colcon.colcon_core.package_identification:_identify(stm32_fw/Drivers/CMSIS/DSP/DSP_Lib_TestSuite/RefLibs/src/ComplexMathFunctions) by extensions ['python_setup_py']
[0.430s] Level 1:colcon.colcon_core.package_identification:_identify(stm32_fw/Drivers/CMSIS/DSP/DSP_Lib_TestSuite/RefLibs/src/ComplexMathFunctions) by extension 'python_setup_py'
[0.430s] Level 1:colcon.colcon_core.package_identification:_identify(stm32_fw/Drivers/CMSIS/DSP/DSP_Lib_TestSuite/RefLibs/src/ControllerFunctions) by extensions ['ignore', 'ignore_ament_install']
[0.430s] Level 1:colcon.colcon_core.package_identification:_identify(stm32_fw/Drivers/CMSIS/DSP/DSP_Lib_TestSuite/RefLibs/src/ControllerFunctions) by extension 'ignore'
[0.431s] Level 1:colcon.colcon_core.package_identification:_identify(stm32_fw/Drivers/CMSIS/DSP/DSP_Lib_TestSuite/RefLibs/src/ControllerFunctions) by extension 'ignore_ament_install'
[0.431s] Level 1:colcon.colcon_core.package_identification:_identify(stm32_fw/Drivers/CMSIS/DSP/DSP_Lib_TestSuite/RefLibs/src/ControllerFunctions) by extensions ['colcon_pkg']
[0.431s] Level 1:colcon.colcon_core.package_identification:_identify(stm32_fw/Drivers/CMSIS/DSP/DSP_Lib_TestSuite/RefLibs/src/ControllerFunctions) by extension 'colcon_pkg'
[0.431s] Level 1:colcon.colcon_core.package_identification:_identify(stm32_fw/Drivers/CMSIS/DSP/DSP_Lib_TestSuite/RefLibs/src/ControllerFunctions) by extensions ['colcon_meta']
[0.431s] Level 1:colcon.colcon_core.package_identification:_identify(stm32_fw/Drivers/CMSIS/DSP/DSP_Lib_TestSuite/RefLibs/src/ControllerFunctions) by extension 'colcon_meta'
[0.431s] Level 1:colcon.colcon_core.package_identification:_identify(stm32_fw/Drivers/CMSIS/DSP/DSP_Lib_TestSuite/RefLibs/src/ControllerFunctions) by extensions ['ros']
[0.431s] Level 1:colcon.colcon_core.package_identification:_identify(stm32_fw/Drivers/CMSIS/DSP/DSP_Lib_TestSuite/RefLibs/src/ControllerFunctions) by extension 'ros'
[0.431s] Level 1:colcon.colcon_core.package_identification:_identify(stm32_fw/Drivers/CMSIS/DSP/DSP_Lib_TestSuite/RefLibs/src/ControllerFunctions) by extensions ['cmake', 'python']
[0.431s] Level 1:colcon.colcon_core.package_identification:_identify(stm32_fw/Drivers/CMSIS/DSP/DSP_Lib_TestSuite/RefLibs/src/ControllerFunctions) by extension 'cmake'
[0.431s] Level 1:colcon.colcon_core.package_identification:_identify(stm32_fw/Drivers/CMSIS/DSP/DSP_Lib_TestSuite/RefLibs/src/ControllerFunctions) by extension 'python'
[0.431s] Level 1:colcon.colcon_core.package_identification:_identify(stm32_fw/Drivers/CMSIS/DSP/DSP_Lib_TestSuite/RefLibs/src/ControllerFunctions) by extensions ['python_setup_py']
[0.431s] Level 1:colcon.colcon_core.package_identification:_identify(stm32_fw/Drivers/CMSIS/DSP/DSP_Lib_TestSuite/RefLibs/src/ControllerFunctions) by extension 'python_setup_py'
[0.431s] Level 1:colcon.colcon_core.package_identification:_identify(stm32_fw/Drivers/CMSIS/DSP/DSP_Lib_TestSuite/RefLibs/src/FastMathFunctions) by extensions ['ignore', 'ignore_ament_install']
[0.431s] Level 1:colcon.colcon_core.package_identification:_identify(stm32_fw/Drivers/CMSIS/DSP/DSP_Lib_TestSuite/RefLibs/src/FastMathFunctions) by extension 'ignore'
[0.431s] Level 1:colcon.colcon_core.package_identification:_identify(stm32_fw/Drivers/CMSIS/DSP/DSP_Lib_TestSuite/RefLibs/src/FastMathFunctions) by extension 'ignore_ament_install'
[0.431s] Level 1:colcon.colcon_core.package_identification:_identify(stm32_fw/Drivers/CMSIS/DSP/DSP_Lib_TestSuite/RefLibs/src/FastMathFunctions) by extensions ['colcon_pkg']
[0.431s] Level 1:colcon.colcon_core.package_identification:_identify(stm32_fw/Drivers/CMSIS/DSP/DSP_Lib_TestSuite/RefLibs/src/FastMathFunctions) by extension 'colcon_pkg'
[0.431s] Level 1:colcon.colcon_core.package_identification:_identify(stm32_fw/Drivers/CMSIS/DSP/DSP_Lib_TestSuite/RefLibs/src/FastMathFunctions) by extensions ['colcon_meta']
[0.431s] Level 1:colcon.colcon_core.package_identification:_identify(stm32_fw/Drivers/CMSIS/DSP/DSP_Lib_TestSuite/RefLibs/src/FastMathFunctions) by extension 'colcon_meta'
[0.431s] Level 1:colcon.colcon_core.package_identification:_identify(stm32_fw/Drivers/CMSIS/DSP/DSP_Lib_TestSuite/RefLibs/src/FastMathFunctions) by extensions ['ros']
[0.431s] Level 1:colcon.colcon_core.package_identification:_identify(stm32_fw/Drivers/CMSIS/DSP/DSP_Lib_TestSuite/RefLibs/src/FastMathFunctions) by extension 'ros'
[0.431s] Level 1:colcon.colcon_core.package_identification:_identify(stm32_fw/Drivers/CMSIS/DSP/DSP_Lib_TestSuite/RefLibs/src/FastMathFunctions) by extensions ['cmake', 'python']
[0.431s] Level 1:colcon.colcon_core.package_identification:_identify(stm32_fw/Drivers/CMSIS/DSP/DSP_Lib_TestSuite/RefLibs/src/FastMathFunctions) by extension 'cmake'
[0.431s] Level 1:colcon.colcon_core.package_identification:_identify(stm32_fw/Drivers/CMSIS/DSP/DSP_Lib_TestSuite/RefLibs/src/FastMathFunctions) by extension 'python'
[0.431s] Level 1:colcon.colcon_core.package_identification:_identify(stm32_fw/Drivers/CMSIS/DSP/DSP_Lib_TestSuite/RefLibs/src/FastMathFunctions) by extensions ['python_setup_py']
[0.431s] Level 1:colcon.colcon_core.package_identification:_identify(stm32_fw/Drivers/CMSIS/DSP/DSP_Lib_TestSuite/RefLibs/src/FastMathFunctions) by extension 'python_setup_py'
[0.432s] Level 1:colcon.colcon_core.package_identification:_identify(stm32_fw/Drivers/CMSIS/DSP/DSP_Lib_TestSuite/RefLibs/src/FilteringFunctions) by extensions ['ignore', 'ignore_ament_install']
[0.432s] Level 1:colcon.colcon_core.package_identification:_identify(stm32_fw/Drivers/CMSIS/DSP/DSP_Lib_TestSuite/RefLibs/src/FilteringFunctions) by extension 'ignore'
[0.432s] Level 1:colcon.colcon_core.package_identification:_identify(stm32_fw/Drivers/CMSIS/DSP/DSP_Lib_TestSuite/RefLibs/src/FilteringFunctions) by extension 'ignore_ament_install'
[0.432s] Level 1:colcon.colcon_core.package_identification:_identify(stm32_fw/Drivers/CMSIS/DSP/DSP_Lib_TestSuite/RefLibs/src/FilteringFunctions) by extensions ['colcon_pkg']
[0.432s] Level 1:colcon.colcon_core.package_identification:_identify(stm32_fw/Drivers/CMSIS/DSP/DSP_Lib_TestSuite/RefLibs/src/FilteringFunctions) by extension 'colcon_pkg'
[0.432s] Level 1:colcon.colcon_core.package_identification:_identify(stm32_fw/Drivers/CMSIS/DSP/DSP_Lib_TestSuite/RefLibs/src/FilteringFunctions) by extensions ['colcon_meta']
[0.432s] Level 1:colcon.colcon_core.package_identification:_identify(stm32_fw/Drivers/CMSIS/DSP/DSP_Lib_TestSuite/RefLibs/src/FilteringFunctions) by extension 'colcon_meta'
[0.432s] Level 1:colcon.colcon_core.package_identification:_identify(stm32_fw/Drivers/CMSIS/DSP/DSP_Lib_TestSuite/RefLibs/src/FilteringFunctions) by extensions ['ros']
[0.432s] Level 1:colcon.colcon_core.package_identification:_identify(stm32_fw/Drivers/CMSIS/DSP/DSP_Lib_TestSuite/RefLibs/src/FilteringFunctions) by extension 'ros'
[0.432s] Level 1:colcon.colcon_core.package_identification:_identify(stm32_fw/Drivers/CMSIS/DSP/DSP_Lib_TestSuite/RefLibs/src/FilteringFunctions) by extensions ['cmake', 'python']
[0.432s] Level 1:colcon.colcon_core.package_identification:_identify(stm32_fw/Drivers/CMSIS/DSP/DSP_Lib_TestSuite/RefLibs/src/FilteringFunctions) by extension 'cmake'
[0.432s] Level 1:colcon.colcon_core.package_identification:_identify(stm32_fw/Drivers/CMSIS/DSP/DSP_Lib_TestSuite/RefLibs/src/FilteringFunctions) by extension 'python'
[0.432s] Level 1:colcon.colcon_core.package_identification:_identify(stm32_fw/Drivers/CMSIS/DSP/DSP_Lib_TestSuite/RefLibs/src/FilteringFunctions) by extensions ['python_setup_py']
[0.432s] Level 1:colcon.colcon_core.package_identification:_identify(stm32_fw/Drivers/CMSIS/DSP/DSP_Lib_TestSuite/RefLibs/src/FilteringFunctions) by extension 'python_setup_py'
[0.432s] Level 1:colcon.colcon_core.package_identification:_identify(stm32_fw/Drivers/CMSIS/DSP/DSP_Lib_TestSuite/RefLibs/src/HelperFunctions) by extensions ['ignore', 'ignore_ament_install']
[0.432s] Level 1:colcon.colcon_core.package_identification:_identify(stm32_fw/Drivers/CMSIS/DSP/DSP_Lib_TestSuite/RefLibs/src/HelperFunctions) by extension 'ignore'
[0.432s] Level 1:colcon.colcon_core.package_identification:_identify(stm32_fw/Drivers/CMSIS/DSP/DSP_Lib_TestSuite/RefLibs/src/HelperFunctions) by extension 'ignore_ament_install'
[0.432s] Level 1:colcon.colcon_core.package_identification:_identify(stm32_fw/Drivers/CMSIS/DSP/DSP_Lib_TestSuite/RefLibs/src/HelperFunctions) by extensions ['colcon_pkg']
[0.432s] Level 1:colcon.colcon_core.package_identification:_identify(stm32_fw/Drivers/CMSIS/DSP/DSP_Lib_TestSuite/RefLibs/src/HelperFunctions) by extension 'colcon_pkg'
[0.432s] Level 1:colcon.colcon_core.package_identification:_identify(stm32_fw/Drivers/CMSIS/DSP/DSP_Lib_TestSuite/RefLibs/src/HelperFunctions) by extensions ['colcon_meta']
[0.432s] Level 1:colcon.colcon_core.package_identification:_identify(stm32_fw/Drivers/CMSIS/DSP/DSP_Lib_TestSuite/RefLibs/src/HelperFunctions) by extension 'colcon_meta'
[0.432s] Level 1:colcon.colcon_core.package_identification:_identify(stm32_fw/Drivers/CMSIS/DSP/DSP_Lib_TestSuite/RefLibs/src/HelperFunctions) by extensions ['ros']
[0.432s] Level 1:colcon.colcon_core.package_identification:_identify(stm32_fw/Drivers/CMSIS/DSP/DSP_Lib_TestSuite/RefLibs/src/HelperFunctions) by extension 'ros'
[0.432s] Level 1:colcon.colcon_core.package_identification:_identify(stm32_fw/Drivers/CMSIS/DSP/DSP_Lib_TestSuite/RefLibs/src/HelperFunctions) by extensions ['cmake', 'python']
[0.432s] Level 1:colcon.colcon_core.package_identification:_identify(stm32_fw/Drivers/CMSIS/DSP/DSP_Lib_TestSuite/RefLibs/src/HelperFunctions) by extension 'cmake'
[0.432s] Level 1:colcon.colcon_core.package_identification:_identify(stm32_fw/Drivers/CMSIS/DSP/DSP_Lib_TestSuite/RefLibs/src/HelperFunctions) by extension 'python'
[0.433s] Level 1:colcon.colcon_core.package_identification:_identify(stm32_fw/Drivers/CMSIS/DSP/DSP_Lib_TestSuite/RefLibs/src/HelperFunctions) by extensions ['python_setup_py']
[0.433s] Level 1:colcon.colcon_core.package_identification:_identify(stm32_fw/Drivers/CMSIS/DSP/DSP_Lib_TestSuite/RefLibs/src/HelperFunctions) by extension 'python_setup_py'
[0.433s] Level 1:colcon.colcon_core.package_identification:_identify(stm32_fw/Drivers/CMSIS/DSP/DSP_Lib_TestSuite/RefLibs/src/Intrinsics) by extensions ['ignore', 'ignore_ament_install']
[0.433s] Level 1:colcon.colcon_core.package_identification:_identify(stm32_fw/Drivers/CMSIS/DSP/DSP_Lib_TestSuite/RefLibs/src/Intrinsics) by extension 'ignore'
[0.433s] Level 1:colcon.colcon_core.package_identification:_identify(stm32_fw/Drivers/CMSIS/DSP/DSP_Lib_TestSuite/RefLibs/src/Intrinsics) by extension 'ignore_ament_install'
[0.433s] Level 1:colcon.colcon_core.package_identification:_identify(stm32_fw/Drivers/CMSIS/DSP/DSP_Lib_TestSuite/RefLibs/src/Intrinsics) by extensions ['colcon_pkg']
[0.433s] Level 1:colcon.colcon_core.package_identification:_identify(stm32_fw/Drivers/CMSIS/DSP/DSP_Lib_TestSuite/RefLibs/src/Intrinsics) by extension 'colcon_pkg'
[0.433s] Level 1:colcon.colcon_core.package_identification:_identify(stm32_fw/Drivers/CMSIS/DSP/DSP_Lib_TestSuite/RefLibs/src/Intrinsics) by extensions ['colcon_meta']
[0.433s] Level 1:colcon.colcon_core.package_identification:_identify(stm32_fw/Drivers/CMSIS/DSP/DSP_Lib_TestSuite/RefLibs/src/Intrinsics) by extension 'colcon_meta'
[0.433s] Level 1:colcon.colcon_core.package_identification:_identify(stm32_fw/Drivers/CMSIS/DSP/DSP_Lib_TestSuite/RefLibs/src/Intrinsics) by extensions ['ros']
[0.433s] Level 1:colcon.colcon_core.package_identification:_identify(stm32_fw/Drivers/CMSIS/DSP/DSP_Lib_TestSuite/RefLibs/src/Intrinsics) by extension 'ros'
[0.433s] Level 1:colcon.colcon_core.package_identification:_identify(stm32_fw/Drivers/CMSIS/DSP/DSP_Lib_TestSuite/RefLibs/src/Intrinsics) by extensions ['cmake', 'python']
[0.433s] Level 1:colcon.colcon_core.package_identification:_identify(stm32_fw/Drivers/CMSIS/DSP/DSP_Lib_TestSuite/RefLibs/src/Intrinsics) by extension 'cmake'
[0.433s] Level 1:colcon.colcon_core.package_identification:_identify(stm32_fw/Drivers/CMSIS/DSP/DSP_Lib_TestSuite/RefLibs/src/Intrinsics) by extension 'python'
[0.433s] Level 1:colcon.colcon_core.package_identification:_identify(stm32_fw/Drivers/CMSIS/DSP/DSP_Lib_TestSuite/RefLibs/src/Intrinsics) by extensions ['python_setup_py']
[0.433s] Level 1:colcon.colcon_core.package_identification:_identify(stm32_fw/Drivers/CMSIS/DSP/DSP_Lib_TestSuite/RefLibs/src/Intrinsics) by extension 'python_setup_py'
[0.433s] Level 1:colcon.colcon_core.package_identification:_identify(stm32_fw/Drivers/CMSIS/DSP/DSP_Lib_TestSuite/RefLibs/src/MatrixFunctions) by extensions ['ignore', 'ignore_ament_install']
[0.433s] Level 1:colcon.colcon_core.package_identification:_identify(stm32_fw/Drivers/CMSIS/DSP/DSP_Lib_TestSuite/RefLibs/src/MatrixFunctions) by extension 'ignore'
[0.433s] Level 1:colcon.colcon_core.package_identification:_identify(stm32_fw/Drivers/CMSIS/DSP/DSP_Lib_TestSuite/RefLibs/src/MatrixFunctions) by extension 'ignore_ament_install'
[0.433s] Level 1:colcon.colcon_core.package_identification:_identify(stm32_fw/Drivers/CMSIS/DSP/DSP_Lib_TestSuite/RefLibs/src/MatrixFunctions) by extensions ['colcon_pkg']
[0.433s] Level 1:colcon.colcon_core.package_identification:_identify(stm32_fw/Drivers/CMSIS/DSP/DSP_Lib_TestSuite/RefLibs/src/MatrixFunctions) by extension 'colcon_pkg'
[0.433s] Level 1:colcon.colcon_core.package_identification:_identify(stm32_fw/Drivers/CMSIS/DSP/DSP_Lib_TestSuite/RefLibs/src/MatrixFunctions) by extensions ['colcon_meta']
[0.433s] Level 1:colcon.colcon_core.package_identification:_identify(stm32_fw/Drivers/CMSIS/DSP/DSP_Lib_TestSuite/RefLibs/src/MatrixFunctions) by extension 'colcon_meta'
[0.433s] Level 1:colcon.colcon_core.package_identification:_identify(stm32_fw/Drivers/CMSIS/DSP/DSP_Lib_TestSuite/RefLibs/src/MatrixFunctions) by extensions ['ros']
[0.433s] Level 1:colcon.colcon_core.package_identification:_identify(stm32_fw/Drivers/CMSIS/DSP/DSP_Lib_TestSuite/RefLibs/src/MatrixFunctions) by extension 'ros'
[0.434s] Level 1:colcon.colcon_core.package_identification:_identify(stm32_fw/Drivers/CMSIS/DSP/DSP_Lib_TestSuite/RefLibs/src/MatrixFunctions) by extensions ['cmake', 'python']
[0.434s] Level 1:colcon.colcon_core.package_identification:_identify(stm32_fw/Drivers/CMSIS/DSP/DSP_Lib_TestSuite/RefLibs/src/MatrixFunctions) by extension 'cmake'
[0.434s] Level 1:colcon.colcon_core.package_identification:_identify(stm32_fw/Drivers/CMSIS/DSP/DSP_Lib_TestSuite/RefLibs/src/MatrixFunctions) by extension 'python'
[0.434s] Level 1:colcon.colcon_core.package_identification:_identify(stm32_fw/Drivers/CMSIS/DSP/DSP_Lib_TestSuite/RefLibs/src/MatrixFunctions) by extensions ['python_setup_py']
[0.434s] Level 1:colcon.colcon_core.package_identification:_identify(stm32_fw/Drivers/CMSIS/DSP/DSP_Lib_TestSuite/RefLibs/src/MatrixFunctions) by extension 'python_setup_py'
[0.434s] Level 1:colcon.colcon_core.package_identification:_identify(stm32_fw/Drivers/CMSIS/DSP/DSP_Lib_TestSuite/RefLibs/src/StatisticsFunctions) by extensions ['ignore', 'ignore_ament_install']
[0.434s] Level 1:colcon.colcon_core.package_identification:_identify(stm32_fw/Drivers/CMSIS/DSP/DSP_Lib_TestSuite/RefLibs/src/StatisticsFunctions) by extension 'ignore'
[0.434s] Level 1:colcon.colcon_core.package_identification:_identify(stm32_fw/Drivers/CMSIS/DSP/DSP_Lib_TestSuite/RefLibs/src/StatisticsFunctions) by extension 'ignore_ament_install'
[0.434s] Level 1:colcon.colcon_core.package_identification:_identify(stm32_fw/Drivers/CMSIS/DSP/DSP_Lib_TestSuite/RefLibs/src/StatisticsFunctions) by extensions ['colcon_pkg']
[0.434s] Level 1:colcon.colcon_core.package_identification:_identify(stm32_fw/Drivers/CMSIS/DSP/DSP_Lib_TestSuite/RefLibs/src/StatisticsFunctions) by extension 'colcon_pkg'
[0.434s] Level 1:colcon.colcon_core.package_identification:_identify(stm32_fw/Drivers/CMSIS/DSP/DSP_Lib_TestSuite/RefLibs/src/StatisticsFunctions) by extensions ['colcon_meta']
[0.434s] Level 1:colcon.colcon_core.package_identification:_identify(stm32_fw/Drivers/CMSIS/DSP/DSP_Lib_TestSuite/RefLibs/src/StatisticsFunctions) by extension 'colcon_meta'
[0.434s] Level 1:colcon.colcon_core.package_identification:_identify(stm32_fw/Drivers/CMSIS/DSP/DSP_Lib_TestSuite/RefLibs/src/StatisticsFunctions) by extensions ['ros']
[0.434s] Level 1:colcon.colcon_core.package_identification:_identify(stm32_fw/Drivers/CMSIS/DSP/DSP_Lib_TestSuite/RefLibs/src/StatisticsFunctions) by extension 'ros'
[0.434s] Level 1:colcon.colcon_core.package_identification:_identify(stm32_fw/Drivers/CMSIS/DSP/DSP_Lib_TestSuite/RefLibs/src/StatisticsFunctions) by extensions ['cmake', 'python']
[0.434s] Level 1:colcon.colcon_core.package_identification:_identify(stm32_fw/Drivers/CMSIS/DSP/DSP_Lib_TestSuite/RefLibs/src/StatisticsFunctions) by extension 'cmake'
[0.434s] Level 1:colcon.colcon_core.package_identification:_identify(stm32_fw/Drivers/CMSIS/DSP/DSP_Lib_TestSuite/RefLibs/src/StatisticsFunctions) by extension 'python'
[0.434s] Level 1:colcon.colcon_core.package_identification:_identify(stm32_fw/Drivers/CMSIS/DSP/DSP_Lib_TestSuite/RefLibs/src/StatisticsFunctions) by extensions ['python_setup_py']
[0.434s] Level 1:colcon.colcon_core.package_identification:_identify(stm32_fw/Drivers/CMSIS/DSP/DSP_Lib_TestSuite/RefLibs/src/StatisticsFunctions) by extension 'python_setup_py'
[0.434s] Level 1:colcon.colcon_core.package_identification:_identify(stm32_fw/Drivers/CMSIS/DSP/DSP_Lib_TestSuite/RefLibs/src/SupportFunctions) by extensions ['ignore', 'ignore_ament_install']
[0.434s] Level 1:colcon.colcon_core.package_identification:_identify(stm32_fw/Drivers/CMSIS/DSP/DSP_Lib_TestSuite/RefLibs/src/SupportFunctions) by extension 'ignore'
[0.434s] Level 1:colcon.colcon_core.package_identification:_identify(stm32_fw/Drivers/CMSIS/DSP/DSP_Lib_TestSuite/RefLibs/src/SupportFunctions) by extension 'ignore_ament_install'
[0.434s] Level 1:colcon.colcon_core.package_identification:_identify(stm32_fw/Drivers/CMSIS/DSP/DSP_Lib_TestSuite/RefLibs/src/SupportFunctions) by extensions ['colcon_pkg']
[0.434s] Level 1:colcon.colcon_core.package_identification:_identify(stm32_fw/Drivers/CMSIS/DSP/DSP_Lib_TestSuite/RefLibs/src/SupportFunctions) by extension 'colcon_pkg'
[0.434s] Level 1:colcon.colcon_core.package_identification:_identify(stm32_fw/Drivers/CMSIS/DSP/DSP_Lib_TestSuite/RefLibs/src/SupportFunctions) by extensions ['colcon_meta']
[0.434s] Level 1:colcon.colcon_core.package_identification:_identify(stm32_fw/Drivers/CMSIS/DSP/DSP_Lib_TestSuite/RefLibs/src/SupportFunctions) by extension 'colcon_meta'
[0.435s] Level 1:colcon.colcon_core.package_identification:_identify(stm32_fw/Drivers/CMSIS/DSP/DSP_Lib_TestSuite/RefLibs/src/SupportFunctions) by extensions ['ros']
[0.435s] Level 1:colcon.colcon_core.package_identification:_identify(stm32_fw/Drivers/CMSIS/DSP/DSP_Lib_TestSuite/RefLibs/src/SupportFunctions) by extension 'ros'
[0.435s] Level 1:colcon.colcon_core.package_identification:_identify(stm32_fw/Drivers/CMSIS/DSP/DSP_Lib_TestSuite/RefLibs/src/SupportFunctions) by extensions ['cmake', 'python']
[0.435s] Level 1:colcon.colcon_core.package_identification:_identify(stm32_fw/Drivers/CMSIS/DSP/DSP_Lib_TestSuite/RefLibs/src/SupportFunctions) by extension 'cmake'
[0.435s] Level 1:colcon.colcon_core.package_identification:_identify(stm32_fw/Drivers/CMSIS/DSP/DSP_Lib_TestSuite/RefLibs/src/SupportFunctions) by extension 'python'
[0.435s] Level 1:colcon.colcon_core.package_identification:_identify(stm32_fw/Drivers/CMSIS/DSP/DSP_Lib_TestSuite/RefLibs/src/SupportFunctions) by extensions ['python_setup_py']
[0.435s] Level 1:colcon.colcon_core.package_identification:_identify(stm32_fw/Drivers/CMSIS/DSP/DSP_Lib_TestSuite/RefLibs/src/SupportFunctions) by extension 'python_setup_py'
[0.435s] Level 1:colcon.colcon_core.package_identification:_identify(stm32_fw/Drivers/CMSIS/DSP/DSP_Lib_TestSuite/RefLibs/src/TransformFunctions) by extensions ['ignore', 'ignore_ament_install']
[0.435s] Level 1:colcon.colcon_core.package_identification:_identify(stm32_fw/Drivers/CMSIS/DSP/DSP_Lib_TestSuite/RefLibs/src/TransformFunctions) by extension 'ignore'
[0.435s] Level 1:colcon.colcon_core.package_identification:_identify(stm32_fw/Drivers/CMSIS/DSP/DSP_Lib_TestSuite/RefLibs/src/TransformFunctions) by extension 'ignore_ament_install'
[0.435s] Level 1:colcon.colcon_core.package_identification:_identify(stm32_fw/Drivers/CMSIS/DSP/DSP_Lib_TestSuite/RefLibs/src/TransformFunctions) by extensions ['colcon_pkg']
[0.435s] Level 1:colcon.colcon_core.package_identification:_identify(stm32_fw/Drivers/CMSIS/DSP/DSP_Lib_TestSuite/RefLibs/src/TransformFunctions) by extension 'colcon_pkg'
[0.435s] Level 1:colcon.colcon_core.package_identification:_identify(stm32_fw/Drivers/CMSIS/DSP/DSP_Lib_TestSuite/RefLibs/src/TransformFunctions) by extensions ['colcon_meta']
[0.435s] Level 1:colcon.colcon_core.package_identification:_identify(stm32_fw/Drivers/CMSIS/DSP/DSP_Lib_TestSuite/RefLibs/src/TransformFunctions) by extension 'colcon_meta'
[0.435s] Level 1:colcon.colcon_core.package_identification:_identify(stm32_fw/Drivers/CMSIS/DSP/DSP_Lib_TestSuite/RefLibs/src/TransformFunctions) by extensions ['ros']
[0.435s] Level 1:colcon.colcon_core.package_identification:_identify(stm32_fw/Drivers/CMSIS/DSP/DSP_Lib_TestSuite/RefLibs/src/TransformFunctions) by extension 'ros'
[0.435s] Level 1:colcon.colcon_core.package_identification:_identify(stm32_fw/Drivers/CMSIS/DSP/DSP_Lib_TestSuite/RefLibs/src/TransformFunctions) by extensions ['cmake', 'python']
[0.435s] Level 1:colcon.colcon_core.package_identification:_identify(stm32_fw/Drivers/CMSIS/DSP/DSP_Lib_TestSuite/RefLibs/src/TransformFunctions) by extension 'cmake'
[0.435s] Level 1:colcon.colcon_core.package_identification:_identify(stm32_fw/Drivers/CMSIS/DSP/DSP_Lib_TestSuite/RefLibs/src/TransformFunctions) by extension 'python'
[0.435s] Level 1:colcon.colcon_core.package_identification:_identify(stm32_fw/Drivers/CMSIS/DSP/DSP_Lib_TestSuite/RefLibs/src/TransformFunctions) by extensions ['python_setup_py']
[0.435s] Level 1:colcon.colcon_core.package_identification:_identify(stm32_fw/Drivers/CMSIS/DSP/DSP_Lib_TestSuite/RefLibs/src/TransformFunctions) by extension 'python_setup_py'
[0.435s] Level 1:colcon.colcon_core.package_identification:_identify(stm32_fw/Drivers/CMSIS/DSP/Examples) by extensions ['ignore', 'ignore_ament_install']
[0.435s] Level 1:colcon.colcon_core.package_identification:_identify(stm32_fw/Drivers/CMSIS/DSP/Examples) by extension 'ignore'
[0.435s] Level 1:colcon.colcon_core.package_identification:_identify(stm32_fw/Drivers/CMSIS/DSP/Examples) by extension 'ignore_ament_install'
[0.435s] Level 1:colcon.colcon_core.package_identification:_identify(stm32_fw/Drivers/CMSIS/DSP/Examples) by extensions ['colcon_pkg']
[0.435s] Level 1:colcon.colcon_core.package_identification:_identify(stm32_fw/Drivers/CMSIS/DSP/Examples) by extension 'colcon_pkg'
[0.435s] Level 1:colcon.colcon_core.package_identification:_identify(stm32_fw/Drivers/CMSIS/DSP/Examples) by extensions ['colcon_meta']
[0.436s] Level 1:colcon.colcon_core.package_identification:_identify(stm32_fw/Drivers/CMSIS/DSP/Examples) by extension 'colcon_meta'
[0.436s] Level 1:colcon.colcon_core.package_identification:_identify(stm32_fw/Drivers/CMSIS/DSP/Examples) by extensions ['ros']
[0.436s] Level 1:colcon.colcon_core.package_identification:_identify(stm32_fw/Drivers/CMSIS/DSP/Examples) by extension 'ros'
[0.436s] Level 1:colcon.colcon_core.package_identification:_identify(stm32_fw/Drivers/CMSIS/DSP/Examples) by extensions ['cmake', 'python']
[0.436s] Level 1:colcon.colcon_core.package_identification:_identify(stm32_fw/Drivers/CMSIS/DSP/Examples) by extension 'cmake'
[0.436s] Level 1:colcon.colcon_core.package_identification:_identify(stm32_fw/Drivers/CMSIS/DSP/Examples) by extension 'python'
[0.436s] Level 1:colcon.colcon_core.package_identification:_identify(stm32_fw/Drivers/CMSIS/DSP/Examples) by extensions ['python_setup_py']
[0.436s] Level 1:colcon.colcon_core.package_identification:_identify(stm32_fw/Drivers/CMSIS/DSP/Examples) by extension 'python_setup_py'
[0.436s] Level 1:colcon.colcon_core.package_identification:_identify(stm32_fw/Drivers/CMSIS/DSP/Examples/ARM) by extensions ['ignore', 'ignore_ament_install']
[0.436s] Level 1:colcon.colcon_core.package_identification:_identify(stm32_fw/Drivers/CMSIS/DSP/Examples/ARM) by extension 'ignore'
[0.436s] Level 1:colcon.colcon_core.package_identification:_identify(stm32_fw/Drivers/CMSIS/DSP/Examples/ARM) by extension 'ignore_ament_install'
[0.436s] Level 1:colcon.colcon_core.package_identification:_identify(stm32_fw/Drivers/CMSIS/DSP/Examples/ARM) by extensions ['colcon_pkg']
[0.436s] Level 1:colcon.colcon_core.package_identification:_identify(stm32_fw/Drivers/CMSIS/DSP/Examples/ARM) by extension 'colcon_pkg'
[0.436s] Level 1:colcon.colcon_core.package_identification:_identify(stm32_fw/Drivers/CMSIS/DSP/Examples/ARM) by extensions ['colcon_meta']
[0.436s] Level 1:colcon.colcon_core.package_identification:_identify(stm32_fw/Drivers/CMSIS/DSP/Examples/ARM) by extension 'colcon_meta'
[0.436s] Level 1:colcon.colcon_core.package_identification:_identify(stm32_fw/Drivers/CMSIS/DSP/Examples/ARM) by extensions ['ros']
[0.436s] Level 1:colcon.colcon_core.package_identification:_identify(stm32_fw/Drivers/CMSIS/DSP/Examples/ARM) by extension 'ros'
[0.436s] Level 1:colcon.colcon_core.package_identification:_identify(stm32_fw/Drivers/CMSIS/DSP/Examples/ARM) by extensions ['cmake', 'python']
[0.436s] Level 1:colcon.colcon_core.package_identification:_identify(stm32_fw/Drivers/CMSIS/DSP/Examples/ARM) by extension 'cmake'
[0.436s] Level 1:colcon.colcon_core.package_identification:_identify(stm32_fw/Drivers/CMSIS/DSP/Examples/ARM) by extension 'python'
[0.436s] Level 1:colcon.colcon_core.package_identification:_identify(stm32_fw/Drivers/CMSIS/DSP/Examples/ARM) by extensions ['python_setup_py']
[0.437s] Level 1:colcon.colcon_core.package_identification:_identify(stm32_fw/Drivers/CMSIS/DSP/Examples/ARM) by extension 'python_setup_py'
[0.437s] Level 1:colcon.colcon_core.package_identification:_identify(stm32_fw/Drivers/CMSIS/DSP/Examples/ARM/arm_class_marks_example) by extensions ['ignore', 'ignore_ament_install']
[0.437s] Level 1:colcon.colcon_core.package_identification:_identify(stm32_fw/Drivers/CMSIS/DSP/Examples/ARM/arm_class_marks_example) by extension 'ignore'
[0.437s] Level 1:colcon.colcon_core.package_identification:_identify(stm32_fw/Drivers/CMSIS/DSP/Examples/ARM/arm_class_marks_example) by extension 'ignore_ament_install'
[0.437s] Level 1:colcon.colcon_core.package_identification:_identify(stm32_fw/Drivers/CMSIS/DSP/Examples/ARM/arm_class_marks_example) by extensions ['colcon_pkg']
[0.437s] Level 1:colcon.colcon_core.package_identification:_identify(stm32_fw/Drivers/CMSIS/DSP/Examples/ARM/arm_class_marks_example) by extension 'colcon_pkg'
[0.437s] Level 1:colcon.colcon_core.package_identification:_identify(stm32_fw/Drivers/CMSIS/DSP/Examples/ARM/arm_class_marks_example) by extensions ['colcon_meta']
[0.437s] Level 1:colcon.colcon_core.package_identification:_identify(stm32_fw/Drivers/CMSIS/DSP/Examples/ARM/arm_class_marks_example) by extension 'colcon_meta'
[0.437s] Level 1:colcon.colcon_core.package_identification:_identify(stm32_fw/Drivers/CMSIS/DSP/Examples/ARM/arm_class_marks_example) by extensions ['ros']
[0.437s] Level 1:colcon.colcon_core.package_identification:_identify(stm32_fw/Drivers/CMSIS/DSP/Examples/ARM/arm_class_marks_example) by extension 'ros'
[0.437s] Level 1:colcon.colcon_core.package_identification:_identify(stm32_fw/Drivers/CMSIS/DSP/Examples/ARM/arm_class_marks_example) by extensions ['cmake', 'python']
[0.437s] Level 1:colcon.colcon_core.package_identification:_identify(stm32_fw/Drivers/CMSIS/DSP/Examples/ARM/arm_class_marks_example) by extension 'cmake'
[0.437s] Level 1:colcon.colcon_core.package_identification:_identify(stm32_fw/Drivers/CMSIS/DSP/Examples/ARM/arm_class_marks_example) by extension 'python'
[0.437s] Level 1:colcon.colcon_core.package_identification:_identify(stm32_fw/Drivers/CMSIS/DSP/Examples/ARM/arm_class_marks_example) by extensions ['python_setup_py']
[0.437s] Level 1:colcon.colcon_core.package_identification:_identify(stm32_fw/Drivers/CMSIS/DSP/Examples/ARM/arm_class_marks_example) by extension 'python_setup_py'
[0.437s] Level 1:colcon.colcon_core.package_identification:_identify(stm32_fw/Drivers/CMSIS/DSP/Examples/ARM/arm_convolution_example) by extensions ['ignore', 'ignore_ament_install']
[0.437s] Level 1:colcon.colcon_core.package_identification:_identify(stm32_fw/Drivers/CMSIS/DSP/Examples/ARM/arm_convolution_example) by extension 'ignore'
[0.437s] Level 1:colcon.colcon_core.package_identification:_identify(stm32_fw/Drivers/CMSIS/DSP/Examples/ARM/arm_convolution_example) by extension 'ignore_ament_install'
[0.437s] Level 1:colcon.colcon_core.package_identification:_identify(stm32_fw/Drivers/CMSIS/DSP/Examples/ARM/arm_convolution_example) by extensions ['colcon_pkg']
[0.437s] Level 1:colcon.colcon_core.package_identification:_identify(stm32_fw/Drivers/CMSIS/DSP/Examples/ARM/arm_convolution_example) by extension 'colcon_pkg'
[0.437s] Level 1:colcon.colcon_core.package_identification:_identify(stm32_fw/Drivers/CMSIS/DSP/Examples/ARM/arm_convolution_example) by extensions ['colcon_meta']
[0.437s] Level 1:colcon.colcon_core.package_identification:_identify(stm32_fw/Drivers/CMSIS/DSP/Examples/ARM/arm_convolution_example) by extension 'colcon_meta'
[0.437s] Level 1:colcon.colcon_core.package_identification:_identify(stm32_fw/Drivers/CMSIS/DSP/Examples/ARM/arm_convolution_example) by extensions ['ros']
[0.437s] Level 1:colcon.colcon_core.package_identification:_identify(stm32_fw/Drivers/CMSIS/DSP/Examples/ARM/arm_convolution_example) by extension 'ros'
[0.437s] Level 1:colcon.colcon_core.package_identification:_identify(stm32_fw/Drivers/CMSIS/DSP/Examples/ARM/arm_convolution_example) by extensions ['cmake', 'python']
[0.438s] Level 1:colcon.colcon_core.package_identification:_identify(stm32_fw/Drivers/CMSIS/DSP/Examples/ARM/arm_convolution_example) by extension 'cmake'
[0.438s] Level 1:colcon.colcon_core.package_identification:_identify(stm32_fw/Drivers/CMSIS/DSP/Examples/ARM/arm_convolution_example) by extension 'python'
[0.438s] Level 1:colcon.colcon_core.package_identification:_identify(stm32_fw/Drivers/CMSIS/DSP/Examples/ARM/arm_convolution_example) by extensions ['python_setup_py']
[0.438s] Level 1:colcon.colcon_core.package_identification:_identify(stm32_fw/Drivers/CMSIS/DSP/Examples/ARM/arm_convolution_example) by extension 'python_setup_py'
[0.438s] Level 1:colcon.colcon_core.package_identification:_identify(stm32_fw/Drivers/CMSIS/DSP/Examples/ARM/arm_dotproduct_example) by extensions ['ignore', 'ignore_ament_install']
[0.438s] Level 1:colcon.colcon_core.package_identification:_identify(stm32_fw/Drivers/CMSIS/DSP/Examples/ARM/arm_dotproduct_example) by extension 'ignore'
[0.438s] Level 1:colcon.colcon_core.package_identification:_identify(stm32_fw/Drivers/CMSIS/DSP/Examples/ARM/arm_dotproduct_example) by extension 'ignore_ament_install'
[0.438s] Level 1:colcon.colcon_core.package_identification:_identify(stm32_fw/Drivers/CMSIS/DSP/Examples/ARM/arm_dotproduct_example) by extensions ['colcon_pkg']
[0.438s] Level 1:colcon.colcon_core.package_identification:_identify(stm32_fw/Drivers/CMSIS/DSP/Examples/ARM/arm_dotproduct_example) by extension 'colcon_pkg'
[0.438s] Level 1:colcon.colcon_core.package_identification:_identify(stm32_fw/Drivers/CMSIS/DSP/Examples/ARM/arm_dotproduct_example) by extensions ['colcon_meta']
[0.438s] Level 1:colcon.colcon_core.package_identification:_identify(stm32_fw/Drivers/CMSIS/DSP/Examples/ARM/arm_dotproduct_example) by extension 'colcon_meta'
[0.438s] Level 1:colcon.colcon_core.package_identification:_identify(stm32_fw/Drivers/CMSIS/DSP/Examples/ARM/arm_dotproduct_example) by extensions ['ros']
[0.438s] Level 1:colcon.colcon_core.package_identification:_identify(stm32_fw/Drivers/CMSIS/DSP/Examples/ARM/arm_dotproduct_example) by extension 'ros'
[0.438s] Level 1:colcon.colcon_core.package_identification:_identify(stm32_fw/Drivers/CMSIS/DSP/Examples/ARM/arm_dotproduct_example) by extensions ['cmake', 'python']
[0.438s] Level 1:colcon.colcon_core.package_identification:_identify(stm32_fw/Drivers/CMSIS/DSP/Examples/ARM/arm_dotproduct_example) by extension 'cmake'
[0.438s] Level 1:colcon.colcon_core.package_identification:_identify(stm32_fw/Drivers/CMSIS/DSP/Examples/ARM/arm_dotproduct_example) by extension 'python'
[0.438s] Level 1:colcon.colcon_core.package_identification:_identify(stm32_fw/Drivers/CMSIS/DSP/Examples/ARM/arm_dotproduct_example) by extensions ['python_setup_py']
[0.438s] Level 1:colcon.colcon_core.package_identification:_identify(stm32_fw/Drivers/CMSIS/DSP/Examples/ARM/arm_dotproduct_example) by extension 'python_setup_py'
[0.438s] Level 1:colcon.colcon_core.package_identification:_identify(stm32_fw/Drivers/CMSIS/DSP/Examples/ARM/arm_fft_bin_example) by extensions ['ignore', 'ignore_ament_install']
[0.438s] Level 1:colcon.colcon_core.package_identification:_identify(stm32_fw/Drivers/CMSIS/DSP/Examples/ARM/arm_fft_bin_example) by extension 'ignore'
[0.438s] Level 1:colcon.colcon_core.package_identification:_identify(stm32_fw/Drivers/CMSIS/DSP/Examples/ARM/arm_fft_bin_example) by extension 'ignore_ament_install'
[0.438s] Level 1:colcon.colcon_core.package_identification:_identify(stm32_fw/Drivers/CMSIS/DSP/Examples/ARM/arm_fft_bin_example) by extensions ['colcon_pkg']
[0.438s] Level 1:colcon.colcon_core.package_identification:_identify(stm32_fw/Drivers/CMSIS/DSP/Examples/ARM/arm_fft_bin_example) by extension 'colcon_pkg'
[0.438s] Level 1:colcon.colcon_core.package_identification:_identify(stm32_fw/Drivers/CMSIS/DSP/Examples/ARM/arm_fft_bin_example) by extensions ['colcon_meta']
[0.438s] Level 1:colcon.colcon_core.package_identification:_identify(stm32_fw/Drivers/CMSIS/DSP/Examples/ARM/arm_fft_bin_example) by extension 'colcon_meta'
[0.438s] Level 1:colcon.colcon_core.package_identification:_identify(stm32_fw/Drivers/CMSIS/DSP/Examples/ARM/arm_fft_bin_example) by extensions ['ros']
[0.438s] Level 1:colcon.colcon_core.package_identification:_identify(stm32_fw/Drivers/CMSIS/DSP/Examples/ARM/arm_fft_bin_example) by extension 'ros'
[0.438s] Level 1:colcon.colcon_core.package_identification:_identify(stm32_fw/Drivers/CMSIS/DSP/Examples/ARM/arm_fft_bin_example) by extensions ['cmake', 'python']
[0.439s] Level 1:colcon.colcon_core.package_identification:_identify(stm32_fw/Drivers/CMSIS/DSP/Examples/ARM/arm_fft_bin_example) by extension 'cmake'
[0.439s] Level 1:colcon.colcon_core.package_identification:_identify(stm32_fw/Drivers/CMSIS/DSP/Examples/ARM/arm_fft_bin_example) by extension 'python'
[0.439s] Level 1:colcon.colcon_core.package_identification:_identify(stm32_fw/Drivers/CMSIS/DSP/Examples/ARM/arm_fft_bin_example) by extensions ['python_setup_py']
[0.439s] Level 1:colcon.colcon_core.package_identification:_identify(stm32_fw/Drivers/CMSIS/DSP/Examples/ARM/arm_fft_bin_example) by extension 'python_setup_py'
[0.439s] Level 1:colcon.colcon_core.package_identification:_identify(stm32_fw/Drivers/CMSIS/DSP/Examples/ARM/arm_fir_example) by extensions ['ignore', 'ignore_ament_install']
[0.439s] Level 1:colcon.colcon_core.package_identification:_identify(stm32_fw/Drivers/CMSIS/DSP/Examples/ARM/arm_fir_example) by extension 'ignore'
[0.439s] Level 1:colcon.colcon_core.package_identification:_identify(stm32_fw/Drivers/CMSIS/DSP/Examples/ARM/arm_fir_example) by extension 'ignore_ament_install'
[0.439s] Level 1:colcon.colcon_core.package_identification:_identify(stm32_fw/Drivers/CMSIS/DSP/Examples/ARM/arm_fir_example) by extensions ['colcon_pkg']
[0.439s] Level 1:colcon.colcon_core.package_identification:_identify(stm32_fw/Drivers/CMSIS/DSP/Examples/ARM/arm_fir_example) by extension 'colcon_pkg'
[0.439s] Level 1:colcon.colcon_core.package_identification:_identify(stm32_fw/Drivers/CMSIS/DSP/Examples/ARM/arm_fir_example) by extensions ['colcon_meta']
[0.439s] Level 1:colcon.colcon_core.package_identification:_identify(stm32_fw/Drivers/CMSIS/DSP/Examples/ARM/arm_fir_example) by extension 'colcon_meta'
[0.439s] Level 1:colcon.colcon_core.package_identification:_identify(stm32_fw/Drivers/CMSIS/DSP/Examples/ARM/arm_fir_example) by extensions ['ros']
[0.439s] Level 1:colcon.colcon_core.package_identification:_identify(stm32_fw/Drivers/CMSIS/DSP/Examples/ARM/arm_fir_example) by extension 'ros'
[0.439s] Level 1:colcon.colcon_core.package_identification:_identify(stm32_fw/Drivers/CMSIS/DSP/Examples/ARM/arm_fir_example) by extensions ['cmake', 'python']
[0.439s] Level 1:colcon.colcon_core.package_identification:_identify(stm32_fw/Drivers/CMSIS/DSP/Examples/ARM/arm_fir_example) by extension 'cmake'
[0.439s] Level 1:colcon.colcon_core.package_identification:_identify(stm32_fw/Drivers/CMSIS/DSP/Examples/ARM/arm_fir_example) by extension 'python'
[0.439s] Level 1:colcon.colcon_core.package_identification:_identify(stm32_fw/Drivers/CMSIS/DSP/Examples/ARM/arm_fir_example) by extensions ['python_setup_py']
[0.439s] Level 1:colcon.colcon_core.package_identification:_identify(stm32_fw/Drivers/CMSIS/DSP/Examples/ARM/arm_fir_example) by extension 'python_setup_py'
[0.439s] Level 1:colcon.colcon_core.package_identification:_identify(stm32_fw/Drivers/CMSIS/DSP/Examples/ARM/arm_graphic_equalizer_example) by extensions ['ignore', 'ignore_ament_install']
[0.439s] Level 1:colcon.colcon_core.package_identification:_identify(stm32_fw/Drivers/CMSIS/DSP/Examples/ARM/arm_graphic_equalizer_example) by extension 'ignore'
[0.439s] Level 1:colcon.colcon_core.package_identification:_identify(stm32_fw/Drivers/CMSIS/DSP/Examples/ARM/arm_graphic_equalizer_example) by extension 'ignore_ament_install'
[0.439s] Level 1:colcon.colcon_core.package_identification:_identify(stm32_fw/Drivers/CMSIS/DSP/Examples/ARM/arm_graphic_equalizer_example) by extensions ['colcon_pkg']
[0.439s] Level 1:colcon.colcon_core.package_identification:_identify(stm32_fw/Drivers/CMSIS/DSP/Examples/ARM/arm_graphic_equalizer_example) by extension 'colcon_pkg'
[0.439s] Level 1:colcon.colcon_core.package_identification:_identify(stm32_fw/Drivers/CMSIS/DSP/Examples/ARM/arm_graphic_equalizer_example) by extensions ['colcon_meta']
[0.439s] Level 1:colcon.colcon_core.package_identification:_identify(stm32_fw/Drivers/CMSIS/DSP/Examples/ARM/arm_graphic_equalizer_example) by extension 'colcon_meta'
[0.440s] Level 1:colcon.colcon_core.package_identification:_identify(stm32_fw/Drivers/CMSIS/DSP/Examples/ARM/arm_graphic_equalizer_example) by extensions ['ros']
[0.440s] Level 1:colcon.colcon_core.package_identification:_identify(stm32_fw/Drivers/CMSIS/DSP/Examples/ARM/arm_graphic_equalizer_example) by extension 'ros'
[0.440s] Level 1:colcon.colcon_core.package_identification:_identify(stm32_fw/Drivers/CMSIS/DSP/Examples/ARM/arm_graphic_equalizer_example) by extensions ['cmake', 'python']
[0.440s] Level 1:colcon.colcon_core.package_identification:_identify(stm32_fw/Drivers/CMSIS/DSP/Examples/ARM/arm_graphic_equalizer_example) by extension 'cmake'
[0.440s] Level 1:colcon.colcon_core.package_identification:_identify(stm32_fw/Drivers/CMSIS/DSP/Examples/ARM/arm_graphic_equalizer_example) by extension 'python'
[0.440s] Level 1:colcon.colcon_core.package_identification:_identify(stm32_fw/Drivers/CMSIS/DSP/Examples/ARM/arm_graphic_equalizer_example) by extensions ['python_setup_py']
[0.440s] Level 1:colcon.colcon_core.package_identification:_identify(stm32_fw/Drivers/CMSIS/DSP/Examples/ARM/arm_graphic_equalizer_example) by extension 'python_setup_py'
[0.440s] Level 1:colcon.colcon_core.package_identification:_identify(stm32_fw/Drivers/CMSIS/DSP/Examples/ARM/arm_linear_interp_example) by extensions ['ignore', 'ignore_ament_install']
[0.440s] Level 1:colcon.colcon_core.package_identification:_identify(stm32_fw/Drivers/CMSIS/DSP/Examples/ARM/arm_linear_interp_example) by extension 'ignore'
[0.440s] Level 1:colcon.colcon_core.package_identification:_identify(stm32_fw/Drivers/CMSIS/DSP/Examples/ARM/arm_linear_interp_example) by extension 'ignore_ament_install'
[0.440s] Level 1:colcon.colcon_core.package_identification:_identify(stm32_fw/Drivers/CMSIS/DSP/Examples/ARM/arm_linear_interp_example) by extensions ['colcon_pkg']
[0.440s] Level 1:colcon.colcon_core.package_identification:_identify(stm32_fw/Drivers/CMSIS/DSP/Examples/ARM/arm_linear_interp_example) by extension 'colcon_pkg'
[0.440s] Level 1:colcon.colcon_core.package_identification:_identify(stm32_fw/Drivers/CMSIS/DSP/Examples/ARM/arm_linear_interp_example) by extensions ['colcon_meta']
[0.440s] Level 1:colcon.colcon_core.package_identification:_identify(stm32_fw/Drivers/CMSIS/DSP/Examples/ARM/arm_linear_interp_example) by extension 'colcon_meta'
[0.440s] Level 1:colcon.colcon_core.package_identification:_identify(stm32_fw/Drivers/CMSIS/DSP/Examples/ARM/arm_linear_interp_example) by extensions ['ros']
[0.440s] Level 1:colcon.colcon_core.package_identification:_identify(stm32_fw/Drivers/CMSIS/DSP/Examples/ARM/arm_linear_interp_example) by extension 'ros'
[0.440s] Level 1:colcon.colcon_core.package_identification:_identify(stm32_fw/Drivers/CMSIS/DSP/Examples/ARM/arm_linear_interp_example) by extensions ['cmake', 'python']
[0.440s] Level 1:colcon.colcon_core.package_identification:_identify(stm32_fw/Drivers/CMSIS/DSP/Examples/ARM/arm_linear_interp_example) by extension 'cmake'
[0.440s] Level 1:colcon.colcon_core.package_identification:_identify(stm32_fw/Drivers/CMSIS/DSP/Examples/ARM/arm_linear_interp_example) by extension 'python'
[0.440s] Level 1:colcon.colcon_core.package_identification:_identify(stm32_fw/Drivers/CMSIS/DSP/Examples/ARM/arm_linear_interp_example) by extensions ['python_setup_py']
[0.440s] Level 1:colcon.colcon_core.package_identification:_identify(stm32_fw/Drivers/CMSIS/DSP/Examples/ARM/arm_linear_interp_example) by extension 'python_setup_py'
[0.440s] Level 1:colcon.colcon_core.package_identification:_identify(stm32_fw/Drivers/CMSIS/DSP/Examples/ARM/arm_matrix_example) by extensions ['ignore', 'ignore_ament_install']
[0.440s] Level 1:colcon.colcon_core.package_identification:_identify(stm32_fw/Drivers/CMSIS/DSP/Examples/ARM/arm_matrix_example) by extension 'ignore'
[0.440s] Level 1:colcon.colcon_core.package_identification:_identify(stm32_fw/Drivers/CMSIS/DSP/Examples/ARM/arm_matrix_example) by extension 'ignore_ament_install'
[0.440s] Level 1:colcon.colcon_core.package_identification:_identify(stm32_fw/Drivers/CMSIS/DSP/Examples/ARM/arm_matrix_example) by extensions ['colcon_pkg']
[0.440s] Level 1:colcon.colcon_core.package_identification:_identify(stm32_fw/Drivers/CMSIS/DSP/Examples/ARM/arm_matrix_example) by extension 'colcon_pkg'
[0.440s] Level 1:colcon.colcon_core.package_identification:_identify(stm32_fw/Drivers/CMSIS/DSP/Examples/ARM/arm_matrix_example) by extensions ['colcon_meta']
[0.440s] Level 1:colcon.colcon_core.package_identification:_identify(stm32_fw/Drivers/CMSIS/DSP/Examples/ARM/arm_matrix_example) by extension 'colcon_meta'
[0.440s] Level 1:colcon.colcon_core.package_identification:_identify(stm32_fw/Drivers/CMSIS/DSP/Examples/ARM/arm_matrix_example) by extensions ['ros']
[0.440s] Level 1:colcon.colcon_core.package_identification:_identify(stm32_fw/Drivers/CMSIS/DSP/Examples/ARM/arm_matrix_example) by extension 'ros'
[0.441s] Level 1:colcon.colcon_core.package_identification:_identify(stm32_fw/Drivers/CMSIS/DSP/Examples/ARM/arm_matrix_example) by extensions ['cmake', 'python']
[0.441s] Level 1:colcon.colcon_core.package_identification:_identify(stm32_fw/Drivers/CMSIS/DSP/Examples/ARM/arm_matrix_example) by extension 'cmake'
[0.441s] Level 1:colcon.colcon_core.package_identification:_identify(stm32_fw/Drivers/CMSIS/DSP/Examples/ARM/arm_matrix_example) by extension 'python'
[0.441s] Level 1:colcon.colcon_core.package_identification:_identify(stm32_fw/Drivers/CMSIS/DSP/Examples/ARM/arm_matrix_example) by extensions ['python_setup_py']
[0.441s] Level 1:colcon.colcon_core.package_identification:_identify(stm32_fw/Drivers/CMSIS/DSP/Examples/ARM/arm_matrix_example) by extension 'python_setup_py'
[0.441s] Level 1:colcon.colcon_core.package_identification:_identify(stm32_fw/Drivers/CMSIS/DSP/Examples/ARM/arm_signal_converge_example) by extensions ['ignore', 'ignore_ament_install']
[0.441s] Level 1:colcon.colcon_core.package_identification:_identify(stm32_fw/Drivers/CMSIS/DSP/Examples/ARM/arm_signal_converge_example) by extension 'ignore'
[0.441s] Level 1:colcon.colcon_core.package_identification:_identify(stm32_fw/Drivers/CMSIS/DSP/Examples/ARM/arm_signal_converge_example) by extension 'ignore_ament_install'
[0.441s] Level 1:colcon.colcon_core.package_identification:_identify(stm32_fw/Drivers/CMSIS/DSP/Examples/ARM/arm_signal_converge_example) by extensions ['colcon_pkg']
[0.441s] Level 1:colcon.colcon_core.package_identification:_identify(stm32_fw/Drivers/CMSIS/DSP/Examples/ARM/arm_signal_converge_example) by extension 'colcon_pkg'
[0.441s] Level 1:colcon.colcon_core.package_identification:_identify(stm32_fw/Drivers/CMSIS/DSP/Examples/ARM/arm_signal_converge_example) by extensions ['colcon_meta']
[0.441s] Level 1:colcon.colcon_core.package_identification:_identify(stm32_fw/Drivers/CMSIS/DSP/Examples/ARM/arm_signal_converge_example) by extension 'colcon_meta'
[0.441s] Level 1:colcon.colcon_core.package_identification:_identify(stm32_fw/Drivers/CMSIS/DSP/Examples/ARM/arm_signal_converge_example) by extensions ['ros']
[0.441s] Level 1:colcon.colcon_core.package_identification:_identify(stm32_fw/Drivers/CMSIS/DSP/Examples/ARM/arm_signal_converge_example) by extension 'ros'
[0.441s] Level 1:colcon.colcon_core.package_identification:_identify(stm32_fw/Drivers/CMSIS/DSP/Examples/ARM/arm_signal_converge_example) by extensions ['cmake', 'python']
[0.441s] Level 1:colcon.colcon_core.package_identification:_identify(stm32_fw/Drivers/CMSIS/DSP/Examples/ARM/arm_signal_converge_example) by extension 'cmake'
[0.441s] Level 1:colcon.colcon_core.package_identification:_identify(stm32_fw/Drivers/CMSIS/DSP/Examples/ARM/arm_signal_converge_example) by extension 'python'
[0.441s] Level 1:colcon.colcon_core.package_identification:_identify(stm32_fw/Drivers/CMSIS/DSP/Examples/ARM/arm_signal_converge_example) by extensions ['python_setup_py']
[0.441s] Level 1:colcon.colcon_core.package_identification:_identify(stm32_fw/Drivers/CMSIS/DSP/Examples/ARM/arm_signal_converge_example) by extension 'python_setup_py'
[0.441s] Level 1:colcon.colcon_core.package_identification:_identify(stm32_fw/Drivers/CMSIS/DSP/Examples/ARM/arm_sin_cos_example) by extensions ['ignore', 'ignore_ament_install']
[0.441s] Level 1:colcon.colcon_core.package_identification:_identify(stm32_fw/Drivers/CMSIS/DSP/Examples/ARM/arm_sin_cos_example) by extension 'ignore'
[0.441s] Level 1:colcon.colcon_core.package_identification:_identify(stm32_fw/Drivers/CMSIS/DSP/Examples/ARM/arm_sin_cos_example) by extension 'ignore_ament_install'
[0.441s] Level 1:colcon.colcon_core.package_identification:_identify(stm32_fw/Drivers/CMSIS/DSP/Examples/ARM/arm_sin_cos_example) by extensions ['colcon_pkg']
[0.441s] Level 1:colcon.colcon_core.package_identification:_identify(stm32_fw/Drivers/CMSIS/DSP/Examples/ARM/arm_sin_cos_example) by extension 'colcon_pkg'
[0.441s] Level 1:colcon.colcon_core.package_identification:_identify(stm32_fw/Drivers/CMSIS/DSP/Examples/ARM/arm_sin_cos_example) by extensions ['colcon_meta']
[0.441s] Level 1:colcon.colcon_core.package_identification:_identify(stm32_fw/Drivers/CMSIS/DSP/Examples/ARM/arm_sin_cos_example) by extension 'colcon_meta'
[0.441s] Level 1:colcon.colcon_core.package_identification:_identify(stm32_fw/Drivers/CMSIS/DSP/Examples/ARM/arm_sin_cos_example) by extensions ['ros']
[0.441s] Level 1:colcon.colcon_core.package_identification:_identify(stm32_fw/Drivers/CMSIS/DSP/Examples/ARM/arm_sin_cos_example) by extension 'ros'
[0.442s] Level 1:colcon.colcon_core.package_identification:_identify(stm32_fw/Drivers/CMSIS/DSP/Examples/ARM/arm_sin_cos_example) by extensions ['cmake', 'python']
[0.442s] Level 1:colcon.colcon_core.package_identification:_identify(stm32_fw/Drivers/CMSIS/DSP/Examples/ARM/arm_sin_cos_example) by extension 'cmake'
[0.442s] Level 1:colcon.colcon_core.package_identification:_identify(stm32_fw/Drivers/CMSIS/DSP/Examples/ARM/arm_sin_cos_example) by extension 'python'
[0.442s] Level 1:colcon.colcon_core.package_identification:_identify(stm32_fw/Drivers/CMSIS/DSP/Examples/ARM/arm_sin_cos_example) by extensions ['python_setup_py']
[0.442s] Level 1:colcon.colcon_core.package_identification:_identify(stm32_fw/Drivers/CMSIS/DSP/Examples/ARM/arm_sin_cos_example) by extension 'python_setup_py'
[0.442s] Level 1:colcon.colcon_core.package_identification:_identify(stm32_fw/Drivers/CMSIS/DSP/Examples/ARM/arm_variance_example) by extensions ['ignore', 'ignore_ament_install']
[0.442s] Level 1:colcon.colcon_core.package_identification:_identify(stm32_fw/Drivers/CMSIS/DSP/Examples/ARM/arm_variance_example) by extension 'ignore'
[0.442s] Level 1:colcon.colcon_core.package_identification:_identify(stm32_fw/Drivers/CMSIS/DSP/Examples/ARM/arm_variance_example) by extension 'ignore_ament_install'
[0.442s] Level 1:colcon.colcon_core.package_identification:_identify(stm32_fw/Drivers/CMSIS/DSP/Examples/ARM/arm_variance_example) by extensions ['colcon_pkg']
[0.442s] Level 1:colcon.colcon_core.package_identification:_identify(stm32_fw/Drivers/CMSIS/DSP/Examples/ARM/arm_variance_example) by extension 'colcon_pkg'
[0.442s] Level 1:colcon.colcon_core.package_identification:_identify(stm32_fw/Drivers/CMSIS/DSP/Examples/ARM/arm_variance_example) by extensions ['colcon_meta']
[0.442s] Level 1:colcon.colcon_core.package_identification:_identify(stm32_fw/Drivers/CMSIS/DSP/Examples/ARM/arm_variance_example) by extension 'colcon_meta'
[0.442s] Level 1:colcon.colcon_core.package_identification:_identify(stm32_fw/Drivers/CMSIS/DSP/Examples/ARM/arm_variance_example) by extensions ['ros']
[0.442s] Level 1:colcon.colcon_core.package_identification:_identify(stm32_fw/Drivers/CMSIS/DSP/Examples/ARM/arm_variance_example) by extension 'ros'
[0.442s] Level 1:colcon.colcon_core.package_identification:_identify(stm32_fw/Drivers/CMSIS/DSP/Examples/ARM/arm_variance_example) by extensions ['cmake', 'python']
[0.442s] Level 1:colcon.colcon_core.package_identification:_identify(stm32_fw/Drivers/CMSIS/DSP/Examples/ARM/arm_variance_example) by extension 'cmake'
[0.442s] Level 1:colcon.colcon_core.package_identification:_identify(stm32_fw/Drivers/CMSIS/DSP/Examples/ARM/arm_variance_example) by extension 'python'
[0.442s] Level 1:colcon.colcon_core.package_identification:_identify(stm32_fw/Drivers/CMSIS/DSP/Examples/ARM/arm_variance_example) by extensions ['python_setup_py']
[0.442s] Level 1:colcon.colcon_core.package_identification:_identify(stm32_fw/Drivers/CMSIS/DSP/Examples/ARM/arm_variance_example) by extension 'python_setup_py'
[0.442s] Level 1:colcon.colcon_core.package_identification:_identify(stm32_fw/Drivers/CMSIS/DSP/Include) by extensions ['ignore', 'ignore_ament_install']
[0.443s] Level 1:colcon.colcon_core.package_identification:_identify(stm32_fw/Drivers/CMSIS/DSP/Include) by extension 'ignore'
[0.443s] Level 1:colcon.colcon_core.package_identification:_identify(stm32_fw/Drivers/CMSIS/DSP/Include) by extension 'ignore_ament_install'
[0.443s] Level 1:colcon.colcon_core.package_identification:_identify(stm32_fw/Drivers/CMSIS/DSP/Include) by extensions ['colcon_pkg']
[0.443s] Level 1:colcon.colcon_core.package_identification:_identify(stm32_fw/Drivers/CMSIS/DSP/Include) by extension 'colcon_pkg'
[0.443s] Level 1:colcon.colcon_core.package_identification:_identify(stm32_fw/Drivers/CMSIS/DSP/Include) by extensions ['colcon_meta']
[0.443s] Level 1:colcon.colcon_core.package_identification:_identify(stm32_fw/Drivers/CMSIS/DSP/Include) by extension 'colcon_meta'
[0.443s] Level 1:colcon.colcon_core.package_identification:_identify(stm32_fw/Drivers/CMSIS/DSP/Include) by extensions ['ros']
[0.443s] Level 1:colcon.colcon_core.package_identification:_identify(stm32_fw/Drivers/CMSIS/DSP/Include) by extension 'ros'
[0.443s] Level 1:colcon.colcon_core.package_identification:_identify(stm32_fw/Drivers/CMSIS/DSP/Include) by extensions ['cmake', 'python']
[0.443s] Level 1:colcon.colcon_core.package_identification:_identify(stm32_fw/Drivers/CMSIS/DSP/Include) by extension 'cmake'
[0.443s] Level 1:colcon.colcon_core.package_identification:_identify(stm32_fw/Drivers/CMSIS/DSP/Include) by extension 'python'
[0.443s] Level 1:colcon.colcon_core.package_identification:_identify(stm32_fw/Drivers/CMSIS/DSP/Include) by extensions ['python_setup_py']
[0.443s] Level 1:colcon.colcon_core.package_identification:_identify(stm32_fw/Drivers/CMSIS/DSP/Include) by extension 'python_setup_py'
[0.443s] Level 1:colcon.colcon_core.package_identification:_identify(stm32_fw/Drivers/CMSIS/DSP/Source) by extensions ['ignore', 'ignore_ament_install']
[0.443s] Level 1:colcon.colcon_core.package_identification:_identify(stm32_fw/Drivers/CMSIS/DSP/Source) by extension 'ignore'
[0.443s] Level 1:colcon.colcon_core.package_identification:_identify(stm32_fw/Drivers/CMSIS/DSP/Source) by extension 'ignore_ament_install'
[0.443s] Level 1:colcon.colcon_core.package_identification:_identify(stm32_fw/Drivers/CMSIS/DSP/Source) by extensions ['colcon_pkg']
[0.443s] Level 1:colcon.colcon_core.package_identification:_identify(stm32_fw/Drivers/CMSIS/DSP/Source) by extension 'colcon_pkg'
[0.443s] Level 1:colcon.colcon_core.package_identification:_identify(stm32_fw/Drivers/CMSIS/DSP/Source) by extensions ['colcon_meta']
[0.443s] Level 1:colcon.colcon_core.package_identification:_identify(stm32_fw/Drivers/CMSIS/DSP/Source) by extension 'colcon_meta'
[0.443s] Level 1:colcon.colcon_core.package_identification:_identify(stm32_fw/Drivers/CMSIS/DSP/Source) by extensions ['ros']
[0.443s] Level 1:colcon.colcon_core.package_identification:_identify(stm32_fw/Drivers/CMSIS/DSP/Source) by extension 'ros'
[0.443s] Level 1:colcon.colcon_core.package_identification:_identify(stm32_fw/Drivers/CMSIS/DSP/Source) by extensions ['cmake', 'python']
[0.443s] Level 1:colcon.colcon_core.package_identification:_identify(stm32_fw/Drivers/CMSIS/DSP/Source) by extension 'cmake'
[0.443s] Level 1:colcon.colcon_core.package_identification:_identify(stm32_fw/Drivers/CMSIS/DSP/Source) by extension 'python'
[0.443s] Level 1:colcon.colcon_core.package_identification:_identify(stm32_fw/Drivers/CMSIS/DSP/Source) by extensions ['python_setup_py']
[0.443s] Level 1:colcon.colcon_core.package_identification:_identify(stm32_fw/Drivers/CMSIS/DSP/Source) by extension 'python_setup_py'
[0.443s] Level 1:colcon.colcon_core.package_identification:_identify(stm32_fw/Drivers/CMSIS/DSP/Source/BasicMathFunctions) by extensions ['ignore', 'ignore_ament_install']
[0.444s] Level 1:colcon.colcon_core.package_identification:_identify(stm32_fw/Drivers/CMSIS/DSP/Source/BasicMathFunctions) by extension 'ignore'
[0.444s] Level 1:colcon.colcon_core.package_identification:_identify(stm32_fw/Drivers/CMSIS/DSP/Source/BasicMathFunctions) by extension 'ignore_ament_install'
[0.444s] Level 1:colcon.colcon_core.package_identification:_identify(stm32_fw/Drivers/CMSIS/DSP/Source/BasicMathFunctions) by extensions ['colcon_pkg']
[0.444s] Level 1:colcon.colcon_core.package_identification:_identify(stm32_fw/Drivers/CMSIS/DSP/Source/BasicMathFunctions) by extension 'colcon_pkg'
[0.444s] Level 1:colcon.colcon_core.package_identification:_identify(stm32_fw/Drivers/CMSIS/DSP/Source/BasicMathFunctions) by extensions ['colcon_meta']
[0.444s] Level 1:colcon.colcon_core.package_identification:_identify(stm32_fw/Drivers/CMSIS/DSP/Source/BasicMathFunctions) by extension 'colcon_meta'
[0.444s] Level 1:colcon.colcon_core.package_identification:_identify(stm32_fw/Drivers/CMSIS/DSP/Source/BasicMathFunctions) by extensions ['ros']
[0.444s] Level 1:colcon.colcon_core.package_identification:_identify(stm32_fw/Drivers/CMSIS/DSP/Source/BasicMathFunctions) by extension 'ros'
[0.444s] Level 1:colcon.colcon_core.package_identification:_identify(stm32_fw/Drivers/CMSIS/DSP/Source/BasicMathFunctions) by extensions ['cmake', 'python']
[0.444s] Level 1:colcon.colcon_core.package_identification:_identify(stm32_fw/Drivers/CMSIS/DSP/Source/BasicMathFunctions) by extension 'cmake'
[0.444s] Level 1:colcon.colcon_core.package_identification:_identify(stm32_fw/Drivers/CMSIS/DSP/Source/BasicMathFunctions) by extension 'python'
[0.444s] Level 1:colcon.colcon_core.package_identification:_identify(stm32_fw/Drivers/CMSIS/DSP/Source/BasicMathFunctions) by extensions ['python_setup_py']
[0.444s] Level 1:colcon.colcon_core.package_identification:_identify(stm32_fw/Drivers/CMSIS/DSP/Source/BasicMathFunctions) by extension 'python_setup_py'
[0.444s] Level 1:colcon.colcon_core.package_identification:_identify(stm32_fw/Drivers/CMSIS/DSP/Source/CommonTables) by extensions ['ignore', 'ignore_ament_install']
[0.444s] Level 1:colcon.colcon_core.package_identification:_identify(stm32_fw/Drivers/CMSIS/DSP/Source/CommonTables) by extension 'ignore'
[0.444s] Level 1:colcon.colcon_core.package_identification:_identify(stm32_fw/Drivers/CMSIS/DSP/Source/CommonTables) by extension 'ignore_ament_install'
[0.444s] Level 1:colcon.colcon_core.package_identification:_identify(stm32_fw/Drivers/CMSIS/DSP/Source/CommonTables) by extensions ['colcon_pkg']
[0.444s] Level 1:colcon.colcon_core.package_identification:_identify(stm32_fw/Drivers/CMSIS/DSP/Source/CommonTables) by extension 'colcon_pkg'
[0.444s] Level 1:colcon.colcon_core.package_identification:_identify(stm32_fw/Drivers/CMSIS/DSP/Source/CommonTables) by extensions ['colcon_meta']
[0.444s] Level 1:colcon.colcon_core.package_identification:_identify(stm32_fw/Drivers/CMSIS/DSP/Source/CommonTables) by extension 'colcon_meta'
[0.444s] Level 1:colcon.colcon_core.package_identification:_identify(stm32_fw/Drivers/CMSIS/DSP/Source/CommonTables) by extensions ['ros']
[0.444s] Level 1:colcon.colcon_core.package_identification:_identify(stm32_fw/Drivers/CMSIS/DSP/Source/CommonTables) by extension 'ros'
[0.445s] Level 1:colcon.colcon_core.package_identification:_identify(stm32_fw/Drivers/CMSIS/DSP/Source/CommonTables) by extensions ['cmake', 'python']
[0.445s] Level 1:colcon.colcon_core.package_identification:_identify(stm32_fw/Drivers/CMSIS/DSP/Source/CommonTables) by extension 'cmake'
[0.445s] Level 1:colcon.colcon_core.package_identification:_identify(stm32_fw/Drivers/CMSIS/DSP/Source/CommonTables) by extension 'python'
[0.445s] Level 1:colcon.colcon_core.package_identification:_identify(stm32_fw/Drivers/CMSIS/DSP/Source/CommonTables) by extensions ['python_setup_py']
[0.445s] Level 1:colcon.colcon_core.package_identification:_identify(stm32_fw/Drivers/CMSIS/DSP/Source/CommonTables) by extension 'python_setup_py'
[0.445s] Level 1:colcon.colcon_core.package_identification:_identify(stm32_fw/Drivers/CMSIS/DSP/Source/ComplexMathFunctions) by extensions ['ignore', 'ignore_ament_install']
[0.445s] Level 1:colcon.colcon_core.package_identification:_identify(stm32_fw/Drivers/CMSIS/DSP/Source/ComplexMathFunctions) by extension 'ignore'
[0.445s] Level 1:colcon.colcon_core.package_identification:_identify(stm32_fw/Drivers/CMSIS/DSP/Source/ComplexMathFunctions) by extension 'ignore_ament_install'
[0.445s] Level 1:colcon.colcon_core.package_identification:_identify(stm32_fw/Drivers/CMSIS/DSP/Source/ComplexMathFunctions) by extensions ['colcon_pkg']
[0.445s] Level 1:colcon.colcon_core.package_identification:_identify(stm32_fw/Drivers/CMSIS/DSP/Source/ComplexMathFunctions) by extension 'colcon_pkg'
[0.445s] Level 1:colcon.colcon_core.package_identification:_identify(stm32_fw/Drivers/CMSIS/DSP/Source/ComplexMathFunctions) by extensions ['colcon_meta']
[0.445s] Level 1:colcon.colcon_core.package_identification:_identify(stm32_fw/Drivers/CMSIS/DSP/Source/ComplexMathFunctions) by extension 'colcon_meta'
[0.445s] Level 1:colcon.colcon_core.package_identification:_identify(stm32_fw/Drivers/CMSIS/DSP/Source/ComplexMathFunctions) by extensions ['ros']
[0.445s] Level 1:colcon.colcon_core.package_identification:_identify(stm32_fw/Drivers/CMSIS/DSP/Source/ComplexMathFunctions) by extension 'ros'
[0.445s] Level 1:colcon.colcon_core.package_identification:_identify(stm32_fw/Drivers/CMSIS/DSP/Source/ComplexMathFunctions) by extensions ['cmake', 'python']
[0.445s] Level 1:colcon.colcon_core.package_identification:_identify(stm32_fw/Drivers/CMSIS/DSP/Source/ComplexMathFunctions) by extension 'cmake'
[0.445s] Level 1:colcon.colcon_core.package_identification:_identify(stm32_fw/Drivers/CMSIS/DSP/Source/ComplexMathFunctions) by extension 'python'
[0.445s] Level 1:colcon.colcon_core.package_identification:_identify(stm32_fw/Drivers/CMSIS/DSP/Source/ComplexMathFunctions) by extensions ['python_setup_py']
[0.445s] Level 1:colcon.colcon_core.package_identification:_identify(stm32_fw/Drivers/CMSIS/DSP/Source/ComplexMathFunctions) by extension 'python_setup_py'
[0.445s] Level 1:colcon.colcon_core.package_identification:_identify(stm32_fw/Drivers/CMSIS/DSP/Source/ControllerFunctions) by extensions ['ignore', 'ignore_ament_install']
[0.445s] Level 1:colcon.colcon_core.package_identification:_identify(stm32_fw/Drivers/CMSIS/DSP/Source/ControllerFunctions) by extension 'ignore'
[0.445s] Level 1:colcon.colcon_core.package_identification:_identify(stm32_fw/Drivers/CMSIS/DSP/Source/ControllerFunctions) by extension 'ignore_ament_install'
[0.446s] Level 1:colcon.colcon_core.package_identification:_identify(stm32_fw/Drivers/CMSIS/DSP/Source/ControllerFunctions) by extensions ['colcon_pkg']
[0.446s] Level 1:colcon.colcon_core.package_identification:_identify(stm32_fw/Drivers/CMSIS/DSP/Source/ControllerFunctions) by extension 'colcon_pkg'
[0.446s] Level 1:colcon.colcon_core.package_identification:_identify(stm32_fw/Drivers/CMSIS/DSP/Source/ControllerFunctions) by extensions ['colcon_meta']
[0.446s] Level 1:colcon.colcon_core.package_identification:_identify(stm32_fw/Drivers/CMSIS/DSP/Source/ControllerFunctions) by extension 'colcon_meta'
[0.446s] Level 1:colcon.colcon_core.package_identification:_identify(stm32_fw/Drivers/CMSIS/DSP/Source/ControllerFunctions) by extensions ['ros']
[0.446s] Level 1:colcon.colcon_core.package_identification:_identify(stm32_fw/Drivers/CMSIS/DSP/Source/ControllerFunctions) by extension 'ros'
[0.446s] Level 1:colcon.colcon_core.package_identification:_identify(stm32_fw/Drivers/CMSIS/DSP/Source/ControllerFunctions) by extensions ['cmake', 'python']
[0.446s] Level 1:colcon.colcon_core.package_identification:_identify(stm32_fw/Drivers/CMSIS/DSP/Source/ControllerFunctions) by extension 'cmake'
[0.446s] Level 1:colcon.colcon_core.package_identification:_identify(stm32_fw/Drivers/CMSIS/DSP/Source/ControllerFunctions) by extension 'python'
[0.446s] Level 1:colcon.colcon_core.package_identification:_identify(stm32_fw/Drivers/CMSIS/DSP/Source/ControllerFunctions) by extensions ['python_setup_py']
[0.446s] Level 1:colcon.colcon_core.package_identification:_identify(stm32_fw/Drivers/CMSIS/DSP/Source/ControllerFunctions) by extension 'python_setup_py'
[0.446s] Level 1:colcon.colcon_core.package_identification:_identify(stm32_fw/Drivers/CMSIS/DSP/Source/FastMathFunctions) by extensions ['ignore', 'ignore_ament_install']
[0.446s] Level 1:colcon.colcon_core.package_identification:_identify(stm32_fw/Drivers/CMSIS/DSP/Source/FastMathFunctions) by extension 'ignore'
[0.446s] Level 1:colcon.colcon_core.package_identification:_identify(stm32_fw/Drivers/CMSIS/DSP/Source/FastMathFunctions) by extension 'ignore_ament_install'
[0.446s] Level 1:colcon.colcon_core.package_identification:_identify(stm32_fw/Drivers/CMSIS/DSP/Source/FastMathFunctions) by extensions ['colcon_pkg']
[0.446s] Level 1:colcon.colcon_core.package_identification:_identify(stm32_fw/Drivers/CMSIS/DSP/Source/FastMathFunctions) by extension 'colcon_pkg'
[0.446s] Level 1:colcon.colcon_core.package_identification:_identify(stm32_fw/Drivers/CMSIS/DSP/Source/FastMathFunctions) by extensions ['colcon_meta']
[0.446s] Level 1:colcon.colcon_core.package_identification:_identify(stm32_fw/Drivers/CMSIS/DSP/Source/FastMathFunctions) by extension 'colcon_meta'
[0.446s] Level 1:colcon.colcon_core.package_identification:_identify(stm32_fw/Drivers/CMSIS/DSP/Source/FastMathFunctions) by extensions ['ros']
[0.446s] Level 1:colcon.colcon_core.package_identification:_identify(stm32_fw/Drivers/CMSIS/DSP/Source/FastMathFunctions) by extension 'ros'
[0.446s] Level 1:colcon.colcon_core.package_identification:_identify(stm32_fw/Drivers/CMSIS/DSP/Source/FastMathFunctions) by extensions ['cmake', 'python']
[0.446s] Level 1:colcon.colcon_core.package_identification:_identify(stm32_fw/Drivers/CMSIS/DSP/Source/FastMathFunctions) by extension 'cmake'
[0.446s] Level 1:colcon.colcon_core.package_identification:_identify(stm32_fw/Drivers/CMSIS/DSP/Source/FastMathFunctions) by extension 'python'
[0.446s] Level 1:colcon.colcon_core.package_identification:_identify(stm32_fw/Drivers/CMSIS/DSP/Source/FastMathFunctions) by extensions ['python_setup_py']
[0.446s] Level 1:colcon.colcon_core.package_identification:_identify(stm32_fw/Drivers/CMSIS/DSP/Source/FastMathFunctions) by extension 'python_setup_py'
[0.446s] Level 1:colcon.colcon_core.package_identification:_identify(stm32_fw/Drivers/CMSIS/DSP/Source/FilteringFunctions) by extensions ['ignore', 'ignore_ament_install']
[0.447s] Level 1:colcon.colcon_core.package_identification:_identify(stm32_fw/Drivers/CMSIS/DSP/Source/FilteringFunctions) by extension 'ignore'
[0.447s] Level 1:colcon.colcon_core.package_identification:_identify(stm32_fw/Drivers/CMSIS/DSP/Source/FilteringFunctions) by extension 'ignore_ament_install'
[0.447s] Level 1:colcon.colcon_core.package_identification:_identify(stm32_fw/Drivers/CMSIS/DSP/Source/FilteringFunctions) by extensions ['colcon_pkg']
[0.447s] Level 1:colcon.colcon_core.package_identification:_identify(stm32_fw/Drivers/CMSIS/DSP/Source/FilteringFunctions) by extension 'colcon_pkg'
[0.447s] Level 1:colcon.colcon_core.package_identification:_identify(stm32_fw/Drivers/CMSIS/DSP/Source/FilteringFunctions) by extensions ['colcon_meta']
[0.447s] Level 1:colcon.colcon_core.package_identification:_identify(stm32_fw/Drivers/CMSIS/DSP/Source/FilteringFunctions) by extension 'colcon_meta'
[0.447s] Level 1:colcon.colcon_core.package_identification:_identify(stm32_fw/Drivers/CMSIS/DSP/Source/FilteringFunctions) by extensions ['ros']
[0.447s] Level 1:colcon.colcon_core.package_identification:_identify(stm32_fw/Drivers/CMSIS/DSP/Source/FilteringFunctions) by extension 'ros'
[0.447s] Level 1:colcon.colcon_core.package_identification:_identify(stm32_fw/Drivers/CMSIS/DSP/Source/FilteringFunctions) by extensions ['cmake', 'python']
[0.447s] Level 1:colcon.colcon_core.package_identification:_identify(stm32_fw/Drivers/CMSIS/DSP/Source/FilteringFunctions) by extension 'cmake'
[0.447s] Level 1:colcon.colcon_core.package_identification:_identify(stm32_fw/Drivers/CMSIS/DSP/Source/FilteringFunctions) by extension 'python'
[0.447s] Level 1:colcon.colcon_core.package_identification:_identify(stm32_fw/Drivers/CMSIS/DSP/Source/FilteringFunctions) by extensions ['python_setup_py']
[0.447s] Level 1:colcon.colcon_core.package_identification:_identify(stm32_fw/Drivers/CMSIS/DSP/Source/FilteringFunctions) by extension 'python_setup_py'
[0.447s] Level 1:colcon.colcon_core.package_identification:_identify(stm32_fw/Drivers/CMSIS/DSP/Source/MatrixFunctions) by extensions ['ignore', 'ignore_ament_install']
[0.447s] Level 1:colcon.colcon_core.package_identification:_identify(stm32_fw/Drivers/CMSIS/DSP/Source/MatrixFunctions) by extension 'ignore'
[0.447s] Level 1:colcon.colcon_core.package_identification:_identify(stm32_fw/Drivers/CMSIS/DSP/Source/MatrixFunctions) by extension 'ignore_ament_install'
[0.447s] Level 1:colcon.colcon_core.package_identification:_identify(stm32_fw/Drivers/CMSIS/DSP/Source/MatrixFunctions) by extensions ['colcon_pkg']
[0.447s] Level 1:colcon.colcon_core.package_identification:_identify(stm32_fw/Drivers/CMSIS/DSP/Source/MatrixFunctions) by extension 'colcon_pkg'
[0.447s] Level 1:colcon.colcon_core.package_identification:_identify(stm32_fw/Drivers/CMSIS/DSP/Source/MatrixFunctions) by extensions ['colcon_meta']
[0.447s] Level 1:colcon.colcon_core.package_identification:_identify(stm32_fw/Drivers/CMSIS/DSP/Source/MatrixFunctions) by extension 'colcon_meta'
[0.447s] Level 1:colcon.colcon_core.package_identification:_identify(stm32_fw/Drivers/CMSIS/DSP/Source/MatrixFunctions) by extensions ['ros']
[0.447s] Level 1:colcon.colcon_core.package_identification:_identify(stm32_fw/Drivers/CMSIS/DSP/Source/MatrixFunctions) by extension 'ros'
[0.447s] Level 1:colcon.colcon_core.package_identification:_identify(stm32_fw/Drivers/CMSIS/DSP/Source/MatrixFunctions) by extensions ['cmake', 'python']
[0.447s] Level 1:colcon.colcon_core.package_identification:_identify(stm32_fw/Drivers/CMSIS/DSP/Source/MatrixFunctions) by extension 'cmake'
[0.447s] Level 1:colcon.colcon_core.package_identification:_identify(stm32_fw/Drivers/CMSIS/DSP/Source/MatrixFunctions) by extension 'python'
[0.447s] Level 1:colcon.colcon_core.package_identification:_identify(stm32_fw/Drivers/CMSIS/DSP/Source/MatrixFunctions) by extensions ['python_setup_py']
[0.448s] Level 1:colcon.colcon_core.package_identification:_identify(stm32_fw/Drivers/CMSIS/DSP/Source/MatrixFunctions) by extension 'python_setup_py'
[0.448s] Level 1:colcon.colcon_core.package_identification:_identify(stm32_fw/Drivers/CMSIS/DSP/Source/StatisticsFunctions) by extensions ['ignore', 'ignore_ament_install']
[0.448s] Level 1:colcon.colcon_core.package_identification:_identify(stm32_fw/Drivers/CMSIS/DSP/Source/StatisticsFunctions) by extension 'ignore'
[0.448s] Level 1:colcon.colcon_core.package_identification:_identify(stm32_fw/Drivers/CMSIS/DSP/Source/StatisticsFunctions) by extension 'ignore_ament_install'
[0.448s] Level 1:colcon.colcon_core.package_identification:_identify(stm32_fw/Drivers/CMSIS/DSP/Source/StatisticsFunctions) by extensions ['colcon_pkg']
[0.448s] Level 1:colcon.colcon_core.package_identification:_identify(stm32_fw/Drivers/CMSIS/DSP/Source/StatisticsFunctions) by extension 'colcon_pkg'
[0.448s] Level 1:colcon.colcon_core.package_identification:_identify(stm32_fw/Drivers/CMSIS/DSP/Source/StatisticsFunctions) by extensions ['colcon_meta']
[0.448s] Level 1:colcon.colcon_core.package_identification:_identify(stm32_fw/Drivers/CMSIS/DSP/Source/StatisticsFunctions) by extension 'colcon_meta'
[0.448s] Level 1:colcon.colcon_core.package_identification:_identify(stm32_fw/Drivers/CMSIS/DSP/Source/StatisticsFunctions) by extensions ['ros']
[0.448s] Level 1:colcon.colcon_core.package_identification:_identify(stm32_fw/Drivers/CMSIS/DSP/Source/StatisticsFunctions) by extension 'ros'
[0.448s] Level 1:colcon.colcon_core.package_identification:_identify(stm32_fw/Drivers/CMSIS/DSP/Source/StatisticsFunctions) by extensions ['cmake', 'python']
[0.448s] Level 1:colcon.colcon_core.package_identification:_identify(stm32_fw/Drivers/CMSIS/DSP/Source/StatisticsFunctions) by extension 'cmake'
[0.448s] Level 1:colcon.colcon_core.package_identification:_identify(stm32_fw/Drivers/CMSIS/DSP/Source/StatisticsFunctions) by extension 'python'
[0.448s] Level 1:colcon.colcon_core.package_identification:_identify(stm32_fw/Drivers/CMSIS/DSP/Source/StatisticsFunctions) by extensions ['python_setup_py']
[0.448s] Level 1:colcon.colcon_core.package_identification:_identify(stm32_fw/Drivers/CMSIS/DSP/Source/StatisticsFunctions) by extension 'python_setup_py'
[0.448s] Level 1:colcon.colcon_core.package_identification:_identify(stm32_fw/Drivers/CMSIS/DSP/Source/SupportFunctions) by extensions ['ignore', 'ignore_ament_install']
[0.448s] Level 1:colcon.colcon_core.package_identification:_identify(stm32_fw/Drivers/CMSIS/DSP/Source/SupportFunctions) by extension 'ignore'
[0.448s] Level 1:colcon.colcon_core.package_identification:_identify(stm32_fw/Drivers/CMSIS/DSP/Source/SupportFunctions) by extension 'ignore_ament_install'
[0.448s] Level 1:colcon.colcon_core.package_identification:_identify(stm32_fw/Drivers/CMSIS/DSP/Source/SupportFunctions) by extensions ['colcon_pkg']
[0.448s] Level 1:colcon.colcon_core.package_identification:_identify(stm32_fw/Drivers/CMSIS/DSP/Source/SupportFunctions) by extension 'colcon_pkg'
[0.448s] Level 1:colcon.colcon_core.package_identification:_identify(stm32_fw/Drivers/CMSIS/DSP/Source/SupportFunctions) by extensions ['colcon_meta']
[0.448s] Level 1:colcon.colcon_core.package_identification:_identify(stm32_fw/Drivers/CMSIS/DSP/Source/SupportFunctions) by extension 'colcon_meta'
[0.448s] Level 1:colcon.colcon_core.package_identification:_identify(stm32_fw/Drivers/CMSIS/DSP/Source/SupportFunctions) by extensions ['ros']
[0.448s] Level 1:colcon.colcon_core.package_identification:_identify(stm32_fw/Drivers/CMSIS/DSP/Source/SupportFunctions) by extension 'ros'
[0.448s] Level 1:colcon.colcon_core.package_identification:_identify(stm32_fw/Drivers/CMSIS/DSP/Source/SupportFunctions) by extensions ['cmake', 'python']
[0.449s] Level 1:colcon.colcon_core.package_identification:_identify(stm32_fw/Drivers/CMSIS/DSP/Source/SupportFunctions) by extension 'cmake'
[0.449s] Level 1:colcon.colcon_core.package_identification:_identify(stm32_fw/Drivers/CMSIS/DSP/Source/SupportFunctions) by extension 'python'
[0.449s] Level 1:colcon.colcon_core.package_identification:_identify(stm32_fw/Drivers/CMSIS/DSP/Source/SupportFunctions) by extensions ['python_setup_py']
[0.449s] Level 1:colcon.colcon_core.package_identification:_identify(stm32_fw/Drivers/CMSIS/DSP/Source/SupportFunctions) by extension 'python_setup_py'
[0.449s] Level 1:colcon.colcon_core.package_identification:_identify(stm32_fw/Drivers/CMSIS/DSP/Source/TransformFunctions) by extensions ['ignore', 'ignore_ament_install']
[0.449s] Level 1:colcon.colcon_core.package_identification:_identify(stm32_fw/Drivers/CMSIS/DSP/Source/TransformFunctions) by extension 'ignore'
[0.449s] Level 1:colcon.colcon_core.package_identification:_identify(stm32_fw/Drivers/CMSIS/DSP/Source/TransformFunctions) by extension 'ignore_ament_install'
[0.449s] Level 1:colcon.colcon_core.package_identification:_identify(stm32_fw/Drivers/CMSIS/DSP/Source/TransformFunctions) by extensions ['colcon_pkg']
[0.449s] Level 1:colcon.colcon_core.package_identification:_identify(stm32_fw/Drivers/CMSIS/DSP/Source/TransformFunctions) by extension 'colcon_pkg'
[0.449s] Level 1:colcon.colcon_core.package_identification:_identify(stm32_fw/Drivers/CMSIS/DSP/Source/TransformFunctions) by extensions ['colcon_meta']
[0.449s] Level 1:colcon.colcon_core.package_identification:_identify(stm32_fw/Drivers/CMSIS/DSP/Source/TransformFunctions) by extension 'colcon_meta'
[0.449s] Level 1:colcon.colcon_core.package_identification:_identify(stm32_fw/Drivers/CMSIS/DSP/Source/TransformFunctions) by extensions ['ros']
[0.449s] Level 1:colcon.colcon_core.package_identification:_identify(stm32_fw/Drivers/CMSIS/DSP/Source/TransformFunctions) by extension 'ros'
[0.449s] Level 1:colcon.colcon_core.package_identification:_identify(stm32_fw/Drivers/CMSIS/DSP/Source/TransformFunctions) by extensions ['cmake', 'python']
[0.449s] Level 1:colcon.colcon_core.package_identification:_identify(stm32_fw/Drivers/CMSIS/DSP/Source/TransformFunctions) by extension 'cmake'
[0.449s] Level 1:colcon.colcon_core.package_identification:_identify(stm32_fw/Drivers/CMSIS/DSP/Source/TransformFunctions) by extension 'python'
[0.449s] Level 1:colcon.colcon_core.package_identification:_identify(stm32_fw/Drivers/CMSIS/DSP/Source/TransformFunctions) by extensions ['python_setup_py']
[0.449s] Level 1:colcon.colcon_core.package_identification:_identify(stm32_fw/Drivers/CMSIS/DSP/Source/TransformFunctions) by extension 'python_setup_py'
[0.449s] Level 1:colcon.colcon_core.package_identification:_identify(stm32_fw/Drivers/CMSIS/Device) by extensions ['ignore', 'ignore_ament_install']
[0.449s] Level 1:colcon.colcon_core.package_identification:_identify(stm32_fw/Drivers/CMSIS/Device) by extension 'ignore'
[0.449s] Level 1:colcon.colcon_core.package_identification:_identify(stm32_fw/Drivers/CMSIS/Device) by extension 'ignore_ament_install'
[0.449s] Level 1:colcon.colcon_core.package_identification:_identify(stm32_fw/Drivers/CMSIS/Device) by extensions ['colcon_pkg']
[0.449s] Level 1:colcon.colcon_core.package_identification:_identify(stm32_fw/Drivers/CMSIS/Device) by extension 'colcon_pkg'
[0.449s] Level 1:colcon.colcon_core.package_identification:_identify(stm32_fw/Drivers/CMSIS/Device) by extensions ['colcon_meta']
[0.449s] Level 1:colcon.colcon_core.package_identification:_identify(stm32_fw/Drivers/CMSIS/Device) by extension 'colcon_meta'
[0.449s] Level 1:colcon.colcon_core.package_identification:_identify(stm32_fw/Drivers/CMSIS/Device) by extensions ['ros']
[0.449s] Level 1:colcon.colcon_core.package_identification:_identify(stm32_fw/Drivers/CMSIS/Device) by extension 'ros'
[0.450s] Level 1:colcon.colcon_core.package_identification:_identify(stm32_fw/Drivers/CMSIS/Device) by extensions ['cmake', 'python']
[0.450s] Level 1:colcon.colcon_core.package_identification:_identify(stm32_fw/Drivers/CMSIS/Device) by extension 'cmake'
[0.450s] Level 1:colcon.colcon_core.package_identification:_identify(stm32_fw/Drivers/CMSIS/Device) by extension 'python'
[0.450s] Level 1:colcon.colcon_core.package_identification:_identify(stm32_fw/Drivers/CMSIS/Device) by extensions ['python_setup_py']
[0.450s] Level 1:colcon.colcon_core.package_identification:_identify(stm32_fw/Drivers/CMSIS/Device) by extension 'python_setup_py'
[0.450s] Level 1:colcon.colcon_core.package_identification:_identify(stm32_fw/Drivers/CMSIS/Device/ST) by extensions ['ignore', 'ignore_ament_install']
[0.450s] Level 1:colcon.colcon_core.package_identification:_identify(stm32_fw/Drivers/CMSIS/Device/ST) by extension 'ignore'
[0.450s] Level 1:colcon.colcon_core.package_identification:_identify(stm32_fw/Drivers/CMSIS/Device/ST) by extension 'ignore_ament_install'
[0.450s] Level 1:colcon.colcon_core.package_identification:_identify(stm32_fw/Drivers/CMSIS/Device/ST) by extensions ['colcon_pkg']
[0.450s] Level 1:colcon.colcon_core.package_identification:_identify(stm32_fw/Drivers/CMSIS/Device/ST) by extension 'colcon_pkg'
[0.450s] Level 1:colcon.colcon_core.package_identification:_identify(stm32_fw/Drivers/CMSIS/Device/ST) by extensions ['colcon_meta']
[0.450s] Level 1:colcon.colcon_core.package_identification:_identify(stm32_fw/Drivers/CMSIS/Device/ST) by extension 'colcon_meta'
[0.450s] Level 1:colcon.colcon_core.package_identification:_identify(stm32_fw/Drivers/CMSIS/Device/ST) by extensions ['ros']
[0.450s] Level 1:colcon.colcon_core.package_identification:_identify(stm32_fw/Drivers/CMSIS/Device/ST) by extension 'ros'
[0.450s] Level 1:colcon.colcon_core.package_identification:_identify(stm32_fw/Drivers/CMSIS/Device/ST) by extensions ['cmake', 'python']
[0.450s] Level 1:colcon.colcon_core.package_identification:_identify(stm32_fw/Drivers/CMSIS/Device/ST) by extension 'cmake'
[0.450s] Level 1:colcon.colcon_core.package_identification:_identify(stm32_fw/Drivers/CMSIS/Device/ST) by extension 'python'
[0.450s] Level 1:colcon.colcon_core.package_identification:_identify(stm32_fw/Drivers/CMSIS/Device/ST) by extensions ['python_setup_py']
[0.450s] Level 1:colcon.colcon_core.package_identification:_identify(stm32_fw/Drivers/CMSIS/Device/ST) by extension 'python_setup_py'
[0.450s] Level 1:colcon.colcon_core.package_identification:_identify(stm32_fw/Drivers/CMSIS/Device/ST/STM32F1xx) by extensions ['ignore', 'ignore_ament_install']
[0.450s] Level 1:colcon.colcon_core.package_identification:_identify(stm32_fw/Drivers/CMSIS/Device/ST/STM32F1xx) by extension 'ignore'
[0.450s] Level 1:colcon.colcon_core.package_identification:_identify(stm32_fw/Drivers/CMSIS/Device/ST/STM32F1xx) by extension 'ignore_ament_install'
[0.450s] Level 1:colcon.colcon_core.package_identification:_identify(stm32_fw/Drivers/CMSIS/Device/ST/STM32F1xx) by extensions ['colcon_pkg']
[0.450s] Level 1:colcon.colcon_core.package_identification:_identify(stm32_fw/Drivers/CMSIS/Device/ST/STM32F1xx) by extension 'colcon_pkg'
[0.450s] Level 1:colcon.colcon_core.package_identification:_identify(stm32_fw/Drivers/CMSIS/Device/ST/STM32F1xx) by extensions ['colcon_meta']
[0.450s] Level 1:colcon.colcon_core.package_identification:_identify(stm32_fw/Drivers/CMSIS/Device/ST/STM32F1xx) by extension 'colcon_meta'
[0.451s] Level 1:colcon.colcon_core.package_identification:_identify(stm32_fw/Drivers/CMSIS/Device/ST/STM32F1xx) by extensions ['ros']
[0.451s] Level 1:colcon.colcon_core.package_identification:_identify(stm32_fw/Drivers/CMSIS/Device/ST/STM32F1xx) by extension 'ros'
[0.451s] Level 1:colcon.colcon_core.package_identification:_identify(stm32_fw/Drivers/CMSIS/Device/ST/STM32F1xx) by extensions ['cmake', 'python']
[0.451s] Level 1:colcon.colcon_core.package_identification:_identify(stm32_fw/Drivers/CMSIS/Device/ST/STM32F1xx) by extension 'cmake'
[0.451s] Level 1:colcon.colcon_core.package_identification:_identify(stm32_fw/Drivers/CMSIS/Device/ST/STM32F1xx) by extension 'python'
[0.451s] Level 1:colcon.colcon_core.package_identification:_identify(stm32_fw/Drivers/CMSIS/Device/ST/STM32F1xx) by extensions ['python_setup_py']
[0.451s] Level 1:colcon.colcon_core.package_identification:_identify(stm32_fw/Drivers/CMSIS/Device/ST/STM32F1xx) by extension 'python_setup_py'
[0.451s] Level 1:colcon.colcon_core.package_identification:_identify(stm32_fw/Drivers/CMSIS/Device/ST/STM32F1xx/Include) by extensions ['ignore', 'ignore_ament_install']
[0.451s] Level 1:colcon.colcon_core.package_identification:_identify(stm32_fw/Drivers/CMSIS/Device/ST/STM32F1xx/Include) by extension 'ignore'
[0.451s] Level 1:colcon.colcon_core.package_identification:_identify(stm32_fw/Drivers/CMSIS/Device/ST/STM32F1xx/Include) by extension 'ignore_ament_install'
[0.451s] Level 1:colcon.colcon_core.package_identification:_identify(stm32_fw/Drivers/CMSIS/Device/ST/STM32F1xx/Include) by extensions ['colcon_pkg']
[0.451s] Level 1:colcon.colcon_core.package_identification:_identify(stm32_fw/Drivers/CMSIS/Device/ST/STM32F1xx/Include) by extension 'colcon_pkg'
[0.451s] Level 1:colcon.colcon_core.package_identification:_identify(stm32_fw/Drivers/CMSIS/Device/ST/STM32F1xx/Include) by extensions ['colcon_meta']
[0.451s] Level 1:colcon.colcon_core.package_identification:_identify(stm32_fw/Drivers/CMSIS/Device/ST/STM32F1xx/Include) by extension 'colcon_meta'
[0.451s] Level 1:colcon.colcon_core.package_identification:_identify(stm32_fw/Drivers/CMSIS/Device/ST/STM32F1xx/Include) by extensions ['ros']
[0.451s] Level 1:colcon.colcon_core.package_identification:_identify(stm32_fw/Drivers/CMSIS/Device/ST/STM32F1xx/Include) by extension 'ros'
[0.451s] Level 1:colcon.colcon_core.package_identification:_identify(stm32_fw/Drivers/CMSIS/Device/ST/STM32F1xx/Include) by extensions ['cmake', 'python']
[0.451s] Level 1:colcon.colcon_core.package_identification:_identify(stm32_fw/Drivers/CMSIS/Device/ST/STM32F1xx/Include) by extension 'cmake'
[0.451s] Level 1:colcon.colcon_core.package_identification:_identify(stm32_fw/Drivers/CMSIS/Device/ST/STM32F1xx/Include) by extension 'python'
[0.451s] Level 1:colcon.colcon_core.package_identification:_identify(stm32_fw/Drivers/CMSIS/Device/ST/STM32F1xx/Include) by extensions ['python_setup_py']
[0.451s] Level 1:colcon.colcon_core.package_identification:_identify(stm32_fw/Drivers/CMSIS/Device/ST/STM32F1xx/Include) by extension 'python_setup_py'
[0.451s] Level 1:colcon.colcon_core.package_identification:_identify(stm32_fw/Drivers/CMSIS/Device/ST/STM32F1xx/Source) by extensions ['ignore', 'ignore_ament_install']
[0.451s] Level 1:colcon.colcon_core.package_identification:_identify(stm32_fw/Drivers/CMSIS/Device/ST/STM32F1xx/Source) by extension 'ignore'
[0.451s] Level 1:colcon.colcon_core.package_identification:_identify(stm32_fw/Drivers/CMSIS/Device/ST/STM32F1xx/Source) by extension 'ignore_ament_install'
[0.451s] Level 1:colcon.colcon_core.package_identification:_identify(stm32_fw/Drivers/CMSIS/Device/ST/STM32F1xx/Source) by extensions ['colcon_pkg']
[0.451s] Level 1:colcon.colcon_core.package_identification:_identify(stm32_fw/Drivers/CMSIS/Device/ST/STM32F1xx/Source) by extension 'colcon_pkg'
[0.452s] Level 1:colcon.colcon_core.package_identification:_identify(stm32_fw/Drivers/CMSIS/Device/ST/STM32F1xx/Source) by extensions ['colcon_meta']
[0.452s] Level 1:colcon.colcon_core.package_identification:_identify(stm32_fw/Drivers/CMSIS/Device/ST/STM32F1xx/Source) by extension 'colcon_meta'
[0.452s] Level 1:colcon.colcon_core.package_identification:_identify(stm32_fw/Drivers/CMSIS/Device/ST/STM32F1xx/Source) by extensions ['ros']
[0.452s] Level 1:colcon.colcon_core.package_identification:_identify(stm32_fw/Drivers/CMSIS/Device/ST/STM32F1xx/Source) by extension 'ros'
[0.452s] Level 1:colcon.colcon_core.package_identification:_identify(stm32_fw/Drivers/CMSIS/Device/ST/STM32F1xx/Source) by extensions ['cmake', 'python']
[0.452s] Level 1:colcon.colcon_core.package_identification:_identify(stm32_fw/Drivers/CMSIS/Device/ST/STM32F1xx/Source) by extension 'cmake'
[0.452s] Level 1:colcon.colcon_core.package_identification:_identify(stm32_fw/Drivers/CMSIS/Device/ST/STM32F1xx/Source) by extension 'python'
[0.452s] Level 1:colcon.colcon_core.package_identification:_identify(stm32_fw/Drivers/CMSIS/Device/ST/STM32F1xx/Source) by extensions ['python_setup_py']
[0.452s] Level 1:colcon.colcon_core.package_identification:_identify(stm32_fw/Drivers/CMSIS/Device/ST/STM32F1xx/Source) by extension 'python_setup_py'
[0.452s] Level 1:colcon.colcon_core.package_identification:_identify(stm32_fw/Drivers/CMSIS/Device/ST/STM32F1xx/Source/Templates) by extensions ['ignore', 'ignore_ament_install']
[0.452s] Level 1:colcon.colcon_core.package_identification:_identify(stm32_fw/Drivers/CMSIS/Device/ST/STM32F1xx/Source/Templates) by extension 'ignore'
[0.452s] Level 1:colcon.colcon_core.package_identification:_identify(stm32_fw/Drivers/CMSIS/Device/ST/STM32F1xx/Source/Templates) by extension 'ignore_ament_install'
[0.452s] Level 1:colcon.colcon_core.package_identification:_identify(stm32_fw/Drivers/CMSIS/Device/ST/STM32F1xx/Source/Templates) by extensions ['colcon_pkg']
[0.452s] Level 1:colcon.colcon_core.package_identification:_identify(stm32_fw/Drivers/CMSIS/Device/ST/STM32F1xx/Source/Templates) by extension 'colcon_pkg'
[0.452s] Level 1:colcon.colcon_core.package_identification:_identify(stm32_fw/Drivers/CMSIS/Device/ST/STM32F1xx/Source/Templates) by extensions ['colcon_meta']
[0.452s] Level 1:colcon.colcon_core.package_identification:_identify(stm32_fw/Drivers/CMSIS/Device/ST/STM32F1xx/Source/Templates) by extension 'colcon_meta'
[0.452s] Level 1:colcon.colcon_core.package_identification:_identify(stm32_fw/Drivers/CMSIS/Device/ST/STM32F1xx/Source/Templates) by extensions ['ros']
[0.452s] Level 1:colcon.colcon_core.package_identification:_identify(stm32_fw/Drivers/CMSIS/Device/ST/STM32F1xx/Source/Templates) by extension 'ros'
[0.452s] Level 1:colcon.colcon_core.package_identification:_identify(stm32_fw/Drivers/CMSIS/Device/ST/STM32F1xx/Source/Templates) by extensions ['cmake', 'python']
[0.452s] Level 1:colcon.colcon_core.package_identification:_identify(stm32_fw/Drivers/CMSIS/Device/ST/STM32F1xx/Source/Templates) by extension 'cmake'
[0.452s] Level 1:colcon.colcon_core.package_identification:_identify(stm32_fw/Drivers/CMSIS/Device/ST/STM32F1xx/Source/Templates) by extension 'python'
[0.452s] Level 1:colcon.colcon_core.package_identification:_identify(stm32_fw/Drivers/CMSIS/Device/ST/STM32F1xx/Source/Templates) by extensions ['python_setup_py']
[0.452s] Level 1:colcon.colcon_core.package_identification:_identify(stm32_fw/Drivers/CMSIS/Device/ST/STM32F1xx/Source/Templates) by extension 'python_setup_py'
[0.452s] Level 1:colcon.colcon_core.package_identification:_identify(stm32_fw/Drivers/CMSIS/Device/ST/STM32F1xx/Source/Templates/arm) by extensions ['ignore', 'ignore_ament_install']
[0.452s] Level 1:colcon.colcon_core.package_identification:_identify(stm32_fw/Drivers/CMSIS/Device/ST/STM32F1xx/Source/Templates/arm) by extension 'ignore'
[0.452s] Level 1:colcon.colcon_core.package_identification:_identify(stm32_fw/Drivers/CMSIS/Device/ST/STM32F1xx/Source/Templates/arm) by extension 'ignore_ament_install'
[0.453s] Level 1:colcon.colcon_core.package_identification:_identify(stm32_fw/Drivers/CMSIS/Device/ST/STM32F1xx/Source/Templates/arm) by extensions ['colcon_pkg']
[0.453s] Level 1:colcon.colcon_core.package_identification:_identify(stm32_fw/Drivers/CMSIS/Device/ST/STM32F1xx/Source/Templates/arm) by extension 'colcon_pkg'
[0.453s] Level 1:colcon.colcon_core.package_identification:_identify(stm32_fw/Drivers/CMSIS/Device/ST/STM32F1xx/Source/Templates/arm) by extensions ['colcon_meta']
[0.453s] Level 1:colcon.colcon_core.package_identification:_identify(stm32_fw/Drivers/CMSIS/Device/ST/STM32F1xx/Source/Templates/arm) by extension 'colcon_meta'
[0.453s] Level 1:colcon.colcon_core.package_identification:_identify(stm32_fw/Drivers/CMSIS/Device/ST/STM32F1xx/Source/Templates/arm) by extensions ['ros']
[0.453s] Level 1:colcon.colcon_core.package_identification:_identify(stm32_fw/Drivers/CMSIS/Device/ST/STM32F1xx/Source/Templates/arm) by extension 'ros'
[0.453s] Level 1:colcon.colcon_core.package_identification:_identify(stm32_fw/Drivers/CMSIS/Device/ST/STM32F1xx/Source/Templates/arm) by extensions ['cmake', 'python']
[0.453s] Level 1:colcon.colcon_core.package_identification:_identify(stm32_fw/Drivers/CMSIS/Device/ST/STM32F1xx/Source/Templates/arm) by extension 'cmake'
[0.453s] Level 1:colcon.colcon_core.package_identification:_identify(stm32_fw/Drivers/CMSIS/Device/ST/STM32F1xx/Source/Templates/arm) by extension 'python'
[0.453s] Level 1:colcon.colcon_core.package_identification:_identify(stm32_fw/Drivers/CMSIS/Device/ST/STM32F1xx/Source/Templates/arm) by extensions ['python_setup_py']
[0.453s] Level 1:colcon.colcon_core.package_identification:_identify(stm32_fw/Drivers/CMSIS/Device/ST/STM32F1xx/Source/Templates/arm) by extension 'python_setup_py'
[0.453s] Level 1:colcon.colcon_core.package_identification:_identify(stm32_fw/Drivers/CMSIS/Device/ST/STM32F1xx/Source/Templates/gcc) by extensions ['ignore', 'ignore_ament_install']
[0.453s] Level 1:colcon.colcon_core.package_identification:_identify(stm32_fw/Drivers/CMSIS/Device/ST/STM32F1xx/Source/Templates/gcc) by extension 'ignore'
[0.453s] Level 1:colcon.colcon_core.package_identification:_identify(stm32_fw/Drivers/CMSIS/Device/ST/STM32F1xx/Source/Templates/gcc) by extension 'ignore_ament_install'
[0.453s] Level 1:colcon.colcon_core.package_identification:_identify(stm32_fw/Drivers/CMSIS/Device/ST/STM32F1xx/Source/Templates/gcc) by extensions ['colcon_pkg']
[0.453s] Level 1:colcon.colcon_core.package_identification:_identify(stm32_fw/Drivers/CMSIS/Device/ST/STM32F1xx/Source/Templates/gcc) by extension 'colcon_pkg'
[0.453s] Level 1:colcon.colcon_core.package_identification:_identify(stm32_fw/Drivers/CMSIS/Device/ST/STM32F1xx/Source/Templates/gcc) by extensions ['colcon_meta']
[0.453s] Level 1:colcon.colcon_core.package_identification:_identify(stm32_fw/Drivers/CMSIS/Device/ST/STM32F1xx/Source/Templates/gcc) by extension 'colcon_meta'
[0.453s] Level 1:colcon.colcon_core.package_identification:_identify(stm32_fw/Drivers/CMSIS/Device/ST/STM32F1xx/Source/Templates/gcc) by extensions ['ros']
[0.453s] Level 1:colcon.colcon_core.package_identification:_identify(stm32_fw/Drivers/CMSIS/Device/ST/STM32F1xx/Source/Templates/gcc) by extension 'ros'
[0.453s] Level 1:colcon.colcon_core.package_identification:_identify(stm32_fw/Drivers/CMSIS/Device/ST/STM32F1xx/Source/Templates/gcc) by extensions ['cmake', 'python']
[0.453s] Level 1:colcon.colcon_core.package_identification:_identify(stm32_fw/Drivers/CMSIS/Device/ST/STM32F1xx/Source/Templates/gcc) by extension 'cmake'
[0.453s] Level 1:colcon.colcon_core.package_identification:_identify(stm32_fw/Drivers/CMSIS/Device/ST/STM32F1xx/Source/Templates/gcc) by extension 'python'
[0.453s] Level 1:colcon.colcon_core.package_identification:_identify(stm32_fw/Drivers/CMSIS/Device/ST/STM32F1xx/Source/Templates/gcc) by extensions ['python_setup_py']
[0.453s] Level 1:colcon.colcon_core.package_identification:_identify(stm32_fw/Drivers/CMSIS/Device/ST/STM32F1xx/Source/Templates/gcc) by extension 'python_setup_py'
[0.453s] Level 1:colcon.colcon_core.package_identification:_identify(stm32_fw/Drivers/CMSIS/Device/ST/STM32F1xx/Source/Templates/iar) by extensions ['ignore', 'ignore_ament_install']
[0.454s] Level 1:colcon.colcon_core.package_identification:_identify(stm32_fw/Drivers/CMSIS/Device/ST/STM32F1xx/Source/Templates/iar) by extension 'ignore'
[0.454s] Level 1:colcon.colcon_core.package_identification:_identify(stm32_fw/Drivers/CMSIS/Device/ST/STM32F1xx/Source/Templates/iar) by extension 'ignore_ament_install'
[0.454s] Level 1:colcon.colcon_core.package_identification:_identify(stm32_fw/Drivers/CMSIS/Device/ST/STM32F1xx/Source/Templates/iar) by extensions ['colcon_pkg']
[0.454s] Level 1:colcon.colcon_core.package_identification:_identify(stm32_fw/Drivers/CMSIS/Device/ST/STM32F1xx/Source/Templates/iar) by extension 'colcon_pkg'
[0.454s] Level 1:colcon.colcon_core.package_identification:_identify(stm32_fw/Drivers/CMSIS/Device/ST/STM32F1xx/Source/Templates/iar) by extensions ['colcon_meta']
[0.454s] Level 1:colcon.colcon_core.package_identification:_identify(stm32_fw/Drivers/CMSIS/Device/ST/STM32F1xx/Source/Templates/iar) by extension 'colcon_meta'
[0.454s] Level 1:colcon.colcon_core.package_identification:_identify(stm32_fw/Drivers/CMSIS/Device/ST/STM32F1xx/Source/Templates/iar) by extensions ['ros']
[0.454s] Level 1:colcon.colcon_core.package_identification:_identify(stm32_fw/Drivers/CMSIS/Device/ST/STM32F1xx/Source/Templates/iar) by extension 'ros'
[0.454s] Level 1:colcon.colcon_core.package_identification:_identify(stm32_fw/Drivers/CMSIS/Device/ST/STM32F1xx/Source/Templates/iar) by extensions ['cmake', 'python']
[0.454s] Level 1:colcon.colcon_core.package_identification:_identify(stm32_fw/Drivers/CMSIS/Device/ST/STM32F1xx/Source/Templates/iar) by extension 'cmake'
[0.454s] Level 1:colcon.colcon_core.package_identification:_identify(stm32_fw/Drivers/CMSIS/Device/ST/STM32F1xx/Source/Templates/iar) by extension 'python'
[0.454s] Level 1:colcon.colcon_core.package_identification:_identify(stm32_fw/Drivers/CMSIS/Device/ST/STM32F1xx/Source/Templates/iar) by extensions ['python_setup_py']
[0.454s] Level 1:colcon.colcon_core.package_identification:_identify(stm32_fw/Drivers/CMSIS/Device/ST/STM32F1xx/Source/Templates/iar) by extension 'python_setup_py'
[0.454s] Level 1:colcon.colcon_core.package_identification:_identify(stm32_fw/Drivers/CMSIS/Device/ST/STM32F1xx/Source/Templates/iar/linker) by extensions ['ignore', 'ignore_ament_install']
[0.454s] Level 1:colcon.colcon_core.package_identification:_identify(stm32_fw/Drivers/CMSIS/Device/ST/STM32F1xx/Source/Templates/iar/linker) by extension 'ignore'
[0.454s] Level 1:colcon.colcon_core.package_identification:_identify(stm32_fw/Drivers/CMSIS/Device/ST/STM32F1xx/Source/Templates/iar/linker) by extension 'ignore_ament_install'
[0.454s] Level 1:colcon.colcon_core.package_identification:_identify(stm32_fw/Drivers/CMSIS/Device/ST/STM32F1xx/Source/Templates/iar/linker) by extensions ['colcon_pkg']
[0.454s] Level 1:colcon.colcon_core.package_identification:_identify(stm32_fw/Drivers/CMSIS/Device/ST/STM32F1xx/Source/Templates/iar/linker) by extension 'colcon_pkg'
[0.454s] Level 1:colcon.colcon_core.package_identification:_identify(stm32_fw/Drivers/CMSIS/Device/ST/STM32F1xx/Source/Templates/iar/linker) by extensions ['colcon_meta']
[0.454s] Level 1:colcon.colcon_core.package_identification:_identify(stm32_fw/Drivers/CMSIS/Device/ST/STM32F1xx/Source/Templates/iar/linker) by extension 'colcon_meta'
[0.454s] Level 1:colcon.colcon_core.package_identification:_identify(stm32_fw/Drivers/CMSIS/Device/ST/STM32F1xx/Source/Templates/iar/linker) by extensions ['ros']
[0.455s] Level 1:colcon.colcon_core.package_identification:_identify(stm32_fw/Drivers/CMSIS/Device/ST/STM32F1xx/Source/Templates/iar/linker) by extension 'ros'
[0.455s] Level 1:colcon.colcon_core.package_identification:_identify(stm32_fw/Drivers/CMSIS/Device/ST/STM32F1xx/Source/Templates/iar/linker) by extensions ['cmake', 'python']
[0.455s] Level 1:colcon.colcon_core.package_identification:_identify(stm32_fw/Drivers/CMSIS/Device/ST/STM32F1xx/Source/Templates/iar/linker) by extension 'cmake'
[0.455s] Level 1:colcon.colcon_core.package_identification:_identify(stm32_fw/Drivers/CMSIS/Device/ST/STM32F1xx/Source/Templates/iar/linker) by extension 'python'
[0.455s] Level 1:colcon.colcon_core.package_identification:_identify(stm32_fw/Drivers/CMSIS/Device/ST/STM32F1xx/Source/Templates/iar/linker) by extensions ['python_setup_py']
[0.455s] Level 1:colcon.colcon_core.package_identification:_identify(stm32_fw/Drivers/CMSIS/Device/ST/STM32F1xx/Source/Templates/iar/linker) by extension 'python_setup_py'
[0.455s] Level 1:colcon.colcon_core.package_identification:_identify(stm32_fw/Drivers/CMSIS/Include) by extensions ['ignore', 'ignore_ament_install']
[0.455s] Level 1:colcon.colcon_core.package_identification:_identify(stm32_fw/Drivers/CMSIS/Include) by extension 'ignore'
[0.455s] Level 1:colcon.colcon_core.package_identification:_identify(stm32_fw/Drivers/CMSIS/Include) by extension 'ignore_ament_install'
[0.455s] Level 1:colcon.colcon_core.package_identification:_identify(stm32_fw/Drivers/CMSIS/Include) by extensions ['colcon_pkg']
[0.455s] Level 1:colcon.colcon_core.package_identification:_identify(stm32_fw/Drivers/CMSIS/Include) by extension 'colcon_pkg'
[0.455s] Level 1:colcon.colcon_core.package_identification:_identify(stm32_fw/Drivers/CMSIS/Include) by extensions ['colcon_meta']
[0.455s] Level 1:colcon.colcon_core.package_identification:_identify(stm32_fw/Drivers/CMSIS/Include) by extension 'colcon_meta'
[0.455s] Level 1:colcon.colcon_core.package_identification:_identify(stm32_fw/Drivers/CMSIS/Include) by extensions ['ros']
[0.455s] Level 1:colcon.colcon_core.package_identification:_identify(stm32_fw/Drivers/CMSIS/Include) by extension 'ros'
[0.455s] Level 1:colcon.colcon_core.package_identification:_identify(stm32_fw/Drivers/CMSIS/Include) by extensions ['cmake', 'python']
[0.455s] Level 1:colcon.colcon_core.package_identification:_identify(stm32_fw/Drivers/CMSIS/Include) by extension 'cmake'
[0.455s] Level 1:colcon.colcon_core.package_identification:_identify(stm32_fw/Drivers/CMSIS/Include) by extension 'python'
[0.455s] Level 1:colcon.colcon_core.package_identification:_identify(stm32_fw/Drivers/CMSIS/Include) by extensions ['python_setup_py']
[0.455s] Level 1:colcon.colcon_core.package_identification:_identify(stm32_fw/Drivers/CMSIS/Include) by extension 'python_setup_py'
[0.455s] Level 1:colcon.colcon_core.package_identification:_identify(stm32_fw/Drivers/CMSIS/Lib) by extensions ['ignore', 'ignore_ament_install']
[0.455s] Level 1:colcon.colcon_core.package_identification:_identify(stm32_fw/Drivers/CMSIS/Lib) by extension 'ignore'
[0.455s] Level 1:colcon.colcon_core.package_identification:_identify(stm32_fw/Drivers/CMSIS/Lib) by extension 'ignore_ament_install'
[0.455s] Level 1:colcon.colcon_core.package_identification:_identify(stm32_fw/Drivers/CMSIS/Lib) by extensions ['colcon_pkg']
[0.455s] Level 1:colcon.colcon_core.package_identification:_identify(stm32_fw/Drivers/CMSIS/Lib) by extension 'colcon_pkg'
[0.455s] Level 1:colcon.colcon_core.package_identification:_identify(stm32_fw/Drivers/CMSIS/Lib) by extensions ['colcon_meta']
[0.456s] Level 1:colcon.colcon_core.package_identification:_identify(stm32_fw/Drivers/CMSIS/Lib) by extension 'colcon_meta'
[0.456s] Level 1:colcon.colcon_core.package_identification:_identify(stm32_fw/Drivers/CMSIS/Lib) by extensions ['ros']
[0.456s] Level 1:colcon.colcon_core.package_identification:_identify(stm32_fw/Drivers/CMSIS/Lib) by extension 'ros'
[0.456s] Level 1:colcon.colcon_core.package_identification:_identify(stm32_fw/Drivers/CMSIS/Lib) by extensions ['cmake', 'python']
[0.456s] Level 1:colcon.colcon_core.package_identification:_identify(stm32_fw/Drivers/CMSIS/Lib) by extension 'cmake'
[0.456s] Level 1:colcon.colcon_core.package_identification:_identify(stm32_fw/Drivers/CMSIS/Lib) by extension 'python'
[0.456s] Level 1:colcon.colcon_core.package_identification:_identify(stm32_fw/Drivers/CMSIS/Lib) by extensions ['python_setup_py']
[0.456s] Level 1:colcon.colcon_core.package_identification:_identify(stm32_fw/Drivers/CMSIS/Lib) by extension 'python_setup_py'
[0.456s] Level 1:colcon.colcon_core.package_identification:_identify(stm32_fw/Drivers/CMSIS/Lib/ARM) by extensions ['ignore', 'ignore_ament_install']
[0.456s] Level 1:colcon.colcon_core.package_identification:_identify(stm32_fw/Drivers/CMSIS/Lib/ARM) by extension 'ignore'
[0.456s] Level 1:colcon.colcon_core.package_identification:_identify(stm32_fw/Drivers/CMSIS/Lib/ARM) by extension 'ignore_ament_install'
[0.456s] Level 1:colcon.colcon_core.package_identification:_identify(stm32_fw/Drivers/CMSIS/Lib/ARM) by extensions ['colcon_pkg']
[0.456s] Level 1:colcon.colcon_core.package_identification:_identify(stm32_fw/Drivers/CMSIS/Lib/ARM) by extension 'colcon_pkg'
[0.456s] Level 1:colcon.colcon_core.package_identification:_identify(stm32_fw/Drivers/CMSIS/Lib/ARM) by extensions ['colcon_meta']
[0.456s] Level 1:colcon.colcon_core.package_identification:_identify(stm32_fw/Drivers/CMSIS/Lib/ARM) by extension 'colcon_meta'
[0.456s] Level 1:colcon.colcon_core.package_identification:_identify(stm32_fw/Drivers/CMSIS/Lib/ARM) by extensions ['ros']
[0.456s] Level 1:colcon.colcon_core.package_identification:_identify(stm32_fw/Drivers/CMSIS/Lib/ARM) by extension 'ros'
[0.456s] Level 1:colcon.colcon_core.package_identification:_identify(stm32_fw/Drivers/CMSIS/Lib/ARM) by extensions ['cmake', 'python']
[0.456s] Level 1:colcon.colcon_core.package_identification:_identify(stm32_fw/Drivers/CMSIS/Lib/ARM) by extension 'cmake'
[0.456s] Level 1:colcon.colcon_core.package_identification:_identify(stm32_fw/Drivers/CMSIS/Lib/ARM) by extension 'python'
[0.456s] Level 1:colcon.colcon_core.package_identification:_identify(stm32_fw/Drivers/CMSIS/Lib/ARM) by extensions ['python_setup_py']
[0.456s] Level 1:colcon.colcon_core.package_identification:_identify(stm32_fw/Drivers/CMSIS/Lib/ARM) by extension 'python_setup_py'
[0.456s] Level 1:colcon.colcon_core.package_identification:_identify(stm32_fw/Drivers/CMSIS/Lib/GCC) by extensions ['ignore', 'ignore_ament_install']
[0.456s] Level 1:colcon.colcon_core.package_identification:_identify(stm32_fw/Drivers/CMSIS/Lib/GCC) by extension 'ignore'
[0.456s] Level 1:colcon.colcon_core.package_identification:_identify(stm32_fw/Drivers/CMSIS/Lib/GCC) by extension 'ignore_ament_install'
[0.457s] Level 1:colcon.colcon_core.package_identification:_identify(stm32_fw/Drivers/CMSIS/Lib/GCC) by extensions ['colcon_pkg']
[0.457s] Level 1:colcon.colcon_core.package_identification:_identify(stm32_fw/Drivers/CMSIS/Lib/GCC) by extension 'colcon_pkg'
[0.457s] Level 1:colcon.colcon_core.package_identification:_identify(stm32_fw/Drivers/CMSIS/Lib/GCC) by extensions ['colcon_meta']
[0.457s] Level 1:colcon.colcon_core.package_identification:_identify(stm32_fw/Drivers/CMSIS/Lib/GCC) by extension 'colcon_meta'
[0.457s] Level 1:colcon.colcon_core.package_identification:_identify(stm32_fw/Drivers/CMSIS/Lib/GCC) by extensions ['ros']
[0.457s] Level 1:colcon.colcon_core.package_identification:_identify(stm32_fw/Drivers/CMSIS/Lib/GCC) by extension 'ros'
[0.457s] Level 1:colcon.colcon_core.package_identification:_identify(stm32_fw/Drivers/CMSIS/Lib/GCC) by extensions ['cmake', 'python']
[0.457s] Level 1:colcon.colcon_core.package_identification:_identify(stm32_fw/Drivers/CMSIS/Lib/GCC) by extension 'cmake'
[0.457s] Level 1:colcon.colcon_core.package_identification:_identify(stm32_fw/Drivers/CMSIS/Lib/GCC) by extension 'python'
[0.457s] Level 1:colcon.colcon_core.package_identification:_identify(stm32_fw/Drivers/CMSIS/Lib/GCC) by extensions ['python_setup_py']
[0.457s] Level 1:colcon.colcon_core.package_identification:_identify(stm32_fw/Drivers/CMSIS/Lib/GCC) by extension 'python_setup_py'
[0.457s] Level 1:colcon.colcon_core.package_identification:_identify(stm32_fw/Drivers/CMSIS/Lib/IAR) by extensions ['ignore', 'ignore_ament_install']
[0.457s] Level 1:colcon.colcon_core.package_identification:_identify(stm32_fw/Drivers/CMSIS/Lib/IAR) by extension 'ignore'
[0.457s] Level 1:colcon.colcon_core.package_identification:_identify(stm32_fw/Drivers/CMSIS/Lib/IAR) by extension 'ignore_ament_install'
[0.457s] Level 1:colcon.colcon_core.package_identification:_identify(stm32_fw/Drivers/CMSIS/Lib/IAR) by extensions ['colcon_pkg']
[0.457s] Level 1:colcon.colcon_core.package_identification:_identify(stm32_fw/Drivers/CMSIS/Lib/IAR) by extension 'colcon_pkg'
[0.457s] Level 1:colcon.colcon_core.package_identification:_identify(stm32_fw/Drivers/CMSIS/Lib/IAR) by extensions ['colcon_meta']
[0.457s] Level 1:colcon.colcon_core.package_identification:_identify(stm32_fw/Drivers/CMSIS/Lib/IAR) by extension 'colcon_meta'
[0.457s] Level 1:colcon.colcon_core.package_identification:_identify(stm32_fw/Drivers/CMSIS/Lib/IAR) by extensions ['ros']
[0.457s] Level 1:colcon.colcon_core.package_identification:_identify(stm32_fw/Drivers/CMSIS/Lib/IAR) by extension 'ros'
[0.457s] Level 1:colcon.colcon_core.package_identification:_identify(stm32_fw/Drivers/CMSIS/Lib/IAR) by extensions ['cmake', 'python']
[0.457s] Level 1:colcon.colcon_core.package_identification:_identify(stm32_fw/Drivers/CMSIS/Lib/IAR) by extension 'cmake'
[0.457s] Level 1:colcon.colcon_core.package_identification:_identify(stm32_fw/Drivers/CMSIS/Lib/IAR) by extension 'python'
[0.457s] Level 1:colcon.colcon_core.package_identification:_identify(stm32_fw/Drivers/CMSIS/Lib/IAR) by extensions ['python_setup_py']
[0.457s] Level 1:colcon.colcon_core.package_identification:_identify(stm32_fw/Drivers/CMSIS/Lib/IAR) by extension 'python_setup_py'
[0.457s] Level 1:colcon.colcon_core.package_identification:_identify(stm32_fw/Drivers/CMSIS/NN) by extensions ['ignore', 'ignore_ament_install']
[0.457s] Level 1:colcon.colcon_core.package_identification:_identify(stm32_fw/Drivers/CMSIS/NN) by extension 'ignore'
[0.457s] Level 1:colcon.colcon_core.package_identification:_identify(stm32_fw/Drivers/CMSIS/NN) by extension 'ignore_ament_install'
[0.457s] Level 1:colcon.colcon_core.package_identification:_identify(stm32_fw/Drivers/CMSIS/NN) by extensions ['colcon_pkg']
[0.457s] Level 1:colcon.colcon_core.package_identification:_identify(stm32_fw/Drivers/CMSIS/NN) by extension 'colcon_pkg'
[0.457s] Level 1:colcon.colcon_core.package_identification:_identify(stm32_fw/Drivers/CMSIS/NN) by extensions ['colcon_meta']
[0.457s] Level 1:colcon.colcon_core.package_identification:_identify(stm32_fw/Drivers/CMSIS/NN) by extension 'colcon_meta'
[0.458s] Level 1:colcon.colcon_core.package_identification:_identify(stm32_fw/Drivers/CMSIS/NN) by extensions ['ros']
[0.458s] Level 1:colcon.colcon_core.package_identification:_identify(stm32_fw/Drivers/CMSIS/NN) by extension 'ros'
[0.458s] Level 1:colcon.colcon_core.package_identification:_identify(stm32_fw/Drivers/CMSIS/NN) by extensions ['cmake', 'python']
[0.458s] Level 1:colcon.colcon_core.package_identification:_identify(stm32_fw/Drivers/CMSIS/NN) by extension 'cmake'
[0.458s] Level 1:colcon.colcon_core.package_identification:_identify(stm32_fw/Drivers/CMSIS/NN) by extension 'python'
[0.458s] Level 1:colcon.colcon_core.package_identification:_identify(stm32_fw/Drivers/CMSIS/NN) by extensions ['python_setup_py']
[0.458s] Level 1:colcon.colcon_core.package_identification:_identify(stm32_fw/Drivers/CMSIS/NN) by extension 'python_setup_py'
[0.458s] Level 1:colcon.colcon_core.package_identification:_identify(stm32_fw/Drivers/CMSIS/NN/Examples) by extensions ['ignore', 'ignore_ament_install']
[0.458s] Level 1:colcon.colcon_core.package_identification:_identify(stm32_fw/Drivers/CMSIS/NN/Examples) by extension 'ignore'
[0.458s] Level 1:colcon.colcon_core.package_identification:_identify(stm32_fw/Drivers/CMSIS/NN/Examples) by extension 'ignore_ament_install'
[0.458s] Level 1:colcon.colcon_core.package_identification:_identify(stm32_fw/Drivers/CMSIS/NN/Examples) by extensions ['colcon_pkg']
[0.458s] Level 1:colcon.colcon_core.package_identification:_identify(stm32_fw/Drivers/CMSIS/NN/Examples) by extension 'colcon_pkg'
[0.458s] Level 1:colcon.colcon_core.package_identification:_identify(stm32_fw/Drivers/CMSIS/NN/Examples) by extensions ['colcon_meta']
[0.458s] Level 1:colcon.colcon_core.package_identification:_identify(stm32_fw/Drivers/CMSIS/NN/Examples) by extension 'colcon_meta'
[0.458s] Level 1:colcon.colcon_core.package_identification:_identify(stm32_fw/Drivers/CMSIS/NN/Examples) by extensions ['ros']
[0.458s] Level 1:colcon.colcon_core.package_identification:_identify(stm32_fw/Drivers/CMSIS/NN/Examples) by extension 'ros'
[0.458s] Level 1:colcon.colcon_core.package_identification:_identify(stm32_fw/Drivers/CMSIS/NN/Examples) by extensions ['cmake', 'python']
[0.458s] Level 1:colcon.colcon_core.package_identification:_identify(stm32_fw/Drivers/CMSIS/NN/Examples) by extension 'cmake'
[0.458s] Level 1:colcon.colcon_core.package_identification:_identify(stm32_fw/Drivers/CMSIS/NN/Examples) by extension 'python'
[0.458s] Level 1:colcon.colcon_core.package_identification:_identify(stm32_fw/Drivers/CMSIS/NN/Examples) by extensions ['python_setup_py']
[0.458s] Level 1:colcon.colcon_core.package_identification:_identify(stm32_fw/Drivers/CMSIS/NN/Examples) by extension 'python_setup_py'
[0.458s] Level 1:colcon.colcon_core.package_identification:_identify(stm32_fw/Drivers/CMSIS/NN/Examples/ARM) by extensions ['ignore', 'ignore_ament_install']
[0.458s] Level 1:colcon.colcon_core.package_identification:_identify(stm32_fw/Drivers/CMSIS/NN/Examples/ARM) by extension 'ignore'
[0.459s] Level 1:colcon.colcon_core.package_identification:_identify(stm32_fw/Drivers/CMSIS/NN/Examples/ARM) by extension 'ignore_ament_install'
[0.459s] Level 1:colcon.colcon_core.package_identification:_identify(stm32_fw/Drivers/CMSIS/NN/Examples/ARM) by extensions ['colcon_pkg']
[0.459s] Level 1:colcon.colcon_core.package_identification:_identify(stm32_fw/Drivers/CMSIS/NN/Examples/ARM) by extension 'colcon_pkg'
[0.459s] Level 1:colcon.colcon_core.package_identification:_identify(stm32_fw/Drivers/CMSIS/NN/Examples/ARM) by extensions ['colcon_meta']
[0.459s] Level 1:colcon.colcon_core.package_identification:_identify(stm32_fw/Drivers/CMSIS/NN/Examples/ARM) by extension 'colcon_meta'
[0.459s] Level 1:colcon.colcon_core.package_identification:_identify(stm32_fw/Drivers/CMSIS/NN/Examples/ARM) by extensions ['ros']
[0.459s] Level 1:colcon.colcon_core.package_identification:_identify(stm32_fw/Drivers/CMSIS/NN/Examples/ARM) by extension 'ros'
[0.459s] Level 1:colcon.colcon_core.package_identification:_identify(stm32_fw/Drivers/CMSIS/NN/Examples/ARM) by extensions ['cmake', 'python']
[0.459s] Level 1:colcon.colcon_core.package_identification:_identify(stm32_fw/Drivers/CMSIS/NN/Examples/ARM) by extension 'cmake'
[0.459s] Level 1:colcon.colcon_core.package_identification:_identify(stm32_fw/Drivers/CMSIS/NN/Examples/ARM) by extension 'python'
[0.459s] Level 1:colcon.colcon_core.package_identification:_identify(stm32_fw/Drivers/CMSIS/NN/Examples/ARM) by extensions ['python_setup_py']
[0.459s] Level 1:colcon.colcon_core.package_identification:_identify(stm32_fw/Drivers/CMSIS/NN/Examples/ARM) by extension 'python_setup_py'
[0.459s] Level 1:colcon.colcon_core.package_identification:_identify(stm32_fw/Drivers/CMSIS/NN/Examples/ARM/arm_nn_examples) by extensions ['ignore', 'ignore_ament_install']
[0.459s] Level 1:colcon.colcon_core.package_identification:_identify(stm32_fw/Drivers/CMSIS/NN/Examples/ARM/arm_nn_examples) by extension 'ignore'
[0.459s] Level 1:colcon.colcon_core.package_identification:_identify(stm32_fw/Drivers/CMSIS/NN/Examples/ARM/arm_nn_examples) by extension 'ignore_ament_install'
[0.459s] Level 1:colcon.colcon_core.package_identification:_identify(stm32_fw/Drivers/CMSIS/NN/Examples/ARM/arm_nn_examples) by extensions ['colcon_pkg']
[0.459s] Level 1:colcon.colcon_core.package_identification:_identify(stm32_fw/Drivers/CMSIS/NN/Examples/ARM/arm_nn_examples) by extension 'colcon_pkg'
[0.459s] Level 1:colcon.colcon_core.package_identification:_identify(stm32_fw/Drivers/CMSIS/NN/Examples/ARM/arm_nn_examples) by extensions ['colcon_meta']
[0.459s] Level 1:colcon.colcon_core.package_identification:_identify(stm32_fw/Drivers/CMSIS/NN/Examples/ARM/arm_nn_examples) by extension 'colcon_meta'
[0.459s] Level 1:colcon.colcon_core.package_identification:_identify(stm32_fw/Drivers/CMSIS/NN/Examples/ARM/arm_nn_examples) by extensions ['ros']
[0.459s] Level 1:colcon.colcon_core.package_identification:_identify(stm32_fw/Drivers/CMSIS/NN/Examples/ARM/arm_nn_examples) by extension 'ros'
[0.459s] Level 1:colcon.colcon_core.package_identification:_identify(stm32_fw/Drivers/CMSIS/NN/Examples/ARM/arm_nn_examples) by extensions ['cmake', 'python']
[0.459s] Level 1:colcon.colcon_core.package_identification:_identify(stm32_fw/Drivers/CMSIS/NN/Examples/ARM/arm_nn_examples) by extension 'cmake'
[0.459s] Level 1:colcon.colcon_core.package_identification:_identify(stm32_fw/Drivers/CMSIS/NN/Examples/ARM/arm_nn_examples) by extension 'python'
[0.459s] Level 1:colcon.colcon_core.package_identification:_identify(stm32_fw/Drivers/CMSIS/NN/Examples/ARM/arm_nn_examples) by extensions ['python_setup_py']
[0.459s] Level 1:colcon.colcon_core.package_identification:_identify(stm32_fw/Drivers/CMSIS/NN/Examples/ARM/arm_nn_examples) by extension 'python_setup_py'
[0.460s] Level 1:colcon.colcon_core.package_identification:_identify(stm32_fw/Drivers/CMSIS/NN/Examples/ARM/arm_nn_examples/cifar10) by extensions ['ignore', 'ignore_ament_install']
[0.460s] Level 1:colcon.colcon_core.package_identification:_identify(stm32_fw/Drivers/CMSIS/NN/Examples/ARM/arm_nn_examples/cifar10) by extension 'ignore'
[0.460s] Level 1:colcon.colcon_core.package_identification:_identify(stm32_fw/Drivers/CMSIS/NN/Examples/ARM/arm_nn_examples/cifar10) by extension 'ignore_ament_install'
[0.460s] Level 1:colcon.colcon_core.package_identification:_identify(stm32_fw/Drivers/CMSIS/NN/Examples/ARM/arm_nn_examples/cifar10) by extensions ['colcon_pkg']
[0.460s] Level 1:colcon.colcon_core.package_identification:_identify(stm32_fw/Drivers/CMSIS/NN/Examples/ARM/arm_nn_examples/cifar10) by extension 'colcon_pkg'
[0.460s] Level 1:colcon.colcon_core.package_identification:_identify(stm32_fw/Drivers/CMSIS/NN/Examples/ARM/arm_nn_examples/cifar10) by extensions ['colcon_meta']
[0.460s] Level 1:colcon.colcon_core.package_identification:_identify(stm32_fw/Drivers/CMSIS/NN/Examples/ARM/arm_nn_examples/cifar10) by extension 'colcon_meta'
[0.460s] Level 1:colcon.colcon_core.package_identification:_identify(stm32_fw/Drivers/CMSIS/NN/Examples/ARM/arm_nn_examples/cifar10) by extensions ['ros']
[0.460s] Level 1:colcon.colcon_core.package_identification:_identify(stm32_fw/Drivers/CMSIS/NN/Examples/ARM/arm_nn_examples/cifar10) by extension 'ros'
[0.460s] Level 1:colcon.colcon_core.package_identification:_identify(stm32_fw/Drivers/CMSIS/NN/Examples/ARM/arm_nn_examples/cifar10) by extensions ['cmake', 'python']
[0.460s] Level 1:colcon.colcon_core.package_identification:_identify(stm32_fw/Drivers/CMSIS/NN/Examples/ARM/arm_nn_examples/cifar10) by extension 'cmake'
[0.460s] Level 1:colcon.colcon_core.package_identification:_identify(stm32_fw/Drivers/CMSIS/NN/Examples/ARM/arm_nn_examples/cifar10) by extension 'python'
[0.460s] Level 1:colcon.colcon_core.package_identification:_identify(stm32_fw/Drivers/CMSIS/NN/Examples/ARM/arm_nn_examples/cifar10) by extensions ['python_setup_py']
[0.460s] Level 1:colcon.colcon_core.package_identification:_identify(stm32_fw/Drivers/CMSIS/NN/Examples/ARM/arm_nn_examples/cifar10) by extension 'python_setup_py'
[0.460s] Level 1:colcon.colcon_core.package_identification:_identify(stm32_fw/Drivers/CMSIS/NN/Examples/ARM/arm_nn_examples/cifar10/RTE) by extensions ['ignore', 'ignore_ament_install']
[0.460s] Level 1:colcon.colcon_core.package_identification:_identify(stm32_fw/Drivers/CMSIS/NN/Examples/ARM/arm_nn_examples/cifar10/RTE) by extension 'ignore'
[0.461s] Level 1:colcon.colcon_core.package_identification:_identify(stm32_fw/Drivers/CMSIS/NN/Examples/ARM/arm_nn_examples/cifar10/RTE) by extension 'ignore_ament_install'
[0.461s] Level 1:colcon.colcon_core.package_identification:_identify(stm32_fw/Drivers/CMSIS/NN/Examples/ARM/arm_nn_examples/cifar10/RTE) by extensions ['colcon_pkg']
[0.461s] Level 1:colcon.colcon_core.package_identification:_identify(stm32_fw/Drivers/CMSIS/NN/Examples/ARM/arm_nn_examples/cifar10/RTE) by extension 'colcon_pkg'
[0.461s] Level 1:colcon.colcon_core.package_identification:_identify(stm32_fw/Drivers/CMSIS/NN/Examples/ARM/arm_nn_examples/cifar10/RTE) by extensions ['colcon_meta']
[0.461s] Level 1:colcon.colcon_core.package_identification:_identify(stm32_fw/Drivers/CMSIS/NN/Examples/ARM/arm_nn_examples/cifar10/RTE) by extension 'colcon_meta'
[0.461s] Level 1:colcon.colcon_core.package_identification:_identify(stm32_fw/Drivers/CMSIS/NN/Examples/ARM/arm_nn_examples/cifar10/RTE) by extensions ['ros']
[0.461s] Level 1:colcon.colcon_core.package_identification:_identify(stm32_fw/Drivers/CMSIS/NN/Examples/ARM/arm_nn_examples/cifar10/RTE) by extension 'ros'
[0.461s] Level 1:colcon.colcon_core.package_identification:_identify(stm32_fw/Drivers/CMSIS/NN/Examples/ARM/arm_nn_examples/cifar10/RTE) by extensions ['cmake', 'python']
[0.461s] Level 1:colcon.colcon_core.package_identification:_identify(stm32_fw/Drivers/CMSIS/NN/Examples/ARM/arm_nn_examples/cifar10/RTE) by extension 'cmake'
[0.461s] Level 1:colcon.colcon_core.package_identification:_identify(stm32_fw/Drivers/CMSIS/NN/Examples/ARM/arm_nn_examples/cifar10/RTE) by extension 'python'
[0.461s] Level 1:colcon.colcon_core.package_identification:_identify(stm32_fw/Drivers/CMSIS/NN/Examples/ARM/arm_nn_examples/cifar10/RTE) by extensions ['python_setup_py']
[0.461s] Level 1:colcon.colcon_core.package_identification:_identify(stm32_fw/Drivers/CMSIS/NN/Examples/ARM/arm_nn_examples/cifar10/RTE) by extension 'python_setup_py'
[0.461s] Level 1:colcon.colcon_core.package_identification:_identify(stm32_fw/Drivers/CMSIS/NN/Examples/ARM/arm_nn_examples/cifar10/RTE/Compiler) by extensions ['ignore', 'ignore_ament_install']
[0.461s] Level 1:colcon.colcon_core.package_identification:_identify(stm32_fw/Drivers/CMSIS/NN/Examples/ARM/arm_nn_examples/cifar10/RTE/Compiler) by extension 'ignore'
[0.461s] Level 1:colcon.colcon_core.package_identification:_identify(stm32_fw/Drivers/CMSIS/NN/Examples/ARM/arm_nn_examples/cifar10/RTE/Compiler) by extension 'ignore_ament_install'
[0.461s] Level 1:colcon.colcon_core.package_identification:_identify(stm32_fw/Drivers/CMSIS/NN/Examples/ARM/arm_nn_examples/cifar10/RTE/Compiler) by extensions ['colcon_pkg']
[0.461s] Level 1:colcon.colcon_core.package_identification:_identify(stm32_fw/Drivers/CMSIS/NN/Examples/ARM/arm_nn_examples/cifar10/RTE/Compiler) by extension 'colcon_pkg'
[0.461s] Level 1:colcon.colcon_core.package_identification:_identify(stm32_fw/Drivers/CMSIS/NN/Examples/ARM/arm_nn_examples/cifar10/RTE/Compiler) by extensions ['colcon_meta']
[0.461s] Level 1:colcon.colcon_core.package_identification:_identify(stm32_fw/Drivers/CMSIS/NN/Examples/ARM/arm_nn_examples/cifar10/RTE/Compiler) by extension 'colcon_meta'
[0.461s] Level 1:colcon.colcon_core.package_identification:_identify(stm32_fw/Drivers/CMSIS/NN/Examples/ARM/arm_nn_examples/cifar10/RTE/Compiler) by extensions ['ros']
[0.461s] Level 1:colcon.colcon_core.package_identification:_identify(stm32_fw/Drivers/CMSIS/NN/Examples/ARM/arm_nn_examples/cifar10/RTE/Compiler) by extension 'ros'
[0.461s] Level 1:colcon.colcon_core.package_identification:_identify(stm32_fw/Drivers/CMSIS/NN/Examples/ARM/arm_nn_examples/cifar10/RTE/Compiler) by extensions ['cmake', 'python']
[0.461s] Level 1:colcon.colcon_core.package_identification:_identify(stm32_fw/Drivers/CMSIS/NN/Examples/ARM/arm_nn_examples/cifar10/RTE/Compiler) by extension 'cmake'
[0.461s] Level 1:colcon.colcon_core.package_identification:_identify(stm32_fw/Drivers/CMSIS/NN/Examples/ARM/arm_nn_examples/cifar10/RTE/Compiler) by extension 'python'
[0.462s] Level 1:colcon.colcon_core.package_identification:_identify(stm32_fw/Drivers/CMSIS/NN/Examples/ARM/arm_nn_examples/cifar10/RTE/Compiler) by extensions ['python_setup_py']
[0.462s] Level 1:colcon.colcon_core.package_identification:_identify(stm32_fw/Drivers/CMSIS/NN/Examples/ARM/arm_nn_examples/cifar10/RTE/Compiler) by extension 'python_setup_py'
[0.462s] Level 1:colcon.colcon_core.package_identification:_identify(stm32_fw/Drivers/CMSIS/NN/Examples/ARM/arm_nn_examples/cifar10/RTE/_ARMCM0) by extensions ['ignore', 'ignore_ament_install']
[0.462s] Level 1:colcon.colcon_core.package_identification:_identify(stm32_fw/Drivers/CMSIS/NN/Examples/ARM/arm_nn_examples/cifar10/RTE/_ARMCM0) by extension 'ignore'
[0.462s] Level 1:colcon.colcon_core.package_identification:_identify(stm32_fw/Drivers/CMSIS/NN/Examples/ARM/arm_nn_examples/cifar10/RTE/_ARMCM0) by extension 'ignore_ament_install'
[0.462s] Level 1:colcon.colcon_core.package_identification:_identify(stm32_fw/Drivers/CMSIS/NN/Examples/ARM/arm_nn_examples/cifar10/RTE/_ARMCM0) by extensions ['colcon_pkg']
[0.462s] Level 1:colcon.colcon_core.package_identification:_identify(stm32_fw/Drivers/CMSIS/NN/Examples/ARM/arm_nn_examples/cifar10/RTE/_ARMCM0) by extension 'colcon_pkg'
[0.462s] Level 1:colcon.colcon_core.package_identification:_identify(stm32_fw/Drivers/CMSIS/NN/Examples/ARM/arm_nn_examples/cifar10/RTE/_ARMCM0) by extensions ['colcon_meta']
[0.462s] Level 1:colcon.colcon_core.package_identification:_identify(stm32_fw/Drivers/CMSIS/NN/Examples/ARM/arm_nn_examples/cifar10/RTE/_ARMCM0) by extension 'colcon_meta'
[0.462s] Level 1:colcon.colcon_core.package_identification:_identify(stm32_fw/Drivers/CMSIS/NN/Examples/ARM/arm_nn_examples/cifar10/RTE/_ARMCM0) by extensions ['ros']
[0.462s] Level 1:colcon.colcon_core.package_identification:_identify(stm32_fw/Drivers/CMSIS/NN/Examples/ARM/arm_nn_examples/cifar10/RTE/_ARMCM0) by extension 'ros'
[0.462s] Level 1:colcon.colcon_core.package_identification:_identify(stm32_fw/Drivers/CMSIS/NN/Examples/ARM/arm_nn_examples/cifar10/RTE/_ARMCM0) by extensions ['cmake', 'python']
[0.462s] Level 1:colcon.colcon_core.package_identification:_identify(stm32_fw/Drivers/CMSIS/NN/Examples/ARM/arm_nn_examples/cifar10/RTE/_ARMCM0) by extension 'cmake'
[0.462s] Level 1:colcon.colcon_core.package_identification:_identify(stm32_fw/Drivers/CMSIS/NN/Examples/ARM/arm_nn_examples/cifar10/RTE/_ARMCM0) by extension 'python'
[0.462s] Level 1:colcon.colcon_core.package_identification:_identify(stm32_fw/Drivers/CMSIS/NN/Examples/ARM/arm_nn_examples/cifar10/RTE/_ARMCM0) by extensions ['python_setup_py']
[0.462s] Level 1:colcon.colcon_core.package_identification:_identify(stm32_fw/Drivers/CMSIS/NN/Examples/ARM/arm_nn_examples/cifar10/RTE/_ARMCM0) by extension 'python_setup_py'
[0.462s] Level 1:colcon.colcon_core.package_identification:_identify(stm32_fw/Drivers/CMSIS/NN/Examples/ARM/arm_nn_examples/cifar10/RTE/_ARMCM3) by extensions ['ignore', 'ignore_ament_install']
[0.462s] Level 1:colcon.colcon_core.package_identification:_identify(stm32_fw/Drivers/CMSIS/NN/Examples/ARM/arm_nn_examples/cifar10/RTE/_ARMCM3) by extension 'ignore'
[0.462s] Level 1:colcon.colcon_core.package_identification:_identify(stm32_fw/Drivers/CMSIS/NN/Examples/ARM/arm_nn_examples/cifar10/RTE/_ARMCM3) by extension 'ignore_ament_install'
[0.462s] Level 1:colcon.colcon_core.package_identification:_identify(stm32_fw/Drivers/CMSIS/NN/Examples/ARM/arm_nn_examples/cifar10/RTE/_ARMCM3) by extensions ['colcon_pkg']
[0.462s] Level 1:colcon.colcon_core.package_identification:_identify(stm32_fw/Drivers/CMSIS/NN/Examples/ARM/arm_nn_examples/cifar10/RTE/_ARMCM3) by extension 'colcon_pkg'
[0.462s] Level 1:colcon.colcon_core.package_identification:_identify(stm32_fw/Drivers/CMSIS/NN/Examples/ARM/arm_nn_examples/cifar10/RTE/_ARMCM3) by extensions ['colcon_meta']
[0.462s] Level 1:colcon.colcon_core.package_identification:_identify(stm32_fw/Drivers/CMSIS/NN/Examples/ARM/arm_nn_examples/cifar10/RTE/_ARMCM3) by extension 'colcon_meta'
[0.463s] Level 1:colcon.colcon_core.package_identification:_identify(stm32_fw/Drivers/CMSIS/NN/Examples/ARM/arm_nn_examples/cifar10/RTE/_ARMCM3) by extensions ['ros']
[0.463s] Level 1:colcon.colcon_core.package_identification:_identify(stm32_fw/Drivers/CMSIS/NN/Examples/ARM/arm_nn_examples/cifar10/RTE/_ARMCM3) by extension 'ros'
[0.463s] Level 1:colcon.colcon_core.package_identification:_identify(stm32_fw/Drivers/CMSIS/NN/Examples/ARM/arm_nn_examples/cifar10/RTE/_ARMCM3) by extensions ['cmake', 'python']
[0.463s] Level 1:colcon.colcon_core.package_identification:_identify(stm32_fw/Drivers/CMSIS/NN/Examples/ARM/arm_nn_examples/cifar10/RTE/_ARMCM3) by extension 'cmake'
[0.463s] Level 1:colcon.colcon_core.package_identification:_identify(stm32_fw/Drivers/CMSIS/NN/Examples/ARM/arm_nn_examples/cifar10/RTE/_ARMCM3) by extension 'python'
[0.463s] Level 1:colcon.colcon_core.package_identification:_identify(stm32_fw/Drivers/CMSIS/NN/Examples/ARM/arm_nn_examples/cifar10/RTE/_ARMCM3) by extensions ['python_setup_py']
[0.463s] Level 1:colcon.colcon_core.package_identification:_identify(stm32_fw/Drivers/CMSIS/NN/Examples/ARM/arm_nn_examples/cifar10/RTE/_ARMCM3) by extension 'python_setup_py'
[0.463s] Level 1:colcon.colcon_core.package_identification:_identify(stm32_fw/Drivers/CMSIS/NN/Examples/ARM/arm_nn_examples/cifar10/RTE/_ARMCM4_FP) by extensions ['ignore', 'ignore_ament_install']
[0.463s] Level 1:colcon.colcon_core.package_identification:_identify(stm32_fw/Drivers/CMSIS/NN/Examples/ARM/arm_nn_examples/cifar10/RTE/_ARMCM4_FP) by extension 'ignore'
[0.463s] Level 1:colcon.colcon_core.package_identification:_identify(stm32_fw/Drivers/CMSIS/NN/Examples/ARM/arm_nn_examples/cifar10/RTE/_ARMCM4_FP) by extension 'ignore_ament_install'
[0.463s] Level 1:colcon.colcon_core.package_identification:_identify(stm32_fw/Drivers/CMSIS/NN/Examples/ARM/arm_nn_examples/cifar10/RTE/_ARMCM4_FP) by extensions ['colcon_pkg']
[0.463s] Level 1:colcon.colcon_core.package_identification:_identify(stm32_fw/Drivers/CMSIS/NN/Examples/ARM/arm_nn_examples/cifar10/RTE/_ARMCM4_FP) by extension 'colcon_pkg'
[0.463s] Level 1:colcon.colcon_core.package_identification:_identify(stm32_fw/Drivers/CMSIS/NN/Examples/ARM/arm_nn_examples/cifar10/RTE/_ARMCM4_FP) by extensions ['colcon_meta']
[0.463s] Level 1:colcon.colcon_core.package_identification:_identify(stm32_fw/Drivers/CMSIS/NN/Examples/ARM/arm_nn_examples/cifar10/RTE/_ARMCM4_FP) by extension 'colcon_meta'
[0.463s] Level 1:colcon.colcon_core.package_identification:_identify(stm32_fw/Drivers/CMSIS/NN/Examples/ARM/arm_nn_examples/cifar10/RTE/_ARMCM4_FP) by extensions ['ros']
[0.463s] Level 1:colcon.colcon_core.package_identification:_identify(stm32_fw/Drivers/CMSIS/NN/Examples/ARM/arm_nn_examples/cifar10/RTE/_ARMCM4_FP) by extension 'ros'
[0.463s] Level 1:colcon.colcon_core.package_identification:_identify(stm32_fw/Drivers/CMSIS/NN/Examples/ARM/arm_nn_examples/cifar10/RTE/_ARMCM4_FP) by extensions ['cmake', 'python']
[0.463s] Level 1:colcon.colcon_core.package_identification:_identify(stm32_fw/Drivers/CMSIS/NN/Examples/ARM/arm_nn_examples/cifar10/RTE/_ARMCM4_FP) by extension 'cmake'
[0.463s] Level 1:colcon.colcon_core.package_identification:_identify(stm32_fw/Drivers/CMSIS/NN/Examples/ARM/arm_nn_examples/cifar10/RTE/_ARMCM4_FP) by extension 'python'
[0.463s] Level 1:colcon.colcon_core.package_identification:_identify(stm32_fw/Drivers/CMSIS/NN/Examples/ARM/arm_nn_examples/cifar10/RTE/_ARMCM4_FP) by extensions ['python_setup_py']
[0.463s] Level 1:colcon.colcon_core.package_identification:_identify(stm32_fw/Drivers/CMSIS/NN/Examples/ARM/arm_nn_examples/cifar10/RTE/_ARMCM4_FP) by extension 'python_setup_py'
[0.463s] Level 1:colcon.colcon_core.package_identification:_identify(stm32_fw/Drivers/CMSIS/NN/Examples/ARM/arm_nn_examples/cifar10/RTE/_ARMCM7_SP) by extensions ['ignore', 'ignore_ament_install']
[0.463s] Level 1:colcon.colcon_core.package_identification:_identify(stm32_fw/Drivers/CMSIS/NN/Examples/ARM/arm_nn_examples/cifar10/RTE/_ARMCM7_SP) by extension 'ignore'
[0.463s] Level 1:colcon.colcon_core.package_identification:_identify(stm32_fw/Drivers/CMSIS/NN/Examples/ARM/arm_nn_examples/cifar10/RTE/_ARMCM7_SP) by extension 'ignore_ament_install'
[0.464s] Level 1:colcon.colcon_core.package_identification:_identify(stm32_fw/Drivers/CMSIS/NN/Examples/ARM/arm_nn_examples/cifar10/RTE/_ARMCM7_SP) by extensions ['colcon_pkg']
[0.464s] Level 1:colcon.colcon_core.package_identification:_identify(stm32_fw/Drivers/CMSIS/NN/Examples/ARM/arm_nn_examples/cifar10/RTE/_ARMCM7_SP) by extension 'colcon_pkg'
[0.464s] Level 1:colcon.colcon_core.package_identification:_identify(stm32_fw/Drivers/CMSIS/NN/Examples/ARM/arm_nn_examples/cifar10/RTE/_ARMCM7_SP) by extensions ['colcon_meta']
[0.464s] Level 1:colcon.colcon_core.package_identification:_identify(stm32_fw/Drivers/CMSIS/NN/Examples/ARM/arm_nn_examples/cifar10/RTE/_ARMCM7_SP) by extension 'colcon_meta'
[0.464s] Level 1:colcon.colcon_core.package_identification:_identify(stm32_fw/Drivers/CMSIS/NN/Examples/ARM/arm_nn_examples/cifar10/RTE/_ARMCM7_SP) by extensions ['ros']
[0.464s] Level 1:colcon.colcon_core.package_identification:_identify(stm32_fw/Drivers/CMSIS/NN/Examples/ARM/arm_nn_examples/cifar10/RTE/_ARMCM7_SP) by extension 'ros'
[0.464s] Level 1:colcon.colcon_core.package_identification:_identify(stm32_fw/Drivers/CMSIS/NN/Examples/ARM/arm_nn_examples/cifar10/RTE/_ARMCM7_SP) by extensions ['cmake', 'python']
[0.464s] Level 1:colcon.colcon_core.package_identification:_identify(stm32_fw/Drivers/CMSIS/NN/Examples/ARM/arm_nn_examples/cifar10/RTE/_ARMCM7_SP) by extension 'cmake'
[0.464s] Level 1:colcon.colcon_core.package_identification:_identify(stm32_fw/Drivers/CMSIS/NN/Examples/ARM/arm_nn_examples/cifar10/RTE/_ARMCM7_SP) by extension 'python'
[0.464s] Level 1:colcon.colcon_core.package_identification:_identify(stm32_fw/Drivers/CMSIS/NN/Examples/ARM/arm_nn_examples/cifar10/RTE/_ARMCM7_SP) by extensions ['python_setup_py']
[0.464s] Level 1:colcon.colcon_core.package_identification:_identify(stm32_fw/Drivers/CMSIS/NN/Examples/ARM/arm_nn_examples/cifar10/RTE/_ARMCM7_SP) by extension 'python_setup_py'
[0.464s] Level 1:colcon.colcon_core.package_identification:_identify(stm32_fw/Drivers/CMSIS/NN/Examples/ARM/arm_nn_examples/gru) by extensions ['ignore', 'ignore_ament_install']
[0.464s] Level 1:colcon.colcon_core.package_identification:_identify(stm32_fw/Drivers/CMSIS/NN/Examples/ARM/arm_nn_examples/gru) by extension 'ignore'
[0.464s] Level 1:colcon.colcon_core.package_identification:_identify(stm32_fw/Drivers/CMSIS/NN/Examples/ARM/arm_nn_examples/gru) by extension 'ignore_ament_install'
[0.464s] Level 1:colcon.colcon_core.package_identification:_identify(stm32_fw/Drivers/CMSIS/NN/Examples/ARM/arm_nn_examples/gru) by extensions ['colcon_pkg']
[0.464s] Level 1:colcon.colcon_core.package_identification:_identify(stm32_fw/Drivers/CMSIS/NN/Examples/ARM/arm_nn_examples/gru) by extension 'colcon_pkg'
[0.464s] Level 1:colcon.colcon_core.package_identification:_identify(stm32_fw/Drivers/CMSIS/NN/Examples/ARM/arm_nn_examples/gru) by extensions ['colcon_meta']
[0.464s] Level 1:colcon.colcon_core.package_identification:_identify(stm32_fw/Drivers/CMSIS/NN/Examples/ARM/arm_nn_examples/gru) by extension 'colcon_meta'
[0.464s] Level 1:colcon.colcon_core.package_identification:_identify(stm32_fw/Drivers/CMSIS/NN/Examples/ARM/arm_nn_examples/gru) by extensions ['ros']
[0.464s] Level 1:colcon.colcon_core.package_identification:_identify(stm32_fw/Drivers/CMSIS/NN/Examples/ARM/arm_nn_examples/gru) by extension 'ros'
[0.464s] Level 1:colcon.colcon_core.package_identification:_identify(stm32_fw/Drivers/CMSIS/NN/Examples/ARM/arm_nn_examples/gru) by extensions ['cmake', 'python']
[0.464s] Level 1:colcon.colcon_core.package_identification:_identify(stm32_fw/Drivers/CMSIS/NN/Examples/ARM/arm_nn_examples/gru) by extension 'cmake'
[0.464s] Level 1:colcon.colcon_core.package_identification:_identify(stm32_fw/Drivers/CMSIS/NN/Examples/ARM/arm_nn_examples/gru) by extension 'python'
[0.464s] Level 1:colcon.colcon_core.package_identification:_identify(stm32_fw/Drivers/CMSIS/NN/Examples/ARM/arm_nn_examples/gru) by extensions ['python_setup_py']
[0.464s] Level 1:colcon.colcon_core.package_identification:_identify(stm32_fw/Drivers/CMSIS/NN/Examples/ARM/arm_nn_examples/gru) by extension 'python_setup_py'
[0.464s] Level 1:colcon.colcon_core.package_identification:_identify(stm32_fw/Drivers/CMSIS/NN/Examples/ARM/arm_nn_examples/gru/RTE) by extensions ['ignore', 'ignore_ament_install']
[0.465s] Level 1:colcon.colcon_core.package_identification:_identify(stm32_fw/Drivers/CMSIS/NN/Examples/ARM/arm_nn_examples/gru/RTE) by extension 'ignore'
[0.465s] Level 1:colcon.colcon_core.package_identification:_identify(stm32_fw/Drivers/CMSIS/NN/Examples/ARM/arm_nn_examples/gru/RTE) by extension 'ignore_ament_install'
[0.465s] Level 1:colcon.colcon_core.package_identification:_identify(stm32_fw/Drivers/CMSIS/NN/Examples/ARM/arm_nn_examples/gru/RTE) by extensions ['colcon_pkg']
[0.465s] Level 1:colcon.colcon_core.package_identification:_identify(stm32_fw/Drivers/CMSIS/NN/Examples/ARM/arm_nn_examples/gru/RTE) by extension 'colcon_pkg'
[0.465s] Level 1:colcon.colcon_core.package_identification:_identify(stm32_fw/Drivers/CMSIS/NN/Examples/ARM/arm_nn_examples/gru/RTE) by extensions ['colcon_meta']
[0.465s] Level 1:colcon.colcon_core.package_identification:_identify(stm32_fw/Drivers/CMSIS/NN/Examples/ARM/arm_nn_examples/gru/RTE) by extension 'colcon_meta'
[0.465s] Level 1:colcon.colcon_core.package_identification:_identify(stm32_fw/Drivers/CMSIS/NN/Examples/ARM/arm_nn_examples/gru/RTE) by extensions ['ros']
[0.465s] Level 1:colcon.colcon_core.package_identification:_identify(stm32_fw/Drivers/CMSIS/NN/Examples/ARM/arm_nn_examples/gru/RTE) by extension 'ros'
[0.465s] Level 1:colcon.colcon_core.package_identification:_identify(stm32_fw/Drivers/CMSIS/NN/Examples/ARM/arm_nn_examples/gru/RTE) by extensions ['cmake', 'python']
[0.465s] Level 1:colcon.colcon_core.package_identification:_identify(stm32_fw/Drivers/CMSIS/NN/Examples/ARM/arm_nn_examples/gru/RTE) by extension 'cmake'
[0.465s] Level 1:colcon.colcon_core.package_identification:_identify(stm32_fw/Drivers/CMSIS/NN/Examples/ARM/arm_nn_examples/gru/RTE) by extension 'python'
[0.465s] Level 1:colcon.colcon_core.package_identification:_identify(stm32_fw/Drivers/CMSIS/NN/Examples/ARM/arm_nn_examples/gru/RTE) by extensions ['python_setup_py']
[0.465s] Level 1:colcon.colcon_core.package_identification:_identify(stm32_fw/Drivers/CMSIS/NN/Examples/ARM/arm_nn_examples/gru/RTE) by extension 'python_setup_py'
[0.465s] Level 1:colcon.colcon_core.package_identification:_identify(stm32_fw/Drivers/CMSIS/NN/Examples/ARM/arm_nn_examples/gru/RTE/Compiler) by extensions ['ignore', 'ignore_ament_install']
[0.465s] Level 1:colcon.colcon_core.package_identification:_identify(stm32_fw/Drivers/CMSIS/NN/Examples/ARM/arm_nn_examples/gru/RTE/Compiler) by extension 'ignore'
[0.465s] Level 1:colcon.colcon_core.package_identification:_identify(stm32_fw/Drivers/CMSIS/NN/Examples/ARM/arm_nn_examples/gru/RTE/Compiler) by extension 'ignore_ament_install'
[0.465s] Level 1:colcon.colcon_core.package_identification:_identify(stm32_fw/Drivers/CMSIS/NN/Examples/ARM/arm_nn_examples/gru/RTE/Compiler) by extensions ['colcon_pkg']
[0.465s] Level 1:colcon.colcon_core.package_identification:_identify(stm32_fw/Drivers/CMSIS/NN/Examples/ARM/arm_nn_examples/gru/RTE/Compiler) by extension 'colcon_pkg'
[0.465s] Level 1:colcon.colcon_core.package_identification:_identify(stm32_fw/Drivers/CMSIS/NN/Examples/ARM/arm_nn_examples/gru/RTE/Compiler) by extensions ['colcon_meta']
[0.465s] Level 1:colcon.colcon_core.package_identification:_identify(stm32_fw/Drivers/CMSIS/NN/Examples/ARM/arm_nn_examples/gru/RTE/Compiler) by extension 'colcon_meta'
[0.465s] Level 1:colcon.colcon_core.package_identification:_identify(stm32_fw/Drivers/CMSIS/NN/Examples/ARM/arm_nn_examples/gru/RTE/Compiler) by extensions ['ros']
[0.465s] Level 1:colcon.colcon_core.package_identification:_identify(stm32_fw/Drivers/CMSIS/NN/Examples/ARM/arm_nn_examples/gru/RTE/Compiler) by extension 'ros'
[0.465s] Level 1:colcon.colcon_core.package_identification:_identify(stm32_fw/Drivers/CMSIS/NN/Examples/ARM/arm_nn_examples/gru/RTE/Compiler) by extensions ['cmake', 'python']
[0.465s] Level 1:colcon.colcon_core.package_identification:_identify(stm32_fw/Drivers/CMSIS/NN/Examples/ARM/arm_nn_examples/gru/RTE/Compiler) by extension 'cmake'
[0.465s] Level 1:colcon.colcon_core.package_identification:_identify(stm32_fw/Drivers/CMSIS/NN/Examples/ARM/arm_nn_examples/gru/RTE/Compiler) by extension 'python'
[0.465s] Level 1:colcon.colcon_core.package_identification:_identify(stm32_fw/Drivers/CMSIS/NN/Examples/ARM/arm_nn_examples/gru/RTE/Compiler) by extensions ['python_setup_py']
[0.465s] Level 1:colcon.colcon_core.package_identification:_identify(stm32_fw/Drivers/CMSIS/NN/Examples/ARM/arm_nn_examples/gru/RTE/Compiler) by extension 'python_setup_py'
[0.466s] Level 1:colcon.colcon_core.package_identification:_identify(stm32_fw/Drivers/CMSIS/NN/Examples/ARM/arm_nn_examples/gru/RTE/_ARMCM0) by extensions ['ignore', 'ignore_ament_install']
[0.466s] Level 1:colcon.colcon_core.package_identification:_identify(stm32_fw/Drivers/CMSIS/NN/Examples/ARM/arm_nn_examples/gru/RTE/_ARMCM0) by extension 'ignore'
[0.466s] Level 1:colcon.colcon_core.package_identification:_identify(stm32_fw/Drivers/CMSIS/NN/Examples/ARM/arm_nn_examples/gru/RTE/_ARMCM0) by extension 'ignore_ament_install'
[0.466s] Level 1:colcon.colcon_core.package_identification:_identify(stm32_fw/Drivers/CMSIS/NN/Examples/ARM/arm_nn_examples/gru/RTE/_ARMCM0) by extensions ['colcon_pkg']
[0.466s] Level 1:colcon.colcon_core.package_identification:_identify(stm32_fw/Drivers/CMSIS/NN/Examples/ARM/arm_nn_examples/gru/RTE/_ARMCM0) by extension 'colcon_pkg'
[0.466s] Level 1:colcon.colcon_core.package_identification:_identify(stm32_fw/Drivers/CMSIS/NN/Examples/ARM/arm_nn_examples/gru/RTE/_ARMCM0) by extensions ['colcon_meta']
[0.466s] Level 1:colcon.colcon_core.package_identification:_identify(stm32_fw/Drivers/CMSIS/NN/Examples/ARM/arm_nn_examples/gru/RTE/_ARMCM0) by extension 'colcon_meta'
[0.466s] Level 1:colcon.colcon_core.package_identification:_identify(stm32_fw/Drivers/CMSIS/NN/Examples/ARM/arm_nn_examples/gru/RTE/_ARMCM0) by extensions ['ros']
[0.466s] Level 1:colcon.colcon_core.package_identification:_identify(stm32_fw/Drivers/CMSIS/NN/Examples/ARM/arm_nn_examples/gru/RTE/_ARMCM0) by extension 'ros'
[0.466s] Level 1:colcon.colcon_core.package_identification:_identify(stm32_fw/Drivers/CMSIS/NN/Examples/ARM/arm_nn_examples/gru/RTE/_ARMCM0) by extensions ['cmake', 'python']
[0.466s] Level 1:colcon.colcon_core.package_identification:_identify(stm32_fw/Drivers/CMSIS/NN/Examples/ARM/arm_nn_examples/gru/RTE/_ARMCM0) by extension 'cmake'
[0.466s] Level 1:colcon.colcon_core.package_identification:_identify(stm32_fw/Drivers/CMSIS/NN/Examples/ARM/arm_nn_examples/gru/RTE/_ARMCM0) by extension 'python'
[0.466s] Level 1:colcon.colcon_core.package_identification:_identify(stm32_fw/Drivers/CMSIS/NN/Examples/ARM/arm_nn_examples/gru/RTE/_ARMCM0) by extensions ['python_setup_py']
[0.466s] Level 1:colcon.colcon_core.package_identification:_identify(stm32_fw/Drivers/CMSIS/NN/Examples/ARM/arm_nn_examples/gru/RTE/_ARMCM0) by extension 'python_setup_py'
[0.466s] Level 1:colcon.colcon_core.package_identification:_identify(stm32_fw/Drivers/CMSIS/NN/Examples/ARM/arm_nn_examples/gru/RTE/_ARMCM3) by extensions ['ignore', 'ignore_ament_install']
[0.466s] Level 1:colcon.colcon_core.package_identification:_identify(stm32_fw/Drivers/CMSIS/NN/Examples/ARM/arm_nn_examples/gru/RTE/_ARMCM3) by extension 'ignore'
[0.466s] Level 1:colcon.colcon_core.package_identification:_identify(stm32_fw/Drivers/CMSIS/NN/Examples/ARM/arm_nn_examples/gru/RTE/_ARMCM3) by extension 'ignore_ament_install'
[0.466s] Level 1:colcon.colcon_core.package_identification:_identify(stm32_fw/Drivers/CMSIS/NN/Examples/ARM/arm_nn_examples/gru/RTE/_ARMCM3) by extensions ['colcon_pkg']
[0.466s] Level 1:colcon.colcon_core.package_identification:_identify(stm32_fw/Drivers/CMSIS/NN/Examples/ARM/arm_nn_examples/gru/RTE/_ARMCM3) by extension 'colcon_pkg'
[0.466s] Level 1:colcon.colcon_core.package_identification:_identify(stm32_fw/Drivers/CMSIS/NN/Examples/ARM/arm_nn_examples/gru/RTE/_ARMCM3) by extensions ['colcon_meta']
[0.466s] Level 1:colcon.colcon_core.package_identification:_identify(stm32_fw/Drivers/CMSIS/NN/Examples/ARM/arm_nn_examples/gru/RTE/_ARMCM3) by extension 'colcon_meta'
[0.466s] Level 1:colcon.colcon_core.package_identification:_identify(stm32_fw/Drivers/CMSIS/NN/Examples/ARM/arm_nn_examples/gru/RTE/_ARMCM3) by extensions ['ros']
[0.466s] Level 1:colcon.colcon_core.package_identification:_identify(stm32_fw/Drivers/CMSIS/NN/Examples/ARM/arm_nn_examples/gru/RTE/_ARMCM3) by extension 'ros'
[0.466s] Level 1:colcon.colcon_core.package_identification:_identify(stm32_fw/Drivers/CMSIS/NN/Examples/ARM/arm_nn_examples/gru/RTE/_ARMCM3) by extensions ['cmake', 'python']
[0.466s] Level 1:colcon.colcon_core.package_identification:_identify(stm32_fw/Drivers/CMSIS/NN/Examples/ARM/arm_nn_examples/gru/RTE/_ARMCM3) by extension 'cmake'
[0.466s] Level 1:colcon.colcon_core.package_identification:_identify(stm32_fw/Drivers/CMSIS/NN/Examples/ARM/arm_nn_examples/gru/RTE/_ARMCM3) by extension 'python'
[0.467s] Level 1:colcon.colcon_core.package_identification:_identify(stm32_fw/Drivers/CMSIS/NN/Examples/ARM/arm_nn_examples/gru/RTE/_ARMCM3) by extensions ['python_setup_py']
[0.467s] Level 1:colcon.colcon_core.package_identification:_identify(stm32_fw/Drivers/CMSIS/NN/Examples/ARM/arm_nn_examples/gru/RTE/_ARMCM3) by extension 'python_setup_py'
[0.467s] Level 1:colcon.colcon_core.package_identification:_identify(stm32_fw/Drivers/CMSIS/NN/Examples/ARM/arm_nn_examples/gru/RTE/_ARMCM4_FP) by extensions ['ignore', 'ignore_ament_install']
[0.467s] Level 1:colcon.colcon_core.package_identification:_identify(stm32_fw/Drivers/CMSIS/NN/Examples/ARM/arm_nn_examples/gru/RTE/_ARMCM4_FP) by extension 'ignore'
[0.467s] Level 1:colcon.colcon_core.package_identification:_identify(stm32_fw/Drivers/CMSIS/NN/Examples/ARM/arm_nn_examples/gru/RTE/_ARMCM4_FP) by extension 'ignore_ament_install'
[0.467s] Level 1:colcon.colcon_core.package_identification:_identify(stm32_fw/Drivers/CMSIS/NN/Examples/ARM/arm_nn_examples/gru/RTE/_ARMCM4_FP) by extensions ['colcon_pkg']
[0.467s] Level 1:colcon.colcon_core.package_identification:_identify(stm32_fw/Drivers/CMSIS/NN/Examples/ARM/arm_nn_examples/gru/RTE/_ARMCM4_FP) by extension 'colcon_pkg'
[0.467s] Level 1:colcon.colcon_core.package_identification:_identify(stm32_fw/Drivers/CMSIS/NN/Examples/ARM/arm_nn_examples/gru/RTE/_ARMCM4_FP) by extensions ['colcon_meta']
[0.467s] Level 1:colcon.colcon_core.package_identification:_identify(stm32_fw/Drivers/CMSIS/NN/Examples/ARM/arm_nn_examples/gru/RTE/_ARMCM4_FP) by extension 'colcon_meta'
[0.467s] Level 1:colcon.colcon_core.package_identification:_identify(stm32_fw/Drivers/CMSIS/NN/Examples/ARM/arm_nn_examples/gru/RTE/_ARMCM4_FP) by extensions ['ros']
[0.467s] Level 1:colcon.colcon_core.package_identification:_identify(stm32_fw/Drivers/CMSIS/NN/Examples/ARM/arm_nn_examples/gru/RTE/_ARMCM4_FP) by extension 'ros'
[0.467s] Level 1:colcon.colcon_core.package_identification:_identify(stm32_fw/Drivers/CMSIS/NN/Examples/ARM/arm_nn_examples/gru/RTE/_ARMCM4_FP) by extensions ['cmake', 'python']
[0.467s] Level 1:colcon.colcon_core.package_identification:_identify(stm32_fw/Drivers/CMSIS/NN/Examples/ARM/arm_nn_examples/gru/RTE/_ARMCM4_FP) by extension 'cmake'
[0.467s] Level 1:colcon.colcon_core.package_identification:_identify(stm32_fw/Drivers/CMSIS/NN/Examples/ARM/arm_nn_examples/gru/RTE/_ARMCM4_FP) by extension 'python'
[0.467s] Level 1:colcon.colcon_core.package_identification:_identify(stm32_fw/Drivers/CMSIS/NN/Examples/ARM/arm_nn_examples/gru/RTE/_ARMCM4_FP) by extensions ['python_setup_py']
[0.467s] Level 1:colcon.colcon_core.package_identification:_identify(stm32_fw/Drivers/CMSIS/NN/Examples/ARM/arm_nn_examples/gru/RTE/_ARMCM4_FP) by extension 'python_setup_py'
[0.467s] Level 1:colcon.colcon_core.package_identification:_identify(stm32_fw/Drivers/CMSIS/NN/Examples/ARM/arm_nn_examples/gru/RTE/_ARMCM7_SP) by extensions ['ignore', 'ignore_ament_install']
[0.467s] Level 1:colcon.colcon_core.package_identification:_identify(stm32_fw/Drivers/CMSIS/NN/Examples/ARM/arm_nn_examples/gru/RTE/_ARMCM7_SP) by extension 'ignore'
[0.467s] Level 1:colcon.colcon_core.package_identification:_identify(stm32_fw/Drivers/CMSIS/NN/Examples/ARM/arm_nn_examples/gru/RTE/_ARMCM7_SP) by extension 'ignore_ament_install'
[0.467s] Level 1:colcon.colcon_core.package_identification:_identify(stm32_fw/Drivers/CMSIS/NN/Examples/ARM/arm_nn_examples/gru/RTE/_ARMCM7_SP) by extensions ['colcon_pkg']
[0.467s] Level 1:colcon.colcon_core.package_identification:_identify(stm32_fw/Drivers/CMSIS/NN/Examples/ARM/arm_nn_examples/gru/RTE/_ARMCM7_SP) by extension 'colcon_pkg'
[0.467s] Level 1:colcon.colcon_core.package_identification:_identify(stm32_fw/Drivers/CMSIS/NN/Examples/ARM/arm_nn_examples/gru/RTE/_ARMCM7_SP) by extensions ['colcon_meta']
[0.467s] Level 1:colcon.colcon_core.package_identification:_identify(stm32_fw/Drivers/CMSIS/NN/Examples/ARM/arm_nn_examples/gru/RTE/_ARMCM7_SP) by extension 'colcon_meta'
[0.467s] Level 1:colcon.colcon_core.package_identification:_identify(stm32_fw/Drivers/CMSIS/NN/Examples/ARM/arm_nn_examples/gru/RTE/_ARMCM7_SP) by extensions ['ros']
[0.467s] Level 1:colcon.colcon_core.package_identification:_identify(stm32_fw/Drivers/CMSIS/NN/Examples/ARM/arm_nn_examples/gru/RTE/_ARMCM7_SP) by extension 'ros'
[0.467s] Level 1:colcon.colcon_core.package_identification:_identify(stm32_fw/Drivers/CMSIS/NN/Examples/ARM/arm_nn_examples/gru/RTE/_ARMCM7_SP) by extensions ['cmake', 'python']
[0.467s] Level 1:colcon.colcon_core.package_identification:_identify(stm32_fw/Drivers/CMSIS/NN/Examples/ARM/arm_nn_examples/gru/RTE/_ARMCM7_SP) by extension 'cmake'
[0.468s] Level 1:colcon.colcon_core.package_identification:_identify(stm32_fw/Drivers/CMSIS/NN/Examples/ARM/arm_nn_examples/gru/RTE/_ARMCM7_SP) by extension 'python'
[0.468s] Level 1:colcon.colcon_core.package_identification:_identify(stm32_fw/Drivers/CMSIS/NN/Examples/ARM/arm_nn_examples/gru/RTE/_ARMCM7_SP) by extensions ['python_setup_py']
[0.468s] Level 1:colcon.colcon_core.package_identification:_identify(stm32_fw/Drivers/CMSIS/NN/Examples/ARM/arm_nn_examples/gru/RTE/_ARMCM7_SP) by extension 'python_setup_py'
[0.468s] Level 1:colcon.colcon_core.package_identification:_identify(stm32_fw/Drivers/CMSIS/NN/Include) by extensions ['ignore', 'ignore_ament_install']
[0.468s] Level 1:colcon.colcon_core.package_identification:_identify(stm32_fw/Drivers/CMSIS/NN/Include) by extension 'ignore'
[0.468s] Level 1:colcon.colcon_core.package_identification:_identify(stm32_fw/Drivers/CMSIS/NN/Include) by extension 'ignore_ament_install'
[0.468s] Level 1:colcon.colcon_core.package_identification:_identify(stm32_fw/Drivers/CMSIS/NN/Include) by extensions ['colcon_pkg']
[0.468s] Level 1:colcon.colcon_core.package_identification:_identify(stm32_fw/Drivers/CMSIS/NN/Include) by extension 'colcon_pkg'
[0.468s] Level 1:colcon.colcon_core.package_identification:_identify(stm32_fw/Drivers/CMSIS/NN/Include) by extensions ['colcon_meta']
[0.468s] Level 1:colcon.colcon_core.package_identification:_identify(stm32_fw/Drivers/CMSIS/NN/Include) by extension 'colcon_meta'
[0.468s] Level 1:colcon.colcon_core.package_identification:_identify(stm32_fw/Drivers/CMSIS/NN/Include) by extensions ['ros']
[0.468s] Level 1:colcon.colcon_core.package_identification:_identify(stm32_fw/Drivers/CMSIS/NN/Include) by extension 'ros'
[0.468s] Level 1:colcon.colcon_core.package_identification:_identify(stm32_fw/Drivers/CMSIS/NN/Include) by extensions ['cmake', 'python']
[0.468s] Level 1:colcon.colcon_core.package_identification:_identify(stm32_fw/Drivers/CMSIS/NN/Include) by extension 'cmake'
[0.468s] Level 1:colcon.colcon_core.package_identification:_identify(stm32_fw/Drivers/CMSIS/NN/Include) by extension 'python'
[0.468s] Level 1:colcon.colcon_core.package_identification:_identify(stm32_fw/Drivers/CMSIS/NN/Include) by extensions ['python_setup_py']
[0.468s] Level 1:colcon.colcon_core.package_identification:_identify(stm32_fw/Drivers/CMSIS/NN/Include) by extension 'python_setup_py'
[0.468s] Level 1:colcon.colcon_core.package_identification:_identify(stm32_fw/Drivers/CMSIS/NN/NN_Lib_Tests) by extensions ['ignore', 'ignore_ament_install']
[0.468s] Level 1:colcon.colcon_core.package_identification:_identify(stm32_fw/Drivers/CMSIS/NN/NN_Lib_Tests) by extension 'ignore'
[0.468s] Level 1:colcon.colcon_core.package_identification:_identify(stm32_fw/Drivers/CMSIS/NN/NN_Lib_Tests) by extension 'ignore_ament_install'
[0.468s] Level 1:colcon.colcon_core.package_identification:_identify(stm32_fw/Drivers/CMSIS/NN/NN_Lib_Tests) by extensions ['colcon_pkg']
[0.468s] Level 1:colcon.colcon_core.package_identification:_identify(stm32_fw/Drivers/CMSIS/NN/NN_Lib_Tests) by extension 'colcon_pkg'
[0.468s] Level 1:colcon.colcon_core.package_identification:_identify(stm32_fw/Drivers/CMSIS/NN/NN_Lib_Tests) by extensions ['colcon_meta']
[0.468s] Level 1:colcon.colcon_core.package_identification:_identify(stm32_fw/Drivers/CMSIS/NN/NN_Lib_Tests) by extension 'colcon_meta'
[0.469s] Level 1:colcon.colcon_core.package_identification:_identify(stm32_fw/Drivers/CMSIS/NN/NN_Lib_Tests) by extensions ['ros']
[0.469s] Level 1:colcon.colcon_core.package_identification:_identify(stm32_fw/Drivers/CMSIS/NN/NN_Lib_Tests) by extension 'ros'
[0.469s] Level 1:colcon.colcon_core.package_identification:_identify(stm32_fw/Drivers/CMSIS/NN/NN_Lib_Tests) by extensions ['cmake', 'python']
[0.469s] Level 1:colcon.colcon_core.package_identification:_identify(stm32_fw/Drivers/CMSIS/NN/NN_Lib_Tests) by extension 'cmake'
[0.469s] Level 1:colcon.colcon_core.package_identification:_identify(stm32_fw/Drivers/CMSIS/NN/NN_Lib_Tests) by extension 'python'
[0.469s] Level 1:colcon.colcon_core.package_identification:_identify(stm32_fw/Drivers/CMSIS/NN/NN_Lib_Tests) by extensions ['python_setup_py']
[0.469s] Level 1:colcon.colcon_core.package_identification:_identify(stm32_fw/Drivers/CMSIS/NN/NN_Lib_Tests) by extension 'python_setup_py'
[0.469s] Level 1:colcon.colcon_core.package_identification:_identify(stm32_fw/Drivers/CMSIS/NN/NN_Lib_Tests/nn_test) by extensions ['ignore', 'ignore_ament_install']
[0.469s] Level 1:colcon.colcon_core.package_identification:_identify(stm32_fw/Drivers/CMSIS/NN/NN_Lib_Tests/nn_test) by extension 'ignore'
[0.469s] Level 1:colcon.colcon_core.package_identification:_identify(stm32_fw/Drivers/CMSIS/NN/NN_Lib_Tests/nn_test) by extension 'ignore_ament_install'
[0.469s] Level 1:colcon.colcon_core.package_identification:_identify(stm32_fw/Drivers/CMSIS/NN/NN_Lib_Tests/nn_test) by extensions ['colcon_pkg']
[0.469s] Level 1:colcon.colcon_core.package_identification:_identify(stm32_fw/Drivers/CMSIS/NN/NN_Lib_Tests/nn_test) by extension 'colcon_pkg'
[0.469s] Level 1:colcon.colcon_core.package_identification:_identify(stm32_fw/Drivers/CMSIS/NN/NN_Lib_Tests/nn_test) by extensions ['colcon_meta']
[0.469s] Level 1:colcon.colcon_core.package_identification:_identify(stm32_fw/Drivers/CMSIS/NN/NN_Lib_Tests/nn_test) by extension 'colcon_meta'
[0.469s] Level 1:colcon.colcon_core.package_identification:_identify(stm32_fw/Drivers/CMSIS/NN/NN_Lib_Tests/nn_test) by extensions ['ros']
[0.469s] Level 1:colcon.colcon_core.package_identification:_identify(stm32_fw/Drivers/CMSIS/NN/NN_Lib_Tests/nn_test) by extension 'ros'
[0.469s] Level 1:colcon.colcon_core.package_identification:_identify(stm32_fw/Drivers/CMSIS/NN/NN_Lib_Tests/nn_test) by extensions ['cmake', 'python']
[0.469s] Level 1:colcon.colcon_core.package_identification:_identify(stm32_fw/Drivers/CMSIS/NN/NN_Lib_Tests/nn_test) by extension 'cmake'
[0.469s] Level 1:colcon.colcon_core.package_identification:_identify(stm32_fw/Drivers/CMSIS/NN/NN_Lib_Tests/nn_test) by extension 'python'
[0.469s] Level 1:colcon.colcon_core.package_identification:_identify(stm32_fw/Drivers/CMSIS/NN/NN_Lib_Tests/nn_test) by extensions ['python_setup_py']
[0.469s] Level 1:colcon.colcon_core.package_identification:_identify(stm32_fw/Drivers/CMSIS/NN/NN_Lib_Tests/nn_test) by extension 'python_setup_py'
[0.469s] Level 1:colcon.colcon_core.package_identification:_identify(stm32_fw/Drivers/CMSIS/NN/NN_Lib_Tests/nn_test/RTE) by extensions ['ignore', 'ignore_ament_install']
[0.469s] Level 1:colcon.colcon_core.package_identification:_identify(stm32_fw/Drivers/CMSIS/NN/NN_Lib_Tests/nn_test/RTE) by extension 'ignore'
[0.469s] Level 1:colcon.colcon_core.package_identification:_identify(stm32_fw/Drivers/CMSIS/NN/NN_Lib_Tests/nn_test/RTE) by extension 'ignore_ament_install'
[0.470s] Level 1:colcon.colcon_core.package_identification:_identify(stm32_fw/Drivers/CMSIS/NN/NN_Lib_Tests/nn_test/RTE) by extensions ['colcon_pkg']
[0.470s] Level 1:colcon.colcon_core.package_identification:_identify(stm32_fw/Drivers/CMSIS/NN/NN_Lib_Tests/nn_test/RTE) by extension 'colcon_pkg'
[0.470s] Level 1:colcon.colcon_core.package_identification:_identify(stm32_fw/Drivers/CMSIS/NN/NN_Lib_Tests/nn_test/RTE) by extensions ['colcon_meta']
[0.470s] Level 1:colcon.colcon_core.package_identification:_identify(stm32_fw/Drivers/CMSIS/NN/NN_Lib_Tests/nn_test/RTE) by extension 'colcon_meta'
[0.470s] Level 1:colcon.colcon_core.package_identification:_identify(stm32_fw/Drivers/CMSIS/NN/NN_Lib_Tests/nn_test/RTE) by extensions ['ros']
[0.470s] Level 1:colcon.colcon_core.package_identification:_identify(stm32_fw/Drivers/CMSIS/NN/NN_Lib_Tests/nn_test/RTE) by extension 'ros'
[0.470s] Level 1:colcon.colcon_core.package_identification:_identify(stm32_fw/Drivers/CMSIS/NN/NN_Lib_Tests/nn_test/RTE) by extensions ['cmake', 'python']
[0.470s] Level 1:colcon.colcon_core.package_identification:_identify(stm32_fw/Drivers/CMSIS/NN/NN_Lib_Tests/nn_test/RTE) by extension 'cmake'
[0.470s] Level 1:colcon.colcon_core.package_identification:_identify(stm32_fw/Drivers/CMSIS/NN/NN_Lib_Tests/nn_test/RTE) by extension 'python'
[0.470s] Level 1:colcon.colcon_core.package_identification:_identify(stm32_fw/Drivers/CMSIS/NN/NN_Lib_Tests/nn_test/RTE) by extensions ['python_setup_py']
[0.470s] Level 1:colcon.colcon_core.package_identification:_identify(stm32_fw/Drivers/CMSIS/NN/NN_Lib_Tests/nn_test/RTE) by extension 'python_setup_py'
[0.470s] Level 1:colcon.colcon_core.package_identification:_identify(stm32_fw/Drivers/CMSIS/NN/NN_Lib_Tests/nn_test/RTE/_ARMCM0) by extensions ['ignore', 'ignore_ament_install']
[0.470s] Level 1:colcon.colcon_core.package_identification:_identify(stm32_fw/Drivers/CMSIS/NN/NN_Lib_Tests/nn_test/RTE/_ARMCM0) by extension 'ignore'
[0.470s] Level 1:colcon.colcon_core.package_identification:_identify(stm32_fw/Drivers/CMSIS/NN/NN_Lib_Tests/nn_test/RTE/_ARMCM0) by extension 'ignore_ament_install'
[0.470s] Level 1:colcon.colcon_core.package_identification:_identify(stm32_fw/Drivers/CMSIS/NN/NN_Lib_Tests/nn_test/RTE/_ARMCM0) by extensions ['colcon_pkg']
[0.470s] Level 1:colcon.colcon_core.package_identification:_identify(stm32_fw/Drivers/CMSIS/NN/NN_Lib_Tests/nn_test/RTE/_ARMCM0) by extension 'colcon_pkg'
[0.470s] Level 1:colcon.colcon_core.package_identification:_identify(stm32_fw/Drivers/CMSIS/NN/NN_Lib_Tests/nn_test/RTE/_ARMCM0) by extensions ['colcon_meta']
[0.470s] Level 1:colcon.colcon_core.package_identification:_identify(stm32_fw/Drivers/CMSIS/NN/NN_Lib_Tests/nn_test/RTE/_ARMCM0) by extension 'colcon_meta'
[0.470s] Level 1:colcon.colcon_core.package_identification:_identify(stm32_fw/Drivers/CMSIS/NN/NN_Lib_Tests/nn_test/RTE/_ARMCM0) by extensions ['ros']
[0.470s] Level 1:colcon.colcon_core.package_identification:_identify(stm32_fw/Drivers/CMSIS/NN/NN_Lib_Tests/nn_test/RTE/_ARMCM0) by extension 'ros'
[0.470s] Level 1:colcon.colcon_core.package_identification:_identify(stm32_fw/Drivers/CMSIS/NN/NN_Lib_Tests/nn_test/RTE/_ARMCM0) by extensions ['cmake', 'python']
[0.470s] Level 1:colcon.colcon_core.package_identification:_identify(stm32_fw/Drivers/CMSIS/NN/NN_Lib_Tests/nn_test/RTE/_ARMCM0) by extension 'cmake'
[0.470s] Level 1:colcon.colcon_core.package_identification:_identify(stm32_fw/Drivers/CMSIS/NN/NN_Lib_Tests/nn_test/RTE/_ARMCM0) by extension 'python'
[0.470s] Level 1:colcon.colcon_core.package_identification:_identify(stm32_fw/Drivers/CMSIS/NN/NN_Lib_Tests/nn_test/RTE/_ARMCM0) by extensions ['python_setup_py']
[0.470s] Level 1:colcon.colcon_core.package_identification:_identify(stm32_fw/Drivers/CMSIS/NN/NN_Lib_Tests/nn_test/RTE/_ARMCM0) by extension 'python_setup_py'
[0.470s] Level 1:colcon.colcon_core.package_identification:_identify(stm32_fw/Drivers/CMSIS/NN/NN_Lib_Tests/nn_test/RTE/_ARMCM3) by extensions ['ignore', 'ignore_ament_install']
[0.471s] Level 1:colcon.colcon_core.package_identification:_identify(stm32_fw/Drivers/CMSIS/NN/NN_Lib_Tests/nn_test/RTE/_ARMCM3) by extension 'ignore'
[0.471s] Level 1:colcon.colcon_core.package_identification:_identify(stm32_fw/Drivers/CMSIS/NN/NN_Lib_Tests/nn_test/RTE/_ARMCM3) by extension 'ignore_ament_install'
[0.471s] Level 1:colcon.colcon_core.package_identification:_identify(stm32_fw/Drivers/CMSIS/NN/NN_Lib_Tests/nn_test/RTE/_ARMCM3) by extensions ['colcon_pkg']
[0.471s] Level 1:colcon.colcon_core.package_identification:_identify(stm32_fw/Drivers/CMSIS/NN/NN_Lib_Tests/nn_test/RTE/_ARMCM3) by extension 'colcon_pkg'
[0.471s] Level 1:colcon.colcon_core.package_identification:_identify(stm32_fw/Drivers/CMSIS/NN/NN_Lib_Tests/nn_test/RTE/_ARMCM3) by extensions ['colcon_meta']
[0.471s] Level 1:colcon.colcon_core.package_identification:_identify(stm32_fw/Drivers/CMSIS/NN/NN_Lib_Tests/nn_test/RTE/_ARMCM3) by extension 'colcon_meta'
[0.471s] Level 1:colcon.colcon_core.package_identification:_identify(stm32_fw/Drivers/CMSIS/NN/NN_Lib_Tests/nn_test/RTE/_ARMCM3) by extensions ['ros']
[0.471s] Level 1:colcon.colcon_core.package_identification:_identify(stm32_fw/Drivers/CMSIS/NN/NN_Lib_Tests/nn_test/RTE/_ARMCM3) by extension 'ros'
[0.471s] Level 1:colcon.colcon_core.package_identification:_identify(stm32_fw/Drivers/CMSIS/NN/NN_Lib_Tests/nn_test/RTE/_ARMCM3) by extensions ['cmake', 'python']
[0.471s] Level 1:colcon.colcon_core.package_identification:_identify(stm32_fw/Drivers/CMSIS/NN/NN_Lib_Tests/nn_test/RTE/_ARMCM3) by extension 'cmake'
[0.471s] Level 1:colcon.colcon_core.package_identification:_identify(stm32_fw/Drivers/CMSIS/NN/NN_Lib_Tests/nn_test/RTE/_ARMCM3) by extension 'python'
[0.471s] Level 1:colcon.colcon_core.package_identification:_identify(stm32_fw/Drivers/CMSIS/NN/NN_Lib_Tests/nn_test/RTE/_ARMCM3) by extensions ['python_setup_py']
[0.471s] Level 1:colcon.colcon_core.package_identification:_identify(stm32_fw/Drivers/CMSIS/NN/NN_Lib_Tests/nn_test/RTE/_ARMCM3) by extension 'python_setup_py'
[0.471s] Level 1:colcon.colcon_core.package_identification:_identify(stm32_fw/Drivers/CMSIS/NN/NN_Lib_Tests/nn_test/RTE/_ARMCM4_FP) by extensions ['ignore', 'ignore_ament_install']
[0.471s] Level 1:colcon.colcon_core.package_identification:_identify(stm32_fw/Drivers/CMSIS/NN/NN_Lib_Tests/nn_test/RTE/_ARMCM4_FP) by extension 'ignore'
[0.471s] Level 1:colcon.colcon_core.package_identification:_identify(stm32_fw/Drivers/CMSIS/NN/NN_Lib_Tests/nn_test/RTE/_ARMCM4_FP) by extension 'ignore_ament_install'
[0.471s] Level 1:colcon.colcon_core.package_identification:_identify(stm32_fw/Drivers/CMSIS/NN/NN_Lib_Tests/nn_test/RTE/_ARMCM4_FP) by extensions ['colcon_pkg']
[0.471s] Level 1:colcon.colcon_core.package_identification:_identify(stm32_fw/Drivers/CMSIS/NN/NN_Lib_Tests/nn_test/RTE/_ARMCM4_FP) by extension 'colcon_pkg'
[0.471s] Level 1:colcon.colcon_core.package_identification:_identify(stm32_fw/Drivers/CMSIS/NN/NN_Lib_Tests/nn_test/RTE/_ARMCM4_FP) by extensions ['colcon_meta']
[0.471s] Level 1:colcon.colcon_core.package_identification:_identify(stm32_fw/Drivers/CMSIS/NN/NN_Lib_Tests/nn_test/RTE/_ARMCM4_FP) by extension 'colcon_meta'
[0.471s] Level 1:colcon.colcon_core.package_identification:_identify(stm32_fw/Drivers/CMSIS/NN/NN_Lib_Tests/nn_test/RTE/_ARMCM4_FP) by extensions ['ros']
[0.471s] Level 1:colcon.colcon_core.package_identification:_identify(stm32_fw/Drivers/CMSIS/NN/NN_Lib_Tests/nn_test/RTE/_ARMCM4_FP) by extension 'ros'
[0.471s] Level 1:colcon.colcon_core.package_identification:_identify(stm32_fw/Drivers/CMSIS/NN/NN_Lib_Tests/nn_test/RTE/_ARMCM4_FP) by extensions ['cmake', 'python']
[0.471s] Level 1:colcon.colcon_core.package_identification:_identify(stm32_fw/Drivers/CMSIS/NN/NN_Lib_Tests/nn_test/RTE/_ARMCM4_FP) by extension 'cmake'
[0.471s] Level 1:colcon.colcon_core.package_identification:_identify(stm32_fw/Drivers/CMSIS/NN/NN_Lib_Tests/nn_test/RTE/_ARMCM4_FP) by extension 'python'
[0.471s] Level 1:colcon.colcon_core.package_identification:_identify(stm32_fw/Drivers/CMSIS/NN/NN_Lib_Tests/nn_test/RTE/_ARMCM4_FP) by extensions ['python_setup_py']
[0.471s] Level 1:colcon.colcon_core.package_identification:_identify(stm32_fw/Drivers/CMSIS/NN/NN_Lib_Tests/nn_test/RTE/_ARMCM4_FP) by extension 'python_setup_py'
[0.472s] Level 1:colcon.colcon_core.package_identification:_identify(stm32_fw/Drivers/CMSIS/NN/NN_Lib_Tests/nn_test/RTE/_ARMCM7_SP) by extensions ['ignore', 'ignore_ament_install']
[0.472s] Level 1:colcon.colcon_core.package_identification:_identify(stm32_fw/Drivers/CMSIS/NN/NN_Lib_Tests/nn_test/RTE/_ARMCM7_SP) by extension 'ignore'
[0.472s] Level 1:colcon.colcon_core.package_identification:_identify(stm32_fw/Drivers/CMSIS/NN/NN_Lib_Tests/nn_test/RTE/_ARMCM7_SP) by extension 'ignore_ament_install'
[0.472s] Level 1:colcon.colcon_core.package_identification:_identify(stm32_fw/Drivers/CMSIS/NN/NN_Lib_Tests/nn_test/RTE/_ARMCM7_SP) by extensions ['colcon_pkg']
[0.472s] Level 1:colcon.colcon_core.package_identification:_identify(stm32_fw/Drivers/CMSIS/NN/NN_Lib_Tests/nn_test/RTE/_ARMCM7_SP) by extension 'colcon_pkg'
[0.472s] Level 1:colcon.colcon_core.package_identification:_identify(stm32_fw/Drivers/CMSIS/NN/NN_Lib_Tests/nn_test/RTE/_ARMCM7_SP) by extensions ['colcon_meta']
[0.472s] Level 1:colcon.colcon_core.package_identification:_identify(stm32_fw/Drivers/CMSIS/NN/NN_Lib_Tests/nn_test/RTE/_ARMCM7_SP) by extension 'colcon_meta'
[0.472s] Level 1:colcon.colcon_core.package_identification:_identify(stm32_fw/Drivers/CMSIS/NN/NN_Lib_Tests/nn_test/RTE/_ARMCM7_SP) by extensions ['ros']
[0.472s] Level 1:colcon.colcon_core.package_identification:_identify(stm32_fw/Drivers/CMSIS/NN/NN_Lib_Tests/nn_test/RTE/_ARMCM7_SP) by extension 'ros'
[0.472s] Level 1:colcon.colcon_core.package_identification:_identify(stm32_fw/Drivers/CMSIS/NN/NN_Lib_Tests/nn_test/RTE/_ARMCM7_SP) by extensions ['cmake', 'python']
[0.472s] Level 1:colcon.colcon_core.package_identification:_identify(stm32_fw/Drivers/CMSIS/NN/NN_Lib_Tests/nn_test/RTE/_ARMCM7_SP) by extension 'cmake'
[0.472s] Level 1:colcon.colcon_core.package_identification:_identify(stm32_fw/Drivers/CMSIS/NN/NN_Lib_Tests/nn_test/RTE/_ARMCM7_SP) by extension 'python'
[0.472s] Level 1:colcon.colcon_core.package_identification:_identify(stm32_fw/Drivers/CMSIS/NN/NN_Lib_Tests/nn_test/RTE/_ARMCM7_SP) by extensions ['python_setup_py']
[0.472s] Level 1:colcon.colcon_core.package_identification:_identify(stm32_fw/Drivers/CMSIS/NN/NN_Lib_Tests/nn_test/RTE/_ARMCM7_SP) by extension 'python_setup_py'
[0.472s] Level 1:colcon.colcon_core.package_identification:_identify(stm32_fw/Drivers/CMSIS/NN/NN_Lib_Tests/nn_test/Ref_Implementations) by extensions ['ignore', 'ignore_ament_install']
[0.472s] Level 1:colcon.colcon_core.package_identification:_identify(stm32_fw/Drivers/CMSIS/NN/NN_Lib_Tests/nn_test/Ref_Implementations) by extension 'ignore'
[0.472s] Level 1:colcon.colcon_core.package_identification:_identify(stm32_fw/Drivers/CMSIS/NN/NN_Lib_Tests/nn_test/Ref_Implementations) by extension 'ignore_ament_install'
[0.472s] Level 1:colcon.colcon_core.package_identification:_identify(stm32_fw/Drivers/CMSIS/NN/NN_Lib_Tests/nn_test/Ref_Implementations) by extensions ['colcon_pkg']
[0.472s] Level 1:colcon.colcon_core.package_identification:_identify(stm32_fw/Drivers/CMSIS/NN/NN_Lib_Tests/nn_test/Ref_Implementations) by extension 'colcon_pkg'
[0.472s] Level 1:colcon.colcon_core.package_identification:_identify(stm32_fw/Drivers/CMSIS/NN/NN_Lib_Tests/nn_test/Ref_Implementations) by extensions ['colcon_meta']
[0.472s] Level 1:colcon.colcon_core.package_identification:_identify(stm32_fw/Drivers/CMSIS/NN/NN_Lib_Tests/nn_test/Ref_Implementations) by extension 'colcon_meta'
[0.472s] Level 1:colcon.colcon_core.package_identification:_identify(stm32_fw/Drivers/CMSIS/NN/NN_Lib_Tests/nn_test/Ref_Implementations) by extensions ['ros']
[0.472s] Level 1:colcon.colcon_core.package_identification:_identify(stm32_fw/Drivers/CMSIS/NN/NN_Lib_Tests/nn_test/Ref_Implementations) by extension 'ros'
[0.472s] Level 1:colcon.colcon_core.package_identification:_identify(stm32_fw/Drivers/CMSIS/NN/NN_Lib_Tests/nn_test/Ref_Implementations) by extensions ['cmake', 'python']
[0.473s] Level 1:colcon.colcon_core.package_identification:_identify(stm32_fw/Drivers/CMSIS/NN/NN_Lib_Tests/nn_test/Ref_Implementations) by extension 'cmake'
[0.473s] Level 1:colcon.colcon_core.package_identification:_identify(stm32_fw/Drivers/CMSIS/NN/NN_Lib_Tests/nn_test/Ref_Implementations) by extension 'python'
[0.473s] Level 1:colcon.colcon_core.package_identification:_identify(stm32_fw/Drivers/CMSIS/NN/NN_Lib_Tests/nn_test/Ref_Implementations) by extensions ['python_setup_py']
[0.473s] Level 1:colcon.colcon_core.package_identification:_identify(stm32_fw/Drivers/CMSIS/NN/NN_Lib_Tests/nn_test/Ref_Implementations) by extension 'python_setup_py'
[0.473s] Level 1:colcon.colcon_core.package_identification:_identify(stm32_fw/Drivers/CMSIS/NN/Source) by extensions ['ignore', 'ignore_ament_install']
[0.473s] Level 1:colcon.colcon_core.package_identification:_identify(stm32_fw/Drivers/CMSIS/NN/Source) by extension 'ignore'
[0.473s] Level 1:colcon.colcon_core.package_identification:_identify(stm32_fw/Drivers/CMSIS/NN/Source) by extension 'ignore_ament_install'
[0.473s] Level 1:colcon.colcon_core.package_identification:_identify(stm32_fw/Drivers/CMSIS/NN/Source) by extensions ['colcon_pkg']
[0.473s] Level 1:colcon.colcon_core.package_identification:_identify(stm32_fw/Drivers/CMSIS/NN/Source) by extension 'colcon_pkg'
[0.473s] Level 1:colcon.colcon_core.package_identification:_identify(stm32_fw/Drivers/CMSIS/NN/Source) by extensions ['colcon_meta']
[0.473s] Level 1:colcon.colcon_core.package_identification:_identify(stm32_fw/Drivers/CMSIS/NN/Source) by extension 'colcon_meta'
[0.473s] Level 1:colcon.colcon_core.package_identification:_identify(stm32_fw/Drivers/CMSIS/NN/Source) by extensions ['ros']
[0.473s] Level 1:colcon.colcon_core.package_identification:_identify(stm32_fw/Drivers/CMSIS/NN/Source) by extension 'ros'
[0.473s] Level 1:colcon.colcon_core.package_identification:_identify(stm32_fw/Drivers/CMSIS/NN/Source) by extensions ['cmake', 'python']
[0.473s] Level 1:colcon.colcon_core.package_identification:_identify(stm32_fw/Drivers/CMSIS/NN/Source) by extension 'cmake'
[0.473s] Level 1:colcon.colcon_core.package_identification:_identify(stm32_fw/Drivers/CMSIS/NN/Source) by extension 'python'
[0.473s] Level 1:colcon.colcon_core.package_identification:_identify(stm32_fw/Drivers/CMSIS/NN/Source) by extensions ['python_setup_py']
[0.473s] Level 1:colcon.colcon_core.package_identification:_identify(stm32_fw/Drivers/CMSIS/NN/Source) by extension 'python_setup_py'
[0.473s] Level 1:colcon.colcon_core.package_identification:_identify(stm32_fw/Drivers/CMSIS/NN/Source/ActivationFunctions) by extensions ['ignore', 'ignore_ament_install']
[0.473s] Level 1:colcon.colcon_core.package_identification:_identify(stm32_fw/Drivers/CMSIS/NN/Source/ActivationFunctions) by extension 'ignore'
[0.473s] Level 1:colcon.colcon_core.package_identification:_identify(stm32_fw/Drivers/CMSIS/NN/Source/ActivationFunctions) by extension 'ignore_ament_install'
[0.473s] Level 1:colcon.colcon_core.package_identification:_identify(stm32_fw/Drivers/CMSIS/NN/Source/ActivationFunctions) by extensions ['colcon_pkg']
[0.473s] Level 1:colcon.colcon_core.package_identification:_identify(stm32_fw/Drivers/CMSIS/NN/Source/ActivationFunctions) by extension 'colcon_pkg'
[0.473s] Level 1:colcon.colcon_core.package_identification:_identify(stm32_fw/Drivers/CMSIS/NN/Source/ActivationFunctions) by extensions ['colcon_meta']
[0.473s] Level 1:colcon.colcon_core.package_identification:_identify(stm32_fw/Drivers/CMSIS/NN/Source/ActivationFunctions) by extension 'colcon_meta'
[0.473s] Level 1:colcon.colcon_core.package_identification:_identify(stm32_fw/Drivers/CMSIS/NN/Source/ActivationFunctions) by extensions ['ros']
[0.473s] Level 1:colcon.colcon_core.package_identification:_identify(stm32_fw/Drivers/CMSIS/NN/Source/ActivationFunctions) by extension 'ros'
[0.473s] Level 1:colcon.colcon_core.package_identification:_identify(stm32_fw/Drivers/CMSIS/NN/Source/ActivationFunctions) by extensions ['cmake', 'python']
[0.473s] Level 1:colcon.colcon_core.package_identification:_identify(stm32_fw/Drivers/CMSIS/NN/Source/ActivationFunctions) by extension 'cmake'
[0.473s] Level 1:colcon.colcon_core.package_identification:_identify(stm32_fw/Drivers/CMSIS/NN/Source/ActivationFunctions) by extension 'python'
[0.473s] Level 1:colcon.colcon_core.package_identification:_identify(stm32_fw/Drivers/CMSIS/NN/Source/ActivationFunctions) by extensions ['python_setup_py']
[0.473s] Level 1:colcon.colcon_core.package_identification:_identify(stm32_fw/Drivers/CMSIS/NN/Source/ActivationFunctions) by extension 'python_setup_py'
[0.474s] Level 1:colcon.colcon_core.package_identification:_identify(stm32_fw/Drivers/CMSIS/NN/Source/ConvolutionFunctions) by extensions ['ignore', 'ignore_ament_install']
[0.474s] Level 1:colcon.colcon_core.package_identification:_identify(stm32_fw/Drivers/CMSIS/NN/Source/ConvolutionFunctions) by extension 'ignore'
[0.474s] Level 1:colcon.colcon_core.package_identification:_identify(stm32_fw/Drivers/CMSIS/NN/Source/ConvolutionFunctions) by extension 'ignore_ament_install'
[0.474s] Level 1:colcon.colcon_core.package_identification:_identify(stm32_fw/Drivers/CMSIS/NN/Source/ConvolutionFunctions) by extensions ['colcon_pkg']
[0.474s] Level 1:colcon.colcon_core.package_identification:_identify(stm32_fw/Drivers/CMSIS/NN/Source/ConvolutionFunctions) by extension 'colcon_pkg'
[0.474s] Level 1:colcon.colcon_core.package_identification:_identify(stm32_fw/Drivers/CMSIS/NN/Source/ConvolutionFunctions) by extensions ['colcon_meta']
[0.474s] Level 1:colcon.colcon_core.package_identification:_identify(stm32_fw/Drivers/CMSIS/NN/Source/ConvolutionFunctions) by extension 'colcon_meta'
[0.474s] Level 1:colcon.colcon_core.package_identification:_identify(stm32_fw/Drivers/CMSIS/NN/Source/ConvolutionFunctions) by extensions ['ros']
[0.474s] Level 1:colcon.colcon_core.package_identification:_identify(stm32_fw/Drivers/CMSIS/NN/Source/ConvolutionFunctions) by extension 'ros'
[0.474s] Level 1:colcon.colcon_core.package_identification:_identify(stm32_fw/Drivers/CMSIS/NN/Source/ConvolutionFunctions) by extensions ['cmake', 'python']
[0.474s] Level 1:colcon.colcon_core.package_identification:_identify(stm32_fw/Drivers/CMSIS/NN/Source/ConvolutionFunctions) by extension 'cmake'
[0.474s] Level 1:colcon.colcon_core.package_identification:_identify(stm32_fw/Drivers/CMSIS/NN/Source/ConvolutionFunctions) by extension 'python'
[0.474s] Level 1:colcon.colcon_core.package_identification:_identify(stm32_fw/Drivers/CMSIS/NN/Source/ConvolutionFunctions) by extensions ['python_setup_py']
[0.474s] Level 1:colcon.colcon_core.package_identification:_identify(stm32_fw/Drivers/CMSIS/NN/Source/ConvolutionFunctions) by extension 'python_setup_py'
[0.474s] Level 1:colcon.colcon_core.package_identification:_identify(stm32_fw/Drivers/CMSIS/NN/Source/FullyConnectedFunctions) by extensions ['ignore', 'ignore_ament_install']
[0.474s] Level 1:colcon.colcon_core.package_identification:_identify(stm32_fw/Drivers/CMSIS/NN/Source/FullyConnectedFunctions) by extension 'ignore'
[0.474s] Level 1:colcon.colcon_core.package_identification:_identify(stm32_fw/Drivers/CMSIS/NN/Source/FullyConnectedFunctions) by extension 'ignore_ament_install'
[0.474s] Level 1:colcon.colcon_core.package_identification:_identify(stm32_fw/Drivers/CMSIS/NN/Source/FullyConnectedFunctions) by extensions ['colcon_pkg']
[0.474s] Level 1:colcon.colcon_core.package_identification:_identify(stm32_fw/Drivers/CMSIS/NN/Source/FullyConnectedFunctions) by extension 'colcon_pkg'
[0.474s] Level 1:colcon.colcon_core.package_identification:_identify(stm32_fw/Drivers/CMSIS/NN/Source/FullyConnectedFunctions) by extensions ['colcon_meta']
[0.474s] Level 1:colcon.colcon_core.package_identification:_identify(stm32_fw/Drivers/CMSIS/NN/Source/FullyConnectedFunctions) by extension 'colcon_meta'
[0.474s] Level 1:colcon.colcon_core.package_identification:_identify(stm32_fw/Drivers/CMSIS/NN/Source/FullyConnectedFunctions) by extensions ['ros']
[0.474s] Level 1:colcon.colcon_core.package_identification:_identify(stm32_fw/Drivers/CMSIS/NN/Source/FullyConnectedFunctions) by extension 'ros'
[0.474s] Level 1:colcon.colcon_core.package_identification:_identify(stm32_fw/Drivers/CMSIS/NN/Source/FullyConnectedFunctions) by extensions ['cmake', 'python']
[0.474s] Level 1:colcon.colcon_core.package_identification:_identify(stm32_fw/Drivers/CMSIS/NN/Source/FullyConnectedFunctions) by extension 'cmake'
[0.474s] Level 1:colcon.colcon_core.package_identification:_identify(stm32_fw/Drivers/CMSIS/NN/Source/FullyConnectedFunctions) by extension 'python'
[0.474s] Level 1:colcon.colcon_core.package_identification:_identify(stm32_fw/Drivers/CMSIS/NN/Source/FullyConnectedFunctions) by extensions ['python_setup_py']
[0.475s] Level 1:colcon.colcon_core.package_identification:_identify(stm32_fw/Drivers/CMSIS/NN/Source/FullyConnectedFunctions) by extension 'python_setup_py'
[0.475s] Level 1:colcon.colcon_core.package_identification:_identify(stm32_fw/Drivers/CMSIS/NN/Source/NNSupportFunctions) by extensions ['ignore', 'ignore_ament_install']
[0.475s] Level 1:colcon.colcon_core.package_identification:_identify(stm32_fw/Drivers/CMSIS/NN/Source/NNSupportFunctions) by extension 'ignore'
[0.475s] Level 1:colcon.colcon_core.package_identification:_identify(stm32_fw/Drivers/CMSIS/NN/Source/NNSupportFunctions) by extension 'ignore_ament_install'
[0.475s] Level 1:colcon.colcon_core.package_identification:_identify(stm32_fw/Drivers/CMSIS/NN/Source/NNSupportFunctions) by extensions ['colcon_pkg']
[0.475s] Level 1:colcon.colcon_core.package_identification:_identify(stm32_fw/Drivers/CMSIS/NN/Source/NNSupportFunctions) by extension 'colcon_pkg'
[0.475s] Level 1:colcon.colcon_core.package_identification:_identify(stm32_fw/Drivers/CMSIS/NN/Source/NNSupportFunctions) by extensions ['colcon_meta']
[0.475s] Level 1:colcon.colcon_core.package_identification:_identify(stm32_fw/Drivers/CMSIS/NN/Source/NNSupportFunctions) by extension 'colcon_meta'
[0.475s] Level 1:colcon.colcon_core.package_identification:_identify(stm32_fw/Drivers/CMSIS/NN/Source/NNSupportFunctions) by extensions ['ros']
[0.475s] Level 1:colcon.colcon_core.package_identification:_identify(stm32_fw/Drivers/CMSIS/NN/Source/NNSupportFunctions) by extension 'ros'
[0.475s] Level 1:colcon.colcon_core.package_identification:_identify(stm32_fw/Drivers/CMSIS/NN/Source/NNSupportFunctions) by extensions ['cmake', 'python']
[0.475s] Level 1:colcon.colcon_core.package_identification:_identify(stm32_fw/Drivers/CMSIS/NN/Source/NNSupportFunctions) by extension 'cmake'
[0.475s] Level 1:colcon.colcon_core.package_identification:_identify(stm32_fw/Drivers/CMSIS/NN/Source/NNSupportFunctions) by extension 'python'
[0.475s] Level 1:colcon.colcon_core.package_identification:_identify(stm32_fw/Drivers/CMSIS/NN/Source/NNSupportFunctions) by extensions ['python_setup_py']
[0.475s] Level 1:colcon.colcon_core.package_identification:_identify(stm32_fw/Drivers/CMSIS/NN/Source/NNSupportFunctions) by extension 'python_setup_py'
[0.475s] Level 1:colcon.colcon_core.package_identification:_identify(stm32_fw/Drivers/CMSIS/NN/Source/PoolingFunctions) by extensions ['ignore', 'ignore_ament_install']
[0.475s] Level 1:colcon.colcon_core.package_identification:_identify(stm32_fw/Drivers/CMSIS/NN/Source/PoolingFunctions) by extension 'ignore'
[0.475s] Level 1:colcon.colcon_core.package_identification:_identify(stm32_fw/Drivers/CMSIS/NN/Source/PoolingFunctions) by extension 'ignore_ament_install'
[0.475s] Level 1:colcon.colcon_core.package_identification:_identify(stm32_fw/Drivers/CMSIS/NN/Source/PoolingFunctions) by extensions ['colcon_pkg']
[0.475s] Level 1:colcon.colcon_core.package_identification:_identify(stm32_fw/Drivers/CMSIS/NN/Source/PoolingFunctions) by extension 'colcon_pkg'
[0.475s] Level 1:colcon.colcon_core.package_identification:_identify(stm32_fw/Drivers/CMSIS/NN/Source/PoolingFunctions) by extensions ['colcon_meta']
[0.475s] Level 1:colcon.colcon_core.package_identification:_identify(stm32_fw/Drivers/CMSIS/NN/Source/PoolingFunctions) by extension 'colcon_meta'
[0.475s] Level 1:colcon.colcon_core.package_identification:_identify(stm32_fw/Drivers/CMSIS/NN/Source/PoolingFunctions) by extensions ['ros']
[0.475s] Level 1:colcon.colcon_core.package_identification:_identify(stm32_fw/Drivers/CMSIS/NN/Source/PoolingFunctions) by extension 'ros'
[0.475s] Level 1:colcon.colcon_core.package_identification:_identify(stm32_fw/Drivers/CMSIS/NN/Source/PoolingFunctions) by extensions ['cmake', 'python']
[0.475s] Level 1:colcon.colcon_core.package_identification:_identify(stm32_fw/Drivers/CMSIS/NN/Source/PoolingFunctions) by extension 'cmake'
[0.475s] Level 1:colcon.colcon_core.package_identification:_identify(stm32_fw/Drivers/CMSIS/NN/Source/PoolingFunctions) by extension 'python'
[0.475s] Level 1:colcon.colcon_core.package_identification:_identify(stm32_fw/Drivers/CMSIS/NN/Source/PoolingFunctions) by extensions ['python_setup_py']
[0.476s] Level 1:colcon.colcon_core.package_identification:_identify(stm32_fw/Drivers/CMSIS/NN/Source/PoolingFunctions) by extension 'python_setup_py'
[0.476s] Level 1:colcon.colcon_core.package_identification:_identify(stm32_fw/Drivers/CMSIS/NN/Source/SoftmaxFunctions) by extensions ['ignore', 'ignore_ament_install']
[0.476s] Level 1:colcon.colcon_core.package_identification:_identify(stm32_fw/Drivers/CMSIS/NN/Source/SoftmaxFunctions) by extension 'ignore'
[0.476s] Level 1:colcon.colcon_core.package_identification:_identify(stm32_fw/Drivers/CMSIS/NN/Source/SoftmaxFunctions) by extension 'ignore_ament_install'
[0.476s] Level 1:colcon.colcon_core.package_identification:_identify(stm32_fw/Drivers/CMSIS/NN/Source/SoftmaxFunctions) by extensions ['colcon_pkg']
[0.476s] Level 1:colcon.colcon_core.package_identification:_identify(stm32_fw/Drivers/CMSIS/NN/Source/SoftmaxFunctions) by extension 'colcon_pkg'
[0.476s] Level 1:colcon.colcon_core.package_identification:_identify(stm32_fw/Drivers/CMSIS/NN/Source/SoftmaxFunctions) by extensions ['colcon_meta']
[0.476s] Level 1:colcon.colcon_core.package_identification:_identify(stm32_fw/Drivers/CMSIS/NN/Source/SoftmaxFunctions) by extension 'colcon_meta'
[0.476s] Level 1:colcon.colcon_core.package_identification:_identify(stm32_fw/Drivers/CMSIS/NN/Source/SoftmaxFunctions) by extensions ['ros']
[0.476s] Level 1:colcon.colcon_core.package_identification:_identify(stm32_fw/Drivers/CMSIS/NN/Source/SoftmaxFunctions) by extension 'ros'
[0.476s] Level 1:colcon.colcon_core.package_identification:_identify(stm32_fw/Drivers/CMSIS/NN/Source/SoftmaxFunctions) by extensions ['cmake', 'python']
[0.476s] Level 1:colcon.colcon_core.package_identification:_identify(stm32_fw/Drivers/CMSIS/NN/Source/SoftmaxFunctions) by extension 'cmake'
[0.476s] Level 1:colcon.colcon_core.package_identification:_identify(stm32_fw/Drivers/CMSIS/NN/Source/SoftmaxFunctions) by extension 'python'
[0.476s] Level 1:colcon.colcon_core.package_identification:_identify(stm32_fw/Drivers/CMSIS/NN/Source/SoftmaxFunctions) by extensions ['python_setup_py']
[0.476s] Level 1:colcon.colcon_core.package_identification:_identify(stm32_fw/Drivers/CMSIS/NN/Source/SoftmaxFunctions) by extension 'python_setup_py'
[0.476s] Level 1:colcon.colcon_core.package_identification:_identify(stm32_fw/Drivers/CMSIS/RTOS) by extensions ['ignore', 'ignore_ament_install']
[0.476s] Level 1:colcon.colcon_core.package_identification:_identify(stm32_fw/Drivers/CMSIS/RTOS) by extension 'ignore'
[0.476s] Level 1:colcon.colcon_core.package_identification:_identify(stm32_fw/Drivers/CMSIS/RTOS) by extension 'ignore_ament_install'
[0.476s] Level 1:colcon.colcon_core.package_identification:_identify(stm32_fw/Drivers/CMSIS/RTOS) by extensions ['colcon_pkg']
[0.476s] Level 1:colcon.colcon_core.package_identification:_identify(stm32_fw/Drivers/CMSIS/RTOS) by extension 'colcon_pkg'
[0.476s] Level 1:colcon.colcon_core.package_identification:_identify(stm32_fw/Drivers/CMSIS/RTOS) by extensions ['colcon_meta']
[0.476s] Level 1:colcon.colcon_core.package_identification:_identify(stm32_fw/Drivers/CMSIS/RTOS) by extension 'colcon_meta'
[0.476s] Level 1:colcon.colcon_core.package_identification:_identify(stm32_fw/Drivers/CMSIS/RTOS) by extensions ['ros']
[0.476s] Level 1:colcon.colcon_core.package_identification:_identify(stm32_fw/Drivers/CMSIS/RTOS) by extension 'ros'
[0.477s] Level 1:colcon.colcon_core.package_identification:_identify(stm32_fw/Drivers/CMSIS/RTOS) by extensions ['cmake', 'python']
[0.477s] Level 1:colcon.colcon_core.package_identification:_identify(stm32_fw/Drivers/CMSIS/RTOS) by extension 'cmake'
[0.477s] Level 1:colcon.colcon_core.package_identification:_identify(stm32_fw/Drivers/CMSIS/RTOS) by extension 'python'
[0.477s] Level 1:colcon.colcon_core.package_identification:_identify(stm32_fw/Drivers/CMSIS/RTOS) by extensions ['python_setup_py']
[0.477s] Level 1:colcon.colcon_core.package_identification:_identify(stm32_fw/Drivers/CMSIS/RTOS) by extension 'python_setup_py'
[0.477s] Level 1:colcon.colcon_core.package_identification:_identify(stm32_fw/Drivers/CMSIS/RTOS/Template) by extensions ['ignore', 'ignore_ament_install']
[0.477s] Level 1:colcon.colcon_core.package_identification:_identify(stm32_fw/Drivers/CMSIS/RTOS/Template) by extension 'ignore'
[0.477s] Level 1:colcon.colcon_core.package_identification:_identify(stm32_fw/Drivers/CMSIS/RTOS/Template) by extension 'ignore_ament_install'
[0.477s] Level 1:colcon.colcon_core.package_identification:_identify(stm32_fw/Drivers/CMSIS/RTOS/Template) by extensions ['colcon_pkg']
[0.477s] Level 1:colcon.colcon_core.package_identification:_identify(stm32_fw/Drivers/CMSIS/RTOS/Template) by extension 'colcon_pkg'
[0.477s] Level 1:colcon.colcon_core.package_identification:_identify(stm32_fw/Drivers/CMSIS/RTOS/Template) by extensions ['colcon_meta']
[0.477s] Level 1:colcon.colcon_core.package_identification:_identify(stm32_fw/Drivers/CMSIS/RTOS/Template) by extension 'colcon_meta'
[0.477s] Level 1:colcon.colcon_core.package_identification:_identify(stm32_fw/Drivers/CMSIS/RTOS/Template) by extensions ['ros']
[0.477s] Level 1:colcon.colcon_core.package_identification:_identify(stm32_fw/Drivers/CMSIS/RTOS/Template) by extension 'ros'
[0.477s] Level 1:colcon.colcon_core.package_identification:_identify(stm32_fw/Drivers/CMSIS/RTOS/Template) by extensions ['cmake', 'python']
[0.477s] Level 1:colcon.colcon_core.package_identification:_identify(stm32_fw/Drivers/CMSIS/RTOS/Template) by extension 'cmake'
[0.477s] Level 1:colcon.colcon_core.package_identification:_identify(stm32_fw/Drivers/CMSIS/RTOS/Template) by extension 'python'
[0.477s] Level 1:colcon.colcon_core.package_identification:_identify(stm32_fw/Drivers/CMSIS/RTOS/Template) by extensions ['python_setup_py']
[0.477s] Level 1:colcon.colcon_core.package_identification:_identify(stm32_fw/Drivers/CMSIS/RTOS/Template) by extension 'python_setup_py'
[0.477s] Level 1:colcon.colcon_core.package_identification:_identify(stm32_fw/Drivers/CMSIS/RTOS2) by extensions ['ignore', 'ignore_ament_install']
[0.477s] Level 1:colcon.colcon_core.package_identification:_identify(stm32_fw/Drivers/CMSIS/RTOS2) by extension 'ignore'
[0.477s] Level 1:colcon.colcon_core.package_identification:_identify(stm32_fw/Drivers/CMSIS/RTOS2) by extension 'ignore_ament_install'
[0.477s] Level 1:colcon.colcon_core.package_identification:_identify(stm32_fw/Drivers/CMSIS/RTOS2) by extensions ['colcon_pkg']
[0.477s] Level 1:colcon.colcon_core.package_identification:_identify(stm32_fw/Drivers/CMSIS/RTOS2) by extension 'colcon_pkg'
[0.477s] Level 1:colcon.colcon_core.package_identification:_identify(stm32_fw/Drivers/CMSIS/RTOS2) by extensions ['colcon_meta']
[0.477s] Level 1:colcon.colcon_core.package_identification:_identify(stm32_fw/Drivers/CMSIS/RTOS2) by extension 'colcon_meta'
[0.477s] Level 1:colcon.colcon_core.package_identification:_identify(stm32_fw/Drivers/CMSIS/RTOS2) by extensions ['ros']
[0.478s] Level 1:colcon.colcon_core.package_identification:_identify(stm32_fw/Drivers/CMSIS/RTOS2) by extension 'ros'
[0.478s] Level 1:colcon.colcon_core.package_identification:_identify(stm32_fw/Drivers/CMSIS/RTOS2) by extensions ['cmake', 'python']
[0.478s] Level 1:colcon.colcon_core.package_identification:_identify(stm32_fw/Drivers/CMSIS/RTOS2) by extension 'cmake'
[0.478s] Level 1:colcon.colcon_core.package_identification:_identify(stm32_fw/Drivers/CMSIS/RTOS2) by extension 'python'
[0.478s] Level 1:colcon.colcon_core.package_identification:_identify(stm32_fw/Drivers/CMSIS/RTOS2) by extensions ['python_setup_py']
[0.478s] Level 1:colcon.colcon_core.package_identification:_identify(stm32_fw/Drivers/CMSIS/RTOS2) by extension 'python_setup_py'
[0.478s] Level 1:colcon.colcon_core.package_identification:_identify(stm32_fw/Drivers/CMSIS/RTOS2/Include) by extensions ['ignore', 'ignore_ament_install']
[0.478s] Level 1:colcon.colcon_core.package_identification:_identify(stm32_fw/Drivers/CMSIS/RTOS2/Include) by extension 'ignore'
[0.478s] Level 1:colcon.colcon_core.package_identification:_identify(stm32_fw/Drivers/CMSIS/RTOS2/Include) by extension 'ignore_ament_install'
[0.478s] Level 1:colcon.colcon_core.package_identification:_identify(stm32_fw/Drivers/CMSIS/RTOS2/Include) by extensions ['colcon_pkg']
[0.478s] Level 1:colcon.colcon_core.package_identification:_identify(stm32_fw/Drivers/CMSIS/RTOS2/Include) by extension 'colcon_pkg'
[0.478s] Level 1:colcon.colcon_core.package_identification:_identify(stm32_fw/Drivers/CMSIS/RTOS2/Include) by extensions ['colcon_meta']
[0.478s] Level 1:colcon.colcon_core.package_identification:_identify(stm32_fw/Drivers/CMSIS/RTOS2/Include) by extension 'colcon_meta'
[0.478s] Level 1:colcon.colcon_core.package_identification:_identify(stm32_fw/Drivers/CMSIS/RTOS2/Include) by extensions ['ros']
[0.478s] Level 1:colcon.colcon_core.package_identification:_identify(stm32_fw/Drivers/CMSIS/RTOS2/Include) by extension 'ros'
[0.478s] Level 1:colcon.colcon_core.package_identification:_identify(stm32_fw/Drivers/CMSIS/RTOS2/Include) by extensions ['cmake', 'python']
[0.478s] Level 1:colcon.colcon_core.package_identification:_identify(stm32_fw/Drivers/CMSIS/RTOS2/Include) by extension 'cmake'
[0.478s] Level 1:colcon.colcon_core.package_identification:_identify(stm32_fw/Drivers/CMSIS/RTOS2/Include) by extension 'python'
[0.478s] Level 1:colcon.colcon_core.package_identification:_identify(stm32_fw/Drivers/CMSIS/RTOS2/Include) by extensions ['python_setup_py']
[0.478s] Level 1:colcon.colcon_core.package_identification:_identify(stm32_fw/Drivers/CMSIS/RTOS2/Include) by extension 'python_setup_py'
[0.478s] Level 1:colcon.colcon_core.package_identification:_identify(stm32_fw/Drivers/CMSIS/RTOS2/Source) by extensions ['ignore', 'ignore_ament_install']
[0.478s] Level 1:colcon.colcon_core.package_identification:_identify(stm32_fw/Drivers/CMSIS/RTOS2/Source) by extension 'ignore'
[0.478s] Level 1:colcon.colcon_core.package_identification:_identify(stm32_fw/Drivers/CMSIS/RTOS2/Source) by extension 'ignore_ament_install'
[0.478s] Level 1:colcon.colcon_core.package_identification:_identify(stm32_fw/Drivers/CMSIS/RTOS2/Source) by extensions ['colcon_pkg']
[0.478s] Level 1:colcon.colcon_core.package_identification:_identify(stm32_fw/Drivers/CMSIS/RTOS2/Source) by extension 'colcon_pkg'
[0.479s] Level 1:colcon.colcon_core.package_identification:_identify(stm32_fw/Drivers/CMSIS/RTOS2/Source) by extensions ['colcon_meta']
[0.479s] Level 1:colcon.colcon_core.package_identification:_identify(stm32_fw/Drivers/CMSIS/RTOS2/Source) by extension 'colcon_meta'
[0.479s] Level 1:colcon.colcon_core.package_identification:_identify(stm32_fw/Drivers/CMSIS/RTOS2/Source) by extensions ['ros']
[0.479s] Level 1:colcon.colcon_core.package_identification:_identify(stm32_fw/Drivers/CMSIS/RTOS2/Source) by extension 'ros'
[0.479s] Level 1:colcon.colcon_core.package_identification:_identify(stm32_fw/Drivers/CMSIS/RTOS2/Source) by extensions ['cmake', 'python']
[0.479s] Level 1:colcon.colcon_core.package_identification:_identify(stm32_fw/Drivers/CMSIS/RTOS2/Source) by extension 'cmake'
[0.479s] Level 1:colcon.colcon_core.package_identification:_identify(stm32_fw/Drivers/CMSIS/RTOS2/Source) by extension 'python'
[0.479s] Level 1:colcon.colcon_core.package_identification:_identify(stm32_fw/Drivers/CMSIS/RTOS2/Source) by extensions ['python_setup_py']
[0.479s] Level 1:colcon.colcon_core.package_identification:_identify(stm32_fw/Drivers/CMSIS/RTOS2/Source) by extension 'python_setup_py'
[0.479s] Level 1:colcon.colcon_core.package_identification:_identify(stm32_fw/Drivers/CMSIS/RTOS2/Template) by extensions ['ignore', 'ignore_ament_install']
[0.479s] Level 1:colcon.colcon_core.package_identification:_identify(stm32_fw/Drivers/CMSIS/RTOS2/Template) by extension 'ignore'
[0.479s] Level 1:colcon.colcon_core.package_identification:_identify(stm32_fw/Drivers/CMSIS/RTOS2/Template) by extension 'ignore_ament_install'
[0.479s] Level 1:colcon.colcon_core.package_identification:_identify(stm32_fw/Drivers/CMSIS/RTOS2/Template) by extensions ['colcon_pkg']
[0.479s] Level 1:colcon.colcon_core.package_identification:_identify(stm32_fw/Drivers/CMSIS/RTOS2/Template) by extension 'colcon_pkg'
[0.479s] Level 1:colcon.colcon_core.package_identification:_identify(stm32_fw/Drivers/CMSIS/RTOS2/Template) by extensions ['colcon_meta']
[0.479s] Level 1:colcon.colcon_core.package_identification:_identify(stm32_fw/Drivers/CMSIS/RTOS2/Template) by extension 'colcon_meta'
[0.479s] Level 1:colcon.colcon_core.package_identification:_identify(stm32_fw/Drivers/CMSIS/RTOS2/Template) by extensions ['ros']
[0.479s] Level 1:colcon.colcon_core.package_identification:_identify(stm32_fw/Drivers/CMSIS/RTOS2/Template) by extension 'ros'
[0.479s] Level 1:colcon.colcon_core.package_identification:_identify(stm32_fw/Drivers/CMSIS/RTOS2/Template) by extensions ['cmake', 'python']
[0.479s] Level 1:colcon.colcon_core.package_identification:_identify(stm32_fw/Drivers/CMSIS/RTOS2/Template) by extension 'cmake'
[0.479s] Level 1:colcon.colcon_core.package_identification:_identify(stm32_fw/Drivers/CMSIS/RTOS2/Template) by extension 'python'
[0.479s] Level 1:colcon.colcon_core.package_identification:_identify(stm32_fw/Drivers/CMSIS/RTOS2/Template) by extensions ['python_setup_py']
[0.479s] Level 1:colcon.colcon_core.package_identification:_identify(stm32_fw/Drivers/CMSIS/RTOS2/Template) by extension 'python_setup_py'
[0.479s] Level 1:colcon.colcon_core.package_identification:_identify(stm32_fw/Drivers/CMSIS/docs) by extensions ['ignore', 'ignore_ament_install']
[0.479s] Level 1:colcon.colcon_core.package_identification:_identify(stm32_fw/Drivers/CMSIS/docs) by extension 'ignore'
[0.479s] Level 1:colcon.colcon_core.package_identification:_identify(stm32_fw/Drivers/CMSIS/docs) by extension 'ignore_ament_install'
[0.479s] Level 1:colcon.colcon_core.package_identification:_identify(stm32_fw/Drivers/CMSIS/docs) by extensions ['colcon_pkg']
[0.480s] Level 1:colcon.colcon_core.package_identification:_identify(stm32_fw/Drivers/CMSIS/docs) by extension 'colcon_pkg'
[0.480s] Level 1:colcon.colcon_core.package_identification:_identify(stm32_fw/Drivers/CMSIS/docs) by extensions ['colcon_meta']
[0.480s] Level 1:colcon.colcon_core.package_identification:_identify(stm32_fw/Drivers/CMSIS/docs) by extension 'colcon_meta'
[0.480s] Level 1:colcon.colcon_core.package_identification:_identify(stm32_fw/Drivers/CMSIS/docs) by extensions ['ros']
[0.480s] Level 1:colcon.colcon_core.package_identification:_identify(stm32_fw/Drivers/CMSIS/docs) by extension 'ros'
[0.480s] Level 1:colcon.colcon_core.package_identification:_identify(stm32_fw/Drivers/CMSIS/docs) by extensions ['cmake', 'python']
[0.480s] Level 1:colcon.colcon_core.package_identification:_identify(stm32_fw/Drivers/CMSIS/docs) by extension 'cmake'
[0.480s] Level 1:colcon.colcon_core.package_identification:_identify(stm32_fw/Drivers/CMSIS/docs) by extension 'python'
[0.480s] Level 1:colcon.colcon_core.package_identification:_identify(stm32_fw/Drivers/CMSIS/docs) by extensions ['python_setup_py']
[0.480s] Level 1:colcon.colcon_core.package_identification:_identify(stm32_fw/Drivers/CMSIS/docs) by extension 'python_setup_py'
[0.480s] Level 1:colcon.colcon_core.package_identification:_identify(stm32_fw/Drivers/CMSIS/docs/General) by extensions ['ignore', 'ignore_ament_install']
[0.480s] Level 1:colcon.colcon_core.package_identification:_identify(stm32_fw/Drivers/CMSIS/docs/General) by extension 'ignore'
[0.480s] Level 1:colcon.colcon_core.package_identification:_identify(stm32_fw/Drivers/CMSIS/docs/General) by extension 'ignore_ament_install'
[0.480s] Level 1:colcon.colcon_core.package_identification:_identify(stm32_fw/Drivers/CMSIS/docs/General) by extensions ['colcon_pkg']
[0.480s] Level 1:colcon.colcon_core.package_identification:_identify(stm32_fw/Drivers/CMSIS/docs/General) by extension 'colcon_pkg'
[0.480s] Level 1:colcon.colcon_core.package_identification:_identify(stm32_fw/Drivers/CMSIS/docs/General) by extensions ['colcon_meta']
[0.480s] Level 1:colcon.colcon_core.package_identification:_identify(stm32_fw/Drivers/CMSIS/docs/General) by extension 'colcon_meta'
[0.480s] Level 1:colcon.colcon_core.package_identification:_identify(stm32_fw/Drivers/CMSIS/docs/General) by extensions ['ros']
[0.480s] Level 1:colcon.colcon_core.package_identification:_identify(stm32_fw/Drivers/CMSIS/docs/General) by extension 'ros'
[0.480s] Level 1:colcon.colcon_core.package_identification:_identify(stm32_fw/Drivers/CMSIS/docs/General) by extensions ['cmake', 'python']
[0.480s] Level 1:colcon.colcon_core.package_identification:_identify(stm32_fw/Drivers/CMSIS/docs/General) by extension 'cmake'
[0.480s] Level 1:colcon.colcon_core.package_identification:_identify(stm32_fw/Drivers/CMSIS/docs/General) by extension 'python'
[0.480s] Level 1:colcon.colcon_core.package_identification:_identify(stm32_fw/Drivers/CMSIS/docs/General) by extensions ['python_setup_py']
[0.480s] Level 1:colcon.colcon_core.package_identification:_identify(stm32_fw/Drivers/CMSIS/docs/General) by extension 'python_setup_py'
[0.481s] Level 1:colcon.colcon_core.package_identification:_identify(stm32_fw/Drivers/CMSIS/docs/General/html) by extensions ['ignore', 'ignore_ament_install']
[0.481s] Level 1:colcon.colcon_core.package_identification:_identify(stm32_fw/Drivers/CMSIS/docs/General/html) by extension 'ignore'
[0.481s] Level 1:colcon.colcon_core.package_identification:_identify(stm32_fw/Drivers/CMSIS/docs/General/html) by extension 'ignore_ament_install'
[0.481s] Level 1:colcon.colcon_core.package_identification:_identify(stm32_fw/Drivers/CMSIS/docs/General/html) by extensions ['colcon_pkg']
[0.481s] Level 1:colcon.colcon_core.package_identification:_identify(stm32_fw/Drivers/CMSIS/docs/General/html) by extension 'colcon_pkg'
[0.481s] Level 1:colcon.colcon_core.package_identification:_identify(stm32_fw/Drivers/CMSIS/docs/General/html) by extensions ['colcon_meta']
[0.481s] Level 1:colcon.colcon_core.package_identification:_identify(stm32_fw/Drivers/CMSIS/docs/General/html) by extension 'colcon_meta'
[0.481s] Level 1:colcon.colcon_core.package_identification:_identify(stm32_fw/Drivers/CMSIS/docs/General/html) by extensions ['ros']
[0.481s] Level 1:colcon.colcon_core.package_identification:_identify(stm32_fw/Drivers/CMSIS/docs/General/html) by extension 'ros'
[0.481s] Level 1:colcon.colcon_core.package_identification:_identify(stm32_fw/Drivers/CMSIS/docs/General/html) by extensions ['cmake', 'python']
[0.481s] Level 1:colcon.colcon_core.package_identification:_identify(stm32_fw/Drivers/CMSIS/docs/General/html) by extension 'cmake'
[0.481s] Level 1:colcon.colcon_core.package_identification:_identify(stm32_fw/Drivers/CMSIS/docs/General/html) by extension 'python'
[0.481s] Level 1:colcon.colcon_core.package_identification:_identify(stm32_fw/Drivers/CMSIS/docs/General/html) by extensions ['python_setup_py']
[0.481s] Level 1:colcon.colcon_core.package_identification:_identify(stm32_fw/Drivers/CMSIS/docs/General/html) by extension 'python_setup_py'
[0.481s] Level 1:colcon.colcon_core.package_identification:_identify(stm32_fw/Drivers/STM32F1xx_HAL_Driver) by extensions ['ignore', 'ignore_ament_install']
[0.481s] Level 1:colcon.colcon_core.package_identification:_identify(stm32_fw/Drivers/STM32F1xx_HAL_Driver) by extension 'ignore'
[0.481s] Level 1:colcon.colcon_core.package_identification:_identify(stm32_fw/Drivers/STM32F1xx_HAL_Driver) by extension 'ignore_ament_install'
[0.481s] Level 1:colcon.colcon_core.package_identification:_identify(stm32_fw/Drivers/STM32F1xx_HAL_Driver) by extensions ['colcon_pkg']
[0.481s] Level 1:colcon.colcon_core.package_identification:_identify(stm32_fw/Drivers/STM32F1xx_HAL_Driver) by extension 'colcon_pkg'
[0.481s] Level 1:colcon.colcon_core.package_identification:_identify(stm32_fw/Drivers/STM32F1xx_HAL_Driver) by extensions ['colcon_meta']
[0.481s] Level 1:colcon.colcon_core.package_identification:_identify(stm32_fw/Drivers/STM32F1xx_HAL_Driver) by extension 'colcon_meta'
[0.481s] Level 1:colcon.colcon_core.package_identification:_identify(stm32_fw/Drivers/STM32F1xx_HAL_Driver) by extensions ['ros']
[0.481s] Level 1:colcon.colcon_core.package_identification:_identify(stm32_fw/Drivers/STM32F1xx_HAL_Driver) by extension 'ros'
[0.481s] Level 1:colcon.colcon_core.package_identification:_identify(stm32_fw/Drivers/STM32F1xx_HAL_Driver) by extensions ['cmake', 'python']
[0.481s] Level 1:colcon.colcon_core.package_identification:_identify(stm32_fw/Drivers/STM32F1xx_HAL_Driver) by extension 'cmake'
[0.482s] Level 1:colcon.colcon_core.package_identification:_identify(stm32_fw/Drivers/STM32F1xx_HAL_Driver) by extension 'python'
[0.482s] Level 1:colcon.colcon_core.package_identification:_identify(stm32_fw/Drivers/STM32F1xx_HAL_Driver) by extensions ['python_setup_py']
[0.482s] Level 1:colcon.colcon_core.package_identification:_identify(stm32_fw/Drivers/STM32F1xx_HAL_Driver) by extension 'python_setup_py'
[0.482s] Level 1:colcon.colcon_core.package_identification:_identify(stm32_fw/Drivers/STM32F1xx_HAL_Driver/Inc) by extensions ['ignore', 'ignore_ament_install']
[0.482s] Level 1:colcon.colcon_core.package_identification:_identify(stm32_fw/Drivers/STM32F1xx_HAL_Driver/Inc) by extension 'ignore'
[0.482s] Level 1:colcon.colcon_core.package_identification:_identify(stm32_fw/Drivers/STM32F1xx_HAL_Driver/Inc) by extension 'ignore_ament_install'
[0.482s] Level 1:colcon.colcon_core.package_identification:_identify(stm32_fw/Drivers/STM32F1xx_HAL_Driver/Inc) by extensions ['colcon_pkg']
[0.482s] Level 1:colcon.colcon_core.package_identification:_identify(stm32_fw/Drivers/STM32F1xx_HAL_Driver/Inc) by extension 'colcon_pkg'
[0.482s] Level 1:colcon.colcon_core.package_identification:_identify(stm32_fw/Drivers/STM32F1xx_HAL_Driver/Inc) by extensions ['colcon_meta']
[0.482s] Level 1:colcon.colcon_core.package_identification:_identify(stm32_fw/Drivers/STM32F1xx_HAL_Driver/Inc) by extension 'colcon_meta'
[0.482s] Level 1:colcon.colcon_core.package_identification:_identify(stm32_fw/Drivers/STM32F1xx_HAL_Driver/Inc) by extensions ['ros']
[0.482s] Level 1:colcon.colcon_core.package_identification:_identify(stm32_fw/Drivers/STM32F1xx_HAL_Driver/Inc) by extension 'ros'
[0.482s] Level 1:colcon.colcon_core.package_identification:_identify(stm32_fw/Drivers/STM32F1xx_HAL_Driver/Inc) by extensions ['cmake', 'python']
[0.482s] Level 1:colcon.colcon_core.package_identification:_identify(stm32_fw/Drivers/STM32F1xx_HAL_Driver/Inc) by extension 'cmake'
[0.482s] Level 1:colcon.colcon_core.package_identification:_identify(stm32_fw/Drivers/STM32F1xx_HAL_Driver/Inc) by extension 'python'
[0.482s] Level 1:colcon.colcon_core.package_identification:_identify(stm32_fw/Drivers/STM32F1xx_HAL_Driver/Inc) by extensions ['python_setup_py']
[0.482s] Level 1:colcon.colcon_core.package_identification:_identify(stm32_fw/Drivers/STM32F1xx_HAL_Driver/Inc) by extension 'python_setup_py'
[0.482s] Level 1:colcon.colcon_core.package_identification:_identify(stm32_fw/Drivers/STM32F1xx_HAL_Driver/Inc/Legacy) by extensions ['ignore', 'ignore_ament_install']
[0.482s] Level 1:colcon.colcon_core.package_identification:_identify(stm32_fw/Drivers/STM32F1xx_HAL_Driver/Inc/Legacy) by extension 'ignore'
[0.482s] Level 1:colcon.colcon_core.package_identification:_identify(stm32_fw/Drivers/STM32F1xx_HAL_Driver/Inc/Legacy) by extension 'ignore_ament_install'
[0.482s] Level 1:colcon.colcon_core.package_identification:_identify(stm32_fw/Drivers/STM32F1xx_HAL_Driver/Inc/Legacy) by extensions ['colcon_pkg']
[0.482s] Level 1:colcon.colcon_core.package_identification:_identify(stm32_fw/Drivers/STM32F1xx_HAL_Driver/Inc/Legacy) by extension 'colcon_pkg'
[0.482s] Level 1:colcon.colcon_core.package_identification:_identify(stm32_fw/Drivers/STM32F1xx_HAL_Driver/Inc/Legacy) by extensions ['colcon_meta']
[0.482s] Level 1:colcon.colcon_core.package_identification:_identify(stm32_fw/Drivers/STM32F1xx_HAL_Driver/Inc/Legacy) by extension 'colcon_meta'
[0.482s] Level 1:colcon.colcon_core.package_identification:_identify(stm32_fw/Drivers/STM32F1xx_HAL_Driver/Inc/Legacy) by extensions ['ros']
[0.483s] Level 1:colcon.colcon_core.package_identification:_identify(stm32_fw/Drivers/STM32F1xx_HAL_Driver/Inc/Legacy) by extension 'ros'
[0.483s] Level 1:colcon.colcon_core.package_identification:_identify(stm32_fw/Drivers/STM32F1xx_HAL_Driver/Inc/Legacy) by extensions ['cmake', 'python']
[0.483s] Level 1:colcon.colcon_core.package_identification:_identify(stm32_fw/Drivers/STM32F1xx_HAL_Driver/Inc/Legacy) by extension 'cmake'
[0.483s] Level 1:colcon.colcon_core.package_identification:_identify(stm32_fw/Drivers/STM32F1xx_HAL_Driver/Inc/Legacy) by extension 'python'
[0.483s] Level 1:colcon.colcon_core.package_identification:_identify(stm32_fw/Drivers/STM32F1xx_HAL_Driver/Inc/Legacy) by extensions ['python_setup_py']
[0.483s] Level 1:colcon.colcon_core.package_identification:_identify(stm32_fw/Drivers/STM32F1xx_HAL_Driver/Inc/Legacy) by extension 'python_setup_py'
[0.483s] Level 1:colcon.colcon_core.package_identification:_identify(stm32_fw/Drivers/STM32F1xx_HAL_Driver/Src) by extensions ['ignore', 'ignore_ament_install']
[0.483s] Level 1:colcon.colcon_core.package_identification:_identify(stm32_fw/Drivers/STM32F1xx_HAL_Driver/Src) by extension 'ignore'
[0.483s] Level 1:colcon.colcon_core.package_identification:_identify(stm32_fw/Drivers/STM32F1xx_HAL_Driver/Src) by extension 'ignore_ament_install'
[0.483s] Level 1:colcon.colcon_core.package_identification:_identify(stm32_fw/Drivers/STM32F1xx_HAL_Driver/Src) by extensions ['colcon_pkg']
[0.483s] Level 1:colcon.colcon_core.package_identification:_identify(stm32_fw/Drivers/STM32F1xx_HAL_Driver/Src) by extension 'colcon_pkg'
[0.483s] Level 1:colcon.colcon_core.package_identification:_identify(stm32_fw/Drivers/STM32F1xx_HAL_Driver/Src) by extensions ['colcon_meta']
[0.483s] Level 1:colcon.colcon_core.package_identification:_identify(stm32_fw/Drivers/STM32F1xx_HAL_Driver/Src) by extension 'colcon_meta'
[0.483s] Level 1:colcon.colcon_core.package_identification:_identify(stm32_fw/Drivers/STM32F1xx_HAL_Driver/Src) by extensions ['ros']
[0.483s] Level 1:colcon.colcon_core.package_identification:_identify(stm32_fw/Drivers/STM32F1xx_HAL_Driver/Src) by extension 'ros'
[0.483s] Level 1:colcon.colcon_core.package_identification:_identify(stm32_fw/Drivers/STM32F1xx_HAL_Driver/Src) by extensions ['cmake', 'python']
[0.483s] Level 1:colcon.colcon_core.package_identification:_identify(stm32_fw/Drivers/STM32F1xx_HAL_Driver/Src) by extension 'cmake'
[0.483s] Level 1:colcon.colcon_core.package_identification:_identify(stm32_fw/Drivers/STM32F1xx_HAL_Driver/Src) by extension 'python'
[0.483s] Level 1:colcon.colcon_core.package_identification:_identify(stm32_fw/Drivers/STM32F1xx_HAL_Driver/Src) by extensions ['python_setup_py']
[0.483s] Level 1:colcon.colcon_core.package_identification:_identify(stm32_fw/Drivers/STM32F1xx_HAL_Driver/Src) by extension 'python_setup_py'
[0.483s] Level 1:colcon.colcon_core.package_identification:_identify(stm32_fw/Middlewares) by extensions ['ignore', 'ignore_ament_install']
[0.483s] Level 1:colcon.colcon_core.package_identification:_identify(stm32_fw/Middlewares) by extension 'ignore'
[0.483s] Level 1:colcon.colcon_core.package_identification:_identify(stm32_fw/Middlewares) by extension 'ignore_ament_install'
[0.483s] Level 1:colcon.colcon_core.package_identification:_identify(stm32_fw/Middlewares) by extensions ['colcon_pkg']
[0.483s] Level 1:colcon.colcon_core.package_identification:_identify(stm32_fw/Middlewares) by extension 'colcon_pkg'
[0.483s] Level 1:colcon.colcon_core.package_identification:_identify(stm32_fw/Middlewares) by extensions ['colcon_meta']
[0.483s] Level 1:colcon.colcon_core.package_identification:_identify(stm32_fw/Middlewares) by extension 'colcon_meta'
[0.484s] Level 1:colcon.colcon_core.package_identification:_identify(stm32_fw/Middlewares) by extensions ['ros']
[0.484s] Level 1:colcon.colcon_core.package_identification:_identify(stm32_fw/Middlewares) by extension 'ros'
[0.484s] Level 1:colcon.colcon_core.package_identification:_identify(stm32_fw/Middlewares) by extensions ['cmake', 'python']
[0.484s] Level 1:colcon.colcon_core.package_identification:_identify(stm32_fw/Middlewares) by extension 'cmake'
[0.484s] Level 1:colcon.colcon_core.package_identification:_identify(stm32_fw/Middlewares) by extension 'python'
[0.484s] Level 1:colcon.colcon_core.package_identification:_identify(stm32_fw/Middlewares) by extensions ['python_setup_py']
[0.484s] Level 1:colcon.colcon_core.package_identification:_identify(stm32_fw/Middlewares) by extension 'python_setup_py'
[0.484s] Level 1:colcon.colcon_core.package_identification:_identify(stm32_fw/Middlewares/Third_Party) by extensions ['ignore', 'ignore_ament_install']
[0.484s] Level 1:colcon.colcon_core.package_identification:_identify(stm32_fw/Middlewares/Third_Party) by extension 'ignore'
[0.484s] Level 1:colcon.colcon_core.package_identification:_identify(stm32_fw/Middlewares/Third_Party) by extension 'ignore_ament_install'
[0.484s] Level 1:colcon.colcon_core.package_identification:_identify(stm32_fw/Middlewares/Third_Party) by extensions ['colcon_pkg']
[0.484s] Level 1:colcon.colcon_core.package_identification:_identify(stm32_fw/Middlewares/Third_Party) by extension 'colcon_pkg'
[0.484s] Level 1:colcon.colcon_core.package_identification:_identify(stm32_fw/Middlewares/Third_Party) by extensions ['colcon_meta']
[0.484s] Level 1:colcon.colcon_core.package_identification:_identify(stm32_fw/Middlewares/Third_Party) by extension 'colcon_meta'
[0.484s] Level 1:colcon.colcon_core.package_identification:_identify(stm32_fw/Middlewares/Third_Party) by extensions ['ros']
[0.484s] Level 1:colcon.colcon_core.package_identification:_identify(stm32_fw/Middlewares/Third_Party) by extension 'ros'
[0.484s] Level 1:colcon.colcon_core.package_identification:_identify(stm32_fw/Middlewares/Third_Party) by extensions ['cmake', 'python']
[0.484s] Level 1:colcon.colcon_core.package_identification:_identify(stm32_fw/Middlewares/Third_Party) by extension 'cmake'
[0.484s] Level 1:colcon.colcon_core.package_identification:_identify(stm32_fw/Middlewares/Third_Party) by extension 'python'
[0.484s] Level 1:colcon.colcon_core.package_identification:_identify(stm32_fw/Middlewares/Third_Party) by extensions ['python_setup_py']
[0.484s] Level 1:colcon.colcon_core.package_identification:_identify(stm32_fw/Middlewares/Third_Party) by extension 'python_setup_py'
[0.484s] Level 1:colcon.colcon_core.package_identification:_identify(stm32_fw/Middlewares/Third_Party/FreeRTOS) by extensions ['ignore', 'ignore_ament_install']
[0.484s] Level 1:colcon.colcon_core.package_identification:_identify(stm32_fw/Middlewares/Third_Party/FreeRTOS) by extension 'ignore'
[0.485s] Level 1:colcon.colcon_core.package_identification:_identify(stm32_fw/Middlewares/Third_Party/FreeRTOS) by extension 'ignore_ament_install'
[0.485s] Level 1:colcon.colcon_core.package_identification:_identify(stm32_fw/Middlewares/Third_Party/FreeRTOS) by extensions ['colcon_pkg']
[0.485s] Level 1:colcon.colcon_core.package_identification:_identify(stm32_fw/Middlewares/Third_Party/FreeRTOS) by extension 'colcon_pkg'
[0.485s] Level 1:colcon.colcon_core.package_identification:_identify(stm32_fw/Middlewares/Third_Party/FreeRTOS) by extensions ['colcon_meta']
[0.485s] Level 1:colcon.colcon_core.package_identification:_identify(stm32_fw/Middlewares/Third_Party/FreeRTOS) by extension 'colcon_meta'
[0.485s] Level 1:colcon.colcon_core.package_identification:_identify(stm32_fw/Middlewares/Third_Party/FreeRTOS) by extensions ['ros']
[0.485s] Level 1:colcon.colcon_core.package_identification:_identify(stm32_fw/Middlewares/Third_Party/FreeRTOS) by extension 'ros'
[0.485s] Level 1:colcon.colcon_core.package_identification:_identify(stm32_fw/Middlewares/Third_Party/FreeRTOS) by extensions ['cmake', 'python']
[0.485s] Level 1:colcon.colcon_core.package_identification:_identify(stm32_fw/Middlewares/Third_Party/FreeRTOS) by extension 'cmake'
[0.485s] Level 1:colcon.colcon_core.package_identification:_identify(stm32_fw/Middlewares/Third_Party/FreeRTOS) by extension 'python'
[0.485s] Level 1:colcon.colcon_core.package_identification:_identify(stm32_fw/Middlewares/Third_Party/FreeRTOS) by extensions ['python_setup_py']
[0.485s] Level 1:colcon.colcon_core.package_identification:_identify(stm32_fw/Middlewares/Third_Party/FreeRTOS) by extension 'python_setup_py'
[0.485s] Level 1:colcon.colcon_core.package_identification:_identify(stm32_fw/Middlewares/Third_Party/FreeRTOS/Source) by extensions ['ignore', 'ignore_ament_install']
[0.485s] Level 1:colcon.colcon_core.package_identification:_identify(stm32_fw/Middlewares/Third_Party/FreeRTOS/Source) by extension 'ignore'
[0.485s] Level 1:colcon.colcon_core.package_identification:_identify(stm32_fw/Middlewares/Third_Party/FreeRTOS/Source) by extension 'ignore_ament_install'
[0.485s] Level 1:colcon.colcon_core.package_identification:_identify(stm32_fw/Middlewares/Third_Party/FreeRTOS/Source) by extensions ['colcon_pkg']
[0.485s] Level 1:colcon.colcon_core.package_identification:_identify(stm32_fw/Middlewares/Third_Party/FreeRTOS/Source) by extension 'colcon_pkg'
[0.485s] Level 1:colcon.colcon_core.package_identification:_identify(stm32_fw/Middlewares/Third_Party/FreeRTOS/Source) by extensions ['colcon_meta']
[0.485s] Level 1:colcon.colcon_core.package_identification:_identify(stm32_fw/Middlewares/Third_Party/FreeRTOS/Source) by extension 'colcon_meta'
[0.485s] Level 1:colcon.colcon_core.package_identification:_identify(stm32_fw/Middlewares/Third_Party/FreeRTOS/Source) by extensions ['ros']
[0.485s] Level 1:colcon.colcon_core.package_identification:_identify(stm32_fw/Middlewares/Third_Party/FreeRTOS/Source) by extension 'ros'
[0.485s] Level 1:colcon.colcon_core.package_identification:_identify(stm32_fw/Middlewares/Third_Party/FreeRTOS/Source) by extensions ['cmake', 'python']
[0.486s] Level 1:colcon.colcon_core.package_identification:_identify(stm32_fw/Middlewares/Third_Party/FreeRTOS/Source) by extension 'cmake'
[0.486s] Level 1:colcon.colcon_core.package_identification:_identify(stm32_fw/Middlewares/Third_Party/FreeRTOS/Source) by extension 'python'
[0.486s] Level 1:colcon.colcon_core.package_identification:_identify(stm32_fw/Middlewares/Third_Party/FreeRTOS/Source) by extensions ['python_setup_py']
[0.486s] Level 1:colcon.colcon_core.package_identification:_identify(stm32_fw/Middlewares/Third_Party/FreeRTOS/Source) by extension 'python_setup_py'
[0.486s] Level 1:colcon.colcon_core.package_identification:_identify(stm32_fw/Middlewares/Third_Party/FreeRTOS/Source/CMSIS_RTOS_V2) by extensions ['ignore', 'ignore_ament_install']
[0.486s] Level 1:colcon.colcon_core.package_identification:_identify(stm32_fw/Middlewares/Third_Party/FreeRTOS/Source/CMSIS_RTOS_V2) by extension 'ignore'
[0.486s] Level 1:colcon.colcon_core.package_identification:_identify(stm32_fw/Middlewares/Third_Party/FreeRTOS/Source/CMSIS_RTOS_V2) by extension 'ignore_ament_install'
[0.486s] Level 1:colcon.colcon_core.package_identification:_identify(stm32_fw/Middlewares/Third_Party/FreeRTOS/Source/CMSIS_RTOS_V2) by extensions ['colcon_pkg']
[0.486s] Level 1:colcon.colcon_core.package_identification:_identify(stm32_fw/Middlewares/Third_Party/FreeRTOS/Source/CMSIS_RTOS_V2) by extension 'colcon_pkg'
[0.486s] Level 1:colcon.colcon_core.package_identification:_identify(stm32_fw/Middlewares/Third_Party/FreeRTOS/Source/CMSIS_RTOS_V2) by extensions ['colcon_meta']
[0.486s] Level 1:colcon.colcon_core.package_identification:_identify(stm32_fw/Middlewares/Third_Party/FreeRTOS/Source/CMSIS_RTOS_V2) by extension 'colcon_meta'
[0.486s] Level 1:colcon.colcon_core.package_identification:_identify(stm32_fw/Middlewares/Third_Party/FreeRTOS/Source/CMSIS_RTOS_V2) by extensions ['ros']
[0.486s] Level 1:colcon.colcon_core.package_identification:_identify(stm32_fw/Middlewares/Third_Party/FreeRTOS/Source/CMSIS_RTOS_V2) by extension 'ros'
[0.486s] Level 1:colcon.colcon_core.package_identification:_identify(stm32_fw/Middlewares/Third_Party/FreeRTOS/Source/CMSIS_RTOS_V2) by extensions ['cmake', 'python']
[0.486s] Level 1:colcon.colcon_core.package_identification:_identify(stm32_fw/Middlewares/Third_Party/FreeRTOS/Source/CMSIS_RTOS_V2) by extension 'cmake'
[0.486s] Level 1:colcon.colcon_core.package_identification:_identify(stm32_fw/Middlewares/Third_Party/FreeRTOS/Source/CMSIS_RTOS_V2) by extension 'python'
[0.486s] Level 1:colcon.colcon_core.package_identification:_identify(stm32_fw/Middlewares/Third_Party/FreeRTOS/Source/CMSIS_RTOS_V2) by extensions ['python_setup_py']
[0.486s] Level 1:colcon.colcon_core.package_identification:_identify(stm32_fw/Middlewares/Third_Party/FreeRTOS/Source/CMSIS_RTOS_V2) by extension 'python_setup_py'
[0.486s] Level 1:colcon.colcon_core.package_identification:_identify(stm32_fw/Middlewares/Third_Party/FreeRTOS/Source/include) by extensions ['ignore', 'ignore_ament_install']
[0.486s] Level 1:colcon.colcon_core.package_identification:_identify(stm32_fw/Middlewares/Third_Party/FreeRTOS/Source/include) by extension 'ignore'
[0.486s] Level 1:colcon.colcon_core.package_identification:_identify(stm32_fw/Middlewares/Third_Party/FreeRTOS/Source/include) by extension 'ignore_ament_install'
[0.486s] Level 1:colcon.colcon_core.package_identification:_identify(stm32_fw/Middlewares/Third_Party/FreeRTOS/Source/include) by extensions ['colcon_pkg']
[0.486s] Level 1:colcon.colcon_core.package_identification:_identify(stm32_fw/Middlewares/Third_Party/FreeRTOS/Source/include) by extension 'colcon_pkg'
[0.486s] Level 1:colcon.colcon_core.package_identification:_identify(stm32_fw/Middlewares/Third_Party/FreeRTOS/Source/include) by extensions ['colcon_meta']
[0.486s] Level 1:colcon.colcon_core.package_identification:_identify(stm32_fw/Middlewares/Third_Party/FreeRTOS/Source/include) by extension 'colcon_meta'
[0.486s] Level 1:colcon.colcon_core.package_identification:_identify(stm32_fw/Middlewares/Third_Party/FreeRTOS/Source/include) by extensions ['ros']
[0.487s] Level 1:colcon.colcon_core.package_identification:_identify(stm32_fw/Middlewares/Third_Party/FreeRTOS/Source/include) by extension 'ros'
[0.487s] Level 1:colcon.colcon_core.package_identification:_identify(stm32_fw/Middlewares/Third_Party/FreeRTOS/Source/include) by extensions ['cmake', 'python']
[0.487s] Level 1:colcon.colcon_core.package_identification:_identify(stm32_fw/Middlewares/Third_Party/FreeRTOS/Source/include) by extension 'cmake'
[0.487s] Level 1:colcon.colcon_core.package_identification:_identify(stm32_fw/Middlewares/Third_Party/FreeRTOS/Source/include) by extension 'python'
[0.487s] Level 1:colcon.colcon_core.package_identification:_identify(stm32_fw/Middlewares/Third_Party/FreeRTOS/Source/include) by extensions ['python_setup_py']
[0.487s] Level 1:colcon.colcon_core.package_identification:_identify(stm32_fw/Middlewares/Third_Party/FreeRTOS/Source/include) by extension 'python_setup_py'
[0.487s] Level 1:colcon.colcon_core.package_identification:_identify(stm32_fw/Middlewares/Third_Party/FreeRTOS/Source/portable) by extensions ['ignore', 'ignore_ament_install']
[0.487s] Level 1:colcon.colcon_core.package_identification:_identify(stm32_fw/Middlewares/Third_Party/FreeRTOS/Source/portable) by extension 'ignore'
[0.487s] Level 1:colcon.colcon_core.package_identification:_identify(stm32_fw/Middlewares/Third_Party/FreeRTOS/Source/portable) by extension 'ignore_ament_install'
[0.487s] Level 1:colcon.colcon_core.package_identification:_identify(stm32_fw/Middlewares/Third_Party/FreeRTOS/Source/portable) by extensions ['colcon_pkg']
[0.487s] Level 1:colcon.colcon_core.package_identification:_identify(stm32_fw/Middlewares/Third_Party/FreeRTOS/Source/portable) by extension 'colcon_pkg'
[0.487s] Level 1:colcon.colcon_core.package_identification:_identify(stm32_fw/Middlewares/Third_Party/FreeRTOS/Source/portable) by extensions ['colcon_meta']
[0.487s] Level 1:colcon.colcon_core.package_identification:_identify(stm32_fw/Middlewares/Third_Party/FreeRTOS/Source/portable) by extension 'colcon_meta'
[0.487s] Level 1:colcon.colcon_core.package_identification:_identify(stm32_fw/Middlewares/Third_Party/FreeRTOS/Source/portable) by extensions ['ros']
[0.487s] Level 1:colcon.colcon_core.package_identification:_identify(stm32_fw/Middlewares/Third_Party/FreeRTOS/Source/portable) by extension 'ros'
[0.487s] Level 1:colcon.colcon_core.package_identification:_identify(stm32_fw/Middlewares/Third_Party/FreeRTOS/Source/portable) by extensions ['cmake', 'python']
[0.487s] Level 1:colcon.colcon_core.package_identification:_identify(stm32_fw/Middlewares/Third_Party/FreeRTOS/Source/portable) by extension 'cmake'
[0.487s] Level 1:colcon.colcon_core.package_identification:_identify(stm32_fw/Middlewares/Third_Party/FreeRTOS/Source/portable) by extension 'python'
[0.487s] Level 1:colcon.colcon_core.package_identification:_identify(stm32_fw/Middlewares/Third_Party/FreeRTOS/Source/portable) by extensions ['python_setup_py']
[0.487s] Level 1:colcon.colcon_core.package_identification:_identify(stm32_fw/Middlewares/Third_Party/FreeRTOS/Source/portable) by extension 'python_setup_py'
[0.487s] Level 1:colcon.colcon_core.package_identification:_identify(stm32_fw/Middlewares/Third_Party/FreeRTOS/Source/portable/GCC) by extensions ['ignore', 'ignore_ament_install']
[0.487s] Level 1:colcon.colcon_core.package_identification:_identify(stm32_fw/Middlewares/Third_Party/FreeRTOS/Source/portable/GCC) by extension 'ignore'
[0.487s] Level 1:colcon.colcon_core.package_identification:_identify(stm32_fw/Middlewares/Third_Party/FreeRTOS/Source/portable/GCC) by extension 'ignore_ament_install'
[0.487s] Level 1:colcon.colcon_core.package_identification:_identify(stm32_fw/Middlewares/Third_Party/FreeRTOS/Source/portable/GCC) by extensions ['colcon_pkg']
[0.487s] Level 1:colcon.colcon_core.package_identification:_identify(stm32_fw/Middlewares/Third_Party/FreeRTOS/Source/portable/GCC) by extension 'colcon_pkg'
[0.487s] Level 1:colcon.colcon_core.package_identification:_identify(stm32_fw/Middlewares/Third_Party/FreeRTOS/Source/portable/GCC) by extensions ['colcon_meta']
[0.488s] Level 1:colcon.colcon_core.package_identification:_identify(stm32_fw/Middlewares/Third_Party/FreeRTOS/Source/portable/GCC) by extension 'colcon_meta'
[0.488s] Level 1:colcon.colcon_core.package_identification:_identify(stm32_fw/Middlewares/Third_Party/FreeRTOS/Source/portable/GCC) by extensions ['ros']
[0.488s] Level 1:colcon.colcon_core.package_identification:_identify(stm32_fw/Middlewares/Third_Party/FreeRTOS/Source/portable/GCC) by extension 'ros'
[0.488s] Level 1:colcon.colcon_core.package_identification:_identify(stm32_fw/Middlewares/Third_Party/FreeRTOS/Source/portable/GCC) by extensions ['cmake', 'python']
[0.488s] Level 1:colcon.colcon_core.package_identification:_identify(stm32_fw/Middlewares/Third_Party/FreeRTOS/Source/portable/GCC) by extension 'cmake'
[0.488s] Level 1:colcon.colcon_core.package_identification:_identify(stm32_fw/Middlewares/Third_Party/FreeRTOS/Source/portable/GCC) by extension 'python'
[0.488s] Level 1:colcon.colcon_core.package_identification:_identify(stm32_fw/Middlewares/Third_Party/FreeRTOS/Source/portable/GCC) by extensions ['python_setup_py']
[0.488s] Level 1:colcon.colcon_core.package_identification:_identify(stm32_fw/Middlewares/Third_Party/FreeRTOS/Source/portable/GCC) by extension 'python_setup_py'
[0.488s] Level 1:colcon.colcon_core.package_identification:_identify(stm32_fw/Middlewares/Third_Party/FreeRTOS/Source/portable/GCC/ARM_CM3) by extensions ['ignore', 'ignore_ament_install']
[0.488s] Level 1:colcon.colcon_core.package_identification:_identify(stm32_fw/Middlewares/Third_Party/FreeRTOS/Source/portable/GCC/ARM_CM3) by extension 'ignore'
[0.488s] Level 1:colcon.colcon_core.package_identification:_identify(stm32_fw/Middlewares/Third_Party/FreeRTOS/Source/portable/GCC/ARM_CM3) by extension 'ignore_ament_install'
[0.488s] Level 1:colcon.colcon_core.package_identification:_identify(stm32_fw/Middlewares/Third_Party/FreeRTOS/Source/portable/GCC/ARM_CM3) by extensions ['colcon_pkg']
[0.488s] Level 1:colcon.colcon_core.package_identification:_identify(stm32_fw/Middlewares/Third_Party/FreeRTOS/Source/portable/GCC/ARM_CM3) by extension 'colcon_pkg'
[0.488s] Level 1:colcon.colcon_core.package_identification:_identify(stm32_fw/Middlewares/Third_Party/FreeRTOS/Source/portable/GCC/ARM_CM3) by extensions ['colcon_meta']
[0.488s] Level 1:colcon.colcon_core.package_identification:_identify(stm32_fw/Middlewares/Third_Party/FreeRTOS/Source/portable/GCC/ARM_CM3) by extension 'colcon_meta'
[0.488s] Level 1:colcon.colcon_core.package_identification:_identify(stm32_fw/Middlewares/Third_Party/FreeRTOS/Source/portable/GCC/ARM_CM3) by extensions ['ros']
[0.488s] Level 1:colcon.colcon_core.package_identification:_identify(stm32_fw/Middlewares/Third_Party/FreeRTOS/Source/portable/GCC/ARM_CM3) by extension 'ros'
[0.488s] Level 1:colcon.colcon_core.package_identification:_identify(stm32_fw/Middlewares/Third_Party/FreeRTOS/Source/portable/GCC/ARM_CM3) by extensions ['cmake', 'python']
[0.488s] Level 1:colcon.colcon_core.package_identification:_identify(stm32_fw/Middlewares/Third_Party/FreeRTOS/Source/portable/GCC/ARM_CM3) by extension 'cmake'
[0.488s] Level 1:colcon.colcon_core.package_identification:_identify(stm32_fw/Middlewares/Third_Party/FreeRTOS/Source/portable/GCC/ARM_CM3) by extension 'python'
[0.488s] Level 1:colcon.colcon_core.package_identification:_identify(stm32_fw/Middlewares/Third_Party/FreeRTOS/Source/portable/GCC/ARM_CM3) by extensions ['python_setup_py']
[0.488s] Level 1:colcon.colcon_core.package_identification:_identify(stm32_fw/Middlewares/Third_Party/FreeRTOS/Source/portable/GCC/ARM_CM3) by extension 'python_setup_py'
[0.488s] Level 1:colcon.colcon_core.package_identification:_identify(stm32_fw/Middlewares/Third_Party/FreeRTOS/Source/portable/MemMang) by extensions ['ignore', 'ignore_ament_install']
[0.488s] Level 1:colcon.colcon_core.package_identification:_identify(stm32_fw/Middlewares/Third_Party/FreeRTOS/Source/portable/MemMang) by extension 'ignore'
[0.488s] Level 1:colcon.colcon_core.package_identification:_identify(stm32_fw/Middlewares/Third_Party/FreeRTOS/Source/portable/MemMang) by extension 'ignore_ament_install'
[0.488s] Level 1:colcon.colcon_core.package_identification:_identify(stm32_fw/Middlewares/Third_Party/FreeRTOS/Source/portable/MemMang) by extensions ['colcon_pkg']
[0.488s] Level 1:colcon.colcon_core.package_identification:_identify(stm32_fw/Middlewares/Third_Party/FreeRTOS/Source/portable/MemMang) by extension 'colcon_pkg'
[0.489s] Level 1:colcon.colcon_core.package_identification:_identify(stm32_fw/Middlewares/Third_Party/FreeRTOS/Source/portable/MemMang) by extensions ['colcon_meta']
[0.489s] Level 1:colcon.colcon_core.package_identification:_identify(stm32_fw/Middlewares/Third_Party/FreeRTOS/Source/portable/MemMang) by extension 'colcon_meta'
[0.489s] Level 1:colcon.colcon_core.package_identification:_identify(stm32_fw/Middlewares/Third_Party/FreeRTOS/Source/portable/MemMang) by extensions ['ros']
[0.489s] Level 1:colcon.colcon_core.package_identification:_identify(stm32_fw/Middlewares/Third_Party/FreeRTOS/Source/portable/MemMang) by extension 'ros'
[0.489s] Level 1:colcon.colcon_core.package_identification:_identify(stm32_fw/Middlewares/Third_Party/FreeRTOS/Source/portable/MemMang) by extensions ['cmake', 'python']
[0.489s] Level 1:colcon.colcon_core.package_identification:_identify(stm32_fw/Middlewares/Third_Party/FreeRTOS/Source/portable/MemMang) by extension 'cmake'
[0.489s] Level 1:colcon.colcon_core.package_identification:_identify(stm32_fw/Middlewares/Third_Party/FreeRTOS/Source/portable/MemMang) by extension 'python'
[0.489s] Level 1:colcon.colcon_core.package_identification:_identify(stm32_fw/Middlewares/Third_Party/FreeRTOS/Source/portable/MemMang) by extensions ['python_setup_py']
[0.489s] Level 1:colcon.colcon_core.package_identification:_identify(stm32_fw/Middlewares/Third_Party/FreeRTOS/Source/portable/MemMang) by extension 'python_setup_py'
[0.489s] Level 1:colcon.colcon_core.package_identification:_identify(stm32_fw/build) by extensions ['ignore', 'ignore_ament_install']
[0.489s] Level 1:colcon.colcon_core.package_identification:_identify(stm32_fw/build) by extension 'ignore'
[0.489s] Level 1:colcon.colcon_core.package_identification:_identify(stm32_fw/build) by extension 'ignore_ament_install'
[0.489s] Level 1:colcon.colcon_core.package_identification:_identify(stm32_fw/build) by extensions ['colcon_pkg']
[0.489s] Level 1:colcon.colcon_core.package_identification:_identify(stm32_fw/build) by extension 'colcon_pkg'
[0.489s] Level 1:colcon.colcon_core.package_identification:_identify(stm32_fw/build) by extensions ['colcon_meta']
[0.489s] Level 1:colcon.colcon_core.package_identification:_identify(stm32_fw/build) by extension 'colcon_meta'
[0.489s] Level 1:colcon.colcon_core.package_identification:_identify(stm32_fw/build) by extensions ['ros']
[0.489s] Level 1:colcon.colcon_core.package_identification:_identify(stm32_fw/build) by extension 'ros'
[0.489s] Level 1:colcon.colcon_core.package_identification:_identify(stm32_fw/build) by extensions ['cmake', 'python']
[0.489s] Level 1:colcon.colcon_core.package_identification:_identify(stm32_fw/build) by extension 'cmake'
[0.489s] Level 1:colcon.colcon_core.package_identification:_identify(stm32_fw/build) by extension 'python'
[0.489s] Level 1:colcon.colcon_core.package_identification:_identify(stm32_fw/build) by extensions ['python_setup_py']
[0.489s] Level 1:colcon.colcon_core.package_identification:_identify(stm32_fw/build) by extension 'python_setup_py'
[0.490s] Level 1:colcon.colcon_core.package_identification:_identify(tests) by extensions ['ignore', 'ignore_ament_install']
[0.490s] Level 1:colcon.colcon_core.package_identification:_identify(tests) by extension 'ignore'
[0.490s] Level 1:colcon.colcon_core.package_identification:_identify(tests) by extension 'ignore_ament_install'
[0.490s] Level 1:colcon.colcon_core.package_identification:_identify(tests) by extensions ['colcon_pkg']
[0.490s] Level 1:colcon.colcon_core.package_identification:_identify(tests) by extension 'colcon_pkg'
[0.490s] Level 1:colcon.colcon_core.package_identification:_identify(tests) by extensions ['colcon_meta']
[0.490s] Level 1:colcon.colcon_core.package_identification:_identify(tests) by extension 'colcon_meta'
[0.490s] Level 1:colcon.colcon_core.package_identification:_identify(tests) by extensions ['ros']
[0.490s] Level 1:colcon.colcon_core.package_identification:_identify(tests) by extension 'ros'
[0.490s] Level 1:colcon.colcon_core.package_identification:_identify(tests) by extensions ['cmake', 'python']
[0.490s] Level 1:colcon.colcon_core.package_identification:_identify(tests) by extension 'cmake'
[0.490s] Level 1:colcon.colcon_core.package_identification:_identify(tests) by extension 'python'
[0.490s] Level 1:colcon.colcon_core.package_identification:_identify(tests) by extensions ['python_setup_py']
[0.490s] Level 1:colcon.colcon_core.package_identification:_identify(tests) by extension 'python_setup_py'
[0.490s] Level 1:colcon.colcon_core.package_identification:_identify(tests/test_detection) by extensions ['ignore', 'ignore_ament_install']
[0.490s] Level 1:colcon.colcon_core.package_identification:_identify(tests/test_detection) by extension 'ignore'
[0.490s] Level 1:colcon.colcon_core.package_identification:_identify(tests/test_detection) by extension 'ignore_ament_install'
[0.490s] Level 1:colcon.colcon_core.package_identification:_identify(tests/test_detection) by extensions ['colcon_pkg']
[0.490s] Level 1:colcon.colcon_core.package_identification:_identify(tests/test_detection) by extension 'colcon_pkg'
[0.490s] Level 1:colcon.colcon_core.package_identification:_identify(tests/test_detection) by extensions ['colcon_meta']
[0.490s] Level 1:colcon.colcon_core.package_identification:_identify(tests/test_detection) by extension 'colcon_meta'
[0.490s] Level 1:colcon.colcon_core.package_identification:_identify(tests/test_detection) by extensions ['ros']
[0.490s] Level 1:colcon.colcon_core.package_identification:_identify(tests/test_detection) by extension 'ros'
[0.490s] Level 1:colcon.colcon_core.package_identification:_identify(tests/test_detection) by extensions ['cmake', 'python']
[0.490s] Level 1:colcon.colcon_core.package_identification:_identify(tests/test_detection) by extension 'cmake'
[0.492s] Level 1:colcon.colcon_core.package_identification:_identify(tests/test_detection) by extension 'python'
[0.492s] DEBUG:colcon.colcon_core.package_identification:Package 'tests/test_detection' with type 'cmake' and name 'test_onnx_cpp'
[0.492s] Level 1:colcon.colcon_core.package_identification:_identify(tests/test_uart_protocol) by extensions ['ignore', 'ignore_ament_install']
[0.492s] Level 1:colcon.colcon_core.package_identification:_identify(tests/test_uart_protocol) by extension 'ignore'
[0.492s] Level 1:colcon.colcon_core.package_identification:_identify(tests/test_uart_protocol) by extension 'ignore_ament_install'
[0.492s] Level 1:colcon.colcon_core.package_identification:_identify(tests/test_uart_protocol) by extensions ['colcon_pkg']
[0.492s] Level 1:colcon.colcon_core.package_identification:_identify(tests/test_uart_protocol) by extension 'colcon_pkg'
[0.492s] Level 1:colcon.colcon_core.package_identification:_identify(tests/test_uart_protocol) by extensions ['colcon_meta']
[0.493s] Level 1:colcon.colcon_core.package_identification:_identify(tests/test_uart_protocol) by extension 'colcon_meta'
[0.493s] Level 1:colcon.colcon_core.package_identification:_identify(tests/test_uart_protocol) by extensions ['ros']
[0.493s] Level 1:colcon.colcon_core.package_identification:_identify(tests/test_uart_protocol) by extension 'ros'
[0.493s] Level 1:colcon.colcon_core.package_identification:_identify(tests/test_uart_protocol) by extensions ['cmake', 'python']
[0.493s] Level 1:colcon.colcon_core.package_identification:_identify(tests/test_uart_protocol) by extension 'cmake'
[0.493s] Level 1:colcon.colcon_core.package_identification:_identify(tests/test_uart_protocol) by extension 'python'
[0.493s] Level 1:colcon.colcon_core.package_identification:_identify(tests/test_uart_protocol) by extensions ['python_setup_py']
[0.493s] Level 1:colcon.colcon_core.package_identification:_identify(tests/test_uart_protocol) by extension 'python_setup_py'
[0.493s] Level 1:colcon.colcon_core.package_discovery:discover_packages(recursive) using defaults
[0.493s] Level 1:colcon.colcon_core.package_discovery:discover_packages(ignore) discover
[0.493s] Level 1:colcon.colcon_core.package_discovery:discover_packages(ignore) using defaults
[0.493s] Level 1:colcon.colcon_core.package_discovery:discover_packages(path) discover
[0.493s] Level 1:colcon.colcon_core.package_discovery:discover_packages(path) using defaults
[0.505s] INFO:colcon.colcon_core.package_selection:Skipping not selected package 'detection_node' in 'ros2_ws/src/detection_node'
[0.505s] INFO:colcon.colcon_core.package_selection:Skipping not selected package 'gst_receiver' in 'ros2_ws/src/gst_receiver'
[0.505s] INFO:colcon.colcon_core.package_selection:Skipping not selected package 'stereo_splitter' in 'ros2_ws/src/stereo_splitter'
[0.505s] INFO:colcon.colcon_core.package_selection:Skipping not selected package 'test_onnx_cpp' in 'tests/test_detection'
[0.505s] INFO:colcon.colcon_core.package_selection:Skipping not selected package 'tracker_node' in 'ros2_ws/src/tracker_node'
[0.505s] INFO:colcon.colcon_core.package_selection:Skipping not selected package 'uart_bridge' in 'ros2_ws/src/uart_bridge'
[0.506s] Level 1:colcon.colcon_core.package_discovery:discover_packages(prefix_path) check parameters
[0.506s] Level 1:colcon.colcon_core.package_discovery:discover_packages(prefix_path) discover
[0.507s] DEBUG:colcon.colcon_installed_package_information.package_discovery:Found 288 installed packages in /opt/ros/jazzy
[0.508s] Level 1:colcon.colcon_core.package_discovery:discover_packages(prefix_path) using defaults
[0.533s] Level 5:colcon.colcon_core.verb:set package 'robot_interfaces' build argument 'cmake_args' from command line to 'None'
[0.533s] Level 5:colcon.colcon_core.verb:set package 'robot_interfaces' build argument 'cmake_target' from command line to 'None'
[0.533s] Level 5:colcon.colcon_core.verb:set package 'robot_interfaces' build argument 'cmake_target_skip_unavailable' from command line to 'False'
[0.533s] Level 5:colcon.colcon_core.verb:set package 'robot_interfaces' build argument 'cmake_clean_cache' from command line to 'False'
[0.533s] Level 5:colcon.colcon_core.verb:set package 'robot_interfaces' build argument 'cmake_clean_first' from command line to 'False'
[0.533s] Level 5:colcon.colcon_core.verb:set package 'robot_interfaces' build argument 'cmake_force_configure' from command line to 'False'
[0.533s] Level 5:colcon.colcon_core.verb:set package 'robot_interfaces' build argument 'ament_cmake_args' from command line to 'None'
[0.533s] Level 5:colcon.colcon_core.verb:set package 'robot_interfaces' build argument 'catkin_cmake_args' from command line to 'None'
[0.533s] Level 5:colcon.colcon_core.verb:set package 'robot_interfaces' build argument 'catkin_skip_building_tests' from command line to 'False'
[0.533s] DEBUG:colcon.colcon_core.verb:Building package 'robot_interfaces' with the following arguments: {'ament_cmake_args': None, 'build_base': '/home/peter/dog/dog_dev/build/robot_interfaces', 'catkin_cmake_args': None, 'catkin_skip_building_tests': False, 'cmake_args': None, 'cmake_clean_cache': False, 'cmake_clean_first': False, 'cmake_force_configure': False, 'cmake_target': None, 'cmake_target_skip_unavailable': False, 'install_base': '/home/peter/dog/dog_dev/install/robot_interfaces', 'merge_install': False, 'path': '/home/peter/dog/dog_dev/ros2_ws/src/robot_interfaces', 'symlink_install': False, 'test_result_base': None}
[0.533s] INFO:colcon.colcon_core.executor:Executing jobs using 'parallel' executor
[0.534s] DEBUG:colcon.colcon_parallel_executor.executor.parallel:run_until_complete
[0.534s] INFO:colcon.colcon_ros.task.ament_cmake.build:Building ROS package in '/home/peter/dog/dog_dev/ros2_ws/src/robot_interfaces' with build type 'ament_cmake'
[0.534s] INFO:colcon.colcon_cmake.task.cmake.build:Building CMake package in '/home/peter/dog/dog_dev/ros2_ws/src/robot_interfaces'
[0.536s] INFO:colcon.colcon_core.plugin_system:Skipping extension 'colcon_core.shell.bat': Not used on non-Windows systems
[0.536s] INFO:colcon.colcon_core.shell:Skip shell extension 'powershell' for command environment: Not usable outside of PowerShell
[0.536s] DEBUG:colcon.colcon_core.shell:Skip shell extension 'dsv' for command environment
[0.541s] DEBUG:colcon.colcon_core.event_handler.log_command:Invoking command in '/home/peter/dog/dog_dev/build/robot_interfaces': CMAKE_PREFIX_PATH=${CMAKE_PREFIX_PATH}:/opt/ros/jazzy DEBUGINFOD_URLS=https://debuginfod.ubuntu.com /usr/bin/cmake /home/peter/dog/dog_dev/ros2_ws/src/robot_interfaces -DCMAKE_INSTALL_PREFIX=/home/peter/dog/dog_dev/install/robot_interfaces
[14.853s] DEBUG:colcon.colcon_core.event_handler.log_command:Invoked command in '/home/peter/dog/dog_dev/build/robot_interfaces' returned '0': CMAKE_PREFIX_PATH=${CMAKE_PREFIX_PATH}:/opt/ros/jazzy DEBUGINFOD_URLS=https://debuginfod.ubuntu.com /usr/bin/cmake /home/peter/dog/dog_dev/ros2_ws/src/robot_interfaces -DCMAKE_INSTALL_PREFIX=/home/peter/dog/dog_dev/install/robot_interfaces
[14.854s] DEBUG:colcon.colcon_core.event_handler.log_command:Invoking command in '/home/peter/dog/dog_dev/build/robot_interfaces': CMAKE_PREFIX_PATH=${CMAKE_PREFIX_PATH}:/opt/ros/jazzy DEBUGINFOD_URLS=https://debuginfod.ubuntu.com /usr/bin/cmake --build /home/peter/dog/dog_dev/build/robot_interfaces -- -j16 -l16
[19.325s] DEBUG:colcon.colcon_core.event_handler.log_command:Invoked command in '/home/peter/dog/dog_dev/build/robot_interfaces' returned '0': CMAKE_PREFIX_PATH=${CMAKE_PREFIX_PATH}:/opt/ros/jazzy DEBUGINFOD_URLS=https://debuginfod.ubuntu.com /usr/bin/cmake --build /home/peter/dog/dog_dev/build/robot_interfaces -- -j16 -l16
[19.332s] DEBUG:colcon.colcon_core.event_handler.log_command:Invoking command in '/home/peter/dog/dog_dev/build/robot_interfaces': CMAKE_PREFIX_PATH=${CMAKE_PREFIX_PATH}:/opt/ros/jazzy DEBUGINFOD_URLS=https://debuginfod.ubuntu.com /usr/bin/cmake --install /home/peter/dog/dog_dev/build/robot_interfaces
[19.395s] Level 1:colcon.colcon_core.environment:create_environment_scripts_only(robot_interfaces)
[19.397s] DEBUG:colcon.colcon_core.event_handler.log_command:Invoked command in '/home/peter/dog/dog_dev/build/robot_interfaces' returned '0': CMAKE_PREFIX_PATH=${CMAKE_PREFIX_PATH}:/opt/ros/jazzy DEBUGINFOD_URLS=https://debuginfod.ubuntu.com /usr/bin/cmake --install /home/peter/dog/dog_dev/build/robot_interfaces
[19.398s] Level 1:colcon.colcon_core.environment:checking '/home/peter/dog/dog_dev/install/robot_interfaces' for CMake module files
[19.398s] Level 1:colcon.colcon_core.environment:checking '/home/peter/dog/dog_dev/install/robot_interfaces' for CMake config files
[19.398s] Level 1:colcon.colcon_core.shell:create_environment_hook('robot_interfaces', 'cmake_prefix_path')
[19.398s] INFO:colcon.colcon_core.shell:Creating environment hook '/home/peter/dog/dog_dev/install/robot_interfaces/share/robot_interfaces/hook/cmake_prefix_path.ps1'
[19.399s] INFO:colcon.colcon_core.shell:Creating environment descriptor '/home/peter/dog/dog_dev/install/robot_interfaces/share/robot_interfaces/hook/cmake_prefix_path.dsv'
[19.399s] INFO:colcon.colcon_core.shell:Creating environment hook '/home/peter/dog/dog_dev/install/robot_interfaces/share/robot_interfaces/hook/cmake_prefix_path.sh'
[19.400s] Level 1:colcon.colcon_core.environment:checking '/home/peter/dog/dog_dev/install/robot_interfaces/lib'
[19.400s] Level 1:colcon.colcon_core.shell:create_environment_hook('robot_interfaces', 'ld_library_path_lib')
[19.400s] INFO:colcon.colcon_core.shell:Creating environment hook '/home/peter/dog/dog_dev/install/robot_interfaces/share/robot_interfaces/hook/ld_library_path_lib.ps1'
[19.400s] INFO:colcon.colcon_core.shell:Creating environment descriptor '/home/peter/dog/dog_dev/install/robot_interfaces/share/robot_interfaces/hook/ld_library_path_lib.dsv'
[19.400s] INFO:colcon.colcon_core.shell:Creating environment hook '/home/peter/dog/dog_dev/install/robot_interfaces/share/robot_interfaces/hook/ld_library_path_lib.sh'
[19.401s] Level 1:colcon.colcon_core.environment:checking '/home/peter/dog/dog_dev/install/robot_interfaces/bin'
[19.401s] Level 1:colcon.colcon_core.environment:checking '/home/peter/dog/dog_dev/install/robot_interfaces/lib/pkgconfig/robot_interfaces.pc'
[19.401s] Level 1:colcon.colcon_core.environment:checking '/home/peter/dog/dog_dev/install/robot_interfaces/lib/python3.12/site-packages'
[19.401s] Level 1:colcon.colcon_core.shell:create_environment_hook('robot_interfaces', 'pythonpath')
[19.401s] INFO:colcon.colcon_core.shell:Creating environment hook '/home/peter/dog/dog_dev/install/robot_interfaces/share/robot_interfaces/hook/pythonpath.ps1'
[19.401s] INFO:colcon.colcon_core.shell:Creating environment descriptor '/home/peter/dog/dog_dev/install/robot_interfaces/share/robot_interfaces/hook/pythonpath.dsv'
[19.402s] INFO:colcon.colcon_core.shell:Creating environment hook '/home/peter/dog/dog_dev/install/robot_interfaces/share/robot_interfaces/hook/pythonpath.sh'
[19.402s] Level 1:colcon.colcon_core.environment:checking '/home/peter/dog/dog_dev/install/robot_interfaces/bin'
[19.402s] INFO:colcon.colcon_core.shell:Creating package script '/home/peter/dog/dog_dev/install/robot_interfaces/share/robot_interfaces/package.ps1'
[19.403s] INFO:colcon.colcon_core.shell:Creating package descriptor '/home/peter/dog/dog_dev/install/robot_interfaces/share/robot_interfaces/package.dsv'
[19.403s] INFO:colcon.colcon_core.shell:Creating package script '/home/peter/dog/dog_dev/install/robot_interfaces/share/robot_interfaces/package.sh'
[19.403s] INFO:colcon.colcon_core.shell:Creating package script '/home/peter/dog/dog_dev/install/robot_interfaces/share/robot_interfaces/package.bash'
[19.404s] INFO:colcon.colcon_core.shell:Creating package script '/home/peter/dog/dog_dev/install/robot_interfaces/share/robot_interfaces/package.zsh'
[19.404s] Level 1:colcon.colcon_core.environment:create_file_with_runtime_dependencies(/home/peter/dog/dog_dev/install/robot_interfaces/share/colcon-core/packages/robot_interfaces)
[19.404s] Level 1:colcon.colcon_core.environment:create_environment_scripts_only(robot_interfaces)
[19.405s] Level 1:colcon.colcon_core.environment:checking '/home/peter/dog/dog_dev/install/robot_interfaces' for CMake module files
[19.405s] Level 1:colcon.colcon_core.environment:checking '/home/peter/dog/dog_dev/install/robot_interfaces' for CMake config files
[19.405s] Level 1:colcon.colcon_core.shell:create_environment_hook('robot_interfaces', 'cmake_prefix_path')
[19.405s] INFO:colcon.colcon_core.shell:Creating environment hook '/home/peter/dog/dog_dev/install/robot_interfaces/share/robot_interfaces/hook/cmake_prefix_path.ps1'
[19.405s] INFO:colcon.colcon_core.shell:Creating environment descriptor '/home/peter/dog/dog_dev/install/robot_interfaces/share/robot_interfaces/hook/cmake_prefix_path.dsv'
[19.406s] INFO:colcon.colcon_core.shell:Creating environment hook '/home/peter/dog/dog_dev/install/robot_interfaces/share/robot_interfaces/hook/cmake_prefix_path.sh'
[19.406s] Level 1:colcon.colcon_core.environment:checking '/home/peter/dog/dog_dev/install/robot_interfaces/lib'
[19.406s] Level 1:colcon.colcon_core.shell:create_environment_hook('robot_interfaces', 'ld_library_path_lib')
[19.406s] INFO:colcon.colcon_core.shell:Creating environment hook '/home/peter/dog/dog_dev/install/robot_interfaces/share/robot_interfaces/hook/ld_library_path_lib.ps1'
[19.407s] INFO:colcon.colcon_core.shell:Creating environment descriptor '/home/peter/dog/dog_dev/install/robot_interfaces/share/robot_interfaces/hook/ld_library_path_lib.dsv'
[19.407s] INFO:colcon.colcon_core.shell:Creating environment hook '/home/peter/dog/dog_dev/install/robot_interfaces/share/robot_interfaces/hook/ld_library_path_lib.sh'
[19.407s] Level 1:colcon.colcon_core.environment:checking '/home/peter/dog/dog_dev/install/robot_interfaces/bin'
[19.408s] Level 1:colcon.colcon_core.environment:checking '/home/peter/dog/dog_dev/install/robot_interfaces/lib/pkgconfig/robot_interfaces.pc'
[19.408s] Level 1:colcon.colcon_core.environment:checking '/home/peter/dog/dog_dev/install/robot_interfaces/lib/python3.12/site-packages'
[19.408s] Level 1:colcon.colcon_core.shell:create_environment_hook('robot_interfaces', 'pythonpath')
[19.408s] INFO:colcon.colcon_core.shell:Creating environment hook '/home/peter/dog/dog_dev/install/robot_interfaces/share/robot_interfaces/hook/pythonpath.ps1'
[19.408s] INFO:colcon.colcon_core.shell:Creating environment descriptor '/home/peter/dog/dog_dev/install/robot_interfaces/share/robot_interfaces/hook/pythonpath.dsv'
[19.409s] INFO:colcon.colcon_core.shell:Creating environment hook '/home/peter/dog/dog_dev/install/robot_interfaces/share/robot_interfaces/hook/pythonpath.sh'
[19.409s] Level 1:colcon.colcon_core.environment:checking '/home/peter/dog/dog_dev/install/robot_interfaces/bin'
[19.409s] INFO:colcon.colcon_core.shell:Creating package script '/home/peter/dog/dog_dev/install/robot_interfaces/share/robot_interfaces/package.ps1'
[19.410s] INFO:colcon.colcon_core.shell:Creating package descriptor '/home/peter/dog/dog_dev/install/robot_interfaces/share/robot_interfaces/package.dsv'
[19.410s] INFO:colcon.colcon_core.shell:Creating package script '/home/peter/dog/dog_dev/install/robot_interfaces/share/robot_interfaces/package.sh'
[19.410s] INFO:colcon.colcon_core.shell:Creating package script '/home/peter/dog/dog_dev/install/robot_interfaces/share/robot_interfaces/package.bash'
[19.410s] INFO:colcon.colcon_core.shell:Creating package script '/home/peter/dog/dog_dev/install/robot_interfaces/share/robot_interfaces/package.zsh'
[19.411s] Level 1:colcon.colcon_core.environment:create_file_with_runtime_dependencies(/home/peter/dog/dog_dev/install/robot_interfaces/share/colcon-core/packages/robot_interfaces)
[19.411s] DEBUG:colcon.colcon_parallel_executor.executor.parallel:closing loop
[19.411s] DEBUG:colcon.colcon_parallel_executor.executor.parallel:loop closed
[19.411s] DEBUG:colcon.colcon_parallel_executor.executor.parallel:run_until_complete finished with '0'
[19.411s] DEBUG:colcon.colcon_core.event_reactor:joining thread
[19.415s] INFO:colcon.colcon_core.plugin_system:Skipping extension 'colcon_notification.desktop_notification.terminal_notifier': Not used on non-Darwin systems
[19.415s] INFO:colcon.colcon_core.plugin_system:Skipping extension 'colcon_notification.desktop_notification.win32': Not used on non-Windows systems
[19.415s] INFO:colcon.colcon_notification.desktop_notification:Sending desktop notification using 'notify2'
[19.416s] DEBUG:colcon.colcon_notification.desktop_notification.notify2:Failed to initialize notify2: org.freedesktop.DBus.Error.ServiceUnknown: The name org.freedesktop.Notifications was not provided by any .service files
[19.416s] DEBUG:colcon.colcon_core.event_reactor:joined thread
[19.416s] INFO:colcon.colcon_core.shell:Creating prefix script '/home/peter/dog/dog_dev/install/local_setup.ps1'
[19.416s] INFO:colcon.colcon_core.shell:Creating prefix util module '/home/peter/dog/dog_dev/install/_local_setup_util_ps1.py'
[19.417s] INFO:colcon.colcon_core.shell:Creating prefix chain script '/home/peter/dog/dog_dev/install/setup.ps1'
[19.418s] INFO:colcon.colcon_core.shell:Creating prefix script '/home/peter/dog/dog_dev/install/local_setup.sh'
[19.418s] INFO:colcon.colcon_core.shell:Creating prefix util module '/home/peter/dog/dog_dev/install/_local_setup_util_sh.py'
[19.418s] INFO:colcon.colcon_core.shell:Creating prefix chain script '/home/peter/dog/dog_dev/install/setup.sh'
[19.419s] INFO:colcon.colcon_core.shell:Creating prefix script '/home/peter/dog/dog_dev/install/local_setup.bash'
[19.419s] INFO:colcon.colcon_core.shell:Creating prefix chain script '/home/peter/dog/dog_dev/install/setup.bash'
[19.419s] INFO:colcon.colcon_core.shell:Creating prefix script '/home/peter/dog/dog_dev/install/local_setup.zsh'
[19.419s] INFO:colcon.colcon_core.shell:Creating prefix chain script '/home/peter/dog/dog_dev/install/setup.zsh'
