ARM GAS  /tmp/ccdKs9qj.s 			page 1


   1              		.cpu cortex-m3
   2              		.arch armv7-m
   3              		.fpu softvfp
   4              		.eabi_attribute 20, 1
   5              		.eabi_attribute 21, 1
   6              		.eabi_attribute 23, 3
   7              		.eabi_attribute 24, 1
   8              		.eabi_attribute 25, 1
   9              		.eabi_attribute 26, 1
  10              		.eabi_attribute 30, 1
  11              		.eabi_attribute 34, 1
  12              		.eabi_attribute 18, 4
  13              		.file	"stream_buffer.c"
  14              		.text
  15              	.Ltext0:
  16              		.cfi_sections	.debug_frame
  17              		.file 1 "Middlewares/Third_Party/FreeRTOS/Source/stream_buffer.c"
  18              		.section	.text.prvBytesInBuffer,"ax",%progbits
  19              		.align	1
  20              		.syntax unified
  21              		.thumb
  22              		.thumb_func
  24              	prvBytesInBuffer:
  25              	.LVL0:
  26              	.LFB24:
   1:Middlewares/Third_Party/FreeRTOS/Source/stream_buffer.c **** /*
   2:Middlewares/Third_Party/FreeRTOS/Source/stream_buffer.c ****  * FreeRTOS Kernel V10.3.1
   3:Middlewares/Third_Party/FreeRTOS/Source/stream_buffer.c ****  * Copyright (C) 2020 Amazon.com, Inc. or its affiliates.  All Rights Reserved.
   4:Middlewares/Third_Party/FreeRTOS/Source/stream_buffer.c ****  *
   5:Middlewares/Third_Party/FreeRTOS/Source/stream_buffer.c ****  * Permission is hereby granted, free of charge, to any person obtaining a copy of
   6:Middlewares/Third_Party/FreeRTOS/Source/stream_buffer.c ****  * this software and associated documentation files (the "Software"), to deal in
   7:Middlewares/Third_Party/FreeRTOS/Source/stream_buffer.c ****  * the Software without restriction, including without limitation the rights to
   8:Middlewares/Third_Party/FreeRTOS/Source/stream_buffer.c ****  * use, copy, modify, merge, publish, distribute, sublicense, and/or sell copies of
   9:Middlewares/Third_Party/FreeRTOS/Source/stream_buffer.c ****  * the Software, and to permit persons to whom the Software is furnished to do so,
  10:Middlewares/Third_Party/FreeRTOS/Source/stream_buffer.c ****  * subject to the following conditions:
  11:Middlewares/Third_Party/FreeRTOS/Source/stream_buffer.c ****  *
  12:Middlewares/Third_Party/FreeRTOS/Source/stream_buffer.c ****  * The above copyright notice and this permission notice shall be included in all
  13:Middlewares/Third_Party/FreeRTOS/Source/stream_buffer.c ****  * copies or substantial portions of the Software.
  14:Middlewares/Third_Party/FreeRTOS/Source/stream_buffer.c ****  *
  15:Middlewares/Third_Party/FreeRTOS/Source/stream_buffer.c ****  * THE SOFTWARE IS PROVIDED "AS IS", WITHOUT WARRANTY OF ANY KIND, EXPRESS OR
  16:Middlewares/Third_Party/FreeRTOS/Source/stream_buffer.c ****  * IMPLIED, INCLUDING BUT NOT LIMITED TO THE WARRANTIES OF MERCHANTABILITY, FITNESS
  17:Middlewares/Third_Party/FreeRTOS/Source/stream_buffer.c ****  * FOR A PARTICULAR PURPOSE AND NONINFRINGEMENT. IN NO EVENT SHALL THE AUTHORS OR
  18:Middlewares/Third_Party/FreeRTOS/Source/stream_buffer.c ****  * COPYRIGHT HOLDERS BE LIABLE FOR ANY CLAIM, DAMAGES OR OTHER LIABILITY, WHETHER
  19:Middlewares/Third_Party/FreeRTOS/Source/stream_buffer.c ****  * IN AN ACTION OF CONTRACT, TORT OR OTHERWISE, ARISING FROM, OUT OF OR IN
  20:Middlewares/Third_Party/FreeRTOS/Source/stream_buffer.c ****  * CONNECTION WITH THE SOFTWARE OR THE USE OR OTHER DEALINGS IN THE SOFTWARE.
  21:Middlewares/Third_Party/FreeRTOS/Source/stream_buffer.c ****  *
  22:Middlewares/Third_Party/FreeRTOS/Source/stream_buffer.c ****  * http://www.FreeRTOS.org
  23:Middlewares/Third_Party/FreeRTOS/Source/stream_buffer.c ****  * http://aws.amazon.com/freertos
  24:Middlewares/Third_Party/FreeRTOS/Source/stream_buffer.c ****  *
  25:Middlewares/Third_Party/FreeRTOS/Source/stream_buffer.c ****  * 1 tab == 4 spaces!
  26:Middlewares/Third_Party/FreeRTOS/Source/stream_buffer.c ****  */
  27:Middlewares/Third_Party/FreeRTOS/Source/stream_buffer.c **** 
  28:Middlewares/Third_Party/FreeRTOS/Source/stream_buffer.c **** /* Standard includes. */
  29:Middlewares/Third_Party/FreeRTOS/Source/stream_buffer.c **** #include <stdint.h>
  30:Middlewares/Third_Party/FreeRTOS/Source/stream_buffer.c **** #include <string.h>
  31:Middlewares/Third_Party/FreeRTOS/Source/stream_buffer.c **** 
  32:Middlewares/Third_Party/FreeRTOS/Source/stream_buffer.c **** /* Defining MPU_WRAPPERS_INCLUDED_FROM_API_FILE prevents task.h from redefining
ARM GAS  /tmp/ccdKs9qj.s 			page 2


  33:Middlewares/Third_Party/FreeRTOS/Source/stream_buffer.c **** all the API functions to use the MPU wrappers.  That should only be done when
  34:Middlewares/Third_Party/FreeRTOS/Source/stream_buffer.c **** task.h is included from an application file. */
  35:Middlewares/Third_Party/FreeRTOS/Source/stream_buffer.c **** #define MPU_WRAPPERS_INCLUDED_FROM_API_FILE
  36:Middlewares/Third_Party/FreeRTOS/Source/stream_buffer.c **** 
  37:Middlewares/Third_Party/FreeRTOS/Source/stream_buffer.c **** /* FreeRTOS includes. */
  38:Middlewares/Third_Party/FreeRTOS/Source/stream_buffer.c **** #include "FreeRTOS.h"
  39:Middlewares/Third_Party/FreeRTOS/Source/stream_buffer.c **** #include "task.h"
  40:Middlewares/Third_Party/FreeRTOS/Source/stream_buffer.c **** #include "stream_buffer.h"
  41:Middlewares/Third_Party/FreeRTOS/Source/stream_buffer.c **** 
  42:Middlewares/Third_Party/FreeRTOS/Source/stream_buffer.c **** #if( configUSE_TASK_NOTIFICATIONS != 1 )
  43:Middlewares/Third_Party/FreeRTOS/Source/stream_buffer.c **** 	#error configUSE_TASK_NOTIFICATIONS must be set to 1 to build stream_buffer.c
  44:Middlewares/Third_Party/FreeRTOS/Source/stream_buffer.c **** #endif
  45:Middlewares/Third_Party/FreeRTOS/Source/stream_buffer.c **** 
  46:Middlewares/Third_Party/FreeRTOS/Source/stream_buffer.c **** /* Lint e961, e9021 and e750 are suppressed as a MISRA exception justified
  47:Middlewares/Third_Party/FreeRTOS/Source/stream_buffer.c **** because the MPU ports require MPU_WRAPPERS_INCLUDED_FROM_API_FILE to be defined
  48:Middlewares/Third_Party/FreeRTOS/Source/stream_buffer.c **** for the header files above, but not in this file, in order to generate the
  49:Middlewares/Third_Party/FreeRTOS/Source/stream_buffer.c **** correct privileged Vs unprivileged linkage and placement. */
  50:Middlewares/Third_Party/FreeRTOS/Source/stream_buffer.c **** #undef MPU_WRAPPERS_INCLUDED_FROM_API_FILE /*lint !e961 !e750 !e9021. */
  51:Middlewares/Third_Party/FreeRTOS/Source/stream_buffer.c **** 
  52:Middlewares/Third_Party/FreeRTOS/Source/stream_buffer.c **** /* If the user has not provided application specific Rx notification macros,
  53:Middlewares/Third_Party/FreeRTOS/Source/stream_buffer.c **** or #defined the notification macros away, them provide default implementations
  54:Middlewares/Third_Party/FreeRTOS/Source/stream_buffer.c **** that uses task notifications. */
  55:Middlewares/Third_Party/FreeRTOS/Source/stream_buffer.c **** /*lint -save -e9026 Function like macros allowed and needed here so they can be overidden. */
  56:Middlewares/Third_Party/FreeRTOS/Source/stream_buffer.c **** #ifndef sbRECEIVE_COMPLETED
  57:Middlewares/Third_Party/FreeRTOS/Source/stream_buffer.c **** 	#define sbRECEIVE_COMPLETED( pxStreamBuffer )										\
  58:Middlewares/Third_Party/FreeRTOS/Source/stream_buffer.c **** 		vTaskSuspendAll();																\
  59:Middlewares/Third_Party/FreeRTOS/Source/stream_buffer.c **** 		{																				\
  60:Middlewares/Third_Party/FreeRTOS/Source/stream_buffer.c **** 			if( ( pxStreamBuffer )->xTaskWaitingToSend != NULL )						\
  61:Middlewares/Third_Party/FreeRTOS/Source/stream_buffer.c **** 			{																			\
  62:Middlewares/Third_Party/FreeRTOS/Source/stream_buffer.c **** 				( void ) xTaskNotify( ( pxStreamBuffer )->xTaskWaitingToSend,			\
  63:Middlewares/Third_Party/FreeRTOS/Source/stream_buffer.c **** 									  ( uint32_t ) 0,									\
  64:Middlewares/Third_Party/FreeRTOS/Source/stream_buffer.c **** 									  eNoAction );										\
  65:Middlewares/Third_Party/FreeRTOS/Source/stream_buffer.c **** 				( pxStreamBuffer )->xTaskWaitingToSend = NULL;							\
  66:Middlewares/Third_Party/FreeRTOS/Source/stream_buffer.c **** 			}																			\
  67:Middlewares/Third_Party/FreeRTOS/Source/stream_buffer.c **** 		}																				\
  68:Middlewares/Third_Party/FreeRTOS/Source/stream_buffer.c **** 		( void ) xTaskResumeAll();
  69:Middlewares/Third_Party/FreeRTOS/Source/stream_buffer.c **** #endif /* sbRECEIVE_COMPLETED */
  70:Middlewares/Third_Party/FreeRTOS/Source/stream_buffer.c **** 
  71:Middlewares/Third_Party/FreeRTOS/Source/stream_buffer.c **** #ifndef sbRECEIVE_COMPLETED_FROM_ISR
  72:Middlewares/Third_Party/FreeRTOS/Source/stream_buffer.c **** 	#define sbRECEIVE_COMPLETED_FROM_ISR( pxStreamBuffer,								\
  73:Middlewares/Third_Party/FreeRTOS/Source/stream_buffer.c **** 										  pxHigherPriorityTaskWoken )					\
  74:Middlewares/Third_Party/FreeRTOS/Source/stream_buffer.c **** 	{																					\
  75:Middlewares/Third_Party/FreeRTOS/Source/stream_buffer.c **** 	UBaseType_t uxSavedInterruptStatus;													\
  76:Middlewares/Third_Party/FreeRTOS/Source/stream_buffer.c **** 																						\
  77:Middlewares/Third_Party/FreeRTOS/Source/stream_buffer.c **** 		uxSavedInterruptStatus = ( UBaseType_t ) portSET_INTERRUPT_MASK_FROM_ISR();		\
  78:Middlewares/Third_Party/FreeRTOS/Source/stream_buffer.c **** 		{																				\
  79:Middlewares/Third_Party/FreeRTOS/Source/stream_buffer.c **** 			if( ( pxStreamBuffer )->xTaskWaitingToSend != NULL )						\
  80:Middlewares/Third_Party/FreeRTOS/Source/stream_buffer.c **** 			{																			\
  81:Middlewares/Third_Party/FreeRTOS/Source/stream_buffer.c **** 				( void ) xTaskNotifyFromISR( ( pxStreamBuffer )->xTaskWaitingToSend,	\
  82:Middlewares/Third_Party/FreeRTOS/Source/stream_buffer.c **** 											 ( uint32_t ) 0,							\
  83:Middlewares/Third_Party/FreeRTOS/Source/stream_buffer.c **** 											 eNoAction,									\
  84:Middlewares/Third_Party/FreeRTOS/Source/stream_buffer.c **** 											 pxHigherPriorityTaskWoken );				\
  85:Middlewares/Third_Party/FreeRTOS/Source/stream_buffer.c **** 				( pxStreamBuffer )->xTaskWaitingToSend = NULL;							\
  86:Middlewares/Third_Party/FreeRTOS/Source/stream_buffer.c **** 			}																			\
  87:Middlewares/Third_Party/FreeRTOS/Source/stream_buffer.c **** 		}																				\
  88:Middlewares/Third_Party/FreeRTOS/Source/stream_buffer.c **** 		portCLEAR_INTERRUPT_MASK_FROM_ISR( uxSavedInterruptStatus );					\
  89:Middlewares/Third_Party/FreeRTOS/Source/stream_buffer.c **** 	}
ARM GAS  /tmp/ccdKs9qj.s 			page 3


  90:Middlewares/Third_Party/FreeRTOS/Source/stream_buffer.c **** #endif /* sbRECEIVE_COMPLETED_FROM_ISR */
  91:Middlewares/Third_Party/FreeRTOS/Source/stream_buffer.c **** 
  92:Middlewares/Third_Party/FreeRTOS/Source/stream_buffer.c **** /* If the user has not provided an application specific Tx notification macro,
  93:Middlewares/Third_Party/FreeRTOS/Source/stream_buffer.c **** or #defined the notification macro away, them provide a default implementation
  94:Middlewares/Third_Party/FreeRTOS/Source/stream_buffer.c **** that uses task notifications. */
  95:Middlewares/Third_Party/FreeRTOS/Source/stream_buffer.c **** #ifndef sbSEND_COMPLETED
  96:Middlewares/Third_Party/FreeRTOS/Source/stream_buffer.c **** 	#define sbSEND_COMPLETED( pxStreamBuffer )											\
  97:Middlewares/Third_Party/FreeRTOS/Source/stream_buffer.c **** 		vTaskSuspendAll();																\
  98:Middlewares/Third_Party/FreeRTOS/Source/stream_buffer.c **** 		{																				\
  99:Middlewares/Third_Party/FreeRTOS/Source/stream_buffer.c **** 			if( ( pxStreamBuffer )->xTaskWaitingToReceive != NULL )						\
 100:Middlewares/Third_Party/FreeRTOS/Source/stream_buffer.c **** 			{																			\
 101:Middlewares/Third_Party/FreeRTOS/Source/stream_buffer.c **** 				( void ) xTaskNotify( ( pxStreamBuffer )->xTaskWaitingToReceive,		\
 102:Middlewares/Third_Party/FreeRTOS/Source/stream_buffer.c **** 									  ( uint32_t ) 0,									\
 103:Middlewares/Third_Party/FreeRTOS/Source/stream_buffer.c **** 									  eNoAction );										\
 104:Middlewares/Third_Party/FreeRTOS/Source/stream_buffer.c **** 				( pxStreamBuffer )->xTaskWaitingToReceive = NULL;						\
 105:Middlewares/Third_Party/FreeRTOS/Source/stream_buffer.c **** 			}																			\
 106:Middlewares/Third_Party/FreeRTOS/Source/stream_buffer.c **** 		}																				\
 107:Middlewares/Third_Party/FreeRTOS/Source/stream_buffer.c **** 		( void ) xTaskResumeAll();
 108:Middlewares/Third_Party/FreeRTOS/Source/stream_buffer.c **** #endif /* sbSEND_COMPLETED */
 109:Middlewares/Third_Party/FreeRTOS/Source/stream_buffer.c **** 
 110:Middlewares/Third_Party/FreeRTOS/Source/stream_buffer.c **** #ifndef sbSEND_COMPLETE_FROM_ISR
 111:Middlewares/Third_Party/FreeRTOS/Source/stream_buffer.c **** 	#define sbSEND_COMPLETE_FROM_ISR( pxStreamBuffer, pxHigherPriorityTaskWoken )		\
 112:Middlewares/Third_Party/FreeRTOS/Source/stream_buffer.c **** 	{																					\
 113:Middlewares/Third_Party/FreeRTOS/Source/stream_buffer.c **** 	UBaseType_t uxSavedInterruptStatus;													\
 114:Middlewares/Third_Party/FreeRTOS/Source/stream_buffer.c **** 																						\
 115:Middlewares/Third_Party/FreeRTOS/Source/stream_buffer.c **** 		uxSavedInterruptStatus = ( UBaseType_t ) portSET_INTERRUPT_MASK_FROM_ISR();		\
 116:Middlewares/Third_Party/FreeRTOS/Source/stream_buffer.c **** 		{																				\
 117:Middlewares/Third_Party/FreeRTOS/Source/stream_buffer.c **** 			if( ( pxStreamBuffer )->xTaskWaitingToReceive != NULL )						\
 118:Middlewares/Third_Party/FreeRTOS/Source/stream_buffer.c **** 			{																			\
 119:Middlewares/Third_Party/FreeRTOS/Source/stream_buffer.c **** 				( void ) xTaskNotifyFromISR( ( pxStreamBuffer )->xTaskWaitingToReceive,	\
 120:Middlewares/Third_Party/FreeRTOS/Source/stream_buffer.c **** 											 ( uint32_t ) 0,							\
 121:Middlewares/Third_Party/FreeRTOS/Source/stream_buffer.c **** 											 eNoAction,									\
 122:Middlewares/Third_Party/FreeRTOS/Source/stream_buffer.c **** 											 pxHigherPriorityTaskWoken );				\
 123:Middlewares/Third_Party/FreeRTOS/Source/stream_buffer.c **** 				( pxStreamBuffer )->xTaskWaitingToReceive = NULL;						\
 124:Middlewares/Third_Party/FreeRTOS/Source/stream_buffer.c **** 			}																			\
 125:Middlewares/Third_Party/FreeRTOS/Source/stream_buffer.c **** 		}																				\
 126:Middlewares/Third_Party/FreeRTOS/Source/stream_buffer.c **** 		portCLEAR_INTERRUPT_MASK_FROM_ISR( uxSavedInterruptStatus );					\
 127:Middlewares/Third_Party/FreeRTOS/Source/stream_buffer.c **** 	}
 128:Middlewares/Third_Party/FreeRTOS/Source/stream_buffer.c **** #endif /* sbSEND_COMPLETE_FROM_ISR */
 129:Middlewares/Third_Party/FreeRTOS/Source/stream_buffer.c **** /*lint -restore (9026) */
 130:Middlewares/Third_Party/FreeRTOS/Source/stream_buffer.c **** 
 131:Middlewares/Third_Party/FreeRTOS/Source/stream_buffer.c **** /* The number of bytes used to hold the length of a message in the buffer. */
 132:Middlewares/Third_Party/FreeRTOS/Source/stream_buffer.c **** #define sbBYTES_TO_STORE_MESSAGE_LENGTH ( sizeof( configMESSAGE_BUFFER_LENGTH_TYPE ) )
 133:Middlewares/Third_Party/FreeRTOS/Source/stream_buffer.c **** 
 134:Middlewares/Third_Party/FreeRTOS/Source/stream_buffer.c **** /* Bits stored in the ucFlags field of the stream buffer. */
 135:Middlewares/Third_Party/FreeRTOS/Source/stream_buffer.c **** #define sbFLAGS_IS_MESSAGE_BUFFER		( ( uint8_t ) 1 ) /* Set if the stream buffer was created as a m
 136:Middlewares/Third_Party/FreeRTOS/Source/stream_buffer.c **** #define sbFLAGS_IS_STATICALLY_ALLOCATED ( ( uint8_t ) 2 ) /* Set if the stream buffer was created u
 137:Middlewares/Third_Party/FreeRTOS/Source/stream_buffer.c **** 
 138:Middlewares/Third_Party/FreeRTOS/Source/stream_buffer.c **** /*-----------------------------------------------------------*/
 139:Middlewares/Third_Party/FreeRTOS/Source/stream_buffer.c **** 
 140:Middlewares/Third_Party/FreeRTOS/Source/stream_buffer.c **** /* Structure that hold state information on the buffer. */
 141:Middlewares/Third_Party/FreeRTOS/Source/stream_buffer.c **** typedef struct StreamBufferDef_t /*lint !e9058 Style convention uses tag. */
 142:Middlewares/Third_Party/FreeRTOS/Source/stream_buffer.c **** {
 143:Middlewares/Third_Party/FreeRTOS/Source/stream_buffer.c **** 	volatile size_t xTail;				/* Index to the next item to read within the buffer. */
 144:Middlewares/Third_Party/FreeRTOS/Source/stream_buffer.c **** 	volatile size_t xHead;				/* Index to the next item to write within the buffer. */
 145:Middlewares/Third_Party/FreeRTOS/Source/stream_buffer.c **** 	size_t xLength;						/* The length of the buffer pointed to by pucBuffer. */
 146:Middlewares/Third_Party/FreeRTOS/Source/stream_buffer.c **** 	size_t xTriggerLevelBytes;			/* The number of bytes that must be in the stream buffer before a tas
ARM GAS  /tmp/ccdKs9qj.s 			page 4


 147:Middlewares/Third_Party/FreeRTOS/Source/stream_buffer.c **** 	volatile TaskHandle_t xTaskWaitingToReceive; /* Holds the handle of a task waiting for data, or NU
 148:Middlewares/Third_Party/FreeRTOS/Source/stream_buffer.c **** 	volatile TaskHandle_t xTaskWaitingToSend;	/* Holds the handle of a task waiting to send data to a 
 149:Middlewares/Third_Party/FreeRTOS/Source/stream_buffer.c **** 	uint8_t *pucBuffer;					/* Points to the buffer itself - that is - the RAM that stores the data pa
 150:Middlewares/Third_Party/FreeRTOS/Source/stream_buffer.c **** 	uint8_t ucFlags;
 151:Middlewares/Third_Party/FreeRTOS/Source/stream_buffer.c **** 
 152:Middlewares/Third_Party/FreeRTOS/Source/stream_buffer.c **** 	#if ( configUSE_TRACE_FACILITY == 1 )
 153:Middlewares/Third_Party/FreeRTOS/Source/stream_buffer.c **** 		UBaseType_t uxStreamBufferNumber;		/* Used for tracing purposes. */
 154:Middlewares/Third_Party/FreeRTOS/Source/stream_buffer.c **** 	#endif
 155:Middlewares/Third_Party/FreeRTOS/Source/stream_buffer.c **** } StreamBuffer_t;
 156:Middlewares/Third_Party/FreeRTOS/Source/stream_buffer.c **** 
 157:Middlewares/Third_Party/FreeRTOS/Source/stream_buffer.c **** /*
 158:Middlewares/Third_Party/FreeRTOS/Source/stream_buffer.c ****  * The number of bytes available to be read from the buffer.
 159:Middlewares/Third_Party/FreeRTOS/Source/stream_buffer.c ****  */
 160:Middlewares/Third_Party/FreeRTOS/Source/stream_buffer.c **** static size_t prvBytesInBuffer( const StreamBuffer_t * const pxStreamBuffer ) PRIVILEGED_FUNCTION;
 161:Middlewares/Third_Party/FreeRTOS/Source/stream_buffer.c **** 
 162:Middlewares/Third_Party/FreeRTOS/Source/stream_buffer.c **** /*
 163:Middlewares/Third_Party/FreeRTOS/Source/stream_buffer.c ****  * Add xCount bytes from pucData into the pxStreamBuffer message buffer.
 164:Middlewares/Third_Party/FreeRTOS/Source/stream_buffer.c ****  * Returns the number of bytes written, which will either equal xCount in the
 165:Middlewares/Third_Party/FreeRTOS/Source/stream_buffer.c ****  * success case, or 0 if there was not enough space in the buffer (in which case
 166:Middlewares/Third_Party/FreeRTOS/Source/stream_buffer.c ****  * no data is written into the buffer).
 167:Middlewares/Third_Party/FreeRTOS/Source/stream_buffer.c ****  */
 168:Middlewares/Third_Party/FreeRTOS/Source/stream_buffer.c **** static size_t prvWriteBytesToBuffer( StreamBuffer_t * const pxStreamBuffer, const uint8_t *pucData,
 169:Middlewares/Third_Party/FreeRTOS/Source/stream_buffer.c **** 
 170:Middlewares/Third_Party/FreeRTOS/Source/stream_buffer.c **** /*
 171:Middlewares/Third_Party/FreeRTOS/Source/stream_buffer.c ****  * If the stream buffer is being used as a message buffer, then reads an entire
 172:Middlewares/Third_Party/FreeRTOS/Source/stream_buffer.c ****  * message out of the buffer.  If the stream buffer is being used as a stream
 173:Middlewares/Third_Party/FreeRTOS/Source/stream_buffer.c ****  * buffer then read as many bytes as possible from the buffer.
 174:Middlewares/Third_Party/FreeRTOS/Source/stream_buffer.c ****  * prvReadBytesFromBuffer() is called to actually extract the bytes from the
 175:Middlewares/Third_Party/FreeRTOS/Source/stream_buffer.c ****  * buffer's data storage area.
 176:Middlewares/Third_Party/FreeRTOS/Source/stream_buffer.c ****  */
 177:Middlewares/Third_Party/FreeRTOS/Source/stream_buffer.c **** static size_t prvReadMessageFromBuffer( StreamBuffer_t *pxStreamBuffer,
 178:Middlewares/Third_Party/FreeRTOS/Source/stream_buffer.c **** 										void *pvRxData,
 179:Middlewares/Third_Party/FreeRTOS/Source/stream_buffer.c **** 										size_t xBufferLengthBytes,
 180:Middlewares/Third_Party/FreeRTOS/Source/stream_buffer.c **** 										size_t xBytesAvailable,
 181:Middlewares/Third_Party/FreeRTOS/Source/stream_buffer.c **** 										size_t xBytesToStoreMessageLength ) PRIVILEGED_FUNCTION;
 182:Middlewares/Third_Party/FreeRTOS/Source/stream_buffer.c **** 
 183:Middlewares/Third_Party/FreeRTOS/Source/stream_buffer.c **** /*
 184:Middlewares/Third_Party/FreeRTOS/Source/stream_buffer.c ****  * If the stream buffer is being used as a message buffer, then writes an entire
 185:Middlewares/Third_Party/FreeRTOS/Source/stream_buffer.c ****  * message to the buffer.  If the stream buffer is being used as a stream
 186:Middlewares/Third_Party/FreeRTOS/Source/stream_buffer.c ****  * buffer then write as many bytes as possible to the buffer.
 187:Middlewares/Third_Party/FreeRTOS/Source/stream_buffer.c ****  * prvWriteBytestoBuffer() is called to actually send the bytes to the buffer's
 188:Middlewares/Third_Party/FreeRTOS/Source/stream_buffer.c ****  * data storage area.
 189:Middlewares/Third_Party/FreeRTOS/Source/stream_buffer.c ****  */
 190:Middlewares/Third_Party/FreeRTOS/Source/stream_buffer.c **** static size_t prvWriteMessageToBuffer(  StreamBuffer_t * const pxStreamBuffer,
 191:Middlewares/Third_Party/FreeRTOS/Source/stream_buffer.c **** 										const void * pvTxData,
 192:Middlewares/Third_Party/FreeRTOS/Source/stream_buffer.c **** 										size_t xDataLengthBytes,
 193:Middlewares/Third_Party/FreeRTOS/Source/stream_buffer.c **** 										size_t xSpace,
 194:Middlewares/Third_Party/FreeRTOS/Source/stream_buffer.c **** 										size_t xRequiredSpace ) PRIVILEGED_FUNCTION;
 195:Middlewares/Third_Party/FreeRTOS/Source/stream_buffer.c **** 
 196:Middlewares/Third_Party/FreeRTOS/Source/stream_buffer.c **** /*
 197:Middlewares/Third_Party/FreeRTOS/Source/stream_buffer.c ****  * Read xMaxCount bytes from the pxStreamBuffer message buffer and write them
 198:Middlewares/Third_Party/FreeRTOS/Source/stream_buffer.c ****  * to pucData.
 199:Middlewares/Third_Party/FreeRTOS/Source/stream_buffer.c ****  */
 200:Middlewares/Third_Party/FreeRTOS/Source/stream_buffer.c **** static size_t prvReadBytesFromBuffer( StreamBuffer_t *pxStreamBuffer,
 201:Middlewares/Third_Party/FreeRTOS/Source/stream_buffer.c **** 									  uint8_t *pucData,
 202:Middlewares/Third_Party/FreeRTOS/Source/stream_buffer.c **** 									  size_t xMaxCount,
 203:Middlewares/Third_Party/FreeRTOS/Source/stream_buffer.c **** 									  size_t xBytesAvailable ) PRIVILEGED_FUNCTION;
ARM GAS  /tmp/ccdKs9qj.s 			page 5


 204:Middlewares/Third_Party/FreeRTOS/Source/stream_buffer.c **** 
 205:Middlewares/Third_Party/FreeRTOS/Source/stream_buffer.c **** /*
 206:Middlewares/Third_Party/FreeRTOS/Source/stream_buffer.c ****  * Called by both pxStreamBufferCreate() and pxStreamBufferCreateStatic() to
 207:Middlewares/Third_Party/FreeRTOS/Source/stream_buffer.c ****  * initialise the members of the newly created stream buffer structure.
 208:Middlewares/Third_Party/FreeRTOS/Source/stream_buffer.c ****  */
 209:Middlewares/Third_Party/FreeRTOS/Source/stream_buffer.c **** static void prvInitialiseNewStreamBuffer( StreamBuffer_t * const pxStreamBuffer,
 210:Middlewares/Third_Party/FreeRTOS/Source/stream_buffer.c **** 										  uint8_t * const pucBuffer,
 211:Middlewares/Third_Party/FreeRTOS/Source/stream_buffer.c **** 										  size_t xBufferSizeBytes,
 212:Middlewares/Third_Party/FreeRTOS/Source/stream_buffer.c **** 										  size_t xTriggerLevelBytes,
 213:Middlewares/Third_Party/FreeRTOS/Source/stream_buffer.c **** 										  uint8_t ucFlags ) PRIVILEGED_FUNCTION;
 214:Middlewares/Third_Party/FreeRTOS/Source/stream_buffer.c **** 
 215:Middlewares/Third_Party/FreeRTOS/Source/stream_buffer.c **** /*-----------------------------------------------------------*/
 216:Middlewares/Third_Party/FreeRTOS/Source/stream_buffer.c **** 
 217:Middlewares/Third_Party/FreeRTOS/Source/stream_buffer.c **** #if( configSUPPORT_DYNAMIC_ALLOCATION == 1 )
 218:Middlewares/Third_Party/FreeRTOS/Source/stream_buffer.c **** 
 219:Middlewares/Third_Party/FreeRTOS/Source/stream_buffer.c **** 	StreamBufferHandle_t xStreamBufferGenericCreate( size_t xBufferSizeBytes, size_t xTriggerLevelByte
 220:Middlewares/Third_Party/FreeRTOS/Source/stream_buffer.c **** 	{
 221:Middlewares/Third_Party/FreeRTOS/Source/stream_buffer.c **** 	uint8_t *pucAllocatedMemory;
 222:Middlewares/Third_Party/FreeRTOS/Source/stream_buffer.c **** 	uint8_t ucFlags;
 223:Middlewares/Third_Party/FreeRTOS/Source/stream_buffer.c **** 
 224:Middlewares/Third_Party/FreeRTOS/Source/stream_buffer.c **** 		/* In case the stream buffer is going to be used as a message buffer
 225:Middlewares/Third_Party/FreeRTOS/Source/stream_buffer.c **** 		(that is, it will hold discrete messages with a little meta data that
 226:Middlewares/Third_Party/FreeRTOS/Source/stream_buffer.c **** 		says how big the next message is) check the buffer will be large enough
 227:Middlewares/Third_Party/FreeRTOS/Source/stream_buffer.c **** 		to hold at least one message. */
 228:Middlewares/Third_Party/FreeRTOS/Source/stream_buffer.c **** 		if( xIsMessageBuffer == pdTRUE )
 229:Middlewares/Third_Party/FreeRTOS/Source/stream_buffer.c **** 		{
 230:Middlewares/Third_Party/FreeRTOS/Source/stream_buffer.c **** 			/* Is a message buffer but not statically allocated. */
 231:Middlewares/Third_Party/FreeRTOS/Source/stream_buffer.c **** 			ucFlags = sbFLAGS_IS_MESSAGE_BUFFER;
 232:Middlewares/Third_Party/FreeRTOS/Source/stream_buffer.c **** 			configASSERT( xBufferSizeBytes > sbBYTES_TO_STORE_MESSAGE_LENGTH );
 233:Middlewares/Third_Party/FreeRTOS/Source/stream_buffer.c **** 		}
 234:Middlewares/Third_Party/FreeRTOS/Source/stream_buffer.c **** 		else
 235:Middlewares/Third_Party/FreeRTOS/Source/stream_buffer.c **** 		{
 236:Middlewares/Third_Party/FreeRTOS/Source/stream_buffer.c **** 			/* Not a message buffer and not statically allocated. */
 237:Middlewares/Third_Party/FreeRTOS/Source/stream_buffer.c **** 			ucFlags = 0;
 238:Middlewares/Third_Party/FreeRTOS/Source/stream_buffer.c **** 			configASSERT( xBufferSizeBytes > 0 );
 239:Middlewares/Third_Party/FreeRTOS/Source/stream_buffer.c **** 		}
 240:Middlewares/Third_Party/FreeRTOS/Source/stream_buffer.c **** 		configASSERT( xTriggerLevelBytes <= xBufferSizeBytes );
 241:Middlewares/Third_Party/FreeRTOS/Source/stream_buffer.c **** 
 242:Middlewares/Third_Party/FreeRTOS/Source/stream_buffer.c **** 		/* A trigger level of 0 would cause a waiting task to unblock even when
 243:Middlewares/Third_Party/FreeRTOS/Source/stream_buffer.c **** 		the buffer was empty. */
 244:Middlewares/Third_Party/FreeRTOS/Source/stream_buffer.c **** 		if( xTriggerLevelBytes == ( size_t ) 0 )
 245:Middlewares/Third_Party/FreeRTOS/Source/stream_buffer.c **** 		{
 246:Middlewares/Third_Party/FreeRTOS/Source/stream_buffer.c **** 			xTriggerLevelBytes = ( size_t ) 1;
 247:Middlewares/Third_Party/FreeRTOS/Source/stream_buffer.c **** 		}
 248:Middlewares/Third_Party/FreeRTOS/Source/stream_buffer.c **** 
 249:Middlewares/Third_Party/FreeRTOS/Source/stream_buffer.c **** 		/* A stream buffer requires a StreamBuffer_t structure and a buffer.
 250:Middlewares/Third_Party/FreeRTOS/Source/stream_buffer.c **** 		Both are allocated in a single call to pvPortMalloc().  The
 251:Middlewares/Third_Party/FreeRTOS/Source/stream_buffer.c **** 		StreamBuffer_t structure is placed at the start of the allocated memory
 252:Middlewares/Third_Party/FreeRTOS/Source/stream_buffer.c **** 		and the buffer follows immediately after.  The requested size is
 253:Middlewares/Third_Party/FreeRTOS/Source/stream_buffer.c **** 		incremented so the free space is returned as the user would expect -
 254:Middlewares/Third_Party/FreeRTOS/Source/stream_buffer.c **** 		this is a quirk of the implementation that means otherwise the free
 255:Middlewares/Third_Party/FreeRTOS/Source/stream_buffer.c **** 		space would be reported as one byte smaller than would be logically
 256:Middlewares/Third_Party/FreeRTOS/Source/stream_buffer.c **** 		expected. */
 257:Middlewares/Third_Party/FreeRTOS/Source/stream_buffer.c **** 		xBufferSizeBytes++;
 258:Middlewares/Third_Party/FreeRTOS/Source/stream_buffer.c **** 		pucAllocatedMemory = ( uint8_t * ) pvPortMalloc( xBufferSizeBytes + sizeof( StreamBuffer_t ) ); /
 259:Middlewares/Third_Party/FreeRTOS/Source/stream_buffer.c **** 
 260:Middlewares/Third_Party/FreeRTOS/Source/stream_buffer.c **** 		if( pucAllocatedMemory != NULL )
ARM GAS  /tmp/ccdKs9qj.s 			page 6


 261:Middlewares/Third_Party/FreeRTOS/Source/stream_buffer.c **** 		{
 262:Middlewares/Third_Party/FreeRTOS/Source/stream_buffer.c **** 			prvInitialiseNewStreamBuffer( ( StreamBuffer_t * ) pucAllocatedMemory, /* Structure at the start
 263:Middlewares/Third_Party/FreeRTOS/Source/stream_buffer.c **** 										   pucAllocatedMemory + sizeof( StreamBuffer_t ),  /* Storage area follows. */ /*lint !e9
 264:Middlewares/Third_Party/FreeRTOS/Source/stream_buffer.c **** 										   xBufferSizeBytes,
 265:Middlewares/Third_Party/FreeRTOS/Source/stream_buffer.c **** 										   xTriggerLevelBytes,
 266:Middlewares/Third_Party/FreeRTOS/Source/stream_buffer.c **** 										   ucFlags );
 267:Middlewares/Third_Party/FreeRTOS/Source/stream_buffer.c **** 
 268:Middlewares/Third_Party/FreeRTOS/Source/stream_buffer.c **** 			traceSTREAM_BUFFER_CREATE( ( ( StreamBuffer_t * ) pucAllocatedMemory ), xIsMessageBuffer );
 269:Middlewares/Third_Party/FreeRTOS/Source/stream_buffer.c **** 		}
 270:Middlewares/Third_Party/FreeRTOS/Source/stream_buffer.c **** 		else
 271:Middlewares/Third_Party/FreeRTOS/Source/stream_buffer.c **** 		{
 272:Middlewares/Third_Party/FreeRTOS/Source/stream_buffer.c **** 			traceSTREAM_BUFFER_CREATE_FAILED( xIsMessageBuffer );
 273:Middlewares/Third_Party/FreeRTOS/Source/stream_buffer.c **** 		}
 274:Middlewares/Third_Party/FreeRTOS/Source/stream_buffer.c **** 
 275:Middlewares/Third_Party/FreeRTOS/Source/stream_buffer.c **** 		return ( StreamBufferHandle_t ) pucAllocatedMemory; /*lint !e9087 !e826 Safe cast as allocated me
 276:Middlewares/Third_Party/FreeRTOS/Source/stream_buffer.c **** 	}
 277:Middlewares/Third_Party/FreeRTOS/Source/stream_buffer.c **** 
 278:Middlewares/Third_Party/FreeRTOS/Source/stream_buffer.c **** #endif /* configSUPPORT_DYNAMIC_ALLOCATION */
 279:Middlewares/Third_Party/FreeRTOS/Source/stream_buffer.c **** /*-----------------------------------------------------------*/
 280:Middlewares/Third_Party/FreeRTOS/Source/stream_buffer.c **** 
 281:Middlewares/Third_Party/FreeRTOS/Source/stream_buffer.c **** #if( configSUPPORT_STATIC_ALLOCATION == 1 )
 282:Middlewares/Third_Party/FreeRTOS/Source/stream_buffer.c **** 
 283:Middlewares/Third_Party/FreeRTOS/Source/stream_buffer.c **** 	StreamBufferHandle_t xStreamBufferGenericCreateStatic( size_t xBufferSizeBytes,
 284:Middlewares/Third_Party/FreeRTOS/Source/stream_buffer.c **** 														   size_t xTriggerLevelBytes,
 285:Middlewares/Third_Party/FreeRTOS/Source/stream_buffer.c **** 														   BaseType_t xIsMessageBuffer,
 286:Middlewares/Third_Party/FreeRTOS/Source/stream_buffer.c **** 														   uint8_t * const pucStreamBufferStorageArea,
 287:Middlewares/Third_Party/FreeRTOS/Source/stream_buffer.c **** 														   StaticStreamBuffer_t * const pxStaticStreamBuffer )
 288:Middlewares/Third_Party/FreeRTOS/Source/stream_buffer.c **** 	{
 289:Middlewares/Third_Party/FreeRTOS/Source/stream_buffer.c **** 	StreamBuffer_t * const pxStreamBuffer = ( StreamBuffer_t * ) pxStaticStreamBuffer; /*lint !e740 !e
 290:Middlewares/Third_Party/FreeRTOS/Source/stream_buffer.c **** 	StreamBufferHandle_t xReturn;
 291:Middlewares/Third_Party/FreeRTOS/Source/stream_buffer.c **** 	uint8_t ucFlags;
 292:Middlewares/Third_Party/FreeRTOS/Source/stream_buffer.c **** 
 293:Middlewares/Third_Party/FreeRTOS/Source/stream_buffer.c **** 		configASSERT( pucStreamBufferStorageArea );
 294:Middlewares/Third_Party/FreeRTOS/Source/stream_buffer.c **** 		configASSERT( pxStaticStreamBuffer );
 295:Middlewares/Third_Party/FreeRTOS/Source/stream_buffer.c **** 		configASSERT( xTriggerLevelBytes <= xBufferSizeBytes );
 296:Middlewares/Third_Party/FreeRTOS/Source/stream_buffer.c **** 
 297:Middlewares/Third_Party/FreeRTOS/Source/stream_buffer.c **** 		/* A trigger level of 0 would cause a waiting task to unblock even when
 298:Middlewares/Third_Party/FreeRTOS/Source/stream_buffer.c **** 		the buffer was empty. */
 299:Middlewares/Third_Party/FreeRTOS/Source/stream_buffer.c **** 		if( xTriggerLevelBytes == ( size_t ) 0 )
 300:Middlewares/Third_Party/FreeRTOS/Source/stream_buffer.c **** 		{
 301:Middlewares/Third_Party/FreeRTOS/Source/stream_buffer.c **** 			xTriggerLevelBytes = ( size_t ) 1;
 302:Middlewares/Third_Party/FreeRTOS/Source/stream_buffer.c **** 		}
 303:Middlewares/Third_Party/FreeRTOS/Source/stream_buffer.c **** 
 304:Middlewares/Third_Party/FreeRTOS/Source/stream_buffer.c **** 		if( xIsMessageBuffer != pdFALSE )
 305:Middlewares/Third_Party/FreeRTOS/Source/stream_buffer.c **** 		{
 306:Middlewares/Third_Party/FreeRTOS/Source/stream_buffer.c **** 			/* Statically allocated message buffer. */
 307:Middlewares/Third_Party/FreeRTOS/Source/stream_buffer.c **** 			ucFlags = sbFLAGS_IS_MESSAGE_BUFFER | sbFLAGS_IS_STATICALLY_ALLOCATED;
 308:Middlewares/Third_Party/FreeRTOS/Source/stream_buffer.c **** 		}
 309:Middlewares/Third_Party/FreeRTOS/Source/stream_buffer.c **** 		else
 310:Middlewares/Third_Party/FreeRTOS/Source/stream_buffer.c **** 		{
 311:Middlewares/Third_Party/FreeRTOS/Source/stream_buffer.c **** 			/* Statically allocated stream buffer. */
 312:Middlewares/Third_Party/FreeRTOS/Source/stream_buffer.c **** 			ucFlags = sbFLAGS_IS_STATICALLY_ALLOCATED;
 313:Middlewares/Third_Party/FreeRTOS/Source/stream_buffer.c **** 		}
 314:Middlewares/Third_Party/FreeRTOS/Source/stream_buffer.c **** 
 315:Middlewares/Third_Party/FreeRTOS/Source/stream_buffer.c **** 		/* In case the stream buffer is going to be used as a message buffer
 316:Middlewares/Third_Party/FreeRTOS/Source/stream_buffer.c **** 		(that is, it will hold discrete messages with a little meta data that
 317:Middlewares/Third_Party/FreeRTOS/Source/stream_buffer.c **** 		says how big the next message is) check the buffer will be large enough
ARM GAS  /tmp/ccdKs9qj.s 			page 7


 318:Middlewares/Third_Party/FreeRTOS/Source/stream_buffer.c **** 		to hold at least one message. */
 319:Middlewares/Third_Party/FreeRTOS/Source/stream_buffer.c **** 		configASSERT( xBufferSizeBytes > sbBYTES_TO_STORE_MESSAGE_LENGTH );
 320:Middlewares/Third_Party/FreeRTOS/Source/stream_buffer.c **** 
 321:Middlewares/Third_Party/FreeRTOS/Source/stream_buffer.c **** 		#if( configASSERT_DEFINED == 1 )
 322:Middlewares/Third_Party/FreeRTOS/Source/stream_buffer.c **** 		{
 323:Middlewares/Third_Party/FreeRTOS/Source/stream_buffer.c **** 			/* Sanity check that the size of the structure used to declare a
 324:Middlewares/Third_Party/FreeRTOS/Source/stream_buffer.c **** 			variable of type StaticStreamBuffer_t equals the size of the real
 325:Middlewares/Third_Party/FreeRTOS/Source/stream_buffer.c **** 			message buffer structure. */
 326:Middlewares/Third_Party/FreeRTOS/Source/stream_buffer.c **** 			volatile size_t xSize = sizeof( StaticStreamBuffer_t );
 327:Middlewares/Third_Party/FreeRTOS/Source/stream_buffer.c **** 			configASSERT( xSize == sizeof( StreamBuffer_t ) );
 328:Middlewares/Third_Party/FreeRTOS/Source/stream_buffer.c **** 		} /*lint !e529 xSize is referenced is configASSERT() is defined. */
 329:Middlewares/Third_Party/FreeRTOS/Source/stream_buffer.c **** 		#endif /* configASSERT_DEFINED */
 330:Middlewares/Third_Party/FreeRTOS/Source/stream_buffer.c **** 
 331:Middlewares/Third_Party/FreeRTOS/Source/stream_buffer.c **** 		if( ( pucStreamBufferStorageArea != NULL ) && ( pxStaticStreamBuffer != NULL ) )
 332:Middlewares/Third_Party/FreeRTOS/Source/stream_buffer.c **** 		{
 333:Middlewares/Third_Party/FreeRTOS/Source/stream_buffer.c **** 			prvInitialiseNewStreamBuffer( pxStreamBuffer,
 334:Middlewares/Third_Party/FreeRTOS/Source/stream_buffer.c **** 										  pucStreamBufferStorageArea,
 335:Middlewares/Third_Party/FreeRTOS/Source/stream_buffer.c **** 										  xBufferSizeBytes,
 336:Middlewares/Third_Party/FreeRTOS/Source/stream_buffer.c **** 										  xTriggerLevelBytes,
 337:Middlewares/Third_Party/FreeRTOS/Source/stream_buffer.c **** 										  ucFlags );
 338:Middlewares/Third_Party/FreeRTOS/Source/stream_buffer.c **** 
 339:Middlewares/Third_Party/FreeRTOS/Source/stream_buffer.c **** 			/* Remember this was statically allocated in case it is ever deleted
 340:Middlewares/Third_Party/FreeRTOS/Source/stream_buffer.c **** 			again. */
 341:Middlewares/Third_Party/FreeRTOS/Source/stream_buffer.c **** 			pxStreamBuffer->ucFlags |= sbFLAGS_IS_STATICALLY_ALLOCATED;
 342:Middlewares/Third_Party/FreeRTOS/Source/stream_buffer.c **** 
 343:Middlewares/Third_Party/FreeRTOS/Source/stream_buffer.c **** 			traceSTREAM_BUFFER_CREATE( pxStreamBuffer, xIsMessageBuffer );
 344:Middlewares/Third_Party/FreeRTOS/Source/stream_buffer.c **** 
 345:Middlewares/Third_Party/FreeRTOS/Source/stream_buffer.c **** 			xReturn = ( StreamBufferHandle_t ) pxStaticStreamBuffer; /*lint !e9087 Data hiding requires cast
 346:Middlewares/Third_Party/FreeRTOS/Source/stream_buffer.c **** 		}
 347:Middlewares/Third_Party/FreeRTOS/Source/stream_buffer.c **** 		else
 348:Middlewares/Third_Party/FreeRTOS/Source/stream_buffer.c **** 		{
 349:Middlewares/Third_Party/FreeRTOS/Source/stream_buffer.c **** 			xReturn = NULL;
 350:Middlewares/Third_Party/FreeRTOS/Source/stream_buffer.c **** 			traceSTREAM_BUFFER_CREATE_STATIC_FAILED( xReturn, xIsMessageBuffer );
 351:Middlewares/Third_Party/FreeRTOS/Source/stream_buffer.c **** 		}
 352:Middlewares/Third_Party/FreeRTOS/Source/stream_buffer.c **** 
 353:Middlewares/Third_Party/FreeRTOS/Source/stream_buffer.c **** 		return xReturn;
 354:Middlewares/Third_Party/FreeRTOS/Source/stream_buffer.c **** 	}
 355:Middlewares/Third_Party/FreeRTOS/Source/stream_buffer.c **** 
 356:Middlewares/Third_Party/FreeRTOS/Source/stream_buffer.c **** #endif /* ( configSUPPORT_STATIC_ALLOCATION == 1 ) */
 357:Middlewares/Third_Party/FreeRTOS/Source/stream_buffer.c **** /*-----------------------------------------------------------*/
 358:Middlewares/Third_Party/FreeRTOS/Source/stream_buffer.c **** 
 359:Middlewares/Third_Party/FreeRTOS/Source/stream_buffer.c **** void vStreamBufferDelete( StreamBufferHandle_t xStreamBuffer )
 360:Middlewares/Third_Party/FreeRTOS/Source/stream_buffer.c **** {
 361:Middlewares/Third_Party/FreeRTOS/Source/stream_buffer.c **** StreamBuffer_t * pxStreamBuffer = xStreamBuffer;
 362:Middlewares/Third_Party/FreeRTOS/Source/stream_buffer.c **** 
 363:Middlewares/Third_Party/FreeRTOS/Source/stream_buffer.c **** 	configASSERT( pxStreamBuffer );
 364:Middlewares/Third_Party/FreeRTOS/Source/stream_buffer.c **** 
 365:Middlewares/Third_Party/FreeRTOS/Source/stream_buffer.c **** 	traceSTREAM_BUFFER_DELETE( xStreamBuffer );
 366:Middlewares/Third_Party/FreeRTOS/Source/stream_buffer.c **** 
 367:Middlewares/Third_Party/FreeRTOS/Source/stream_buffer.c **** 	if( ( pxStreamBuffer->ucFlags & sbFLAGS_IS_STATICALLY_ALLOCATED ) == ( uint8_t ) pdFALSE )
 368:Middlewares/Third_Party/FreeRTOS/Source/stream_buffer.c **** 	{
 369:Middlewares/Third_Party/FreeRTOS/Source/stream_buffer.c **** 		#if( configSUPPORT_DYNAMIC_ALLOCATION == 1 )
 370:Middlewares/Third_Party/FreeRTOS/Source/stream_buffer.c **** 		{
 371:Middlewares/Third_Party/FreeRTOS/Source/stream_buffer.c **** 			/* Both the structure and the buffer were allocated using a single call
 372:Middlewares/Third_Party/FreeRTOS/Source/stream_buffer.c **** 			to pvPortMalloc(), hence only one call to vPortFree() is required. */
 373:Middlewares/Third_Party/FreeRTOS/Source/stream_buffer.c **** 			vPortFree( ( void * ) pxStreamBuffer ); /*lint !e9087 Standard free() semantics require void *, 
 374:Middlewares/Third_Party/FreeRTOS/Source/stream_buffer.c **** 		}
ARM GAS  /tmp/ccdKs9qj.s 			page 8


 375:Middlewares/Third_Party/FreeRTOS/Source/stream_buffer.c **** 		#else
 376:Middlewares/Third_Party/FreeRTOS/Source/stream_buffer.c **** 		{
 377:Middlewares/Third_Party/FreeRTOS/Source/stream_buffer.c **** 			/* Should not be possible to get here, ucFlags must be corrupt.
 378:Middlewares/Third_Party/FreeRTOS/Source/stream_buffer.c **** 			Force an assert. */
 379:Middlewares/Third_Party/FreeRTOS/Source/stream_buffer.c **** 			configASSERT( xStreamBuffer == ( StreamBufferHandle_t ) ~0 );
 380:Middlewares/Third_Party/FreeRTOS/Source/stream_buffer.c **** 		}
 381:Middlewares/Third_Party/FreeRTOS/Source/stream_buffer.c **** 		#endif
 382:Middlewares/Third_Party/FreeRTOS/Source/stream_buffer.c **** 	}
 383:Middlewares/Third_Party/FreeRTOS/Source/stream_buffer.c **** 	else
 384:Middlewares/Third_Party/FreeRTOS/Source/stream_buffer.c **** 	{
 385:Middlewares/Third_Party/FreeRTOS/Source/stream_buffer.c **** 		/* The structure and buffer were not allocated dynamically and cannot be
 386:Middlewares/Third_Party/FreeRTOS/Source/stream_buffer.c **** 		freed - just scrub the structure so future use will assert. */
 387:Middlewares/Third_Party/FreeRTOS/Source/stream_buffer.c **** 		( void ) memset( pxStreamBuffer, 0x00, sizeof( StreamBuffer_t ) );
 388:Middlewares/Third_Party/FreeRTOS/Source/stream_buffer.c **** 	}
 389:Middlewares/Third_Party/FreeRTOS/Source/stream_buffer.c **** }
 390:Middlewares/Third_Party/FreeRTOS/Source/stream_buffer.c **** /*-----------------------------------------------------------*/
 391:Middlewares/Third_Party/FreeRTOS/Source/stream_buffer.c **** 
 392:Middlewares/Third_Party/FreeRTOS/Source/stream_buffer.c **** BaseType_t xStreamBufferReset( StreamBufferHandle_t xStreamBuffer )
 393:Middlewares/Third_Party/FreeRTOS/Source/stream_buffer.c **** {
 394:Middlewares/Third_Party/FreeRTOS/Source/stream_buffer.c **** StreamBuffer_t * const pxStreamBuffer = xStreamBuffer;
 395:Middlewares/Third_Party/FreeRTOS/Source/stream_buffer.c **** BaseType_t xReturn = pdFAIL;
 396:Middlewares/Third_Party/FreeRTOS/Source/stream_buffer.c **** 
 397:Middlewares/Third_Party/FreeRTOS/Source/stream_buffer.c **** #if( configUSE_TRACE_FACILITY == 1 )
 398:Middlewares/Third_Party/FreeRTOS/Source/stream_buffer.c **** 	UBaseType_t uxStreamBufferNumber;
 399:Middlewares/Third_Party/FreeRTOS/Source/stream_buffer.c **** #endif
 400:Middlewares/Third_Party/FreeRTOS/Source/stream_buffer.c **** 
 401:Middlewares/Third_Party/FreeRTOS/Source/stream_buffer.c **** 	configASSERT( pxStreamBuffer );
 402:Middlewares/Third_Party/FreeRTOS/Source/stream_buffer.c **** 
 403:Middlewares/Third_Party/FreeRTOS/Source/stream_buffer.c **** 	#if( configUSE_TRACE_FACILITY == 1 )
 404:Middlewares/Third_Party/FreeRTOS/Source/stream_buffer.c **** 	{
 405:Middlewares/Third_Party/FreeRTOS/Source/stream_buffer.c **** 		/* Store the stream buffer number so it can be restored after the
 406:Middlewares/Third_Party/FreeRTOS/Source/stream_buffer.c **** 		reset. */
 407:Middlewares/Third_Party/FreeRTOS/Source/stream_buffer.c **** 		uxStreamBufferNumber = pxStreamBuffer->uxStreamBufferNumber;
 408:Middlewares/Third_Party/FreeRTOS/Source/stream_buffer.c **** 	}
 409:Middlewares/Third_Party/FreeRTOS/Source/stream_buffer.c **** 	#endif
 410:Middlewares/Third_Party/FreeRTOS/Source/stream_buffer.c **** 
 411:Middlewares/Third_Party/FreeRTOS/Source/stream_buffer.c **** 	/* Can only reset a message buffer if there are no tasks blocked on it. */
 412:Middlewares/Third_Party/FreeRTOS/Source/stream_buffer.c **** 	taskENTER_CRITICAL();
 413:Middlewares/Third_Party/FreeRTOS/Source/stream_buffer.c **** 	{
 414:Middlewares/Third_Party/FreeRTOS/Source/stream_buffer.c **** 		if( pxStreamBuffer->xTaskWaitingToReceive == NULL )
 415:Middlewares/Third_Party/FreeRTOS/Source/stream_buffer.c **** 		{
 416:Middlewares/Third_Party/FreeRTOS/Source/stream_buffer.c **** 			if( pxStreamBuffer->xTaskWaitingToSend == NULL )
 417:Middlewares/Third_Party/FreeRTOS/Source/stream_buffer.c **** 			{
 418:Middlewares/Third_Party/FreeRTOS/Source/stream_buffer.c **** 				prvInitialiseNewStreamBuffer( pxStreamBuffer,
 419:Middlewares/Third_Party/FreeRTOS/Source/stream_buffer.c **** 											  pxStreamBuffer->pucBuffer,
 420:Middlewares/Third_Party/FreeRTOS/Source/stream_buffer.c **** 											  pxStreamBuffer->xLength,
 421:Middlewares/Third_Party/FreeRTOS/Source/stream_buffer.c **** 											  pxStreamBuffer->xTriggerLevelBytes,
 422:Middlewares/Third_Party/FreeRTOS/Source/stream_buffer.c **** 											  pxStreamBuffer->ucFlags );
 423:Middlewares/Third_Party/FreeRTOS/Source/stream_buffer.c **** 				xReturn = pdPASS;
 424:Middlewares/Third_Party/FreeRTOS/Source/stream_buffer.c **** 
 425:Middlewares/Third_Party/FreeRTOS/Source/stream_buffer.c **** 				#if( configUSE_TRACE_FACILITY == 1 )
 426:Middlewares/Third_Party/FreeRTOS/Source/stream_buffer.c **** 				{
 427:Middlewares/Third_Party/FreeRTOS/Source/stream_buffer.c **** 					pxStreamBuffer->uxStreamBufferNumber = uxStreamBufferNumber;
 428:Middlewares/Third_Party/FreeRTOS/Source/stream_buffer.c **** 				}
 429:Middlewares/Third_Party/FreeRTOS/Source/stream_buffer.c **** 				#endif
 430:Middlewares/Third_Party/FreeRTOS/Source/stream_buffer.c **** 
 431:Middlewares/Third_Party/FreeRTOS/Source/stream_buffer.c **** 				traceSTREAM_BUFFER_RESET( xStreamBuffer );
ARM GAS  /tmp/ccdKs9qj.s 			page 9


 432:Middlewares/Third_Party/FreeRTOS/Source/stream_buffer.c **** 			}
 433:Middlewares/Third_Party/FreeRTOS/Source/stream_buffer.c **** 		}
 434:Middlewares/Third_Party/FreeRTOS/Source/stream_buffer.c **** 	}
 435:Middlewares/Third_Party/FreeRTOS/Source/stream_buffer.c **** 	taskEXIT_CRITICAL();
 436:Middlewares/Third_Party/FreeRTOS/Source/stream_buffer.c **** 
 437:Middlewares/Third_Party/FreeRTOS/Source/stream_buffer.c **** 	return xReturn;
 438:Middlewares/Third_Party/FreeRTOS/Source/stream_buffer.c **** }
 439:Middlewares/Third_Party/FreeRTOS/Source/stream_buffer.c **** /*-----------------------------------------------------------*/
 440:Middlewares/Third_Party/FreeRTOS/Source/stream_buffer.c **** 
 441:Middlewares/Third_Party/FreeRTOS/Source/stream_buffer.c **** BaseType_t xStreamBufferSetTriggerLevel( StreamBufferHandle_t xStreamBuffer, size_t xTriggerLevel )
 442:Middlewares/Third_Party/FreeRTOS/Source/stream_buffer.c **** {
 443:Middlewares/Third_Party/FreeRTOS/Source/stream_buffer.c **** StreamBuffer_t * const pxStreamBuffer = xStreamBuffer;
 444:Middlewares/Third_Party/FreeRTOS/Source/stream_buffer.c **** BaseType_t xReturn;
 445:Middlewares/Third_Party/FreeRTOS/Source/stream_buffer.c **** 
 446:Middlewares/Third_Party/FreeRTOS/Source/stream_buffer.c **** 	configASSERT( pxStreamBuffer );
 447:Middlewares/Third_Party/FreeRTOS/Source/stream_buffer.c **** 
 448:Middlewares/Third_Party/FreeRTOS/Source/stream_buffer.c **** 	/* It is not valid for the trigger level to be 0. */
 449:Middlewares/Third_Party/FreeRTOS/Source/stream_buffer.c **** 	if( xTriggerLevel == ( size_t ) 0 )
 450:Middlewares/Third_Party/FreeRTOS/Source/stream_buffer.c **** 	{
 451:Middlewares/Third_Party/FreeRTOS/Source/stream_buffer.c **** 		xTriggerLevel = ( size_t ) 1;
 452:Middlewares/Third_Party/FreeRTOS/Source/stream_buffer.c **** 	}
 453:Middlewares/Third_Party/FreeRTOS/Source/stream_buffer.c **** 
 454:Middlewares/Third_Party/FreeRTOS/Source/stream_buffer.c **** 	/* The trigger level is the number of bytes that must be in the stream
 455:Middlewares/Third_Party/FreeRTOS/Source/stream_buffer.c **** 	buffer before a task that is waiting for data is unblocked. */
 456:Middlewares/Third_Party/FreeRTOS/Source/stream_buffer.c **** 	if( xTriggerLevel <= pxStreamBuffer->xLength )
 457:Middlewares/Third_Party/FreeRTOS/Source/stream_buffer.c **** 	{
 458:Middlewares/Third_Party/FreeRTOS/Source/stream_buffer.c **** 		pxStreamBuffer->xTriggerLevelBytes = xTriggerLevel;
 459:Middlewares/Third_Party/FreeRTOS/Source/stream_buffer.c **** 		xReturn = pdPASS;
 460:Middlewares/Third_Party/FreeRTOS/Source/stream_buffer.c **** 	}
 461:Middlewares/Third_Party/FreeRTOS/Source/stream_buffer.c **** 	else
 462:Middlewares/Third_Party/FreeRTOS/Source/stream_buffer.c **** 	{
 463:Middlewares/Third_Party/FreeRTOS/Source/stream_buffer.c **** 		xReturn = pdFALSE;
 464:Middlewares/Third_Party/FreeRTOS/Source/stream_buffer.c **** 	}
 465:Middlewares/Third_Party/FreeRTOS/Source/stream_buffer.c **** 
 466:Middlewares/Third_Party/FreeRTOS/Source/stream_buffer.c **** 	return xReturn;
 467:Middlewares/Third_Party/FreeRTOS/Source/stream_buffer.c **** }
 468:Middlewares/Third_Party/FreeRTOS/Source/stream_buffer.c **** /*-----------------------------------------------------------*/
 469:Middlewares/Third_Party/FreeRTOS/Source/stream_buffer.c **** 
 470:Middlewares/Third_Party/FreeRTOS/Source/stream_buffer.c **** size_t xStreamBufferSpacesAvailable( StreamBufferHandle_t xStreamBuffer )
 471:Middlewares/Third_Party/FreeRTOS/Source/stream_buffer.c **** {
 472:Middlewares/Third_Party/FreeRTOS/Source/stream_buffer.c **** const StreamBuffer_t * const pxStreamBuffer = xStreamBuffer;
 473:Middlewares/Third_Party/FreeRTOS/Source/stream_buffer.c **** size_t xSpace;
 474:Middlewares/Third_Party/FreeRTOS/Source/stream_buffer.c **** 
 475:Middlewares/Third_Party/FreeRTOS/Source/stream_buffer.c **** 	configASSERT( pxStreamBuffer );
 476:Middlewares/Third_Party/FreeRTOS/Source/stream_buffer.c **** 
 477:Middlewares/Third_Party/FreeRTOS/Source/stream_buffer.c **** 	xSpace = pxStreamBuffer->xLength + pxStreamBuffer->xTail;
 478:Middlewares/Third_Party/FreeRTOS/Source/stream_buffer.c **** 	xSpace -= pxStreamBuffer->xHead;
 479:Middlewares/Third_Party/FreeRTOS/Source/stream_buffer.c **** 	xSpace -= ( size_t ) 1;
 480:Middlewares/Third_Party/FreeRTOS/Source/stream_buffer.c **** 
 481:Middlewares/Third_Party/FreeRTOS/Source/stream_buffer.c **** 	if( xSpace >= pxStreamBuffer->xLength )
 482:Middlewares/Third_Party/FreeRTOS/Source/stream_buffer.c **** 	{
 483:Middlewares/Third_Party/FreeRTOS/Source/stream_buffer.c **** 		xSpace -= pxStreamBuffer->xLength;
 484:Middlewares/Third_Party/FreeRTOS/Source/stream_buffer.c **** 	}
 485:Middlewares/Third_Party/FreeRTOS/Source/stream_buffer.c **** 	else
 486:Middlewares/Third_Party/FreeRTOS/Source/stream_buffer.c **** 	{
 487:Middlewares/Third_Party/FreeRTOS/Source/stream_buffer.c **** 		mtCOVERAGE_TEST_MARKER();
 488:Middlewares/Third_Party/FreeRTOS/Source/stream_buffer.c **** 	}
ARM GAS  /tmp/ccdKs9qj.s 			page 10


 489:Middlewares/Third_Party/FreeRTOS/Source/stream_buffer.c **** 
 490:Middlewares/Third_Party/FreeRTOS/Source/stream_buffer.c **** 	return xSpace;
 491:Middlewares/Third_Party/FreeRTOS/Source/stream_buffer.c **** }
 492:Middlewares/Third_Party/FreeRTOS/Source/stream_buffer.c **** /*-----------------------------------------------------------*/
 493:Middlewares/Third_Party/FreeRTOS/Source/stream_buffer.c **** 
 494:Middlewares/Third_Party/FreeRTOS/Source/stream_buffer.c **** size_t xStreamBufferBytesAvailable( StreamBufferHandle_t xStreamBuffer )
 495:Middlewares/Third_Party/FreeRTOS/Source/stream_buffer.c **** {
 496:Middlewares/Third_Party/FreeRTOS/Source/stream_buffer.c **** const StreamBuffer_t * const pxStreamBuffer = xStreamBuffer;
 497:Middlewares/Third_Party/FreeRTOS/Source/stream_buffer.c **** size_t xReturn;
 498:Middlewares/Third_Party/FreeRTOS/Source/stream_buffer.c **** 
 499:Middlewares/Third_Party/FreeRTOS/Source/stream_buffer.c **** 	configASSERT( pxStreamBuffer );
 500:Middlewares/Third_Party/FreeRTOS/Source/stream_buffer.c **** 
 501:Middlewares/Third_Party/FreeRTOS/Source/stream_buffer.c **** 	xReturn = prvBytesInBuffer( pxStreamBuffer );
 502:Middlewares/Third_Party/FreeRTOS/Source/stream_buffer.c **** 	return xReturn;
 503:Middlewares/Third_Party/FreeRTOS/Source/stream_buffer.c **** }
 504:Middlewares/Third_Party/FreeRTOS/Source/stream_buffer.c **** /*-----------------------------------------------------------*/
 505:Middlewares/Third_Party/FreeRTOS/Source/stream_buffer.c **** 
 506:Middlewares/Third_Party/FreeRTOS/Source/stream_buffer.c **** size_t xStreamBufferSend( StreamBufferHandle_t xStreamBuffer,
 507:Middlewares/Third_Party/FreeRTOS/Source/stream_buffer.c **** 						  const void *pvTxData,
 508:Middlewares/Third_Party/FreeRTOS/Source/stream_buffer.c **** 						  size_t xDataLengthBytes,
 509:Middlewares/Third_Party/FreeRTOS/Source/stream_buffer.c **** 						  TickType_t xTicksToWait )
 510:Middlewares/Third_Party/FreeRTOS/Source/stream_buffer.c **** {
 511:Middlewares/Third_Party/FreeRTOS/Source/stream_buffer.c **** StreamBuffer_t * const pxStreamBuffer = xStreamBuffer;
 512:Middlewares/Third_Party/FreeRTOS/Source/stream_buffer.c **** size_t xReturn, xSpace = 0;
 513:Middlewares/Third_Party/FreeRTOS/Source/stream_buffer.c **** size_t xRequiredSpace = xDataLengthBytes;
 514:Middlewares/Third_Party/FreeRTOS/Source/stream_buffer.c **** TimeOut_t xTimeOut;
 515:Middlewares/Third_Party/FreeRTOS/Source/stream_buffer.c **** 
 516:Middlewares/Third_Party/FreeRTOS/Source/stream_buffer.c **** 	configASSERT( pvTxData );
 517:Middlewares/Third_Party/FreeRTOS/Source/stream_buffer.c **** 	configASSERT( pxStreamBuffer );
 518:Middlewares/Third_Party/FreeRTOS/Source/stream_buffer.c **** 
 519:Middlewares/Third_Party/FreeRTOS/Source/stream_buffer.c **** 	/* This send function is used to write to both message buffers and stream
 520:Middlewares/Third_Party/FreeRTOS/Source/stream_buffer.c **** 	buffers.  If this is a message buffer then the space needed must be
 521:Middlewares/Third_Party/FreeRTOS/Source/stream_buffer.c **** 	increased by the amount of bytes needed to store the length of the
 522:Middlewares/Third_Party/FreeRTOS/Source/stream_buffer.c **** 	message. */
 523:Middlewares/Third_Party/FreeRTOS/Source/stream_buffer.c **** 	if( ( pxStreamBuffer->ucFlags & sbFLAGS_IS_MESSAGE_BUFFER ) != ( uint8_t ) 0 )
 524:Middlewares/Third_Party/FreeRTOS/Source/stream_buffer.c **** 	{
 525:Middlewares/Third_Party/FreeRTOS/Source/stream_buffer.c **** 		xRequiredSpace += sbBYTES_TO_STORE_MESSAGE_LENGTH;
 526:Middlewares/Third_Party/FreeRTOS/Source/stream_buffer.c **** 
 527:Middlewares/Third_Party/FreeRTOS/Source/stream_buffer.c **** 		/* Overflow? */
 528:Middlewares/Third_Party/FreeRTOS/Source/stream_buffer.c **** 		configASSERT( xRequiredSpace > xDataLengthBytes );
 529:Middlewares/Third_Party/FreeRTOS/Source/stream_buffer.c **** 	}
 530:Middlewares/Third_Party/FreeRTOS/Source/stream_buffer.c **** 	else
 531:Middlewares/Third_Party/FreeRTOS/Source/stream_buffer.c **** 	{
 532:Middlewares/Third_Party/FreeRTOS/Source/stream_buffer.c **** 		mtCOVERAGE_TEST_MARKER();
 533:Middlewares/Third_Party/FreeRTOS/Source/stream_buffer.c **** 	}
 534:Middlewares/Third_Party/FreeRTOS/Source/stream_buffer.c **** 
 535:Middlewares/Third_Party/FreeRTOS/Source/stream_buffer.c **** 	if( xTicksToWait != ( TickType_t ) 0 )
 536:Middlewares/Third_Party/FreeRTOS/Source/stream_buffer.c **** 	{
 537:Middlewares/Third_Party/FreeRTOS/Source/stream_buffer.c **** 		vTaskSetTimeOutState( &xTimeOut );
 538:Middlewares/Third_Party/FreeRTOS/Source/stream_buffer.c **** 
 539:Middlewares/Third_Party/FreeRTOS/Source/stream_buffer.c **** 		do
 540:Middlewares/Third_Party/FreeRTOS/Source/stream_buffer.c **** 		{
 541:Middlewares/Third_Party/FreeRTOS/Source/stream_buffer.c **** 			/* Wait until the required number of bytes are free in the message
 542:Middlewares/Third_Party/FreeRTOS/Source/stream_buffer.c **** 			buffer. */
 543:Middlewares/Third_Party/FreeRTOS/Source/stream_buffer.c **** 			taskENTER_CRITICAL();
 544:Middlewares/Third_Party/FreeRTOS/Source/stream_buffer.c **** 			{
 545:Middlewares/Third_Party/FreeRTOS/Source/stream_buffer.c **** 				xSpace = xStreamBufferSpacesAvailable( pxStreamBuffer );
ARM GAS  /tmp/ccdKs9qj.s 			page 11


 546:Middlewares/Third_Party/FreeRTOS/Source/stream_buffer.c **** 
 547:Middlewares/Third_Party/FreeRTOS/Source/stream_buffer.c **** 				if( xSpace < xRequiredSpace )
 548:Middlewares/Third_Party/FreeRTOS/Source/stream_buffer.c **** 				{
 549:Middlewares/Third_Party/FreeRTOS/Source/stream_buffer.c **** 					/* Clear notification state as going to wait for space. */
 550:Middlewares/Third_Party/FreeRTOS/Source/stream_buffer.c **** 					( void ) xTaskNotifyStateClear( NULL );
 551:Middlewares/Third_Party/FreeRTOS/Source/stream_buffer.c **** 
 552:Middlewares/Third_Party/FreeRTOS/Source/stream_buffer.c **** 					/* Should only be one writer. */
 553:Middlewares/Third_Party/FreeRTOS/Source/stream_buffer.c **** 					configASSERT( pxStreamBuffer->xTaskWaitingToSend == NULL );
 554:Middlewares/Third_Party/FreeRTOS/Source/stream_buffer.c **** 					pxStreamBuffer->xTaskWaitingToSend = xTaskGetCurrentTaskHandle();
 555:Middlewares/Third_Party/FreeRTOS/Source/stream_buffer.c **** 				}
 556:Middlewares/Third_Party/FreeRTOS/Source/stream_buffer.c **** 				else
 557:Middlewares/Third_Party/FreeRTOS/Source/stream_buffer.c **** 				{
 558:Middlewares/Third_Party/FreeRTOS/Source/stream_buffer.c **** 					taskEXIT_CRITICAL();
 559:Middlewares/Third_Party/FreeRTOS/Source/stream_buffer.c **** 					break;
 560:Middlewares/Third_Party/FreeRTOS/Source/stream_buffer.c **** 				}
 561:Middlewares/Third_Party/FreeRTOS/Source/stream_buffer.c **** 			}
 562:Middlewares/Third_Party/FreeRTOS/Source/stream_buffer.c **** 			taskEXIT_CRITICAL();
 563:Middlewares/Third_Party/FreeRTOS/Source/stream_buffer.c **** 
 564:Middlewares/Third_Party/FreeRTOS/Source/stream_buffer.c **** 			traceBLOCKING_ON_STREAM_BUFFER_SEND( xStreamBuffer );
 565:Middlewares/Third_Party/FreeRTOS/Source/stream_buffer.c **** 			( void ) xTaskNotifyWait( ( uint32_t ) 0, ( uint32_t ) 0, NULL, xTicksToWait );
 566:Middlewares/Third_Party/FreeRTOS/Source/stream_buffer.c **** 			pxStreamBuffer->xTaskWaitingToSend = NULL;
 567:Middlewares/Third_Party/FreeRTOS/Source/stream_buffer.c **** 
 568:Middlewares/Third_Party/FreeRTOS/Source/stream_buffer.c **** 		} while( xTaskCheckForTimeOut( &xTimeOut, &xTicksToWait ) == pdFALSE );
 569:Middlewares/Third_Party/FreeRTOS/Source/stream_buffer.c **** 	}
 570:Middlewares/Third_Party/FreeRTOS/Source/stream_buffer.c **** 	else
 571:Middlewares/Third_Party/FreeRTOS/Source/stream_buffer.c **** 	{
 572:Middlewares/Third_Party/FreeRTOS/Source/stream_buffer.c **** 		mtCOVERAGE_TEST_MARKER();
 573:Middlewares/Third_Party/FreeRTOS/Source/stream_buffer.c **** 	}
 574:Middlewares/Third_Party/FreeRTOS/Source/stream_buffer.c **** 
 575:Middlewares/Third_Party/FreeRTOS/Source/stream_buffer.c **** 	if( xSpace == ( size_t ) 0 )
 576:Middlewares/Third_Party/FreeRTOS/Source/stream_buffer.c **** 	{
 577:Middlewares/Third_Party/FreeRTOS/Source/stream_buffer.c **** 		xSpace = xStreamBufferSpacesAvailable( pxStreamBuffer );
 578:Middlewares/Third_Party/FreeRTOS/Source/stream_buffer.c **** 	}
 579:Middlewares/Third_Party/FreeRTOS/Source/stream_buffer.c **** 	else
 580:Middlewares/Third_Party/FreeRTOS/Source/stream_buffer.c **** 	{
 581:Middlewares/Third_Party/FreeRTOS/Source/stream_buffer.c **** 		mtCOVERAGE_TEST_MARKER();
 582:Middlewares/Third_Party/FreeRTOS/Source/stream_buffer.c **** 	}
 583:Middlewares/Third_Party/FreeRTOS/Source/stream_buffer.c **** 
 584:Middlewares/Third_Party/FreeRTOS/Source/stream_buffer.c **** 	xReturn = prvWriteMessageToBuffer( pxStreamBuffer, pvTxData, xDataLengthBytes, xSpace, xRequiredSp
 585:Middlewares/Third_Party/FreeRTOS/Source/stream_buffer.c **** 
 586:Middlewares/Third_Party/FreeRTOS/Source/stream_buffer.c **** 	if( xReturn > ( size_t ) 0 )
 587:Middlewares/Third_Party/FreeRTOS/Source/stream_buffer.c **** 	{
 588:Middlewares/Third_Party/FreeRTOS/Source/stream_buffer.c **** 		traceSTREAM_BUFFER_SEND( xStreamBuffer, xReturn );
 589:Middlewares/Third_Party/FreeRTOS/Source/stream_buffer.c **** 
 590:Middlewares/Third_Party/FreeRTOS/Source/stream_buffer.c **** 		/* Was a task waiting for the data? */
 591:Middlewares/Third_Party/FreeRTOS/Source/stream_buffer.c **** 		if( prvBytesInBuffer( pxStreamBuffer ) >= pxStreamBuffer->xTriggerLevelBytes )
 592:Middlewares/Third_Party/FreeRTOS/Source/stream_buffer.c **** 		{
 593:Middlewares/Third_Party/FreeRTOS/Source/stream_buffer.c **** 			sbSEND_COMPLETED( pxStreamBuffer );
 594:Middlewares/Third_Party/FreeRTOS/Source/stream_buffer.c **** 		}
 595:Middlewares/Third_Party/FreeRTOS/Source/stream_buffer.c **** 		else
 596:Middlewares/Third_Party/FreeRTOS/Source/stream_buffer.c **** 		{
 597:Middlewares/Third_Party/FreeRTOS/Source/stream_buffer.c **** 			mtCOVERAGE_TEST_MARKER();
 598:Middlewares/Third_Party/FreeRTOS/Source/stream_buffer.c **** 		}
 599:Middlewares/Third_Party/FreeRTOS/Source/stream_buffer.c **** 	}
 600:Middlewares/Third_Party/FreeRTOS/Source/stream_buffer.c **** 	else
 601:Middlewares/Third_Party/FreeRTOS/Source/stream_buffer.c **** 	{
 602:Middlewares/Third_Party/FreeRTOS/Source/stream_buffer.c **** 		mtCOVERAGE_TEST_MARKER();
ARM GAS  /tmp/ccdKs9qj.s 			page 12


 603:Middlewares/Third_Party/FreeRTOS/Source/stream_buffer.c **** 		traceSTREAM_BUFFER_SEND_FAILED( xStreamBuffer );
 604:Middlewares/Third_Party/FreeRTOS/Source/stream_buffer.c **** 	}
 605:Middlewares/Third_Party/FreeRTOS/Source/stream_buffer.c **** 
 606:Middlewares/Third_Party/FreeRTOS/Source/stream_buffer.c **** 	return xReturn;
 607:Middlewares/Third_Party/FreeRTOS/Source/stream_buffer.c **** }
 608:Middlewares/Third_Party/FreeRTOS/Source/stream_buffer.c **** /*-----------------------------------------------------------*/
 609:Middlewares/Third_Party/FreeRTOS/Source/stream_buffer.c **** 
 610:Middlewares/Third_Party/FreeRTOS/Source/stream_buffer.c **** size_t xStreamBufferSendFromISR( StreamBufferHandle_t xStreamBuffer,
 611:Middlewares/Third_Party/FreeRTOS/Source/stream_buffer.c **** 								 const void *pvTxData,
 612:Middlewares/Third_Party/FreeRTOS/Source/stream_buffer.c **** 								 size_t xDataLengthBytes,
 613:Middlewares/Third_Party/FreeRTOS/Source/stream_buffer.c **** 								 BaseType_t * const pxHigherPriorityTaskWoken )
 614:Middlewares/Third_Party/FreeRTOS/Source/stream_buffer.c **** {
 615:Middlewares/Third_Party/FreeRTOS/Source/stream_buffer.c **** StreamBuffer_t * const pxStreamBuffer = xStreamBuffer;
 616:Middlewares/Third_Party/FreeRTOS/Source/stream_buffer.c **** size_t xReturn, xSpace;
 617:Middlewares/Third_Party/FreeRTOS/Source/stream_buffer.c **** size_t xRequiredSpace = xDataLengthBytes;
 618:Middlewares/Third_Party/FreeRTOS/Source/stream_buffer.c **** 
 619:Middlewares/Third_Party/FreeRTOS/Source/stream_buffer.c **** 	configASSERT( pvTxData );
 620:Middlewares/Third_Party/FreeRTOS/Source/stream_buffer.c **** 	configASSERT( pxStreamBuffer );
 621:Middlewares/Third_Party/FreeRTOS/Source/stream_buffer.c **** 
 622:Middlewares/Third_Party/FreeRTOS/Source/stream_buffer.c **** 	/* This send function is used to write to both message buffers and stream
 623:Middlewares/Third_Party/FreeRTOS/Source/stream_buffer.c **** 	buffers.  If this is a message buffer then the space needed must be
 624:Middlewares/Third_Party/FreeRTOS/Source/stream_buffer.c **** 	increased by the amount of bytes needed to store the length of the
 625:Middlewares/Third_Party/FreeRTOS/Source/stream_buffer.c **** 	message. */
 626:Middlewares/Third_Party/FreeRTOS/Source/stream_buffer.c **** 	if( ( pxStreamBuffer->ucFlags & sbFLAGS_IS_MESSAGE_BUFFER ) != ( uint8_t ) 0 )
 627:Middlewares/Third_Party/FreeRTOS/Source/stream_buffer.c **** 	{
 628:Middlewares/Third_Party/FreeRTOS/Source/stream_buffer.c **** 		xRequiredSpace += sbBYTES_TO_STORE_MESSAGE_LENGTH;
 629:Middlewares/Third_Party/FreeRTOS/Source/stream_buffer.c **** 	}
 630:Middlewares/Third_Party/FreeRTOS/Source/stream_buffer.c **** 	else
 631:Middlewares/Third_Party/FreeRTOS/Source/stream_buffer.c **** 	{
 632:Middlewares/Third_Party/FreeRTOS/Source/stream_buffer.c **** 		mtCOVERAGE_TEST_MARKER();
 633:Middlewares/Third_Party/FreeRTOS/Source/stream_buffer.c **** 	}
 634:Middlewares/Third_Party/FreeRTOS/Source/stream_buffer.c **** 
 635:Middlewares/Third_Party/FreeRTOS/Source/stream_buffer.c **** 	xSpace = xStreamBufferSpacesAvailable( pxStreamBuffer );
 636:Middlewares/Third_Party/FreeRTOS/Source/stream_buffer.c **** 	xReturn = prvWriteMessageToBuffer( pxStreamBuffer, pvTxData, xDataLengthBytes, xSpace, xRequiredSp
 637:Middlewares/Third_Party/FreeRTOS/Source/stream_buffer.c **** 
 638:Middlewares/Third_Party/FreeRTOS/Source/stream_buffer.c **** 	if( xReturn > ( size_t ) 0 )
 639:Middlewares/Third_Party/FreeRTOS/Source/stream_buffer.c **** 	{
 640:Middlewares/Third_Party/FreeRTOS/Source/stream_buffer.c **** 		/* Was a task waiting for the data? */
 641:Middlewares/Third_Party/FreeRTOS/Source/stream_buffer.c **** 		if( prvBytesInBuffer( pxStreamBuffer ) >= pxStreamBuffer->xTriggerLevelBytes )
 642:Middlewares/Third_Party/FreeRTOS/Source/stream_buffer.c **** 		{
 643:Middlewares/Third_Party/FreeRTOS/Source/stream_buffer.c **** 			sbSEND_COMPLETE_FROM_ISR( pxStreamBuffer, pxHigherPriorityTaskWoken );
 644:Middlewares/Third_Party/FreeRTOS/Source/stream_buffer.c **** 		}
 645:Middlewares/Third_Party/FreeRTOS/Source/stream_buffer.c **** 		else
 646:Middlewares/Third_Party/FreeRTOS/Source/stream_buffer.c **** 		{
 647:Middlewares/Third_Party/FreeRTOS/Source/stream_buffer.c **** 			mtCOVERAGE_TEST_MARKER();
 648:Middlewares/Third_Party/FreeRTOS/Source/stream_buffer.c **** 		}
 649:Middlewares/Third_Party/FreeRTOS/Source/stream_buffer.c **** 	}
 650:Middlewares/Third_Party/FreeRTOS/Source/stream_buffer.c **** 	else
 651:Middlewares/Third_Party/FreeRTOS/Source/stream_buffer.c **** 	{
 652:Middlewares/Third_Party/FreeRTOS/Source/stream_buffer.c **** 		mtCOVERAGE_TEST_MARKER();
 653:Middlewares/Third_Party/FreeRTOS/Source/stream_buffer.c **** 	}
 654:Middlewares/Third_Party/FreeRTOS/Source/stream_buffer.c **** 
 655:Middlewares/Third_Party/FreeRTOS/Source/stream_buffer.c **** 	traceSTREAM_BUFFER_SEND_FROM_ISR( xStreamBuffer, xReturn );
 656:Middlewares/Third_Party/FreeRTOS/Source/stream_buffer.c **** 
 657:Middlewares/Third_Party/FreeRTOS/Source/stream_buffer.c **** 	return xReturn;
 658:Middlewares/Third_Party/FreeRTOS/Source/stream_buffer.c **** }
 659:Middlewares/Third_Party/FreeRTOS/Source/stream_buffer.c **** /*-----------------------------------------------------------*/
ARM GAS  /tmp/ccdKs9qj.s 			page 13


 660:Middlewares/Third_Party/FreeRTOS/Source/stream_buffer.c **** 
 661:Middlewares/Third_Party/FreeRTOS/Source/stream_buffer.c **** static size_t prvWriteMessageToBuffer( StreamBuffer_t * const pxStreamBuffer,
 662:Middlewares/Third_Party/FreeRTOS/Source/stream_buffer.c **** 									   const void * pvTxData,
 663:Middlewares/Third_Party/FreeRTOS/Source/stream_buffer.c **** 									   size_t xDataLengthBytes,
 664:Middlewares/Third_Party/FreeRTOS/Source/stream_buffer.c **** 									   size_t xSpace,
 665:Middlewares/Third_Party/FreeRTOS/Source/stream_buffer.c **** 									   size_t xRequiredSpace )
 666:Middlewares/Third_Party/FreeRTOS/Source/stream_buffer.c **** {
 667:Middlewares/Third_Party/FreeRTOS/Source/stream_buffer.c **** 	BaseType_t xShouldWrite;
 668:Middlewares/Third_Party/FreeRTOS/Source/stream_buffer.c **** 	size_t xReturn;
 669:Middlewares/Third_Party/FreeRTOS/Source/stream_buffer.c **** 
 670:Middlewares/Third_Party/FreeRTOS/Source/stream_buffer.c **** 	if( xSpace == ( size_t ) 0 )
 671:Middlewares/Third_Party/FreeRTOS/Source/stream_buffer.c **** 	{
 672:Middlewares/Third_Party/FreeRTOS/Source/stream_buffer.c **** 		/* Doesn't matter if this is a stream buffer or a message buffer, there
 673:Middlewares/Third_Party/FreeRTOS/Source/stream_buffer.c **** 		is no space to write. */
 674:Middlewares/Third_Party/FreeRTOS/Source/stream_buffer.c **** 		xShouldWrite = pdFALSE;
 675:Middlewares/Third_Party/FreeRTOS/Source/stream_buffer.c **** 	}
 676:Middlewares/Third_Party/FreeRTOS/Source/stream_buffer.c **** 	else if( ( pxStreamBuffer->ucFlags & sbFLAGS_IS_MESSAGE_BUFFER ) == ( uint8_t ) 0 )
 677:Middlewares/Third_Party/FreeRTOS/Source/stream_buffer.c **** 	{
 678:Middlewares/Third_Party/FreeRTOS/Source/stream_buffer.c **** 		/* This is a stream buffer, as opposed to a message buffer, so writing a
 679:Middlewares/Third_Party/FreeRTOS/Source/stream_buffer.c **** 		stream of bytes rather than discrete messages.  Write as many bytes as
 680:Middlewares/Third_Party/FreeRTOS/Source/stream_buffer.c **** 		possible. */
 681:Middlewares/Third_Party/FreeRTOS/Source/stream_buffer.c **** 		xShouldWrite = pdTRUE;
 682:Middlewares/Third_Party/FreeRTOS/Source/stream_buffer.c **** 		xDataLengthBytes = configMIN( xDataLengthBytes, xSpace );
 683:Middlewares/Third_Party/FreeRTOS/Source/stream_buffer.c **** 	}
 684:Middlewares/Third_Party/FreeRTOS/Source/stream_buffer.c **** 	else if( xSpace >= xRequiredSpace )
 685:Middlewares/Third_Party/FreeRTOS/Source/stream_buffer.c **** 	{
 686:Middlewares/Third_Party/FreeRTOS/Source/stream_buffer.c **** 		/* This is a message buffer, as opposed to a stream buffer, and there
 687:Middlewares/Third_Party/FreeRTOS/Source/stream_buffer.c **** 		is enough space to write both the message length and the message itself
 688:Middlewares/Third_Party/FreeRTOS/Source/stream_buffer.c **** 		into the buffer.  Start by writing the length of the data, the data
 689:Middlewares/Third_Party/FreeRTOS/Source/stream_buffer.c **** 		itself will be written later in this function. */
 690:Middlewares/Third_Party/FreeRTOS/Source/stream_buffer.c **** 		xShouldWrite = pdTRUE;
 691:Middlewares/Third_Party/FreeRTOS/Source/stream_buffer.c **** 		( void ) prvWriteBytesToBuffer( pxStreamBuffer, ( const uint8_t * ) &( xDataLengthBytes ), sbBYTE
 692:Middlewares/Third_Party/FreeRTOS/Source/stream_buffer.c **** 	}
 693:Middlewares/Third_Party/FreeRTOS/Source/stream_buffer.c **** 	else
 694:Middlewares/Third_Party/FreeRTOS/Source/stream_buffer.c **** 	{
 695:Middlewares/Third_Party/FreeRTOS/Source/stream_buffer.c **** 		/* There is space available, but not enough space. */
 696:Middlewares/Third_Party/FreeRTOS/Source/stream_buffer.c **** 		xShouldWrite = pdFALSE;
 697:Middlewares/Third_Party/FreeRTOS/Source/stream_buffer.c **** 	}
 698:Middlewares/Third_Party/FreeRTOS/Source/stream_buffer.c **** 
 699:Middlewares/Third_Party/FreeRTOS/Source/stream_buffer.c **** 	if( xShouldWrite != pdFALSE )
 700:Middlewares/Third_Party/FreeRTOS/Source/stream_buffer.c **** 	{
 701:Middlewares/Third_Party/FreeRTOS/Source/stream_buffer.c **** 		/* Writes the data itself. */
 702:Middlewares/Third_Party/FreeRTOS/Source/stream_buffer.c **** 		xReturn = prvWriteBytesToBuffer( pxStreamBuffer, ( const uint8_t * ) pvTxData, xDataLengthBytes )
 703:Middlewares/Third_Party/FreeRTOS/Source/stream_buffer.c **** 	}
 704:Middlewares/Third_Party/FreeRTOS/Source/stream_buffer.c **** 	else
 705:Middlewares/Third_Party/FreeRTOS/Source/stream_buffer.c **** 	{
 706:Middlewares/Third_Party/FreeRTOS/Source/stream_buffer.c **** 		xReturn = 0;
 707:Middlewares/Third_Party/FreeRTOS/Source/stream_buffer.c **** 	}
 708:Middlewares/Third_Party/FreeRTOS/Source/stream_buffer.c **** 
 709:Middlewares/Third_Party/FreeRTOS/Source/stream_buffer.c **** 	return xReturn;
 710:Middlewares/Third_Party/FreeRTOS/Source/stream_buffer.c **** }
 711:Middlewares/Third_Party/FreeRTOS/Source/stream_buffer.c **** /*-----------------------------------------------------------*/
 712:Middlewares/Third_Party/FreeRTOS/Source/stream_buffer.c **** 
 713:Middlewares/Third_Party/FreeRTOS/Source/stream_buffer.c **** size_t xStreamBufferReceive( StreamBufferHandle_t xStreamBuffer,
 714:Middlewares/Third_Party/FreeRTOS/Source/stream_buffer.c **** 							 void *pvRxData,
 715:Middlewares/Third_Party/FreeRTOS/Source/stream_buffer.c **** 							 size_t xBufferLengthBytes,
 716:Middlewares/Third_Party/FreeRTOS/Source/stream_buffer.c **** 							 TickType_t xTicksToWait )
ARM GAS  /tmp/ccdKs9qj.s 			page 14


 717:Middlewares/Third_Party/FreeRTOS/Source/stream_buffer.c **** {
 718:Middlewares/Third_Party/FreeRTOS/Source/stream_buffer.c **** StreamBuffer_t * const pxStreamBuffer = xStreamBuffer;
 719:Middlewares/Third_Party/FreeRTOS/Source/stream_buffer.c **** size_t xReceivedLength = 0, xBytesAvailable, xBytesToStoreMessageLength;
 720:Middlewares/Third_Party/FreeRTOS/Source/stream_buffer.c **** 
 721:Middlewares/Third_Party/FreeRTOS/Source/stream_buffer.c **** 	configASSERT( pvRxData );
 722:Middlewares/Third_Party/FreeRTOS/Source/stream_buffer.c **** 	configASSERT( pxStreamBuffer );
 723:Middlewares/Third_Party/FreeRTOS/Source/stream_buffer.c **** 
 724:Middlewares/Third_Party/FreeRTOS/Source/stream_buffer.c **** 	/* This receive function is used by both message buffers, which store
 725:Middlewares/Third_Party/FreeRTOS/Source/stream_buffer.c **** 	discrete messages, and stream buffers, which store a continuous stream of
 726:Middlewares/Third_Party/FreeRTOS/Source/stream_buffer.c **** 	bytes.  Discrete messages include an additional
 727:Middlewares/Third_Party/FreeRTOS/Source/stream_buffer.c **** 	sbBYTES_TO_STORE_MESSAGE_LENGTH bytes that hold the length of the
 728:Middlewares/Third_Party/FreeRTOS/Source/stream_buffer.c **** 	message. */
 729:Middlewares/Third_Party/FreeRTOS/Source/stream_buffer.c **** 	if( ( pxStreamBuffer->ucFlags & sbFLAGS_IS_MESSAGE_BUFFER ) != ( uint8_t ) 0 )
 730:Middlewares/Third_Party/FreeRTOS/Source/stream_buffer.c **** 	{
 731:Middlewares/Third_Party/FreeRTOS/Source/stream_buffer.c **** 		xBytesToStoreMessageLength = sbBYTES_TO_STORE_MESSAGE_LENGTH;
 732:Middlewares/Third_Party/FreeRTOS/Source/stream_buffer.c **** 	}
 733:Middlewares/Third_Party/FreeRTOS/Source/stream_buffer.c **** 	else
 734:Middlewares/Third_Party/FreeRTOS/Source/stream_buffer.c **** 	{
 735:Middlewares/Third_Party/FreeRTOS/Source/stream_buffer.c **** 		xBytesToStoreMessageLength = 0;
 736:Middlewares/Third_Party/FreeRTOS/Source/stream_buffer.c **** 	}
 737:Middlewares/Third_Party/FreeRTOS/Source/stream_buffer.c **** 
 738:Middlewares/Third_Party/FreeRTOS/Source/stream_buffer.c **** 	if( xTicksToWait != ( TickType_t ) 0 )
 739:Middlewares/Third_Party/FreeRTOS/Source/stream_buffer.c **** 	{
 740:Middlewares/Third_Party/FreeRTOS/Source/stream_buffer.c **** 		/* Checking if there is data and clearing the notification state must be
 741:Middlewares/Third_Party/FreeRTOS/Source/stream_buffer.c **** 		performed atomically. */
 742:Middlewares/Third_Party/FreeRTOS/Source/stream_buffer.c **** 		taskENTER_CRITICAL();
 743:Middlewares/Third_Party/FreeRTOS/Source/stream_buffer.c **** 		{
 744:Middlewares/Third_Party/FreeRTOS/Source/stream_buffer.c **** 			xBytesAvailable = prvBytesInBuffer( pxStreamBuffer );
 745:Middlewares/Third_Party/FreeRTOS/Source/stream_buffer.c **** 
 746:Middlewares/Third_Party/FreeRTOS/Source/stream_buffer.c **** 			/* If this function was invoked by a message buffer read then
 747:Middlewares/Third_Party/FreeRTOS/Source/stream_buffer.c **** 			xBytesToStoreMessageLength holds the number of bytes used to hold
 748:Middlewares/Third_Party/FreeRTOS/Source/stream_buffer.c **** 			the length of the next discrete message.  If this function was
 749:Middlewares/Third_Party/FreeRTOS/Source/stream_buffer.c **** 			invoked by a stream buffer read then xBytesToStoreMessageLength will
 750:Middlewares/Third_Party/FreeRTOS/Source/stream_buffer.c **** 			be 0. */
 751:Middlewares/Third_Party/FreeRTOS/Source/stream_buffer.c **** 			if( xBytesAvailable <= xBytesToStoreMessageLength )
 752:Middlewares/Third_Party/FreeRTOS/Source/stream_buffer.c **** 			{
 753:Middlewares/Third_Party/FreeRTOS/Source/stream_buffer.c **** 				/* Clear notification state as going to wait for data. */
 754:Middlewares/Third_Party/FreeRTOS/Source/stream_buffer.c **** 				( void ) xTaskNotifyStateClear( NULL );
 755:Middlewares/Third_Party/FreeRTOS/Source/stream_buffer.c **** 
 756:Middlewares/Third_Party/FreeRTOS/Source/stream_buffer.c **** 				/* Should only be one reader. */
 757:Middlewares/Third_Party/FreeRTOS/Source/stream_buffer.c **** 				configASSERT( pxStreamBuffer->xTaskWaitingToReceive == NULL );
 758:Middlewares/Third_Party/FreeRTOS/Source/stream_buffer.c **** 				pxStreamBuffer->xTaskWaitingToReceive = xTaskGetCurrentTaskHandle();
 759:Middlewares/Third_Party/FreeRTOS/Source/stream_buffer.c **** 			}
 760:Middlewares/Third_Party/FreeRTOS/Source/stream_buffer.c **** 			else
 761:Middlewares/Third_Party/FreeRTOS/Source/stream_buffer.c **** 			{
 762:Middlewares/Third_Party/FreeRTOS/Source/stream_buffer.c **** 				mtCOVERAGE_TEST_MARKER();
 763:Middlewares/Third_Party/FreeRTOS/Source/stream_buffer.c **** 			}
 764:Middlewares/Third_Party/FreeRTOS/Source/stream_buffer.c **** 		}
 765:Middlewares/Third_Party/FreeRTOS/Source/stream_buffer.c **** 		taskEXIT_CRITICAL();
 766:Middlewares/Third_Party/FreeRTOS/Source/stream_buffer.c **** 
 767:Middlewares/Third_Party/FreeRTOS/Source/stream_buffer.c **** 		if( xBytesAvailable <= xBytesToStoreMessageLength )
 768:Middlewares/Third_Party/FreeRTOS/Source/stream_buffer.c **** 		{
 769:Middlewares/Third_Party/FreeRTOS/Source/stream_buffer.c **** 			/* Wait for data to be available. */
 770:Middlewares/Third_Party/FreeRTOS/Source/stream_buffer.c **** 			traceBLOCKING_ON_STREAM_BUFFER_RECEIVE( xStreamBuffer );
 771:Middlewares/Third_Party/FreeRTOS/Source/stream_buffer.c **** 			( void ) xTaskNotifyWait( ( uint32_t ) 0, ( uint32_t ) 0, NULL, xTicksToWait );
 772:Middlewares/Third_Party/FreeRTOS/Source/stream_buffer.c **** 			pxStreamBuffer->xTaskWaitingToReceive = NULL;
 773:Middlewares/Third_Party/FreeRTOS/Source/stream_buffer.c **** 
ARM GAS  /tmp/ccdKs9qj.s 			page 15


 774:Middlewares/Third_Party/FreeRTOS/Source/stream_buffer.c **** 			/* Recheck the data available after blocking. */
 775:Middlewares/Third_Party/FreeRTOS/Source/stream_buffer.c **** 			xBytesAvailable = prvBytesInBuffer( pxStreamBuffer );
 776:Middlewares/Third_Party/FreeRTOS/Source/stream_buffer.c **** 		}
 777:Middlewares/Third_Party/FreeRTOS/Source/stream_buffer.c **** 		else
 778:Middlewares/Third_Party/FreeRTOS/Source/stream_buffer.c **** 		{
 779:Middlewares/Third_Party/FreeRTOS/Source/stream_buffer.c **** 			mtCOVERAGE_TEST_MARKER();
 780:Middlewares/Third_Party/FreeRTOS/Source/stream_buffer.c **** 		}
 781:Middlewares/Third_Party/FreeRTOS/Source/stream_buffer.c **** 	}
 782:Middlewares/Third_Party/FreeRTOS/Source/stream_buffer.c **** 	else
 783:Middlewares/Third_Party/FreeRTOS/Source/stream_buffer.c **** 	{
 784:Middlewares/Third_Party/FreeRTOS/Source/stream_buffer.c **** 		xBytesAvailable = prvBytesInBuffer( pxStreamBuffer );
 785:Middlewares/Third_Party/FreeRTOS/Source/stream_buffer.c **** 	}
 786:Middlewares/Third_Party/FreeRTOS/Source/stream_buffer.c **** 
 787:Middlewares/Third_Party/FreeRTOS/Source/stream_buffer.c **** 	/* Whether receiving a discrete message (where xBytesToStoreMessageLength
 788:Middlewares/Third_Party/FreeRTOS/Source/stream_buffer.c **** 	holds the number of bytes used to store the message length) or a stream of
 789:Middlewares/Third_Party/FreeRTOS/Source/stream_buffer.c **** 	bytes (where xBytesToStoreMessageLength is zero), the number of bytes
 790:Middlewares/Third_Party/FreeRTOS/Source/stream_buffer.c **** 	available must be greater than xBytesToStoreMessageLength to be able to
 791:Middlewares/Third_Party/FreeRTOS/Source/stream_buffer.c **** 	read bytes from the buffer. */
 792:Middlewares/Third_Party/FreeRTOS/Source/stream_buffer.c **** 	if( xBytesAvailable > xBytesToStoreMessageLength )
 793:Middlewares/Third_Party/FreeRTOS/Source/stream_buffer.c **** 	{
 794:Middlewares/Third_Party/FreeRTOS/Source/stream_buffer.c **** 		xReceivedLength = prvReadMessageFromBuffer( pxStreamBuffer, pvRxData, xBufferLengthBytes, xBytesA
 795:Middlewares/Third_Party/FreeRTOS/Source/stream_buffer.c **** 
 796:Middlewares/Third_Party/FreeRTOS/Source/stream_buffer.c **** 		/* Was a task waiting for space in the buffer? */
 797:Middlewares/Third_Party/FreeRTOS/Source/stream_buffer.c **** 		if( xReceivedLength != ( size_t ) 0 )
 798:Middlewares/Third_Party/FreeRTOS/Source/stream_buffer.c **** 		{
 799:Middlewares/Third_Party/FreeRTOS/Source/stream_buffer.c **** 			traceSTREAM_BUFFER_RECEIVE( xStreamBuffer, xReceivedLength );
 800:Middlewares/Third_Party/FreeRTOS/Source/stream_buffer.c **** 			sbRECEIVE_COMPLETED( pxStreamBuffer );
 801:Middlewares/Third_Party/FreeRTOS/Source/stream_buffer.c **** 		}
 802:Middlewares/Third_Party/FreeRTOS/Source/stream_buffer.c **** 		else
 803:Middlewares/Third_Party/FreeRTOS/Source/stream_buffer.c **** 		{
 804:Middlewares/Third_Party/FreeRTOS/Source/stream_buffer.c **** 			mtCOVERAGE_TEST_MARKER();
 805:Middlewares/Third_Party/FreeRTOS/Source/stream_buffer.c **** 		}
 806:Middlewares/Third_Party/FreeRTOS/Source/stream_buffer.c **** 	}
 807:Middlewares/Third_Party/FreeRTOS/Source/stream_buffer.c **** 	else
 808:Middlewares/Third_Party/FreeRTOS/Source/stream_buffer.c **** 	{
 809:Middlewares/Third_Party/FreeRTOS/Source/stream_buffer.c **** 		traceSTREAM_BUFFER_RECEIVE_FAILED( xStreamBuffer );
 810:Middlewares/Third_Party/FreeRTOS/Source/stream_buffer.c **** 		mtCOVERAGE_TEST_MARKER();
 811:Middlewares/Third_Party/FreeRTOS/Source/stream_buffer.c **** 	}
 812:Middlewares/Third_Party/FreeRTOS/Source/stream_buffer.c **** 
 813:Middlewares/Third_Party/FreeRTOS/Source/stream_buffer.c **** 	return xReceivedLength;
 814:Middlewares/Third_Party/FreeRTOS/Source/stream_buffer.c **** }
 815:Middlewares/Third_Party/FreeRTOS/Source/stream_buffer.c **** /*-----------------------------------------------------------*/
 816:Middlewares/Third_Party/FreeRTOS/Source/stream_buffer.c **** 
 817:Middlewares/Third_Party/FreeRTOS/Source/stream_buffer.c **** size_t xStreamBufferNextMessageLengthBytes( StreamBufferHandle_t xStreamBuffer )
 818:Middlewares/Third_Party/FreeRTOS/Source/stream_buffer.c **** {
 819:Middlewares/Third_Party/FreeRTOS/Source/stream_buffer.c **** StreamBuffer_t * const pxStreamBuffer = xStreamBuffer;
 820:Middlewares/Third_Party/FreeRTOS/Source/stream_buffer.c **** size_t xReturn, xBytesAvailable, xOriginalTail;
 821:Middlewares/Third_Party/FreeRTOS/Source/stream_buffer.c **** configMESSAGE_BUFFER_LENGTH_TYPE xTempReturn;
 822:Middlewares/Third_Party/FreeRTOS/Source/stream_buffer.c **** 
 823:Middlewares/Third_Party/FreeRTOS/Source/stream_buffer.c **** 	configASSERT( pxStreamBuffer );
 824:Middlewares/Third_Party/FreeRTOS/Source/stream_buffer.c **** 
 825:Middlewares/Third_Party/FreeRTOS/Source/stream_buffer.c **** 	/* Ensure the stream buffer is being used as a message buffer. */
 826:Middlewares/Third_Party/FreeRTOS/Source/stream_buffer.c **** 	if( ( pxStreamBuffer->ucFlags & sbFLAGS_IS_MESSAGE_BUFFER ) != ( uint8_t ) 0 )
 827:Middlewares/Third_Party/FreeRTOS/Source/stream_buffer.c **** 	{
 828:Middlewares/Third_Party/FreeRTOS/Source/stream_buffer.c **** 		xBytesAvailable = prvBytesInBuffer( pxStreamBuffer );
 829:Middlewares/Third_Party/FreeRTOS/Source/stream_buffer.c **** 		if( xBytesAvailable > sbBYTES_TO_STORE_MESSAGE_LENGTH )
 830:Middlewares/Third_Party/FreeRTOS/Source/stream_buffer.c **** 		{
ARM GAS  /tmp/ccdKs9qj.s 			page 16


 831:Middlewares/Third_Party/FreeRTOS/Source/stream_buffer.c **** 			/* The number of bytes available is greater than the number of bytes
 832:Middlewares/Third_Party/FreeRTOS/Source/stream_buffer.c **** 			required to hold the length of the next message, so another message
 833:Middlewares/Third_Party/FreeRTOS/Source/stream_buffer.c **** 			is available.  Return its length without removing the length bytes
 834:Middlewares/Third_Party/FreeRTOS/Source/stream_buffer.c **** 			from the buffer.  A copy of the tail is stored so the buffer can be
 835:Middlewares/Third_Party/FreeRTOS/Source/stream_buffer.c **** 			returned to its prior state as the message is not actually being
 836:Middlewares/Third_Party/FreeRTOS/Source/stream_buffer.c **** 			removed from the buffer. */
 837:Middlewares/Third_Party/FreeRTOS/Source/stream_buffer.c **** 			xOriginalTail = pxStreamBuffer->xTail;
 838:Middlewares/Third_Party/FreeRTOS/Source/stream_buffer.c **** 			( void ) prvReadBytesFromBuffer( pxStreamBuffer, ( uint8_t * ) &xTempReturn, sbBYTES_TO_STORE_ME
 839:Middlewares/Third_Party/FreeRTOS/Source/stream_buffer.c **** 			xReturn = ( size_t ) xTempReturn;
 840:Middlewares/Third_Party/FreeRTOS/Source/stream_buffer.c **** 			pxStreamBuffer->xTail = xOriginalTail;
 841:Middlewares/Third_Party/FreeRTOS/Source/stream_buffer.c **** 		}
 842:Middlewares/Third_Party/FreeRTOS/Source/stream_buffer.c **** 		else
 843:Middlewares/Third_Party/FreeRTOS/Source/stream_buffer.c **** 		{
 844:Middlewares/Third_Party/FreeRTOS/Source/stream_buffer.c **** 			/* The minimum amount of bytes in a message buffer is
 845:Middlewares/Third_Party/FreeRTOS/Source/stream_buffer.c **** 			( sbBYTES_TO_STORE_MESSAGE_LENGTH + 1 ), so if xBytesAvailable is
 846:Middlewares/Third_Party/FreeRTOS/Source/stream_buffer.c **** 			less than sbBYTES_TO_STORE_MESSAGE_LENGTH the only other valid
 847:Middlewares/Third_Party/FreeRTOS/Source/stream_buffer.c **** 			value is 0. */
 848:Middlewares/Third_Party/FreeRTOS/Source/stream_buffer.c **** 			configASSERT( xBytesAvailable == 0 );
 849:Middlewares/Third_Party/FreeRTOS/Source/stream_buffer.c **** 			xReturn = 0;
 850:Middlewares/Third_Party/FreeRTOS/Source/stream_buffer.c **** 		}
 851:Middlewares/Third_Party/FreeRTOS/Source/stream_buffer.c **** 	}
 852:Middlewares/Third_Party/FreeRTOS/Source/stream_buffer.c **** 	else
 853:Middlewares/Third_Party/FreeRTOS/Source/stream_buffer.c **** 	{
 854:Middlewares/Third_Party/FreeRTOS/Source/stream_buffer.c **** 		xReturn = 0;
 855:Middlewares/Third_Party/FreeRTOS/Source/stream_buffer.c **** 	}
 856:Middlewares/Third_Party/FreeRTOS/Source/stream_buffer.c **** 
 857:Middlewares/Third_Party/FreeRTOS/Source/stream_buffer.c **** 	return xReturn;
 858:Middlewares/Third_Party/FreeRTOS/Source/stream_buffer.c **** }
 859:Middlewares/Third_Party/FreeRTOS/Source/stream_buffer.c **** /*-----------------------------------------------------------*/
 860:Middlewares/Third_Party/FreeRTOS/Source/stream_buffer.c **** 
 861:Middlewares/Third_Party/FreeRTOS/Source/stream_buffer.c **** size_t xStreamBufferReceiveFromISR( StreamBufferHandle_t xStreamBuffer,
 862:Middlewares/Third_Party/FreeRTOS/Source/stream_buffer.c **** 									void *pvRxData,
 863:Middlewares/Third_Party/FreeRTOS/Source/stream_buffer.c **** 									size_t xBufferLengthBytes,
 864:Middlewares/Third_Party/FreeRTOS/Source/stream_buffer.c **** 									BaseType_t * const pxHigherPriorityTaskWoken )
 865:Middlewares/Third_Party/FreeRTOS/Source/stream_buffer.c **** {
 866:Middlewares/Third_Party/FreeRTOS/Source/stream_buffer.c **** StreamBuffer_t * const pxStreamBuffer = xStreamBuffer;
 867:Middlewares/Third_Party/FreeRTOS/Source/stream_buffer.c **** size_t xReceivedLength = 0, xBytesAvailable, xBytesToStoreMessageLength;
 868:Middlewares/Third_Party/FreeRTOS/Source/stream_buffer.c **** 
 869:Middlewares/Third_Party/FreeRTOS/Source/stream_buffer.c **** 	configASSERT( pvRxData );
 870:Middlewares/Third_Party/FreeRTOS/Source/stream_buffer.c **** 	configASSERT( pxStreamBuffer );
 871:Middlewares/Third_Party/FreeRTOS/Source/stream_buffer.c **** 
 872:Middlewares/Third_Party/FreeRTOS/Source/stream_buffer.c **** 	/* This receive function is used by both message buffers, which store
 873:Middlewares/Third_Party/FreeRTOS/Source/stream_buffer.c **** 	discrete messages, and stream buffers, which store a continuous stream of
 874:Middlewares/Third_Party/FreeRTOS/Source/stream_buffer.c **** 	bytes.  Discrete messages include an additional
 875:Middlewares/Third_Party/FreeRTOS/Source/stream_buffer.c **** 	sbBYTES_TO_STORE_MESSAGE_LENGTH bytes that hold the length of the
 876:Middlewares/Third_Party/FreeRTOS/Source/stream_buffer.c **** 	message. */
 877:Middlewares/Third_Party/FreeRTOS/Source/stream_buffer.c **** 	if( ( pxStreamBuffer->ucFlags & sbFLAGS_IS_MESSAGE_BUFFER ) != ( uint8_t ) 0 )
 878:Middlewares/Third_Party/FreeRTOS/Source/stream_buffer.c **** 	{
 879:Middlewares/Third_Party/FreeRTOS/Source/stream_buffer.c **** 		xBytesToStoreMessageLength = sbBYTES_TO_STORE_MESSAGE_LENGTH;
 880:Middlewares/Third_Party/FreeRTOS/Source/stream_buffer.c **** 	}
 881:Middlewares/Third_Party/FreeRTOS/Source/stream_buffer.c **** 	else
 882:Middlewares/Third_Party/FreeRTOS/Source/stream_buffer.c **** 	{
 883:Middlewares/Third_Party/FreeRTOS/Source/stream_buffer.c **** 		xBytesToStoreMessageLength = 0;
 884:Middlewares/Third_Party/FreeRTOS/Source/stream_buffer.c **** 	}
 885:Middlewares/Third_Party/FreeRTOS/Source/stream_buffer.c **** 
 886:Middlewares/Third_Party/FreeRTOS/Source/stream_buffer.c **** 	xBytesAvailable = prvBytesInBuffer( pxStreamBuffer );
 887:Middlewares/Third_Party/FreeRTOS/Source/stream_buffer.c **** 
ARM GAS  /tmp/ccdKs9qj.s 			page 17


 888:Middlewares/Third_Party/FreeRTOS/Source/stream_buffer.c **** 	/* Whether receiving a discrete message (where xBytesToStoreMessageLength
 889:Middlewares/Third_Party/FreeRTOS/Source/stream_buffer.c **** 	holds the number of bytes used to store the message length) or a stream of
 890:Middlewares/Third_Party/FreeRTOS/Source/stream_buffer.c **** 	bytes (where xBytesToStoreMessageLength is zero), the number of bytes
 891:Middlewares/Third_Party/FreeRTOS/Source/stream_buffer.c **** 	available must be greater than xBytesToStoreMessageLength to be able to
 892:Middlewares/Third_Party/FreeRTOS/Source/stream_buffer.c **** 	read bytes from the buffer. */
 893:Middlewares/Third_Party/FreeRTOS/Source/stream_buffer.c **** 	if( xBytesAvailable > xBytesToStoreMessageLength )
 894:Middlewares/Third_Party/FreeRTOS/Source/stream_buffer.c **** 	{
 895:Middlewares/Third_Party/FreeRTOS/Source/stream_buffer.c **** 		xReceivedLength = prvReadMessageFromBuffer( pxStreamBuffer, pvRxData, xBufferLengthBytes, xBytesA
 896:Middlewares/Third_Party/FreeRTOS/Source/stream_buffer.c **** 
 897:Middlewares/Third_Party/FreeRTOS/Source/stream_buffer.c **** 		/* Was a task waiting for space in the buffer? */
 898:Middlewares/Third_Party/FreeRTOS/Source/stream_buffer.c **** 		if( xReceivedLength != ( size_t ) 0 )
 899:Middlewares/Third_Party/FreeRTOS/Source/stream_buffer.c **** 		{
 900:Middlewares/Third_Party/FreeRTOS/Source/stream_buffer.c **** 			sbRECEIVE_COMPLETED_FROM_ISR( pxStreamBuffer, pxHigherPriorityTaskWoken );
 901:Middlewares/Third_Party/FreeRTOS/Source/stream_buffer.c **** 		}
 902:Middlewares/Third_Party/FreeRTOS/Source/stream_buffer.c **** 		else
 903:Middlewares/Third_Party/FreeRTOS/Source/stream_buffer.c **** 		{
 904:Middlewares/Third_Party/FreeRTOS/Source/stream_buffer.c **** 			mtCOVERAGE_TEST_MARKER();
 905:Middlewares/Third_Party/FreeRTOS/Source/stream_buffer.c **** 		}
 906:Middlewares/Third_Party/FreeRTOS/Source/stream_buffer.c **** 	}
 907:Middlewares/Third_Party/FreeRTOS/Source/stream_buffer.c **** 	else
 908:Middlewares/Third_Party/FreeRTOS/Source/stream_buffer.c **** 	{
 909:Middlewares/Third_Party/FreeRTOS/Source/stream_buffer.c **** 		mtCOVERAGE_TEST_MARKER();
 910:Middlewares/Third_Party/FreeRTOS/Source/stream_buffer.c **** 	}
 911:Middlewares/Third_Party/FreeRTOS/Source/stream_buffer.c **** 
 912:Middlewares/Third_Party/FreeRTOS/Source/stream_buffer.c **** 	traceSTREAM_BUFFER_RECEIVE_FROM_ISR( xStreamBuffer, xReceivedLength );
 913:Middlewares/Third_Party/FreeRTOS/Source/stream_buffer.c **** 
 914:Middlewares/Third_Party/FreeRTOS/Source/stream_buffer.c **** 	return xReceivedLength;
 915:Middlewares/Third_Party/FreeRTOS/Source/stream_buffer.c **** }
 916:Middlewares/Third_Party/FreeRTOS/Source/stream_buffer.c **** /*-----------------------------------------------------------*/
 917:Middlewares/Third_Party/FreeRTOS/Source/stream_buffer.c **** 
 918:Middlewares/Third_Party/FreeRTOS/Source/stream_buffer.c **** static size_t prvReadMessageFromBuffer( StreamBuffer_t *pxStreamBuffer,
 919:Middlewares/Third_Party/FreeRTOS/Source/stream_buffer.c **** 										void *pvRxData,
 920:Middlewares/Third_Party/FreeRTOS/Source/stream_buffer.c **** 										size_t xBufferLengthBytes,
 921:Middlewares/Third_Party/FreeRTOS/Source/stream_buffer.c **** 										size_t xBytesAvailable,
 922:Middlewares/Third_Party/FreeRTOS/Source/stream_buffer.c **** 										size_t xBytesToStoreMessageLength )
 923:Middlewares/Third_Party/FreeRTOS/Source/stream_buffer.c **** {
 924:Middlewares/Third_Party/FreeRTOS/Source/stream_buffer.c **** size_t xOriginalTail, xReceivedLength, xNextMessageLength;
 925:Middlewares/Third_Party/FreeRTOS/Source/stream_buffer.c **** configMESSAGE_BUFFER_LENGTH_TYPE xTempNextMessageLength;
 926:Middlewares/Third_Party/FreeRTOS/Source/stream_buffer.c **** 
 927:Middlewares/Third_Party/FreeRTOS/Source/stream_buffer.c **** 	if( xBytesToStoreMessageLength != ( size_t ) 0 )
 928:Middlewares/Third_Party/FreeRTOS/Source/stream_buffer.c **** 	{
 929:Middlewares/Third_Party/FreeRTOS/Source/stream_buffer.c **** 		/* A discrete message is being received.  First receive the length
 930:Middlewares/Third_Party/FreeRTOS/Source/stream_buffer.c **** 		of the message.  A copy of the tail is stored so the buffer can be
 931:Middlewares/Third_Party/FreeRTOS/Source/stream_buffer.c **** 		returned to its prior state if the length of the message is too
 932:Middlewares/Third_Party/FreeRTOS/Source/stream_buffer.c **** 		large for the provided buffer. */
 933:Middlewares/Third_Party/FreeRTOS/Source/stream_buffer.c **** 		xOriginalTail = pxStreamBuffer->xTail;
 934:Middlewares/Third_Party/FreeRTOS/Source/stream_buffer.c **** 		( void ) prvReadBytesFromBuffer( pxStreamBuffer, ( uint8_t * ) &xTempNextMessageLength, xBytesToS
 935:Middlewares/Third_Party/FreeRTOS/Source/stream_buffer.c **** 		xNextMessageLength = ( size_t ) xTempNextMessageLength;
 936:Middlewares/Third_Party/FreeRTOS/Source/stream_buffer.c **** 
 937:Middlewares/Third_Party/FreeRTOS/Source/stream_buffer.c **** 		/* Reduce the number of bytes available by the number of bytes just
 938:Middlewares/Third_Party/FreeRTOS/Source/stream_buffer.c **** 		read out. */
 939:Middlewares/Third_Party/FreeRTOS/Source/stream_buffer.c **** 		xBytesAvailable -= xBytesToStoreMessageLength;
 940:Middlewares/Third_Party/FreeRTOS/Source/stream_buffer.c **** 
 941:Middlewares/Third_Party/FreeRTOS/Source/stream_buffer.c **** 		/* Check there is enough space in the buffer provided by the
 942:Middlewares/Third_Party/FreeRTOS/Source/stream_buffer.c **** 		user. */
 943:Middlewares/Third_Party/FreeRTOS/Source/stream_buffer.c **** 		if( xNextMessageLength > xBufferLengthBytes )
 944:Middlewares/Third_Party/FreeRTOS/Source/stream_buffer.c **** 		{
ARM GAS  /tmp/ccdKs9qj.s 			page 18


 945:Middlewares/Third_Party/FreeRTOS/Source/stream_buffer.c **** 			/* The user has provided insufficient space to read the message
 946:Middlewares/Third_Party/FreeRTOS/Source/stream_buffer.c **** 			so return the buffer to its previous state (so the length of
 947:Middlewares/Third_Party/FreeRTOS/Source/stream_buffer.c **** 			the message is in the buffer again). */
 948:Middlewares/Third_Party/FreeRTOS/Source/stream_buffer.c **** 			pxStreamBuffer->xTail = xOriginalTail;
 949:Middlewares/Third_Party/FreeRTOS/Source/stream_buffer.c **** 			xNextMessageLength = 0;
 950:Middlewares/Third_Party/FreeRTOS/Source/stream_buffer.c **** 		}
 951:Middlewares/Third_Party/FreeRTOS/Source/stream_buffer.c **** 		else
 952:Middlewares/Third_Party/FreeRTOS/Source/stream_buffer.c **** 		{
 953:Middlewares/Third_Party/FreeRTOS/Source/stream_buffer.c **** 			mtCOVERAGE_TEST_MARKER();
 954:Middlewares/Third_Party/FreeRTOS/Source/stream_buffer.c **** 		}
 955:Middlewares/Third_Party/FreeRTOS/Source/stream_buffer.c **** 	}
 956:Middlewares/Third_Party/FreeRTOS/Source/stream_buffer.c **** 	else
 957:Middlewares/Third_Party/FreeRTOS/Source/stream_buffer.c **** 	{
 958:Middlewares/Third_Party/FreeRTOS/Source/stream_buffer.c **** 		/* A stream of bytes is being received (as opposed to a discrete
 959:Middlewares/Third_Party/FreeRTOS/Source/stream_buffer.c **** 		message), so read as many bytes as possible. */
 960:Middlewares/Third_Party/FreeRTOS/Source/stream_buffer.c **** 		xNextMessageLength = xBufferLengthBytes;
 961:Middlewares/Third_Party/FreeRTOS/Source/stream_buffer.c **** 	}
 962:Middlewares/Third_Party/FreeRTOS/Source/stream_buffer.c **** 
 963:Middlewares/Third_Party/FreeRTOS/Source/stream_buffer.c **** 	/* Read the actual data. */
 964:Middlewares/Third_Party/FreeRTOS/Source/stream_buffer.c **** 	xReceivedLength = prvReadBytesFromBuffer( pxStreamBuffer, ( uint8_t * ) pvRxData, xNextMessageLeng
 965:Middlewares/Third_Party/FreeRTOS/Source/stream_buffer.c **** 
 966:Middlewares/Third_Party/FreeRTOS/Source/stream_buffer.c **** 	return xReceivedLength;
 967:Middlewares/Third_Party/FreeRTOS/Source/stream_buffer.c **** }
 968:Middlewares/Third_Party/FreeRTOS/Source/stream_buffer.c **** /*-----------------------------------------------------------*/
 969:Middlewares/Third_Party/FreeRTOS/Source/stream_buffer.c **** 
 970:Middlewares/Third_Party/FreeRTOS/Source/stream_buffer.c **** BaseType_t xStreamBufferIsEmpty( StreamBufferHandle_t xStreamBuffer )
 971:Middlewares/Third_Party/FreeRTOS/Source/stream_buffer.c **** {
 972:Middlewares/Third_Party/FreeRTOS/Source/stream_buffer.c **** const StreamBuffer_t * const pxStreamBuffer = xStreamBuffer;
 973:Middlewares/Third_Party/FreeRTOS/Source/stream_buffer.c **** BaseType_t xReturn;
 974:Middlewares/Third_Party/FreeRTOS/Source/stream_buffer.c **** size_t xTail;
 975:Middlewares/Third_Party/FreeRTOS/Source/stream_buffer.c **** 
 976:Middlewares/Third_Party/FreeRTOS/Source/stream_buffer.c **** 	configASSERT( pxStreamBuffer );
 977:Middlewares/Third_Party/FreeRTOS/Source/stream_buffer.c **** 
 978:Middlewares/Third_Party/FreeRTOS/Source/stream_buffer.c **** 	/* True if no bytes are available. */
 979:Middlewares/Third_Party/FreeRTOS/Source/stream_buffer.c **** 	xTail = pxStreamBuffer->xTail;
 980:Middlewares/Third_Party/FreeRTOS/Source/stream_buffer.c **** 	if( pxStreamBuffer->xHead == xTail )
 981:Middlewares/Third_Party/FreeRTOS/Source/stream_buffer.c **** 	{
 982:Middlewares/Third_Party/FreeRTOS/Source/stream_buffer.c **** 		xReturn = pdTRUE;
 983:Middlewares/Third_Party/FreeRTOS/Source/stream_buffer.c **** 	}
 984:Middlewares/Third_Party/FreeRTOS/Source/stream_buffer.c **** 	else
 985:Middlewares/Third_Party/FreeRTOS/Source/stream_buffer.c **** 	{
 986:Middlewares/Third_Party/FreeRTOS/Source/stream_buffer.c **** 		xReturn = pdFALSE;
 987:Middlewares/Third_Party/FreeRTOS/Source/stream_buffer.c **** 	}
 988:Middlewares/Third_Party/FreeRTOS/Source/stream_buffer.c **** 
 989:Middlewares/Third_Party/FreeRTOS/Source/stream_buffer.c **** 	return xReturn;
 990:Middlewares/Third_Party/FreeRTOS/Source/stream_buffer.c **** }
 991:Middlewares/Third_Party/FreeRTOS/Source/stream_buffer.c **** /*-----------------------------------------------------------*/
 992:Middlewares/Third_Party/FreeRTOS/Source/stream_buffer.c **** 
 993:Middlewares/Third_Party/FreeRTOS/Source/stream_buffer.c **** BaseType_t xStreamBufferIsFull( StreamBufferHandle_t xStreamBuffer )
 994:Middlewares/Third_Party/FreeRTOS/Source/stream_buffer.c **** {
 995:Middlewares/Third_Party/FreeRTOS/Source/stream_buffer.c **** BaseType_t xReturn;
 996:Middlewares/Third_Party/FreeRTOS/Source/stream_buffer.c **** size_t xBytesToStoreMessageLength;
 997:Middlewares/Third_Party/FreeRTOS/Source/stream_buffer.c **** const StreamBuffer_t * const pxStreamBuffer = xStreamBuffer;
 998:Middlewares/Third_Party/FreeRTOS/Source/stream_buffer.c **** 
 999:Middlewares/Third_Party/FreeRTOS/Source/stream_buffer.c **** 	configASSERT( pxStreamBuffer );
1000:Middlewares/Third_Party/FreeRTOS/Source/stream_buffer.c **** 
1001:Middlewares/Third_Party/FreeRTOS/Source/stream_buffer.c **** 	/* This generic version of the receive function is used by both message
ARM GAS  /tmp/ccdKs9qj.s 			page 19


1002:Middlewares/Third_Party/FreeRTOS/Source/stream_buffer.c **** 	buffers, which store discrete messages, and stream buffers, which store a
1003:Middlewares/Third_Party/FreeRTOS/Source/stream_buffer.c **** 	continuous stream of bytes.  Discrete messages include an additional
1004:Middlewares/Third_Party/FreeRTOS/Source/stream_buffer.c **** 	sbBYTES_TO_STORE_MESSAGE_LENGTH bytes that hold the length of the message. */
1005:Middlewares/Third_Party/FreeRTOS/Source/stream_buffer.c **** 	if( ( pxStreamBuffer->ucFlags & sbFLAGS_IS_MESSAGE_BUFFER ) != ( uint8_t ) 0 )
1006:Middlewares/Third_Party/FreeRTOS/Source/stream_buffer.c **** 	{
1007:Middlewares/Third_Party/FreeRTOS/Source/stream_buffer.c **** 		xBytesToStoreMessageLength = sbBYTES_TO_STORE_MESSAGE_LENGTH;
1008:Middlewares/Third_Party/FreeRTOS/Source/stream_buffer.c **** 	}
1009:Middlewares/Third_Party/FreeRTOS/Source/stream_buffer.c **** 	else
1010:Middlewares/Third_Party/FreeRTOS/Source/stream_buffer.c **** 	{
1011:Middlewares/Third_Party/FreeRTOS/Source/stream_buffer.c **** 		xBytesToStoreMessageLength = 0;
1012:Middlewares/Third_Party/FreeRTOS/Source/stream_buffer.c **** 	}
1013:Middlewares/Third_Party/FreeRTOS/Source/stream_buffer.c **** 
1014:Middlewares/Third_Party/FreeRTOS/Source/stream_buffer.c **** 	/* True if the available space equals zero. */
1015:Middlewares/Third_Party/FreeRTOS/Source/stream_buffer.c **** 	if( xStreamBufferSpacesAvailable( xStreamBuffer ) <= xBytesToStoreMessageLength )
1016:Middlewares/Third_Party/FreeRTOS/Source/stream_buffer.c **** 	{
1017:Middlewares/Third_Party/FreeRTOS/Source/stream_buffer.c **** 		xReturn = pdTRUE;
1018:Middlewares/Third_Party/FreeRTOS/Source/stream_buffer.c **** 	}
1019:Middlewares/Third_Party/FreeRTOS/Source/stream_buffer.c **** 	else
1020:Middlewares/Third_Party/FreeRTOS/Source/stream_buffer.c **** 	{
1021:Middlewares/Third_Party/FreeRTOS/Source/stream_buffer.c **** 		xReturn = pdFALSE;
1022:Middlewares/Third_Party/FreeRTOS/Source/stream_buffer.c **** 	}
1023:Middlewares/Third_Party/FreeRTOS/Source/stream_buffer.c **** 
1024:Middlewares/Third_Party/FreeRTOS/Source/stream_buffer.c **** 	return xReturn;
1025:Middlewares/Third_Party/FreeRTOS/Source/stream_buffer.c **** }
1026:Middlewares/Third_Party/FreeRTOS/Source/stream_buffer.c **** /*-----------------------------------------------------------*/
1027:Middlewares/Third_Party/FreeRTOS/Source/stream_buffer.c **** 
1028:Middlewares/Third_Party/FreeRTOS/Source/stream_buffer.c **** BaseType_t xStreamBufferSendCompletedFromISR( StreamBufferHandle_t xStreamBuffer, BaseType_t *pxHig
1029:Middlewares/Third_Party/FreeRTOS/Source/stream_buffer.c **** {
1030:Middlewares/Third_Party/FreeRTOS/Source/stream_buffer.c **** StreamBuffer_t * const pxStreamBuffer = xStreamBuffer;
1031:Middlewares/Third_Party/FreeRTOS/Source/stream_buffer.c **** BaseType_t xReturn;
1032:Middlewares/Third_Party/FreeRTOS/Source/stream_buffer.c **** UBaseType_t uxSavedInterruptStatus;
1033:Middlewares/Third_Party/FreeRTOS/Source/stream_buffer.c **** 
1034:Middlewares/Third_Party/FreeRTOS/Source/stream_buffer.c **** 	configASSERT( pxStreamBuffer );
1035:Middlewares/Third_Party/FreeRTOS/Source/stream_buffer.c **** 
1036:Middlewares/Third_Party/FreeRTOS/Source/stream_buffer.c **** 	uxSavedInterruptStatus = ( UBaseType_t ) portSET_INTERRUPT_MASK_FROM_ISR();
1037:Middlewares/Third_Party/FreeRTOS/Source/stream_buffer.c **** 	{
1038:Middlewares/Third_Party/FreeRTOS/Source/stream_buffer.c **** 		if( ( pxStreamBuffer )->xTaskWaitingToReceive != NULL )
1039:Middlewares/Third_Party/FreeRTOS/Source/stream_buffer.c **** 		{
1040:Middlewares/Third_Party/FreeRTOS/Source/stream_buffer.c **** 			( void ) xTaskNotifyFromISR( ( pxStreamBuffer )->xTaskWaitingToReceive,
1041:Middlewares/Third_Party/FreeRTOS/Source/stream_buffer.c **** 										 ( uint32_t ) 0,
1042:Middlewares/Third_Party/FreeRTOS/Source/stream_buffer.c **** 										 eNoAction,
1043:Middlewares/Third_Party/FreeRTOS/Source/stream_buffer.c **** 										 pxHigherPriorityTaskWoken );
1044:Middlewares/Third_Party/FreeRTOS/Source/stream_buffer.c **** 			( pxStreamBuffer )->xTaskWaitingToReceive = NULL;
1045:Middlewares/Third_Party/FreeRTOS/Source/stream_buffer.c **** 			xReturn = pdTRUE;
1046:Middlewares/Third_Party/FreeRTOS/Source/stream_buffer.c **** 		}
1047:Middlewares/Third_Party/FreeRTOS/Source/stream_buffer.c **** 		else
1048:Middlewares/Third_Party/FreeRTOS/Source/stream_buffer.c **** 		{
1049:Middlewares/Third_Party/FreeRTOS/Source/stream_buffer.c **** 			xReturn = pdFALSE;
1050:Middlewares/Third_Party/FreeRTOS/Source/stream_buffer.c **** 		}
1051:Middlewares/Third_Party/FreeRTOS/Source/stream_buffer.c **** 	}
1052:Middlewares/Third_Party/FreeRTOS/Source/stream_buffer.c **** 	portCLEAR_INTERRUPT_MASK_FROM_ISR( uxSavedInterruptStatus );
1053:Middlewares/Third_Party/FreeRTOS/Source/stream_buffer.c **** 
1054:Middlewares/Third_Party/FreeRTOS/Source/stream_buffer.c **** 	return xReturn;
1055:Middlewares/Third_Party/FreeRTOS/Source/stream_buffer.c **** }
1056:Middlewares/Third_Party/FreeRTOS/Source/stream_buffer.c **** /*-----------------------------------------------------------*/
1057:Middlewares/Third_Party/FreeRTOS/Source/stream_buffer.c **** 
1058:Middlewares/Third_Party/FreeRTOS/Source/stream_buffer.c **** BaseType_t xStreamBufferReceiveCompletedFromISR( StreamBufferHandle_t xStreamBuffer, BaseType_t *px
ARM GAS  /tmp/ccdKs9qj.s 			page 20


1059:Middlewares/Third_Party/FreeRTOS/Source/stream_buffer.c **** {
1060:Middlewares/Third_Party/FreeRTOS/Source/stream_buffer.c **** StreamBuffer_t * const pxStreamBuffer = xStreamBuffer;
1061:Middlewares/Third_Party/FreeRTOS/Source/stream_buffer.c **** BaseType_t xReturn;
1062:Middlewares/Third_Party/FreeRTOS/Source/stream_buffer.c **** UBaseType_t uxSavedInterruptStatus;
1063:Middlewares/Third_Party/FreeRTOS/Source/stream_buffer.c **** 
1064:Middlewares/Third_Party/FreeRTOS/Source/stream_buffer.c **** 	configASSERT( pxStreamBuffer );
1065:Middlewares/Third_Party/FreeRTOS/Source/stream_buffer.c **** 
1066:Middlewares/Third_Party/FreeRTOS/Source/stream_buffer.c **** 	uxSavedInterruptStatus = ( UBaseType_t ) portSET_INTERRUPT_MASK_FROM_ISR();
1067:Middlewares/Third_Party/FreeRTOS/Source/stream_buffer.c **** 	{
1068:Middlewares/Third_Party/FreeRTOS/Source/stream_buffer.c **** 		if( ( pxStreamBuffer )->xTaskWaitingToSend != NULL )
1069:Middlewares/Third_Party/FreeRTOS/Source/stream_buffer.c **** 		{
1070:Middlewares/Third_Party/FreeRTOS/Source/stream_buffer.c **** 			( void ) xTaskNotifyFromISR( ( pxStreamBuffer )->xTaskWaitingToSend,
1071:Middlewares/Third_Party/FreeRTOS/Source/stream_buffer.c **** 										 ( uint32_t ) 0,
1072:Middlewares/Third_Party/FreeRTOS/Source/stream_buffer.c **** 										 eNoAction,
1073:Middlewares/Third_Party/FreeRTOS/Source/stream_buffer.c **** 										 pxHigherPriorityTaskWoken );
1074:Middlewares/Third_Party/FreeRTOS/Source/stream_buffer.c **** 			( pxStreamBuffer )->xTaskWaitingToSend = NULL;
1075:Middlewares/Third_Party/FreeRTOS/Source/stream_buffer.c **** 			xReturn = pdTRUE;
1076:Middlewares/Third_Party/FreeRTOS/Source/stream_buffer.c **** 		}
1077:Middlewares/Third_Party/FreeRTOS/Source/stream_buffer.c **** 		else
1078:Middlewares/Third_Party/FreeRTOS/Source/stream_buffer.c **** 		{
1079:Middlewares/Third_Party/FreeRTOS/Source/stream_buffer.c **** 			xReturn = pdFALSE;
1080:Middlewares/Third_Party/FreeRTOS/Source/stream_buffer.c **** 		}
1081:Middlewares/Third_Party/FreeRTOS/Source/stream_buffer.c **** 	}
1082:Middlewares/Third_Party/FreeRTOS/Source/stream_buffer.c **** 	portCLEAR_INTERRUPT_MASK_FROM_ISR( uxSavedInterruptStatus );
1083:Middlewares/Third_Party/FreeRTOS/Source/stream_buffer.c **** 
1084:Middlewares/Third_Party/FreeRTOS/Source/stream_buffer.c **** 	return xReturn;
1085:Middlewares/Third_Party/FreeRTOS/Source/stream_buffer.c **** }
1086:Middlewares/Third_Party/FreeRTOS/Source/stream_buffer.c **** /*-----------------------------------------------------------*/
1087:Middlewares/Third_Party/FreeRTOS/Source/stream_buffer.c **** 
1088:Middlewares/Third_Party/FreeRTOS/Source/stream_buffer.c **** static size_t prvWriteBytesToBuffer( StreamBuffer_t * const pxStreamBuffer, const uint8_t *pucData,
1089:Middlewares/Third_Party/FreeRTOS/Source/stream_buffer.c **** {
1090:Middlewares/Third_Party/FreeRTOS/Source/stream_buffer.c **** size_t xNextHead, xFirstLength;
1091:Middlewares/Third_Party/FreeRTOS/Source/stream_buffer.c **** 
1092:Middlewares/Third_Party/FreeRTOS/Source/stream_buffer.c **** 	configASSERT( xCount > ( size_t ) 0 );
1093:Middlewares/Third_Party/FreeRTOS/Source/stream_buffer.c **** 
1094:Middlewares/Third_Party/FreeRTOS/Source/stream_buffer.c **** 	xNextHead = pxStreamBuffer->xHead;
1095:Middlewares/Third_Party/FreeRTOS/Source/stream_buffer.c **** 
1096:Middlewares/Third_Party/FreeRTOS/Source/stream_buffer.c **** 	/* Calculate the number of bytes that can be added in the first write -
1097:Middlewares/Third_Party/FreeRTOS/Source/stream_buffer.c **** 	which may be less than the total number of bytes that need to be added if
1098:Middlewares/Third_Party/FreeRTOS/Source/stream_buffer.c **** 	the buffer will wrap back to the beginning. */
1099:Middlewares/Third_Party/FreeRTOS/Source/stream_buffer.c **** 	xFirstLength = configMIN( pxStreamBuffer->xLength - xNextHead, xCount );
1100:Middlewares/Third_Party/FreeRTOS/Source/stream_buffer.c **** 
1101:Middlewares/Third_Party/FreeRTOS/Source/stream_buffer.c **** 	/* Write as many bytes as can be written in the first write. */
1102:Middlewares/Third_Party/FreeRTOS/Source/stream_buffer.c **** 	configASSERT( ( xNextHead + xFirstLength ) <= pxStreamBuffer->xLength );
1103:Middlewares/Third_Party/FreeRTOS/Source/stream_buffer.c **** 	( void ) memcpy( ( void* ) ( &( pxStreamBuffer->pucBuffer[ xNextHead ] ) ), ( const void * ) pucDa
1104:Middlewares/Third_Party/FreeRTOS/Source/stream_buffer.c **** 
1105:Middlewares/Third_Party/FreeRTOS/Source/stream_buffer.c **** 	/* If the number of bytes written was less than the number that could be
1106:Middlewares/Third_Party/FreeRTOS/Source/stream_buffer.c **** 	written in the first write... */
1107:Middlewares/Third_Party/FreeRTOS/Source/stream_buffer.c **** 	if( xCount > xFirstLength )
1108:Middlewares/Third_Party/FreeRTOS/Source/stream_buffer.c **** 	{
1109:Middlewares/Third_Party/FreeRTOS/Source/stream_buffer.c **** 		/* ...then write the remaining bytes to the start of the buffer. */
1110:Middlewares/Third_Party/FreeRTOS/Source/stream_buffer.c **** 		configASSERT( ( xCount - xFirstLength ) <= pxStreamBuffer->xLength );
1111:Middlewares/Third_Party/FreeRTOS/Source/stream_buffer.c **** 		( void ) memcpy( ( void * ) pxStreamBuffer->pucBuffer, ( const void * ) &( pucData[ xFirstLength 
1112:Middlewares/Third_Party/FreeRTOS/Source/stream_buffer.c **** 	}
1113:Middlewares/Third_Party/FreeRTOS/Source/stream_buffer.c **** 	else
1114:Middlewares/Third_Party/FreeRTOS/Source/stream_buffer.c **** 	{
1115:Middlewares/Third_Party/FreeRTOS/Source/stream_buffer.c **** 		mtCOVERAGE_TEST_MARKER();
ARM GAS  /tmp/ccdKs9qj.s 			page 21


1116:Middlewares/Third_Party/FreeRTOS/Source/stream_buffer.c **** 	}
1117:Middlewares/Third_Party/FreeRTOS/Source/stream_buffer.c **** 
1118:Middlewares/Third_Party/FreeRTOS/Source/stream_buffer.c **** 	xNextHead += xCount;
1119:Middlewares/Third_Party/FreeRTOS/Source/stream_buffer.c **** 	if( xNextHead >= pxStreamBuffer->xLength )
1120:Middlewares/Third_Party/FreeRTOS/Source/stream_buffer.c **** 	{
1121:Middlewares/Third_Party/FreeRTOS/Source/stream_buffer.c **** 		xNextHead -= pxStreamBuffer->xLength;
1122:Middlewares/Third_Party/FreeRTOS/Source/stream_buffer.c **** 	}
1123:Middlewares/Third_Party/FreeRTOS/Source/stream_buffer.c **** 	else
1124:Middlewares/Third_Party/FreeRTOS/Source/stream_buffer.c **** 	{
1125:Middlewares/Third_Party/FreeRTOS/Source/stream_buffer.c **** 		mtCOVERAGE_TEST_MARKER();
1126:Middlewares/Third_Party/FreeRTOS/Source/stream_buffer.c **** 	}
1127:Middlewares/Third_Party/FreeRTOS/Source/stream_buffer.c **** 
1128:Middlewares/Third_Party/FreeRTOS/Source/stream_buffer.c **** 	pxStreamBuffer->xHead = xNextHead;
1129:Middlewares/Third_Party/FreeRTOS/Source/stream_buffer.c **** 
1130:Middlewares/Third_Party/FreeRTOS/Source/stream_buffer.c **** 	return xCount;
1131:Middlewares/Third_Party/FreeRTOS/Source/stream_buffer.c **** }
1132:Middlewares/Third_Party/FreeRTOS/Source/stream_buffer.c **** /*-----------------------------------------------------------*/
1133:Middlewares/Third_Party/FreeRTOS/Source/stream_buffer.c **** 
1134:Middlewares/Third_Party/FreeRTOS/Source/stream_buffer.c **** static size_t prvReadBytesFromBuffer( StreamBuffer_t *pxStreamBuffer, uint8_t *pucData, size_t xMax
1135:Middlewares/Third_Party/FreeRTOS/Source/stream_buffer.c **** {
1136:Middlewares/Third_Party/FreeRTOS/Source/stream_buffer.c **** size_t xCount, xFirstLength, xNextTail;
1137:Middlewares/Third_Party/FreeRTOS/Source/stream_buffer.c **** 
1138:Middlewares/Third_Party/FreeRTOS/Source/stream_buffer.c **** 	/* Use the minimum of the wanted bytes and the available bytes. */
1139:Middlewares/Third_Party/FreeRTOS/Source/stream_buffer.c **** 	xCount = configMIN( xBytesAvailable, xMaxCount );
1140:Middlewares/Third_Party/FreeRTOS/Source/stream_buffer.c **** 
1141:Middlewares/Third_Party/FreeRTOS/Source/stream_buffer.c **** 	if( xCount > ( size_t ) 0 )
1142:Middlewares/Third_Party/FreeRTOS/Source/stream_buffer.c **** 	{
1143:Middlewares/Third_Party/FreeRTOS/Source/stream_buffer.c **** 		xNextTail = pxStreamBuffer->xTail;
1144:Middlewares/Third_Party/FreeRTOS/Source/stream_buffer.c **** 
1145:Middlewares/Third_Party/FreeRTOS/Source/stream_buffer.c **** 		/* Calculate the number of bytes that can be read - which may be
1146:Middlewares/Third_Party/FreeRTOS/Source/stream_buffer.c **** 		less than the number wanted if the data wraps around to the start of
1147:Middlewares/Third_Party/FreeRTOS/Source/stream_buffer.c **** 		the buffer. */
1148:Middlewares/Third_Party/FreeRTOS/Source/stream_buffer.c **** 		xFirstLength = configMIN( pxStreamBuffer->xLength - xNextTail, xCount );
1149:Middlewares/Third_Party/FreeRTOS/Source/stream_buffer.c **** 
1150:Middlewares/Third_Party/FreeRTOS/Source/stream_buffer.c **** 		/* Obtain the number of bytes it is possible to obtain in the first
1151:Middlewares/Third_Party/FreeRTOS/Source/stream_buffer.c **** 		read.  Asserts check bounds of read and write. */
1152:Middlewares/Third_Party/FreeRTOS/Source/stream_buffer.c **** 		configASSERT( xFirstLength <= xMaxCount );
1153:Middlewares/Third_Party/FreeRTOS/Source/stream_buffer.c **** 		configASSERT( ( xNextTail + xFirstLength ) <= pxStreamBuffer->xLength );
1154:Middlewares/Third_Party/FreeRTOS/Source/stream_buffer.c **** 		( void ) memcpy( ( void * ) pucData, ( const void * ) &( pxStreamBuffer->pucBuffer[ xNextTail ] )
1155:Middlewares/Third_Party/FreeRTOS/Source/stream_buffer.c **** 
1156:Middlewares/Third_Party/FreeRTOS/Source/stream_buffer.c **** 		/* If the total number of wanted bytes is greater than the number
1157:Middlewares/Third_Party/FreeRTOS/Source/stream_buffer.c **** 		that could be read in the first read... */
1158:Middlewares/Third_Party/FreeRTOS/Source/stream_buffer.c **** 		if( xCount > xFirstLength )
1159:Middlewares/Third_Party/FreeRTOS/Source/stream_buffer.c **** 		{
1160:Middlewares/Third_Party/FreeRTOS/Source/stream_buffer.c **** 			/*...then read the remaining bytes from the start of the buffer. */
1161:Middlewares/Third_Party/FreeRTOS/Source/stream_buffer.c **** 			configASSERT( xCount <= xMaxCount );
1162:Middlewares/Third_Party/FreeRTOS/Source/stream_buffer.c **** 			( void ) memcpy( ( void * ) &( pucData[ xFirstLength ] ), ( void * ) ( pxStreamBuffer->pucBuffer
1163:Middlewares/Third_Party/FreeRTOS/Source/stream_buffer.c **** 		}
1164:Middlewares/Third_Party/FreeRTOS/Source/stream_buffer.c **** 		else
1165:Middlewares/Third_Party/FreeRTOS/Source/stream_buffer.c **** 		{
1166:Middlewares/Third_Party/FreeRTOS/Source/stream_buffer.c **** 			mtCOVERAGE_TEST_MARKER();
1167:Middlewares/Third_Party/FreeRTOS/Source/stream_buffer.c **** 		}
1168:Middlewares/Third_Party/FreeRTOS/Source/stream_buffer.c **** 
1169:Middlewares/Third_Party/FreeRTOS/Source/stream_buffer.c **** 		/* Move the tail pointer to effectively remove the data read from
1170:Middlewares/Third_Party/FreeRTOS/Source/stream_buffer.c **** 		the buffer. */
1171:Middlewares/Third_Party/FreeRTOS/Source/stream_buffer.c **** 		xNextTail += xCount;
1172:Middlewares/Third_Party/FreeRTOS/Source/stream_buffer.c **** 
ARM GAS  /tmp/ccdKs9qj.s 			page 22


1173:Middlewares/Third_Party/FreeRTOS/Source/stream_buffer.c **** 		if( xNextTail >= pxStreamBuffer->xLength )
1174:Middlewares/Third_Party/FreeRTOS/Source/stream_buffer.c **** 		{
1175:Middlewares/Third_Party/FreeRTOS/Source/stream_buffer.c **** 			xNextTail -= pxStreamBuffer->xLength;
1176:Middlewares/Third_Party/FreeRTOS/Source/stream_buffer.c **** 		}
1177:Middlewares/Third_Party/FreeRTOS/Source/stream_buffer.c **** 
1178:Middlewares/Third_Party/FreeRTOS/Source/stream_buffer.c **** 		pxStreamBuffer->xTail = xNextTail;
1179:Middlewares/Third_Party/FreeRTOS/Source/stream_buffer.c **** 	}
1180:Middlewares/Third_Party/FreeRTOS/Source/stream_buffer.c **** 	else
1181:Middlewares/Third_Party/FreeRTOS/Source/stream_buffer.c **** 	{
1182:Middlewares/Third_Party/FreeRTOS/Source/stream_buffer.c **** 		mtCOVERAGE_TEST_MARKER();
1183:Middlewares/Third_Party/FreeRTOS/Source/stream_buffer.c **** 	}
1184:Middlewares/Third_Party/FreeRTOS/Source/stream_buffer.c **** 
1185:Middlewares/Third_Party/FreeRTOS/Source/stream_buffer.c **** 	return xCount;
1186:Middlewares/Third_Party/FreeRTOS/Source/stream_buffer.c **** }
1187:Middlewares/Third_Party/FreeRTOS/Source/stream_buffer.c **** /*-----------------------------------------------------------*/
1188:Middlewares/Third_Party/FreeRTOS/Source/stream_buffer.c **** 
1189:Middlewares/Third_Party/FreeRTOS/Source/stream_buffer.c **** static size_t prvBytesInBuffer( const StreamBuffer_t * const pxStreamBuffer )
1190:Middlewares/Third_Party/FreeRTOS/Source/stream_buffer.c **** {
  27              		.loc 1 1190 1 view -0
  28              		.cfi_startproc
  29              		@ args = 0, pretend = 0, frame = 0
  30              		@ frame_needed = 0, uses_anonymous_args = 0
  31              		@ link register save eliminated.
1191:Middlewares/Third_Party/FreeRTOS/Source/stream_buffer.c **** /* Returns the distance between xTail and xHead. */
1192:Middlewares/Third_Party/FreeRTOS/Source/stream_buffer.c **** size_t xCount;
  32              		.loc 1 1192 1 view .LVU1
1193:Middlewares/Third_Party/FreeRTOS/Source/stream_buffer.c **** 
1194:Middlewares/Third_Party/FreeRTOS/Source/stream_buffer.c **** 	xCount = pxStreamBuffer->xLength + pxStreamBuffer->xHead;
  33              		.loc 1 1194 2 view .LVU2
  34              		.loc 1 1194 25 is_stmt 0 view .LVU3
  35 0000 8268     		ldr	r2, [r0, #8]
  36              		.loc 1 1194 51 view .LVU4
  37 0002 4368     		ldr	r3, [r0, #4]
  38              		.loc 1 1194 9 view .LVU5
  39 0004 1344     		add	r3, r3, r2
  40              	.LVL1:
1195:Middlewares/Third_Party/FreeRTOS/Source/stream_buffer.c **** 	xCount -= pxStreamBuffer->xTail;
  41              		.loc 1 1195 2 is_stmt 1 view .LVU6
  42              		.loc 1 1195 26 is_stmt 0 view .LVU7
  43 0006 0068     		ldr	r0, [r0]
  44              	.LVL2:
  45              		.loc 1 1195 9 view .LVU8
  46 0008 181A     		subs	r0, r3, r0
  47              	.LVL3:
1196:Middlewares/Third_Party/FreeRTOS/Source/stream_buffer.c **** 	if ( xCount >= pxStreamBuffer->xLength )
  48              		.loc 1 1196 2 is_stmt 1 view .LVU9
  49              		.loc 1 1196 5 is_stmt 0 view .LVU10
  50 000a 8242     		cmp	r2, r0
  51 000c 00D8     		bhi	.L1
1197:Middlewares/Third_Party/FreeRTOS/Source/stream_buffer.c **** 	{
1198:Middlewares/Third_Party/FreeRTOS/Source/stream_buffer.c **** 		xCount -= pxStreamBuffer->xLength;
  52              		.loc 1 1198 3 is_stmt 1 view .LVU11
  53              		.loc 1 1198 10 is_stmt 0 view .LVU12
  54 000e 801A     		subs	r0, r0, r2
  55              	.LVL4:
1199:Middlewares/Third_Party/FreeRTOS/Source/stream_buffer.c **** 	}
1200:Middlewares/Third_Party/FreeRTOS/Source/stream_buffer.c **** 	else
ARM GAS  /tmp/ccdKs9qj.s 			page 23


1201:Middlewares/Third_Party/FreeRTOS/Source/stream_buffer.c **** 	{
1202:Middlewares/Third_Party/FreeRTOS/Source/stream_buffer.c **** 		mtCOVERAGE_TEST_MARKER();
  56              		.loc 1 1202 27 is_stmt 1 view .LVU13
1203:Middlewares/Third_Party/FreeRTOS/Source/stream_buffer.c **** 	}
1204:Middlewares/Third_Party/FreeRTOS/Source/stream_buffer.c **** 
1205:Middlewares/Third_Party/FreeRTOS/Source/stream_buffer.c **** 	return xCount;
  57              		.loc 1 1205 2 view .LVU14
  58              	.L1:
1206:Middlewares/Third_Party/FreeRTOS/Source/stream_buffer.c **** }
  59              		.loc 1 1206 1 is_stmt 0 view .LVU15
  60 0010 7047     		bx	lr
  61              		.cfi_endproc
  62              	.LFE24:
  64              		.section	.text.prvInitialiseNewStreamBuffer,"ax",%progbits
  65              		.align	1
  66              		.syntax unified
  67              		.thumb
  68              		.thumb_func
  70              	prvInitialiseNewStreamBuffer:
  71              	.LVL5:
  72              	.LFB25:
1207:Middlewares/Third_Party/FreeRTOS/Source/stream_buffer.c **** /*-----------------------------------------------------------*/
1208:Middlewares/Third_Party/FreeRTOS/Source/stream_buffer.c **** 
1209:Middlewares/Third_Party/FreeRTOS/Source/stream_buffer.c **** static void prvInitialiseNewStreamBuffer( StreamBuffer_t * const pxStreamBuffer,
1210:Middlewares/Third_Party/FreeRTOS/Source/stream_buffer.c **** 										  uint8_t * const pucBuffer,
1211:Middlewares/Third_Party/FreeRTOS/Source/stream_buffer.c **** 										  size_t xBufferSizeBytes,
1212:Middlewares/Third_Party/FreeRTOS/Source/stream_buffer.c **** 										  size_t xTriggerLevelBytes,
1213:Middlewares/Third_Party/FreeRTOS/Source/stream_buffer.c **** 										  uint8_t ucFlags )
1214:Middlewares/Third_Party/FreeRTOS/Source/stream_buffer.c **** {
  73              		.loc 1 1214 1 is_stmt 1 view -0
  74              		.cfi_startproc
  75              		@ args = 4, pretend = 0, frame = 0
  76              		@ frame_needed = 0, uses_anonymous_args = 0
  77              		.loc 1 1214 1 is_stmt 0 view .LVU17
  78 0000 F8B5     		push	{r3, r4, r5, r6, r7, lr}
  79              	.LCFI0:
  80              		.cfi_def_cfa_offset 24
  81              		.cfi_offset 3, -24
  82              		.cfi_offset 4, -20
  83              		.cfi_offset 5, -16
  84              		.cfi_offset 6, -12
  85              		.cfi_offset 7, -8
  86              		.cfi_offset 14, -4
  87 0002 0746     		mov	r7, r0
  88 0004 0C46     		mov	r4, r1
  89 0006 1646     		mov	r6, r2
  90 0008 1D46     		mov	r5, r3
  91              	.LBB96:
1215:Middlewares/Third_Party/FreeRTOS/Source/stream_buffer.c **** 	/* Assert here is deliberately writing to the entire buffer to ensure it can
1216:Middlewares/Third_Party/FreeRTOS/Source/stream_buffer.c **** 	be written to without generating exceptions, and is setting the buffer to a
1217:Middlewares/Third_Party/FreeRTOS/Source/stream_buffer.c **** 	known value to assist in development/debugging. */
1218:Middlewares/Third_Party/FreeRTOS/Source/stream_buffer.c **** 	#if( configASSERT_DEFINED == 1 )
1219:Middlewares/Third_Party/FreeRTOS/Source/stream_buffer.c **** 	{
1220:Middlewares/Third_Party/FreeRTOS/Source/stream_buffer.c **** 		/* The value written just has to be identifiable when looking at the
1221:Middlewares/Third_Party/FreeRTOS/Source/stream_buffer.c **** 		memory.  Don't use 0xA5 as that is the stack fill value and could
1222:Middlewares/Third_Party/FreeRTOS/Source/stream_buffer.c **** 		result in confusion as to what is actually being observed. */
1223:Middlewares/Third_Party/FreeRTOS/Source/stream_buffer.c **** 		const BaseType_t xWriteValue = 0x55;
ARM GAS  /tmp/ccdKs9qj.s 			page 24


  92              		.loc 1 1223 3 is_stmt 1 view .LVU18
  93              	.LVL6:
1224:Middlewares/Third_Party/FreeRTOS/Source/stream_buffer.c **** 		configASSERT( memset( pucBuffer, ( int ) xWriteValue, xBufferSizeBytes ) == pucBuffer );
  94              		.loc 1 1224 3 view .LVU19
  95 000a 5521     		movs	r1, #85
  96              	.LVL7:
  97              		.loc 1 1224 3 is_stmt 0 view .LVU20
  98 000c 2046     		mov	r0, r4
  99              	.LVL8:
 100              		.loc 1 1224 3 view .LVU21
 101 000e FFF7FEFF 		bl	memset
 102              	.LVL9:
 103              		.loc 1 1224 3 discriminator 1 view .LVU22
 104 0012 8442     		cmp	r4, r0
 105 0014 08D0     		beq	.L4
 106              		.loc 1 1224 3 is_stmt 1 discriminator 1 view .LVU23
 107              	.LBB97:
 108              	.LBI97:
 109              		.file 2 "Middlewares/Third_Party/FreeRTOS/Source/portable/GCC/ARM_CM3/portmacro.h"
   1:Middlewares/Third_Party/FreeRTOS/Source/portable/GCC/ARM_CM3/portmacro.h **** /*
   2:Middlewares/Third_Party/FreeRTOS/Source/portable/GCC/ARM_CM3/portmacro.h ****  * FreeRTOS Kernel V10.3.1
   3:Middlewares/Third_Party/FreeRTOS/Source/portable/GCC/ARM_CM3/portmacro.h ****  * Copyright (C) 2020 Amazon.com, Inc. or its affiliates.  All Rights Reserved.
   4:Middlewares/Third_Party/FreeRTOS/Source/portable/GCC/ARM_CM3/portmacro.h ****  *
   5:Middlewares/Third_Party/FreeRTOS/Source/portable/GCC/ARM_CM3/portmacro.h ****  * Permission is hereby granted, free of charge, to any person obtaining a copy of
   6:Middlewares/Third_Party/FreeRTOS/Source/portable/GCC/ARM_CM3/portmacro.h ****  * this software and associated documentation files (the "Software"), to deal in
   7:Middlewares/Third_Party/FreeRTOS/Source/portable/GCC/ARM_CM3/portmacro.h ****  * the Software without restriction, including without limitation the rights to
   8:Middlewares/Third_Party/FreeRTOS/Source/portable/GCC/ARM_CM3/portmacro.h ****  * use, copy, modify, merge, publish, distribute, sublicense, and/or sell copies of
   9:Middlewares/Third_Party/FreeRTOS/Source/portable/GCC/ARM_CM3/portmacro.h ****  * the Software, and to permit persons to whom the Software is furnished to do so,
  10:Middlewares/Third_Party/FreeRTOS/Source/portable/GCC/ARM_CM3/portmacro.h ****  * subject to the following conditions:
  11:Middlewares/Third_Party/FreeRTOS/Source/portable/GCC/ARM_CM3/portmacro.h ****  *
  12:Middlewares/Third_Party/FreeRTOS/Source/portable/GCC/ARM_CM3/portmacro.h ****  * The above copyright notice and this permission notice shall be included in all
  13:Middlewares/Third_Party/FreeRTOS/Source/portable/GCC/ARM_CM3/portmacro.h ****  * copies or substantial portions of the Software.
  14:Middlewares/Third_Party/FreeRTOS/Source/portable/GCC/ARM_CM3/portmacro.h ****  *
  15:Middlewares/Third_Party/FreeRTOS/Source/portable/GCC/ARM_CM3/portmacro.h ****  * THE SOFTWARE IS PROVIDED "AS IS", WITHOUT WARRANTY OF ANY KIND, EXPRESS OR
  16:Middlewares/Third_Party/FreeRTOS/Source/portable/GCC/ARM_CM3/portmacro.h ****  * IMPLIED, INCLUDING BUT NOT LIMITED TO THE WARRANTIES OF MERCHANTABILITY, FITNESS
  17:Middlewares/Third_Party/FreeRTOS/Source/portable/GCC/ARM_CM3/portmacro.h ****  * FOR A PARTICULAR PURPOSE AND NONINFRINGEMENT. IN NO EVENT SHALL THE AUTHORS OR
  18:Middlewares/Third_Party/FreeRTOS/Source/portable/GCC/ARM_CM3/portmacro.h ****  * COPYRIGHT HOLDERS BE LIABLE FOR ANY CLAIM, DAMAGES OR OTHER LIABILITY, WHETHER
  19:Middlewares/Third_Party/FreeRTOS/Source/portable/GCC/ARM_CM3/portmacro.h ****  * IN AN ACTION OF CONTRACT, TORT OR OTHERWISE, ARISING FROM, OUT OF OR IN
  20:Middlewares/Third_Party/FreeRTOS/Source/portable/GCC/ARM_CM3/portmacro.h ****  * CONNECTION WITH THE SOFTWARE OR THE USE OR OTHER DEALINGS IN THE SOFTWARE.
  21:Middlewares/Third_Party/FreeRTOS/Source/portable/GCC/ARM_CM3/portmacro.h ****  *
  22:Middlewares/Third_Party/FreeRTOS/Source/portable/GCC/ARM_CM3/portmacro.h ****  * http://www.FreeRTOS.org
  23:Middlewares/Third_Party/FreeRTOS/Source/portable/GCC/ARM_CM3/portmacro.h ****  * http://aws.amazon.com/freertos
  24:Middlewares/Third_Party/FreeRTOS/Source/portable/GCC/ARM_CM3/portmacro.h ****  *
  25:Middlewares/Third_Party/FreeRTOS/Source/portable/GCC/ARM_CM3/portmacro.h ****  * 1 tab == 4 spaces!
  26:Middlewares/Third_Party/FreeRTOS/Source/portable/GCC/ARM_CM3/portmacro.h ****  */
  27:Middlewares/Third_Party/FreeRTOS/Source/portable/GCC/ARM_CM3/portmacro.h **** 
  28:Middlewares/Third_Party/FreeRTOS/Source/portable/GCC/ARM_CM3/portmacro.h **** 
  29:Middlewares/Third_Party/FreeRTOS/Source/portable/GCC/ARM_CM3/portmacro.h **** #ifndef PORTMACRO_H
  30:Middlewares/Third_Party/FreeRTOS/Source/portable/GCC/ARM_CM3/portmacro.h **** #define PORTMACRO_H
  31:Middlewares/Third_Party/FreeRTOS/Source/portable/GCC/ARM_CM3/portmacro.h **** 
  32:Middlewares/Third_Party/FreeRTOS/Source/portable/GCC/ARM_CM3/portmacro.h **** #ifdef __cplusplus
  33:Middlewares/Third_Party/FreeRTOS/Source/portable/GCC/ARM_CM3/portmacro.h **** extern "C" {
  34:Middlewares/Third_Party/FreeRTOS/Source/portable/GCC/ARM_CM3/portmacro.h **** #endif
  35:Middlewares/Third_Party/FreeRTOS/Source/portable/GCC/ARM_CM3/portmacro.h **** 
  36:Middlewares/Third_Party/FreeRTOS/Source/portable/GCC/ARM_CM3/portmacro.h **** /*-----------------------------------------------------------
  37:Middlewares/Third_Party/FreeRTOS/Source/portable/GCC/ARM_CM3/portmacro.h ****  * Port specific definitions.
  38:Middlewares/Third_Party/FreeRTOS/Source/portable/GCC/ARM_CM3/portmacro.h ****  *
ARM GAS  /tmp/ccdKs9qj.s 			page 25


  39:Middlewares/Third_Party/FreeRTOS/Source/portable/GCC/ARM_CM3/portmacro.h ****  * The settings in this file configure FreeRTOS correctly for the
  40:Middlewares/Third_Party/FreeRTOS/Source/portable/GCC/ARM_CM3/portmacro.h ****  * given hardware and compiler.
  41:Middlewares/Third_Party/FreeRTOS/Source/portable/GCC/ARM_CM3/portmacro.h ****  *
  42:Middlewares/Third_Party/FreeRTOS/Source/portable/GCC/ARM_CM3/portmacro.h ****  * These settings should not be altered.
  43:Middlewares/Third_Party/FreeRTOS/Source/portable/GCC/ARM_CM3/portmacro.h ****  *-----------------------------------------------------------
  44:Middlewares/Third_Party/FreeRTOS/Source/portable/GCC/ARM_CM3/portmacro.h ****  */
  45:Middlewares/Third_Party/FreeRTOS/Source/portable/GCC/ARM_CM3/portmacro.h **** 
  46:Middlewares/Third_Party/FreeRTOS/Source/portable/GCC/ARM_CM3/portmacro.h **** /* Type definitions. */
  47:Middlewares/Third_Party/FreeRTOS/Source/portable/GCC/ARM_CM3/portmacro.h **** #define portCHAR		char
  48:Middlewares/Third_Party/FreeRTOS/Source/portable/GCC/ARM_CM3/portmacro.h **** #define portFLOAT		float
  49:Middlewares/Third_Party/FreeRTOS/Source/portable/GCC/ARM_CM3/portmacro.h **** #define portDOUBLE		double
  50:Middlewares/Third_Party/FreeRTOS/Source/portable/GCC/ARM_CM3/portmacro.h **** #define portLONG		long
  51:Middlewares/Third_Party/FreeRTOS/Source/portable/GCC/ARM_CM3/portmacro.h **** #define portSHORT		short
  52:Middlewares/Third_Party/FreeRTOS/Source/portable/GCC/ARM_CM3/portmacro.h **** #define portSTACK_TYPE	uint32_t
  53:Middlewares/Third_Party/FreeRTOS/Source/portable/GCC/ARM_CM3/portmacro.h **** #define portBASE_TYPE	long
  54:Middlewares/Third_Party/FreeRTOS/Source/portable/GCC/ARM_CM3/portmacro.h **** 
  55:Middlewares/Third_Party/FreeRTOS/Source/portable/GCC/ARM_CM3/portmacro.h **** typedef portSTACK_TYPE StackType_t;
  56:Middlewares/Third_Party/FreeRTOS/Source/portable/GCC/ARM_CM3/portmacro.h **** typedef long BaseType_t;
  57:Middlewares/Third_Party/FreeRTOS/Source/portable/GCC/ARM_CM3/portmacro.h **** typedef unsigned long UBaseType_t;
  58:Middlewares/Third_Party/FreeRTOS/Source/portable/GCC/ARM_CM3/portmacro.h **** 
  59:Middlewares/Third_Party/FreeRTOS/Source/portable/GCC/ARM_CM3/portmacro.h **** #if( configUSE_16_BIT_TICKS == 1 )
  60:Middlewares/Third_Party/FreeRTOS/Source/portable/GCC/ARM_CM3/portmacro.h **** 	typedef uint16_t TickType_t;
  61:Middlewares/Third_Party/FreeRTOS/Source/portable/GCC/ARM_CM3/portmacro.h **** 	#define portMAX_DELAY ( TickType_t ) 0xffff
  62:Middlewares/Third_Party/FreeRTOS/Source/portable/GCC/ARM_CM3/portmacro.h **** #else
  63:Middlewares/Third_Party/FreeRTOS/Source/portable/GCC/ARM_CM3/portmacro.h **** 	typedef uint32_t TickType_t;
  64:Middlewares/Third_Party/FreeRTOS/Source/portable/GCC/ARM_CM3/portmacro.h **** 	#define portMAX_DELAY ( TickType_t ) 0xffffffffUL
  65:Middlewares/Third_Party/FreeRTOS/Source/portable/GCC/ARM_CM3/portmacro.h **** 
  66:Middlewares/Third_Party/FreeRTOS/Source/portable/GCC/ARM_CM3/portmacro.h **** 	/* 32-bit tick type on a 32-bit architecture, so reads of the tick count do
  67:Middlewares/Third_Party/FreeRTOS/Source/portable/GCC/ARM_CM3/portmacro.h **** 	not need to be guarded with a critical section. */
  68:Middlewares/Third_Party/FreeRTOS/Source/portable/GCC/ARM_CM3/portmacro.h **** 	#define portTICK_TYPE_IS_ATOMIC 1
  69:Middlewares/Third_Party/FreeRTOS/Source/portable/GCC/ARM_CM3/portmacro.h **** #endif
  70:Middlewares/Third_Party/FreeRTOS/Source/portable/GCC/ARM_CM3/portmacro.h **** /*-----------------------------------------------------------*/
  71:Middlewares/Third_Party/FreeRTOS/Source/portable/GCC/ARM_CM3/portmacro.h **** 
  72:Middlewares/Third_Party/FreeRTOS/Source/portable/GCC/ARM_CM3/portmacro.h **** /* Architecture specifics. */
  73:Middlewares/Third_Party/FreeRTOS/Source/portable/GCC/ARM_CM3/portmacro.h **** #define portSTACK_GROWTH			( -1 )
  74:Middlewares/Third_Party/FreeRTOS/Source/portable/GCC/ARM_CM3/portmacro.h **** #define portTICK_PERIOD_MS			( ( TickType_t ) 1000 / configTICK_RATE_HZ )
  75:Middlewares/Third_Party/FreeRTOS/Source/portable/GCC/ARM_CM3/portmacro.h **** #define portBYTE_ALIGNMENT			8
  76:Middlewares/Third_Party/FreeRTOS/Source/portable/GCC/ARM_CM3/portmacro.h **** /*-----------------------------------------------------------*/
  77:Middlewares/Third_Party/FreeRTOS/Source/portable/GCC/ARM_CM3/portmacro.h **** 
  78:Middlewares/Third_Party/FreeRTOS/Source/portable/GCC/ARM_CM3/portmacro.h **** /* Scheduler utilities. */
  79:Middlewares/Third_Party/FreeRTOS/Source/portable/GCC/ARM_CM3/portmacro.h **** #define portYIELD() 															\
  80:Middlewares/Third_Party/FreeRTOS/Source/portable/GCC/ARM_CM3/portmacro.h **** {																				\
  81:Middlewares/Third_Party/FreeRTOS/Source/portable/GCC/ARM_CM3/portmacro.h **** 	/* Set a PendSV to request a context switch. */								\
  82:Middlewares/Third_Party/FreeRTOS/Source/portable/GCC/ARM_CM3/portmacro.h **** 	portNVIC_INT_CTRL_REG = portNVIC_PENDSVSET_BIT;								\
  83:Middlewares/Third_Party/FreeRTOS/Source/portable/GCC/ARM_CM3/portmacro.h **** 																				\
  84:Middlewares/Third_Party/FreeRTOS/Source/portable/GCC/ARM_CM3/portmacro.h **** 	/* Barriers are normally not required but do ensure the code is completely	\
  85:Middlewares/Third_Party/FreeRTOS/Source/portable/GCC/ARM_CM3/portmacro.h **** 	within the specified behaviour for the architecture. */						\
  86:Middlewares/Third_Party/FreeRTOS/Source/portable/GCC/ARM_CM3/portmacro.h **** 	__asm volatile( "dsb" ::: "memory" );										\
  87:Middlewares/Third_Party/FreeRTOS/Source/portable/GCC/ARM_CM3/portmacro.h **** 	__asm volatile( "isb" );													\
  88:Middlewares/Third_Party/FreeRTOS/Source/portable/GCC/ARM_CM3/portmacro.h **** }
  89:Middlewares/Third_Party/FreeRTOS/Source/portable/GCC/ARM_CM3/portmacro.h **** 
  90:Middlewares/Third_Party/FreeRTOS/Source/portable/GCC/ARM_CM3/portmacro.h **** #define portNVIC_INT_CTRL_REG		( * ( ( volatile uint32_t * ) 0xe000ed04 ) )
  91:Middlewares/Third_Party/FreeRTOS/Source/portable/GCC/ARM_CM3/portmacro.h **** #define portNVIC_PENDSVSET_BIT		( 1UL << 28UL )
  92:Middlewares/Third_Party/FreeRTOS/Source/portable/GCC/ARM_CM3/portmacro.h **** #define portEND_SWITCHING_ISR( xSwitchRequired ) if( xSwitchRequired != pdFALSE ) portYIELD()
  93:Middlewares/Third_Party/FreeRTOS/Source/portable/GCC/ARM_CM3/portmacro.h **** #define portYIELD_FROM_ISR( x ) portEND_SWITCHING_ISR( x )
  94:Middlewares/Third_Party/FreeRTOS/Source/portable/GCC/ARM_CM3/portmacro.h **** /*-----------------------------------------------------------*/
  95:Middlewares/Third_Party/FreeRTOS/Source/portable/GCC/ARM_CM3/portmacro.h **** 
ARM GAS  /tmp/ccdKs9qj.s 			page 26


  96:Middlewares/Third_Party/FreeRTOS/Source/portable/GCC/ARM_CM3/portmacro.h **** /* Critical section management. */
  97:Middlewares/Third_Party/FreeRTOS/Source/portable/GCC/ARM_CM3/portmacro.h **** extern void vPortEnterCritical( void );
  98:Middlewares/Third_Party/FreeRTOS/Source/portable/GCC/ARM_CM3/portmacro.h **** extern void vPortExitCritical( void );
  99:Middlewares/Third_Party/FreeRTOS/Source/portable/GCC/ARM_CM3/portmacro.h **** #define portSET_INTERRUPT_MASK_FROM_ISR()		ulPortRaiseBASEPRI()
 100:Middlewares/Third_Party/FreeRTOS/Source/portable/GCC/ARM_CM3/portmacro.h **** #define portCLEAR_INTERRUPT_MASK_FROM_ISR(x)	vPortSetBASEPRI(x)
 101:Middlewares/Third_Party/FreeRTOS/Source/portable/GCC/ARM_CM3/portmacro.h **** #define portDISABLE_INTERRUPTS()				vPortRaiseBASEPRI()
 102:Middlewares/Third_Party/FreeRTOS/Source/portable/GCC/ARM_CM3/portmacro.h **** #define portENABLE_INTERRUPTS()					vPortSetBASEPRI(0)
 103:Middlewares/Third_Party/FreeRTOS/Source/portable/GCC/ARM_CM3/portmacro.h **** #define portENTER_CRITICAL()					vPortEnterCritical()
 104:Middlewares/Third_Party/FreeRTOS/Source/portable/GCC/ARM_CM3/portmacro.h **** #define portEXIT_CRITICAL()						vPortExitCritical()
 105:Middlewares/Third_Party/FreeRTOS/Source/portable/GCC/ARM_CM3/portmacro.h **** 
 106:Middlewares/Third_Party/FreeRTOS/Source/portable/GCC/ARM_CM3/portmacro.h **** /*-----------------------------------------------------------*/
 107:Middlewares/Third_Party/FreeRTOS/Source/portable/GCC/ARM_CM3/portmacro.h **** 
 108:Middlewares/Third_Party/FreeRTOS/Source/portable/GCC/ARM_CM3/portmacro.h **** /* Task function macros as described on the FreeRTOS.org WEB site.  These are
 109:Middlewares/Third_Party/FreeRTOS/Source/portable/GCC/ARM_CM3/portmacro.h **** not necessary for to use this port.  They are defined so the common demo files
 110:Middlewares/Third_Party/FreeRTOS/Source/portable/GCC/ARM_CM3/portmacro.h **** (which build with all the ports) will build. */
 111:Middlewares/Third_Party/FreeRTOS/Source/portable/GCC/ARM_CM3/portmacro.h **** #define portTASK_FUNCTION_PROTO( vFunction, pvParameters ) void vFunction( void *pvParameters )
 112:Middlewares/Third_Party/FreeRTOS/Source/portable/GCC/ARM_CM3/portmacro.h **** #define portTASK_FUNCTION( vFunction, pvParameters ) void vFunction( void *pvParameters )
 113:Middlewares/Third_Party/FreeRTOS/Source/portable/GCC/ARM_CM3/portmacro.h **** /*-----------------------------------------------------------*/
 114:Middlewares/Third_Party/FreeRTOS/Source/portable/GCC/ARM_CM3/portmacro.h **** 
 115:Middlewares/Third_Party/FreeRTOS/Source/portable/GCC/ARM_CM3/portmacro.h **** /* Tickless idle/low power functionality. */
 116:Middlewares/Third_Party/FreeRTOS/Source/portable/GCC/ARM_CM3/portmacro.h **** #ifndef portSUPPRESS_TICKS_AND_SLEEP
 117:Middlewares/Third_Party/FreeRTOS/Source/portable/GCC/ARM_CM3/portmacro.h **** 	extern void vPortSuppressTicksAndSleep( TickType_t xExpectedIdleTime );
 118:Middlewares/Third_Party/FreeRTOS/Source/portable/GCC/ARM_CM3/portmacro.h **** 	#define portSUPPRESS_TICKS_AND_SLEEP( xExpectedIdleTime ) vPortSuppressTicksAndSleep( xExpectedIdl
 119:Middlewares/Third_Party/FreeRTOS/Source/portable/GCC/ARM_CM3/portmacro.h **** #endif
 120:Middlewares/Third_Party/FreeRTOS/Source/portable/GCC/ARM_CM3/portmacro.h **** /*-----------------------------------------------------------*/
 121:Middlewares/Third_Party/FreeRTOS/Source/portable/GCC/ARM_CM3/portmacro.h **** 
 122:Middlewares/Third_Party/FreeRTOS/Source/portable/GCC/ARM_CM3/portmacro.h **** /* Architecture specific optimisations. */
 123:Middlewares/Third_Party/FreeRTOS/Source/portable/GCC/ARM_CM3/portmacro.h **** #ifndef configUSE_PORT_OPTIMISED_TASK_SELECTION
 124:Middlewares/Third_Party/FreeRTOS/Source/portable/GCC/ARM_CM3/portmacro.h **** 	#define configUSE_PORT_OPTIMISED_TASK_SELECTION 1
 125:Middlewares/Third_Party/FreeRTOS/Source/portable/GCC/ARM_CM3/portmacro.h **** #endif
 126:Middlewares/Third_Party/FreeRTOS/Source/portable/GCC/ARM_CM3/portmacro.h **** 
 127:Middlewares/Third_Party/FreeRTOS/Source/portable/GCC/ARM_CM3/portmacro.h **** #if configUSE_PORT_OPTIMISED_TASK_SELECTION == 1
 128:Middlewares/Third_Party/FreeRTOS/Source/portable/GCC/ARM_CM3/portmacro.h **** 
 129:Middlewares/Third_Party/FreeRTOS/Source/portable/GCC/ARM_CM3/portmacro.h **** 	/* Generic helper function. */
 130:Middlewares/Third_Party/FreeRTOS/Source/portable/GCC/ARM_CM3/portmacro.h **** 	__attribute__( ( always_inline ) ) static inline uint8_t ucPortCountLeadingZeros( uint32_t ulBitma
 131:Middlewares/Third_Party/FreeRTOS/Source/portable/GCC/ARM_CM3/portmacro.h **** 	{
 132:Middlewares/Third_Party/FreeRTOS/Source/portable/GCC/ARM_CM3/portmacro.h **** 	uint8_t ucReturn;
 133:Middlewares/Third_Party/FreeRTOS/Source/portable/GCC/ARM_CM3/portmacro.h **** 
 134:Middlewares/Third_Party/FreeRTOS/Source/portable/GCC/ARM_CM3/portmacro.h **** 		__asm volatile ( "clz %0, %1" : "=r" ( ucReturn ) : "r" ( ulBitmap ) : "memory" );
 135:Middlewares/Third_Party/FreeRTOS/Source/portable/GCC/ARM_CM3/portmacro.h **** 		return ucReturn;
 136:Middlewares/Third_Party/FreeRTOS/Source/portable/GCC/ARM_CM3/portmacro.h **** 	}
 137:Middlewares/Third_Party/FreeRTOS/Source/portable/GCC/ARM_CM3/portmacro.h **** 
 138:Middlewares/Third_Party/FreeRTOS/Source/portable/GCC/ARM_CM3/portmacro.h **** 	/* Check the configuration. */
 139:Middlewares/Third_Party/FreeRTOS/Source/portable/GCC/ARM_CM3/portmacro.h **** 	#if( configMAX_PRIORITIES > 32 )
 140:Middlewares/Third_Party/FreeRTOS/Source/portable/GCC/ARM_CM3/portmacro.h **** 		#error configUSE_PORT_OPTIMISED_TASK_SELECTION can only be set to 1 when configMAX_PRIORITIES is 
 141:Middlewares/Third_Party/FreeRTOS/Source/portable/GCC/ARM_CM3/portmacro.h **** 	#endif
 142:Middlewares/Third_Party/FreeRTOS/Source/portable/GCC/ARM_CM3/portmacro.h **** 
 143:Middlewares/Third_Party/FreeRTOS/Source/portable/GCC/ARM_CM3/portmacro.h **** 	/* Store/clear the ready priorities in a bit map. */
 144:Middlewares/Third_Party/FreeRTOS/Source/portable/GCC/ARM_CM3/portmacro.h **** 	#define portRECORD_READY_PRIORITY( uxPriority, uxReadyPriorities ) ( uxReadyPriorities ) |= ( 1UL 
 145:Middlewares/Third_Party/FreeRTOS/Source/portable/GCC/ARM_CM3/portmacro.h **** 	#define portRESET_READY_PRIORITY( uxPriority, uxReadyPriorities ) ( uxReadyPriorities ) &= ~( 1UL 
 146:Middlewares/Third_Party/FreeRTOS/Source/portable/GCC/ARM_CM3/portmacro.h **** 
 147:Middlewares/Third_Party/FreeRTOS/Source/portable/GCC/ARM_CM3/portmacro.h **** 	/*-----------------------------------------------------------*/
 148:Middlewares/Third_Party/FreeRTOS/Source/portable/GCC/ARM_CM3/portmacro.h **** 
 149:Middlewares/Third_Party/FreeRTOS/Source/portable/GCC/ARM_CM3/portmacro.h **** 	#define portGET_HIGHEST_PRIORITY( uxTopPriority, uxReadyPriorities ) uxTopPriority = ( 31UL - ( ui
 150:Middlewares/Third_Party/FreeRTOS/Source/portable/GCC/ARM_CM3/portmacro.h **** 
 151:Middlewares/Third_Party/FreeRTOS/Source/portable/GCC/ARM_CM3/portmacro.h **** #endif /* configUSE_PORT_OPTIMISED_TASK_SELECTION */
 152:Middlewares/Third_Party/FreeRTOS/Source/portable/GCC/ARM_CM3/portmacro.h **** 
ARM GAS  /tmp/ccdKs9qj.s 			page 27


 153:Middlewares/Third_Party/FreeRTOS/Source/portable/GCC/ARM_CM3/portmacro.h **** /*-----------------------------------------------------------*/
 154:Middlewares/Third_Party/FreeRTOS/Source/portable/GCC/ARM_CM3/portmacro.h **** 
 155:Middlewares/Third_Party/FreeRTOS/Source/portable/GCC/ARM_CM3/portmacro.h **** #ifdef configASSERT
 156:Middlewares/Third_Party/FreeRTOS/Source/portable/GCC/ARM_CM3/portmacro.h **** 	void vPortValidateInterruptPriority( void );
 157:Middlewares/Third_Party/FreeRTOS/Source/portable/GCC/ARM_CM3/portmacro.h **** 	#define portASSERT_IF_INTERRUPT_PRIORITY_INVALID() 	vPortValidateInterruptPriority()
 158:Middlewares/Third_Party/FreeRTOS/Source/portable/GCC/ARM_CM3/portmacro.h **** #endif
 159:Middlewares/Third_Party/FreeRTOS/Source/portable/GCC/ARM_CM3/portmacro.h **** 
 160:Middlewares/Third_Party/FreeRTOS/Source/portable/GCC/ARM_CM3/portmacro.h **** /* portNOP() is not required by this port. */
 161:Middlewares/Third_Party/FreeRTOS/Source/portable/GCC/ARM_CM3/portmacro.h **** #define portNOP()
 162:Middlewares/Third_Party/FreeRTOS/Source/portable/GCC/ARM_CM3/portmacro.h **** 
 163:Middlewares/Third_Party/FreeRTOS/Source/portable/GCC/ARM_CM3/portmacro.h **** #define portINLINE	__inline
 164:Middlewares/Third_Party/FreeRTOS/Source/portable/GCC/ARM_CM3/portmacro.h **** 
 165:Middlewares/Third_Party/FreeRTOS/Source/portable/GCC/ARM_CM3/portmacro.h **** #ifndef portFORCE_INLINE
 166:Middlewares/Third_Party/FreeRTOS/Source/portable/GCC/ARM_CM3/portmacro.h **** 	#define portFORCE_INLINE inline __attribute__(( always_inline))
 167:Middlewares/Third_Party/FreeRTOS/Source/portable/GCC/ARM_CM3/portmacro.h **** #endif
 168:Middlewares/Third_Party/FreeRTOS/Source/portable/GCC/ARM_CM3/portmacro.h **** 
 169:Middlewares/Third_Party/FreeRTOS/Source/portable/GCC/ARM_CM3/portmacro.h **** /*-----------------------------------------------------------*/
 170:Middlewares/Third_Party/FreeRTOS/Source/portable/GCC/ARM_CM3/portmacro.h **** 
 171:Middlewares/Third_Party/FreeRTOS/Source/portable/GCC/ARM_CM3/portmacro.h **** portFORCE_INLINE static BaseType_t xPortIsInsideInterrupt( void )
 172:Middlewares/Third_Party/FreeRTOS/Source/portable/GCC/ARM_CM3/portmacro.h **** {
 173:Middlewares/Third_Party/FreeRTOS/Source/portable/GCC/ARM_CM3/portmacro.h **** uint32_t ulCurrentInterrupt;
 174:Middlewares/Third_Party/FreeRTOS/Source/portable/GCC/ARM_CM3/portmacro.h **** BaseType_t xReturn;
 175:Middlewares/Third_Party/FreeRTOS/Source/portable/GCC/ARM_CM3/portmacro.h **** 
 176:Middlewares/Third_Party/FreeRTOS/Source/portable/GCC/ARM_CM3/portmacro.h **** 	/* Obtain the number of the currently executing interrupt. */
 177:Middlewares/Third_Party/FreeRTOS/Source/portable/GCC/ARM_CM3/portmacro.h **** 	__asm volatile( "mrs %0, ipsr" : "=r"( ulCurrentInterrupt ) :: "memory" );
 178:Middlewares/Third_Party/FreeRTOS/Source/portable/GCC/ARM_CM3/portmacro.h **** 
 179:Middlewares/Third_Party/FreeRTOS/Source/portable/GCC/ARM_CM3/portmacro.h **** 	if( ulCurrentInterrupt == 0 )
 180:Middlewares/Third_Party/FreeRTOS/Source/portable/GCC/ARM_CM3/portmacro.h **** 	{
 181:Middlewares/Third_Party/FreeRTOS/Source/portable/GCC/ARM_CM3/portmacro.h **** 		xReturn = pdFALSE;
 182:Middlewares/Third_Party/FreeRTOS/Source/portable/GCC/ARM_CM3/portmacro.h **** 	}
 183:Middlewares/Third_Party/FreeRTOS/Source/portable/GCC/ARM_CM3/portmacro.h **** 	else
 184:Middlewares/Third_Party/FreeRTOS/Source/portable/GCC/ARM_CM3/portmacro.h **** 	{
 185:Middlewares/Third_Party/FreeRTOS/Source/portable/GCC/ARM_CM3/portmacro.h **** 		xReturn = pdTRUE;
 186:Middlewares/Third_Party/FreeRTOS/Source/portable/GCC/ARM_CM3/portmacro.h **** 	}
 187:Middlewares/Third_Party/FreeRTOS/Source/portable/GCC/ARM_CM3/portmacro.h **** 
 188:Middlewares/Third_Party/FreeRTOS/Source/portable/GCC/ARM_CM3/portmacro.h **** 	return xReturn;
 189:Middlewares/Third_Party/FreeRTOS/Source/portable/GCC/ARM_CM3/portmacro.h **** }
 190:Middlewares/Third_Party/FreeRTOS/Source/portable/GCC/ARM_CM3/portmacro.h **** 
 191:Middlewares/Third_Party/FreeRTOS/Source/portable/GCC/ARM_CM3/portmacro.h **** /*-----------------------------------------------------------*/
 192:Middlewares/Third_Party/FreeRTOS/Source/portable/GCC/ARM_CM3/portmacro.h **** 
 193:Middlewares/Third_Party/FreeRTOS/Source/portable/GCC/ARM_CM3/portmacro.h **** portFORCE_INLINE static void vPortRaiseBASEPRI( void )
 110              		.loc 2 193 30 view .LVU24
 111              	.LBB98:
 194:Middlewares/Third_Party/FreeRTOS/Source/portable/GCC/ARM_CM3/portmacro.h **** {
 195:Middlewares/Third_Party/FreeRTOS/Source/portable/GCC/ARM_CM3/portmacro.h **** uint32_t ulNewBASEPRI;
 112              		.loc 2 195 1 view .LVU25
 196:Middlewares/Third_Party/FreeRTOS/Source/portable/GCC/ARM_CM3/portmacro.h **** 
 197:Middlewares/Third_Party/FreeRTOS/Source/portable/GCC/ARM_CM3/portmacro.h **** 	__asm volatile
 113              		.loc 2 197 2 view .LVU26
 114              		.syntax unified
 115              	@ 197 "Middlewares/Third_Party/FreeRTOS/Source/portable/GCC/ARM_CM3/portmacro.h" 1
 116 0016 4FF05003 			mov r3, #80												
 117 001a 83F31188 		msr basepri, r3											
 118 001e BFF36F8F 		isb														
 119 0022 BFF34F8F 		dsb														
 120              	
 121              	@ 0 "" 2
ARM GAS  /tmp/ccdKs9qj.s 			page 28


 122              		.thumb
 123              		.syntax unified
 124              	.L5:
 125              	.LBE98:
 126              	.LBE97:
 127              		.loc 1 1224 3 discriminator 3 view .LVU27
 128              		.loc 1 1224 3 discriminator 3 view .LVU28
 129 0026 FEE7     		b	.L5
 130              	.L4:
 131              		.loc 1 1224 90 discriminator 2 view .LVU29
 132              	.LBE96:
1225:Middlewares/Third_Party/FreeRTOS/Source/stream_buffer.c **** 	} /*lint !e529 !e438 xWriteValue is only used if configASSERT() is defined. */
1226:Middlewares/Third_Party/FreeRTOS/Source/stream_buffer.c **** 	#endif
1227:Middlewares/Third_Party/FreeRTOS/Source/stream_buffer.c **** 
1228:Middlewares/Third_Party/FreeRTOS/Source/stream_buffer.c **** 	( void ) memset( ( void * ) pxStreamBuffer, 0x00, sizeof( StreamBuffer_t ) ); /*lint !e9087 memset
 133              		.loc 1 1228 2 view .LVU30
 134              		.loc 1 1228 11 is_stmt 0 view .LVU31
 135 0028 2422     		movs	r2, #36
 136 002a 0021     		movs	r1, #0
 137 002c 3846     		mov	r0, r7
 138 002e FFF7FEFF 		bl	memset
 139              	.LVL10:
1229:Middlewares/Third_Party/FreeRTOS/Source/stream_buffer.c **** 	pxStreamBuffer->pucBuffer = pucBuffer;
 140              		.loc 1 1229 2 is_stmt 1 view .LVU32
 141              		.loc 1 1229 28 is_stmt 0 view .LVU33
 142 0032 BC61     		str	r4, [r7, #24]
1230:Middlewares/Third_Party/FreeRTOS/Source/stream_buffer.c **** 	pxStreamBuffer->xLength = xBufferSizeBytes;
 143              		.loc 1 1230 2 is_stmt 1 view .LVU34
 144              		.loc 1 1230 26 is_stmt 0 view .LVU35
 145 0034 BE60     		str	r6, [r7, #8]
1231:Middlewares/Third_Party/FreeRTOS/Source/stream_buffer.c **** 	pxStreamBuffer->xTriggerLevelBytes = xTriggerLevelBytes;
 146              		.loc 1 1231 2 is_stmt 1 view .LVU36
 147              		.loc 1 1231 37 is_stmt 0 view .LVU37
 148 0036 FD60     		str	r5, [r7, #12]
1232:Middlewares/Third_Party/FreeRTOS/Source/stream_buffer.c **** 	pxStreamBuffer->ucFlags = ucFlags;
 149              		.loc 1 1232 2 is_stmt 1 view .LVU38
 150              		.loc 1 1232 26 is_stmt 0 view .LVU39
 151 0038 9DF81830 		ldrb	r3, [sp, #24]	@ zero_extendqisi2
 152 003c 3B77     		strb	r3, [r7, #28]
1233:Middlewares/Third_Party/FreeRTOS/Source/stream_buffer.c **** }
 153              		.loc 1 1233 1 view .LVU40
 154 003e F8BD     		pop	{r3, r4, r5, r6, r7, pc}
 155              		.loc 1 1233 1 view .LVU41
 156              		.cfi_endproc
 157              	.LFE25:
 159              		.section	.text.prvWriteBytesToBuffer,"ax",%progbits
 160              		.align	1
 161              		.syntax unified
 162              		.thumb
 163              		.thumb_func
 165              	prvWriteBytesToBuffer:
 166              	.LVL11:
 167              	.LFB22:
1089:Middlewares/Third_Party/FreeRTOS/Source/stream_buffer.c **** size_t xNextHead, xFirstLength;
 168              		.loc 1 1089 1 is_stmt 1 view -0
 169              		.cfi_startproc
 170              		@ args = 0, pretend = 0, frame = 0
ARM GAS  /tmp/ccdKs9qj.s 			page 29


 171              		@ frame_needed = 0, uses_anonymous_args = 0
1090:Middlewares/Third_Party/FreeRTOS/Source/stream_buffer.c **** 
 172              		.loc 1 1090 1 view .LVU43
1092:Middlewares/Third_Party/FreeRTOS/Source/stream_buffer.c **** 
 173              		.loc 1 1092 2 view .LVU44
 174 0000 42B9     		cbnz	r2, .L8
1092:Middlewares/Third_Party/FreeRTOS/Source/stream_buffer.c **** 
 175              		.loc 1 1092 2 discriminator 1 view .LVU45
 176              	.LBB99:
 177              	.LBI99:
 193:Middlewares/Third_Party/FreeRTOS/Source/portable/GCC/ARM_CM3/portmacro.h **** {
 178              		.loc 2 193 30 view .LVU46
 179              	.LBB100:
 195:Middlewares/Third_Party/FreeRTOS/Source/portable/GCC/ARM_CM3/portmacro.h **** 
 180              		.loc 2 195 1 view .LVU47
 181              		.loc 2 197 2 view .LVU48
 182              		.syntax unified
 183              	@ 197 "Middlewares/Third_Party/FreeRTOS/Source/portable/GCC/ARM_CM3/portmacro.h" 1
 184 0002 4FF05003 			mov r3, #80												
 185 0006 83F31188 		msr basepri, r3											
 186 000a BFF36F8F 		isb														
 187 000e BFF34F8F 		dsb														
 188              	
 189              	@ 0 "" 2
 190              		.thumb
 191              		.syntax unified
 192              	.L9:
 193              	.LBE100:
 194              	.LBE99:
1092:Middlewares/Third_Party/FreeRTOS/Source/stream_buffer.c **** 
 195              		.loc 1 1092 2 discriminator 3 view .LVU49
1092:Middlewares/Third_Party/FreeRTOS/Source/stream_buffer.c **** 
 196              		.loc 1 1092 2 discriminator 3 view .LVU50
 197 0012 FEE7     		b	.L9
 198              	.L8:
1089:Middlewares/Third_Party/FreeRTOS/Source/stream_buffer.c **** size_t xNextHead, xFirstLength;
 199              		.loc 1 1089 1 is_stmt 0 view .LVU51
 200 0014 2DE9F041 		push	{r4, r5, r6, r7, r8, lr}
 201              	.LCFI1:
 202              		.cfi_def_cfa_offset 24
 203              		.cfi_offset 4, -24
 204              		.cfi_offset 5, -20
 205              		.cfi_offset 6, -16
 206              		.cfi_offset 7, -12
 207              		.cfi_offset 8, -8
 208              		.cfi_offset 14, -4
 209 0018 0446     		mov	r4, r0
 210 001a 0E46     		mov	r6, r1
 211 001c 1746     		mov	r7, r2
1092:Middlewares/Third_Party/FreeRTOS/Source/stream_buffer.c **** 
 212              		.loc 1 1092 39 is_stmt 1 discriminator 2 view .LVU52
1094:Middlewares/Third_Party/FreeRTOS/Source/stream_buffer.c **** 
 213              		.loc 1 1094 2 view .LVU53
1094:Middlewares/Third_Party/FreeRTOS/Source/stream_buffer.c **** 
 214              		.loc 1 1094 12 is_stmt 0 view .LVU54
 215 001e D0F80480 		ldr	r8, [r0, #4]
 216              	.LVL12:
ARM GAS  /tmp/ccdKs9qj.s 			page 30


1099:Middlewares/Third_Party/FreeRTOS/Source/stream_buffer.c **** 
 217              		.loc 1 1099 2 is_stmt 1 view .LVU55
1099:Middlewares/Third_Party/FreeRTOS/Source/stream_buffer.c **** 
 218              		.loc 1 1099 17 is_stmt 0 view .LVU56
 219 0022 8368     		ldr	r3, [r0, #8]
 220 0024 A3EB0805 		sub	r5, r3, r8
1099:Middlewares/Third_Party/FreeRTOS/Source/stream_buffer.c **** 
 221              		.loc 1 1099 15 view .LVU57
 222 0028 9542     		cmp	r5, r2
 223 002a 28BF     		it	cs
 224 002c 1546     		movcs	r5, r2
 225              	.LVL13:
1102:Middlewares/Third_Party/FreeRTOS/Source/stream_buffer.c **** 	( void ) memcpy( ( void* ) ( &( pxStreamBuffer->pucBuffer[ xNextHead ] ) ), ( const void * ) pucDa
 226              		.loc 1 1102 2 is_stmt 1 view .LVU58
 227 002e 08EB0502 		add	r2, r8, r5
 228              	.LVL14:
1102:Middlewares/Third_Party/FreeRTOS/Source/stream_buffer.c **** 	( void ) memcpy( ( void* ) ( &( pxStreamBuffer->pucBuffer[ xNextHead ] ) ), ( const void * ) pucDa
 229              		.loc 1 1102 2 is_stmt 0 view .LVU59
 230 0032 9342     		cmp	r3, r2
 231 0034 08D2     		bcs	.L10
1102:Middlewares/Third_Party/FreeRTOS/Source/stream_buffer.c **** 	( void ) memcpy( ( void* ) ( &( pxStreamBuffer->pucBuffer[ xNextHead ] ) ), ( const void * ) pucDa
 232              		.loc 1 1102 2 is_stmt 1 discriminator 1 view .LVU60
 233              	.LBB101:
 234              	.LBI101:
 193:Middlewares/Third_Party/FreeRTOS/Source/portable/GCC/ARM_CM3/portmacro.h **** {
 235              		.loc 2 193 30 view .LVU61
 236              	.LBB102:
 195:Middlewares/Third_Party/FreeRTOS/Source/portable/GCC/ARM_CM3/portmacro.h **** 
 237              		.loc 2 195 1 view .LVU62
 238              		.loc 2 197 2 view .LVU63
 239              		.syntax unified
 240              	@ 197 "Middlewares/Third_Party/FreeRTOS/Source/portable/GCC/ARM_CM3/portmacro.h" 1
 241 0036 4FF05003 			mov r3, #80												
 242 003a 83F31188 		msr basepri, r3											
 243 003e BFF36F8F 		isb														
 244 0042 BFF34F8F 		dsb														
 245              	
 246              	@ 0 "" 2
 247              		.thumb
 248              		.syntax unified
 249              	.L11:
 250              	.LBE102:
 251              	.LBE101:
1102:Middlewares/Third_Party/FreeRTOS/Source/stream_buffer.c **** 	( void ) memcpy( ( void* ) ( &( pxStreamBuffer->pucBuffer[ xNextHead ] ) ), ( const void * ) pucDa
 252              		.loc 1 1102 2 discriminator 3 view .LVU64
1102:Middlewares/Third_Party/FreeRTOS/Source/stream_buffer.c **** 	( void ) memcpy( ( void* ) ( &( pxStreamBuffer->pucBuffer[ xNextHead ] ) ), ( const void * ) pucDa
 253              		.loc 1 1102 2 discriminator 3 view .LVU65
 254 0046 FEE7     		b	.L11
 255              	.L10:
1102:Middlewares/Third_Party/FreeRTOS/Source/stream_buffer.c **** 	( void ) memcpy( ( void* ) ( &( pxStreamBuffer->pucBuffer[ xNextHead ] ) ), ( const void * ) pucDa
 256              		.loc 1 1102 73 discriminator 2 view .LVU66
1103:Middlewares/Third_Party/FreeRTOS/Source/stream_buffer.c **** 
 257              		.loc 1 1103 2 view .LVU67
1103:Middlewares/Third_Party/FreeRTOS/Source/stream_buffer.c **** 
 258              		.loc 1 1103 48 is_stmt 0 view .LVU68
 259 0048 8069     		ldr	r0, [r0, #24]
 260              	.LVL15:
ARM GAS  /tmp/ccdKs9qj.s 			page 31


1103:Middlewares/Third_Party/FreeRTOS/Source/stream_buffer.c **** 
 261              		.loc 1 1103 11 view .LVU69
 262 004a 2A46     		mov	r2, r5
 263 004c 4044     		add	r0, r0, r8
 264 004e FFF7FEFF 		bl	memcpy
 265              	.LVL16:
1107:Middlewares/Third_Party/FreeRTOS/Source/stream_buffer.c **** 	{
 266              		.loc 1 1107 2 is_stmt 1 view .LVU70
1107:Middlewares/Third_Party/FreeRTOS/Source/stream_buffer.c **** 	{
 267              		.loc 1 1107 4 is_stmt 0 view .LVU71
 268 0052 AF42     		cmp	r7, r5
 269 0054 10D9     		bls	.L12
1110:Middlewares/Third_Party/FreeRTOS/Source/stream_buffer.c **** 		( void ) memcpy( ( void * ) pxStreamBuffer->pucBuffer, ( const void * ) &( pucData[ xFirstLength 
 270              		.loc 1 1110 3 is_stmt 1 view .LVU72
 271 0056 7A1B     		subs	r2, r7, r5
 272 0058 A368     		ldr	r3, [r4, #8]
 273 005a 9A42     		cmp	r2, r3
 274 005c 08D9     		bls	.L13
1110:Middlewares/Third_Party/FreeRTOS/Source/stream_buffer.c **** 		( void ) memcpy( ( void * ) pxStreamBuffer->pucBuffer, ( const void * ) &( pucData[ xFirstLength 
 275              		.loc 1 1110 3 discriminator 1 view .LVU73
 276              	.LBB103:
 277              	.LBI103:
 193:Middlewares/Third_Party/FreeRTOS/Source/portable/GCC/ARM_CM3/portmacro.h **** {
 278              		.loc 2 193 30 view .LVU74
 279              	.LBB104:
 195:Middlewares/Third_Party/FreeRTOS/Source/portable/GCC/ARM_CM3/portmacro.h **** 
 280              		.loc 2 195 1 view .LVU75
 281              		.loc 2 197 2 view .LVU76
 282              		.syntax unified
 283              	@ 197 "Middlewares/Third_Party/FreeRTOS/Source/portable/GCC/ARM_CM3/portmacro.h" 1
 284 005e 4FF05003 			mov r3, #80												
 285 0062 83F31188 		msr basepri, r3											
 286 0066 BFF36F8F 		isb														
 287 006a BFF34F8F 		dsb														
 288              	
 289              	@ 0 "" 2
 290              		.thumb
 291              		.syntax unified
 292              	.L14:
 293              	.LBE104:
 294              	.LBE103:
1110:Middlewares/Third_Party/FreeRTOS/Source/stream_buffer.c **** 		( void ) memcpy( ( void * ) pxStreamBuffer->pucBuffer, ( const void * ) &( pucData[ xFirstLength 
 295              		.loc 1 1110 3 discriminator 3 view .LVU77
1110:Middlewares/Third_Party/FreeRTOS/Source/stream_buffer.c **** 		( void ) memcpy( ( void * ) pxStreamBuffer->pucBuffer, ( const void * ) &( pucData[ xFirstLength 
 296              		.loc 1 1110 3 discriminator 3 view .LVU78
 297 006e FEE7     		b	.L14
 298              	.L13:
1110:Middlewares/Third_Party/FreeRTOS/Source/stream_buffer.c **** 		( void ) memcpy( ( void * ) pxStreamBuffer->pucBuffer, ( const void * ) &( pucData[ xFirstLength 
 299              		.loc 1 1110 71 discriminator 2 view .LVU79
1111:Middlewares/Third_Party/FreeRTOS/Source/stream_buffer.c **** 	}
 300              		.loc 1 1111 3 view .LVU80
1111:Middlewares/Third_Party/FreeRTOS/Source/stream_buffer.c **** 	}
 301              		.loc 1 1111 12 is_stmt 0 view .LVU81
 302 0070 7119     		adds	r1, r6, r5
 303 0072 A069     		ldr	r0, [r4, #24]
 304 0074 FFF7FEFF 		bl	memcpy
 305              	.LVL17:
ARM GAS  /tmp/ccdKs9qj.s 			page 32


 306              	.L12:
1115:Middlewares/Third_Party/FreeRTOS/Source/stream_buffer.c **** 	}
 307              		.loc 1 1115 27 is_stmt 1 view .LVU82
1118:Middlewares/Third_Party/FreeRTOS/Source/stream_buffer.c **** 	if( xNextHead >= pxStreamBuffer->xLength )
 308              		.loc 1 1118 2 view .LVU83
1118:Middlewares/Third_Party/FreeRTOS/Source/stream_buffer.c **** 	if( xNextHead >= pxStreamBuffer->xLength )
 309              		.loc 1 1118 12 is_stmt 0 view .LVU84
 310 0078 07EB0803 		add	r3, r7, r8
 311              	.LVL18:
1119:Middlewares/Third_Party/FreeRTOS/Source/stream_buffer.c **** 	{
 312              		.loc 1 1119 2 is_stmt 1 view .LVU85
1119:Middlewares/Third_Party/FreeRTOS/Source/stream_buffer.c **** 	{
 313              		.loc 1 1119 33 is_stmt 0 view .LVU86
 314 007c A268     		ldr	r2, [r4, #8]
1119:Middlewares/Third_Party/FreeRTOS/Source/stream_buffer.c **** 	{
 315              		.loc 1 1119 4 view .LVU87
 316 007e 9A42     		cmp	r2, r3
 317 0080 00D8     		bhi	.L15
1121:Middlewares/Third_Party/FreeRTOS/Source/stream_buffer.c **** 	}
 318              		.loc 1 1121 3 is_stmt 1 view .LVU88
1121:Middlewares/Third_Party/FreeRTOS/Source/stream_buffer.c **** 	}
 319              		.loc 1 1121 13 is_stmt 0 view .LVU89
 320 0082 9B1A     		subs	r3, r3, r2
 321              	.LVL19:
 322              	.L15:
1125:Middlewares/Third_Party/FreeRTOS/Source/stream_buffer.c **** 	}
 323              		.loc 1 1125 27 is_stmt 1 view .LVU90
1128:Middlewares/Third_Party/FreeRTOS/Source/stream_buffer.c **** 
 324              		.loc 1 1128 2 view .LVU91
1128:Middlewares/Third_Party/FreeRTOS/Source/stream_buffer.c **** 
 325              		.loc 1 1128 24 is_stmt 0 view .LVU92
 326 0084 6360     		str	r3, [r4, #4]
1130:Middlewares/Third_Party/FreeRTOS/Source/stream_buffer.c **** }
 327              		.loc 1 1130 2 is_stmt 1 view .LVU93
1131:Middlewares/Third_Party/FreeRTOS/Source/stream_buffer.c **** /*-----------------------------------------------------------*/
 328              		.loc 1 1131 1 is_stmt 0 view .LVU94
 329 0086 3846     		mov	r0, r7
 330 0088 BDE8F081 		pop	{r4, r5, r6, r7, r8, pc}
1131:Middlewares/Third_Party/FreeRTOS/Source/stream_buffer.c **** /*-----------------------------------------------------------*/
 331              		.loc 1 1131 1 view .LVU95
 332              		.cfi_endproc
 333              	.LFE22:
 335              		.section	.text.prvWriteMessageToBuffer,"ax",%progbits
 336              		.align	1
 337              		.syntax unified
 338              		.thumb
 339              		.thumb_func
 341              	prvWriteMessageToBuffer:
 342              	.LVL20:
 343              	.LFB13:
 666:Middlewares/Third_Party/FreeRTOS/Source/stream_buffer.c **** 	BaseType_t xShouldWrite;
 344              		.loc 1 666 1 is_stmt 1 view -0
 345              		.cfi_startproc
 346              		@ args = 4, pretend = 0, frame = 8
 347              		@ frame_needed = 0, uses_anonymous_args = 0
 666:Middlewares/Third_Party/FreeRTOS/Source/stream_buffer.c **** 	BaseType_t xShouldWrite;
 348              		.loc 1 666 1 is_stmt 0 view .LVU97
ARM GAS  /tmp/ccdKs9qj.s 			page 33


 349 0000 30B5     		push	{r4, r5, lr}
 350              	.LCFI2:
 351              		.cfi_def_cfa_offset 12
 352              		.cfi_offset 4, -12
 353              		.cfi_offset 5, -8
 354              		.cfi_offset 14, -4
 355 0002 83B0     		sub	sp, sp, #12
 356              	.LCFI3:
 357              		.cfi_def_cfa_offset 24
 358 0004 0546     		mov	r5, r0
 359 0006 0192     		str	r2, [sp, #4]
 667:Middlewares/Third_Party/FreeRTOS/Source/stream_buffer.c **** 	size_t xReturn;
 360              		.loc 1 667 2 is_stmt 1 view .LVU98
 668:Middlewares/Third_Party/FreeRTOS/Source/stream_buffer.c **** 
 361              		.loc 1 668 2 view .LVU99
 670:Middlewares/Third_Party/FreeRTOS/Source/stream_buffer.c **** 	{
 362              		.loc 1 670 2 view .LVU100
 670:Middlewares/Third_Party/FreeRTOS/Source/stream_buffer.c **** 	{
 363              		.loc 1 670 4 is_stmt 0 view .LVU101
 364 0008 1846     		mov	r0, r3
 365              	.LVL21:
 670:Middlewares/Third_Party/FreeRTOS/Source/stream_buffer.c **** 	{
 366              		.loc 1 670 4 view .LVU102
 367 000a 6BB1     		cbz	r3, .L19
 368 000c 0C46     		mov	r4, r1
 676:Middlewares/Third_Party/FreeRTOS/Source/stream_buffer.c **** 	{
 369              		.loc 1 676 7 is_stmt 1 view .LVU103
 676:Middlewares/Third_Party/FreeRTOS/Source/stream_buffer.c **** 	{
 370              		.loc 1 676 27 is_stmt 0 view .LVU104
 371 000e 2B7F     		ldrb	r3, [r5, #28]	@ zero_extendqisi2
 372              	.LVL22:
 676:Middlewares/Third_Party/FreeRTOS/Source/stream_buffer.c **** 	{
 373              		.loc 1 676 9 view .LVU105
 374 0010 13F0010F 		tst	r3, #1
 375 0014 0AD1     		bne	.L20
 681:Middlewares/Third_Party/FreeRTOS/Source/stream_buffer.c **** 		xDataLengthBytes = configMIN( xDataLengthBytes, xSpace );
 376              		.loc 1 681 3 is_stmt 1 view .LVU106
 377              	.LVL23:
 682:Middlewares/Third_Party/FreeRTOS/Source/stream_buffer.c **** 	}
 378              		.loc 1 682 3 view .LVU107
 682:Middlewares/Third_Party/FreeRTOS/Source/stream_buffer.c **** 	}
 379              		.loc 1 682 22 is_stmt 0 view .LVU108
 380 0016 9042     		cmp	r0, r2
 381 0018 28BF     		it	cs
 382 001a 1046     		movcs	r0, r2
 383              	.LVL24:
 682:Middlewares/Third_Party/FreeRTOS/Source/stream_buffer.c **** 	}
 384              		.loc 1 682 20 view .LVU109
 385 001c 0190     		str	r0, [sp, #4]
 699:Middlewares/Third_Party/FreeRTOS/Source/stream_buffer.c **** 	{
 386              		.loc 1 699 2 is_stmt 1 view .LVU110
 387              	.LVL25:
 388              	.L21:
 702:Middlewares/Third_Party/FreeRTOS/Source/stream_buffer.c **** 	}
 389              		.loc 1 702 3 view .LVU111
 702:Middlewares/Third_Party/FreeRTOS/Source/stream_buffer.c **** 	}
 390              		.loc 1 702 13 is_stmt 0 view .LVU112
ARM GAS  /tmp/ccdKs9qj.s 			page 34


 391 001e 019A     		ldr	r2, [sp, #4]
 392 0020 2146     		mov	r1, r4
 393 0022 2846     		mov	r0, r5
 394 0024 FFF7FEFF 		bl	prvWriteBytesToBuffer
 395              	.LVL26:
 396              	.L19:
 709:Middlewares/Third_Party/FreeRTOS/Source/stream_buffer.c **** }
 397              		.loc 1 709 2 is_stmt 1 view .LVU113
 710:Middlewares/Third_Party/FreeRTOS/Source/stream_buffer.c **** /*-----------------------------------------------------------*/
 398              		.loc 1 710 1 is_stmt 0 view .LVU114
 399 0028 03B0     		add	sp, sp, #12
 400              	.LCFI4:
 401              		.cfi_remember_state
 402              		.cfi_def_cfa_offset 12
 403              		@ sp needed
 404 002a 30BD     		pop	{r4, r5, pc}
 405              	.LVL27:
 406              	.L20:
 407              	.LCFI5:
 408              		.cfi_restore_state
 684:Middlewares/Third_Party/FreeRTOS/Source/stream_buffer.c **** 	{
 409              		.loc 1 684 7 is_stmt 1 view .LVU115
 684:Middlewares/Third_Party/FreeRTOS/Source/stream_buffer.c **** 	{
 410              		.loc 1 684 9 is_stmt 0 view .LVU116
 411 002c 069B     		ldr	r3, [sp, #24]
 412 002e 9842     		cmp	r0, r3
 413 0030 01D2     		bcs	.L24
 706:Middlewares/Third_Party/FreeRTOS/Source/stream_buffer.c **** 	}
 414              		.loc 1 706 11 view .LVU117
 415 0032 0020     		movs	r0, #0
 416              	.LVL28:
 706:Middlewares/Third_Party/FreeRTOS/Source/stream_buffer.c **** 	}
 417              		.loc 1 706 11 view .LVU118
 418 0034 F8E7     		b	.L19
 419              	.LVL29:
 420              	.L24:
 690:Middlewares/Third_Party/FreeRTOS/Source/stream_buffer.c **** 		( void ) prvWriteBytesToBuffer( pxStreamBuffer, ( const uint8_t * ) &( xDataLengthBytes ), sbBYTE
 421              		.loc 1 690 3 is_stmt 1 view .LVU119
 691:Middlewares/Third_Party/FreeRTOS/Source/stream_buffer.c **** 	}
 422              		.loc 1 691 3 view .LVU120
 691:Middlewares/Third_Party/FreeRTOS/Source/stream_buffer.c **** 	}
 423              		.loc 1 691 12 is_stmt 0 view .LVU121
 424 0036 0422     		movs	r2, #4
 425              	.LVL30:
 691:Middlewares/Third_Party/FreeRTOS/Source/stream_buffer.c **** 	}
 426              		.loc 1 691 12 view .LVU122
 427 0038 0DEB0201 		add	r1, sp, r2
 428              	.LVL31:
 691:Middlewares/Third_Party/FreeRTOS/Source/stream_buffer.c **** 	}
 429              		.loc 1 691 12 view .LVU123
 430 003c 2846     		mov	r0, r5
 431              	.LVL32:
 691:Middlewares/Third_Party/FreeRTOS/Source/stream_buffer.c **** 	}
 432              		.loc 1 691 12 view .LVU124
 433 003e FFF7FEFF 		bl	prvWriteBytesToBuffer
 434              	.LVL33:
 699:Middlewares/Third_Party/FreeRTOS/Source/stream_buffer.c **** 	{
ARM GAS  /tmp/ccdKs9qj.s 			page 35


 435              		.loc 1 699 2 is_stmt 1 view .LVU125
 436 0042 ECE7     		b	.L21
 437              		.cfi_endproc
 438              	.LFE13:
 440              		.section	.text.prvReadBytesFromBuffer,"ax",%progbits
 441              		.align	1
 442              		.syntax unified
 443              		.thumb
 444              		.thumb_func
 446              	prvReadBytesFromBuffer:
 447              	.LVL34:
 448              	.LFB23:
1135:Middlewares/Third_Party/FreeRTOS/Source/stream_buffer.c **** size_t xCount, xFirstLength, xNextTail;
 449              		.loc 1 1135 1 view -0
 450              		.cfi_startproc
 451              		@ args = 0, pretend = 0, frame = 0
 452              		@ frame_needed = 0, uses_anonymous_args = 0
1135:Middlewares/Third_Party/FreeRTOS/Source/stream_buffer.c **** size_t xCount, xFirstLength, xNextTail;
 453              		.loc 1 1135 1 is_stmt 0 view .LVU127
 454 0000 2DE9F041 		push	{r4, r5, r6, r7, r8, lr}
 455              	.LCFI6:
 456              		.cfi_def_cfa_offset 24
 457              		.cfi_offset 4, -24
 458              		.cfi_offset 5, -20
 459              		.cfi_offset 6, -16
 460              		.cfi_offset 7, -12
 461              		.cfi_offset 8, -8
 462              		.cfi_offset 14, -4
1136:Middlewares/Third_Party/FreeRTOS/Source/stream_buffer.c **** 
 463              		.loc 1 1136 1 is_stmt 1 view .LVU128
1139:Middlewares/Third_Party/FreeRTOS/Source/stream_buffer.c **** 
 464              		.loc 1 1139 2 view .LVU129
1139:Middlewares/Third_Party/FreeRTOS/Source/stream_buffer.c **** 
 465              		.loc 1 1139 9 is_stmt 0 view .LVU130
 466 0004 9342     		cmp	r3, r2
 467 0006 28BF     		it	cs
 468 0008 1346     		movcs	r3, r2
 469              	.LVL35:
1139:Middlewares/Third_Party/FreeRTOS/Source/stream_buffer.c **** 
 470              		.loc 1 1139 9 view .LVU131
 471 000a 1C46     		mov	r4, r3
 472              	.LVL36:
1141:Middlewares/Third_Party/FreeRTOS/Source/stream_buffer.c **** 	{
 473              		.loc 1 1141 2 is_stmt 1 view .LVU132
1141:Middlewares/Third_Party/FreeRTOS/Source/stream_buffer.c **** 	{
 474              		.loc 1 1141 4 is_stmt 0 view .LVU133
 475 000c 83B3     		cbz	r3, .L25
 476 000e 0646     		mov	r6, r0
 477 0010 0F46     		mov	r7, r1
1143:Middlewares/Third_Party/FreeRTOS/Source/stream_buffer.c **** 
 478              		.loc 1 1143 3 is_stmt 1 view .LVU134
1143:Middlewares/Third_Party/FreeRTOS/Source/stream_buffer.c **** 
 479              		.loc 1 1143 13 is_stmt 0 view .LVU135
 480 0012 D0F80080 		ldr	r8, [r0]
 481              	.LVL37:
1148:Middlewares/Third_Party/FreeRTOS/Source/stream_buffer.c **** 
 482              		.loc 1 1148 3 is_stmt 1 view .LVU136
ARM GAS  /tmp/ccdKs9qj.s 			page 36


1148:Middlewares/Third_Party/FreeRTOS/Source/stream_buffer.c **** 
 483              		.loc 1 1148 18 is_stmt 0 view .LVU137
 484 0016 8368     		ldr	r3, [r0, #8]
 485              	.LVL38:
1148:Middlewares/Third_Party/FreeRTOS/Source/stream_buffer.c **** 
 486              		.loc 1 1148 18 view .LVU138
 487 0018 A3EB0805 		sub	r5, r3, r8
1148:Middlewares/Third_Party/FreeRTOS/Source/stream_buffer.c **** 
 488              		.loc 1 1148 16 view .LVU139
 489 001c A542     		cmp	r5, r4
 490 001e 28BF     		it	cs
 491 0020 2546     		movcs	r5, r4
 492              	.LVL39:
1152:Middlewares/Third_Party/FreeRTOS/Source/stream_buffer.c **** 		configASSERT( ( xNextTail + xFirstLength ) <= pxStreamBuffer->xLength );
 493              		.loc 1 1152 3 is_stmt 1 view .LVU140
 494 0022 AA42     		cmp	r2, r5
 495 0024 08D2     		bcs	.L27
1152:Middlewares/Third_Party/FreeRTOS/Source/stream_buffer.c **** 		configASSERT( ( xNextTail + xFirstLength ) <= pxStreamBuffer->xLength );
 496              		.loc 1 1152 3 discriminator 1 view .LVU141
 497              	.LBB105:
 498              	.LBI105:
 193:Middlewares/Third_Party/FreeRTOS/Source/portable/GCC/ARM_CM3/portmacro.h **** {
 499              		.loc 2 193 30 view .LVU142
 500              	.LBB106:
 195:Middlewares/Third_Party/FreeRTOS/Source/portable/GCC/ARM_CM3/portmacro.h **** 
 501              		.loc 2 195 1 view .LVU143
 502              		.loc 2 197 2 view .LVU144
 503              		.syntax unified
 504              	@ 197 "Middlewares/Third_Party/FreeRTOS/Source/portable/GCC/ARM_CM3/portmacro.h" 1
 505 0026 4FF05003 			mov r3, #80												
 506 002a 83F31188 		msr basepri, r3											
 507 002e BFF36F8F 		isb														
 508 0032 BFF34F8F 		dsb														
 509              	
 510              	@ 0 "" 2
 511              		.thumb
 512              		.syntax unified
 513              	.L28:
 514              	.LBE106:
 515              	.LBE105:
1152:Middlewares/Third_Party/FreeRTOS/Source/stream_buffer.c **** 		configASSERT( ( xNextTail + xFirstLength ) <= pxStreamBuffer->xLength );
 516              		.loc 1 1152 3 discriminator 3 view .LVU145
1152:Middlewares/Third_Party/FreeRTOS/Source/stream_buffer.c **** 		configASSERT( ( xNextTail + xFirstLength ) <= pxStreamBuffer->xLength );
 517              		.loc 1 1152 3 discriminator 3 view .LVU146
 518 0036 FEE7     		b	.L28
 519              	.L27:
1152:Middlewares/Third_Party/FreeRTOS/Source/stream_buffer.c **** 		configASSERT( ( xNextTail + xFirstLength ) <= pxStreamBuffer->xLength );
 520              		.loc 1 1152 44 discriminator 2 view .LVU147
1153:Middlewares/Third_Party/FreeRTOS/Source/stream_buffer.c **** 		( void ) memcpy( ( void * ) pucData, ( const void * ) &( pxStreamBuffer->pucBuffer[ xNextTail ] )
 521              		.loc 1 1153 3 view .LVU148
 522 0038 08EB0502 		add	r2, r8, r5
 523              	.LVL40:
1153:Middlewares/Third_Party/FreeRTOS/Source/stream_buffer.c **** 		( void ) memcpy( ( void * ) pucData, ( const void * ) &( pxStreamBuffer->pucBuffer[ xNextTail ] )
 524              		.loc 1 1153 3 is_stmt 0 view .LVU149
 525 003c 9342     		cmp	r3, r2
 526 003e 08D2     		bcs	.L29
1153:Middlewares/Third_Party/FreeRTOS/Source/stream_buffer.c **** 		( void ) memcpy( ( void * ) pucData, ( const void * ) &( pxStreamBuffer->pucBuffer[ xNextTail ] )
ARM GAS  /tmp/ccdKs9qj.s 			page 37


 527              		.loc 1 1153 3 is_stmt 1 discriminator 1 view .LVU150
 528              	.LBB107:
 529              	.LBI107:
 193:Middlewares/Third_Party/FreeRTOS/Source/portable/GCC/ARM_CM3/portmacro.h **** {
 530              		.loc 2 193 30 view .LVU151
 531              	.LBB108:
 195:Middlewares/Third_Party/FreeRTOS/Source/portable/GCC/ARM_CM3/portmacro.h **** 
 532              		.loc 2 195 1 view .LVU152
 533              		.loc 2 197 2 view .LVU153
 534              		.syntax unified
 535              	@ 197 "Middlewares/Third_Party/FreeRTOS/Source/portable/GCC/ARM_CM3/portmacro.h" 1
 536 0040 4FF05003 			mov r3, #80												
 537 0044 83F31188 		msr basepri, r3											
 538 0048 BFF36F8F 		isb														
 539 004c BFF34F8F 		dsb														
 540              	
 541              	@ 0 "" 2
 542              		.thumb
 543              		.syntax unified
 544              	.L30:
 545              	.LBE108:
 546              	.LBE107:
1153:Middlewares/Third_Party/FreeRTOS/Source/stream_buffer.c **** 		( void ) memcpy( ( void * ) pucData, ( const void * ) &( pxStreamBuffer->pucBuffer[ xNextTail ] )
 547              		.loc 1 1153 3 discriminator 3 view .LVU154
1153:Middlewares/Third_Party/FreeRTOS/Source/stream_buffer.c **** 		( void ) memcpy( ( void * ) pucData, ( const void * ) &( pxStreamBuffer->pucBuffer[ xNextTail ] )
 548              		.loc 1 1153 3 discriminator 3 view .LVU155
 549 0050 FEE7     		b	.L30
 550              	.L29:
1153:Middlewares/Third_Party/FreeRTOS/Source/stream_buffer.c **** 		( void ) memcpy( ( void * ) pucData, ( const void * ) &( pxStreamBuffer->pucBuffer[ xNextTail ] )
 551              		.loc 1 1153 74 discriminator 2 view .LVU156
1154:Middlewares/Third_Party/FreeRTOS/Source/stream_buffer.c **** 
 552              		.loc 1 1154 3 view .LVU157
1154:Middlewares/Third_Party/FreeRTOS/Source/stream_buffer.c **** 
 553              		.loc 1 1154 74 is_stmt 0 view .LVU158
 554 0052 8169     		ldr	r1, [r0, #24]
 555              	.LVL41:
1154:Middlewares/Third_Party/FreeRTOS/Source/stream_buffer.c **** 
 556              		.loc 1 1154 12 view .LVU159
 557 0054 2A46     		mov	r2, r5
 558 0056 4144     		add	r1, r1, r8
 559 0058 3846     		mov	r0, r7
 560              	.LVL42:
1154:Middlewares/Third_Party/FreeRTOS/Source/stream_buffer.c **** 
 561              		.loc 1 1154 12 view .LVU160
 562 005a FFF7FEFF 		bl	memcpy
 563              	.LVL43:
1158:Middlewares/Third_Party/FreeRTOS/Source/stream_buffer.c **** 		{
 564              		.loc 1 1158 3 is_stmt 1 view .LVU161
1158:Middlewares/Third_Party/FreeRTOS/Source/stream_buffer.c **** 		{
 565              		.loc 1 1158 5 is_stmt 0 view .LVU162
 566 005e AC42     		cmp	r4, r5
 567 0060 09D8     		bhi	.L34
 568              	.L31:
1166:Middlewares/Third_Party/FreeRTOS/Source/stream_buffer.c **** 		}
 569              		.loc 1 1166 28 is_stmt 1 view .LVU163
1171:Middlewares/Third_Party/FreeRTOS/Source/stream_buffer.c **** 
 570              		.loc 1 1171 3 view .LVU164
ARM GAS  /tmp/ccdKs9qj.s 			page 38


1171:Middlewares/Third_Party/FreeRTOS/Source/stream_buffer.c **** 
 571              		.loc 1 1171 13 is_stmt 0 view .LVU165
 572 0062 04EB0803 		add	r3, r4, r8
 573              	.LVL44:
1173:Middlewares/Third_Party/FreeRTOS/Source/stream_buffer.c **** 		{
 574              		.loc 1 1173 3 is_stmt 1 view .LVU166
1173:Middlewares/Third_Party/FreeRTOS/Source/stream_buffer.c **** 		{
 575              		.loc 1 1173 34 is_stmt 0 view .LVU167
 576 0066 B268     		ldr	r2, [r6, #8]
1173:Middlewares/Third_Party/FreeRTOS/Source/stream_buffer.c **** 		{
 577              		.loc 1 1173 5 view .LVU168
 578 0068 9A42     		cmp	r2, r3
 579 006a 00D8     		bhi	.L32
1175:Middlewares/Third_Party/FreeRTOS/Source/stream_buffer.c **** 		}
 580              		.loc 1 1175 4 is_stmt 1 view .LVU169
1175:Middlewares/Third_Party/FreeRTOS/Source/stream_buffer.c **** 		}
 581              		.loc 1 1175 14 is_stmt 0 view .LVU170
 582 006c 9B1A     		subs	r3, r3, r2
 583              	.LVL45:
 584              	.L32:
1178:Middlewares/Third_Party/FreeRTOS/Source/stream_buffer.c **** 	}
 585              		.loc 1 1178 3 is_stmt 1 view .LVU171
1178:Middlewares/Third_Party/FreeRTOS/Source/stream_buffer.c **** 	}
 586              		.loc 1 1178 25 is_stmt 0 view .LVU172
 587 006e 3360     		str	r3, [r6]
1182:Middlewares/Third_Party/FreeRTOS/Source/stream_buffer.c **** 	}
 588              		.loc 1 1182 27 is_stmt 1 view .LVU173
1185:Middlewares/Third_Party/FreeRTOS/Source/stream_buffer.c **** }
 589              		.loc 1 1185 2 view .LVU174
 590              	.LVL46:
 591              	.L25:
1186:Middlewares/Third_Party/FreeRTOS/Source/stream_buffer.c **** /*-----------------------------------------------------------*/
 592              		.loc 1 1186 1 is_stmt 0 view .LVU175
 593 0070 2046     		mov	r0, r4
 594 0072 BDE8F081 		pop	{r4, r5, r6, r7, r8, pc}
 595              	.LVL47:
 596              	.L34:
1161:Middlewares/Third_Party/FreeRTOS/Source/stream_buffer.c **** 			( void ) memcpy( ( void * ) &( pucData[ xFirstLength ] ), ( void * ) ( pxStreamBuffer->pucBuffer
 597              		.loc 1 1161 4 is_stmt 1 view .LVU176
1161:Middlewares/Third_Party/FreeRTOS/Source/stream_buffer.c **** 			( void ) memcpy( ( void * ) &( pucData[ xFirstLength ] ), ( void * ) ( pxStreamBuffer->pucBuffer
 598              		.loc 1 1161 39 discriminator 2 view .LVU177
1162:Middlewares/Third_Party/FreeRTOS/Source/stream_buffer.c **** 		}
 599              		.loc 1 1162 4 view .LVU178
1162:Middlewares/Third_Party/FreeRTOS/Source/stream_buffer.c **** 		}
 600              		.loc 1 1162 13 is_stmt 0 view .LVU179
 601 0076 621B     		subs	r2, r4, r5
 602 0078 B169     		ldr	r1, [r6, #24]
 603 007a 7819     		adds	r0, r7, r5
 604 007c FFF7FEFF 		bl	memcpy
 605              	.LVL48:
 606 0080 EFE7     		b	.L31
 607              		.cfi_endproc
 608              	.LFE23:
 610              		.section	.text.prvReadMessageFromBuffer,"ax",%progbits
 611              		.align	1
 612              		.syntax unified
 613              		.thumb
ARM GAS  /tmp/ccdKs9qj.s 			page 39


 614              		.thumb_func
 616              	prvReadMessageFromBuffer:
 617              	.LVL49:
 618              	.LFB17:
 923:Middlewares/Third_Party/FreeRTOS/Source/stream_buffer.c **** size_t xOriginalTail, xReceivedLength, xNextMessageLength;
 619              		.loc 1 923 1 is_stmt 1 view -0
 620              		.cfi_startproc
 621              		@ args = 4, pretend = 0, frame = 8
 622              		@ frame_needed = 0, uses_anonymous_args = 0
 923:Middlewares/Third_Party/FreeRTOS/Source/stream_buffer.c **** size_t xOriginalTail, xReceivedLength, xNextMessageLength;
 623              		.loc 1 923 1 is_stmt 0 view .LVU181
 624 0000 2DE9F043 		push	{r4, r5, r6, r7, r8, r9, lr}
 625              	.LCFI7:
 626              		.cfi_def_cfa_offset 28
 627              		.cfi_offset 4, -28
 628              		.cfi_offset 5, -24
 629              		.cfi_offset 6, -20
 630              		.cfi_offset 7, -16
 631              		.cfi_offset 8, -12
 632              		.cfi_offset 9, -8
 633              		.cfi_offset 14, -4
 634 0004 83B0     		sub	sp, sp, #12
 635              	.LCFI8:
 636              		.cfi_def_cfa_offset 40
 637 0006 0546     		mov	r5, r0
 638 0008 0F46     		mov	r7, r1
 639 000a 1646     		mov	r6, r2
 640 000c 1C46     		mov	r4, r3
 641 000e DDF82880 		ldr	r8, [sp, #40]
 924:Middlewares/Third_Party/FreeRTOS/Source/stream_buffer.c **** configMESSAGE_BUFFER_LENGTH_TYPE xTempNextMessageLength;
 642              		.loc 1 924 1 is_stmt 1 view .LVU182
 925:Middlewares/Third_Party/FreeRTOS/Source/stream_buffer.c **** 
 643              		.loc 1 925 1 view .LVU183
 927:Middlewares/Third_Party/FreeRTOS/Source/stream_buffer.c **** 	{
 644              		.loc 1 927 2 view .LVU184
 927:Middlewares/Third_Party/FreeRTOS/Source/stream_buffer.c **** 	{
 645              		.loc 1 927 4 is_stmt 0 view .LVU185
 646 0012 B8F1000F 		cmp	r8, #0
 647 0016 08D1     		bne	.L39
 648              	.LVL50:
 649              	.L36:
 964:Middlewares/Third_Party/FreeRTOS/Source/stream_buffer.c **** 
 650              		.loc 1 964 2 is_stmt 1 view .LVU186
 964:Middlewares/Third_Party/FreeRTOS/Source/stream_buffer.c **** 
 651              		.loc 1 964 20 is_stmt 0 view .LVU187
 652 0018 2346     		mov	r3, r4
 653 001a 3246     		mov	r2, r6
 654 001c 3946     		mov	r1, r7
 655 001e 2846     		mov	r0, r5
 656 0020 FFF7FEFF 		bl	prvReadBytesFromBuffer
 657              	.LVL51:
 966:Middlewares/Third_Party/FreeRTOS/Source/stream_buffer.c **** }
 658              		.loc 1 966 2 is_stmt 1 view .LVU188
 967:Middlewares/Third_Party/FreeRTOS/Source/stream_buffer.c **** /*-----------------------------------------------------------*/
 659              		.loc 1 967 1 is_stmt 0 view .LVU189
 660 0024 03B0     		add	sp, sp, #12
 661              	.LCFI9:
ARM GAS  /tmp/ccdKs9qj.s 			page 40


 662              		.cfi_remember_state
 663              		.cfi_def_cfa_offset 28
 664              		@ sp needed
 665 0026 BDE8F083 		pop	{r4, r5, r6, r7, r8, r9, pc}
 666              	.LVL52:
 667              	.L39:
 668              	.LCFI10:
 669              		.cfi_restore_state
 933:Middlewares/Third_Party/FreeRTOS/Source/stream_buffer.c **** 		( void ) prvReadBytesFromBuffer( pxStreamBuffer, ( uint8_t * ) &xTempNextMessageLength, xBytesToS
 670              		.loc 1 933 3 is_stmt 1 view .LVU190
 933:Middlewares/Third_Party/FreeRTOS/Source/stream_buffer.c **** 		( void ) prvReadBytesFromBuffer( pxStreamBuffer, ( uint8_t * ) &xTempNextMessageLength, xBytesToS
 671              		.loc 1 933 17 is_stmt 0 view .LVU191
 672 002a D0F80090 		ldr	r9, [r0]
 673              	.LVL53:
 934:Middlewares/Third_Party/FreeRTOS/Source/stream_buffer.c **** 		xNextMessageLength = ( size_t ) xTempNextMessageLength;
 674              		.loc 1 934 3 is_stmt 1 view .LVU192
 934:Middlewares/Third_Party/FreeRTOS/Source/stream_buffer.c **** 		xNextMessageLength = ( size_t ) xTempNextMessageLength;
 675              		.loc 1 934 12 is_stmt 0 view .LVU193
 676 002e 4246     		mov	r2, r8
 677              	.LVL54:
 934:Middlewares/Third_Party/FreeRTOS/Source/stream_buffer.c **** 		xNextMessageLength = ( size_t ) xTempNextMessageLength;
 678              		.loc 1 934 12 view .LVU194
 679 0030 01A9     		add	r1, sp, #4
 680              	.LVL55:
 934:Middlewares/Third_Party/FreeRTOS/Source/stream_buffer.c **** 		xNextMessageLength = ( size_t ) xTempNextMessageLength;
 681              		.loc 1 934 12 view .LVU195
 682 0032 FFF7FEFF 		bl	prvReadBytesFromBuffer
 683              	.LVL56:
 935:Middlewares/Third_Party/FreeRTOS/Source/stream_buffer.c **** 
 684              		.loc 1 935 3 is_stmt 1 view .LVU196
 935:Middlewares/Third_Party/FreeRTOS/Source/stream_buffer.c **** 
 685              		.loc 1 935 22 is_stmt 0 view .LVU197
 686 0036 019B     		ldr	r3, [sp, #4]
 687              	.LVL57:
 939:Middlewares/Third_Party/FreeRTOS/Source/stream_buffer.c **** 
 688              		.loc 1 939 3 is_stmt 1 view .LVU198
 939:Middlewares/Third_Party/FreeRTOS/Source/stream_buffer.c **** 
 689              		.loc 1 939 19 is_stmt 0 view .LVU199
 690 0038 A4EB0804 		sub	r4, r4, r8
 691              	.LVL58:
 943:Middlewares/Third_Party/FreeRTOS/Source/stream_buffer.c **** 		{
 692              		.loc 1 943 3 is_stmt 1 view .LVU200
 943:Middlewares/Third_Party/FreeRTOS/Source/stream_buffer.c **** 		{
 693              		.loc 1 943 5 is_stmt 0 view .LVU201
 694 003c 9E42     		cmp	r6, r3
 695 003e 03D2     		bcs	.L37
 948:Middlewares/Third_Party/FreeRTOS/Source/stream_buffer.c **** 			xNextMessageLength = 0;
 696              		.loc 1 948 4 is_stmt 1 view .LVU202
 948:Middlewares/Third_Party/FreeRTOS/Source/stream_buffer.c **** 			xNextMessageLength = 0;
 697              		.loc 1 948 26 is_stmt 0 view .LVU203
 698 0040 C5F80090 		str	r9, [r5]
 949:Middlewares/Third_Party/FreeRTOS/Source/stream_buffer.c **** 		}
 699              		.loc 1 949 4 is_stmt 1 view .LVU204
 700              	.LVL59:
 949:Middlewares/Third_Party/FreeRTOS/Source/stream_buffer.c **** 		}
 701              		.loc 1 949 23 is_stmt 0 view .LVU205
 702 0044 0026     		movs	r6, #0
ARM GAS  /tmp/ccdKs9qj.s 			page 41


 703              	.LVL60:
 949:Middlewares/Third_Party/FreeRTOS/Source/stream_buffer.c **** 		}
 704              		.loc 1 949 23 view .LVU206
 705 0046 E7E7     		b	.L36
 706              	.LVL61:
 707              	.L37:
 935:Middlewares/Third_Party/FreeRTOS/Source/stream_buffer.c **** 
 708              		.loc 1 935 22 view .LVU207
 709 0048 1E46     		mov	r6, r3
 710              	.LVL62:
 935:Middlewares/Third_Party/FreeRTOS/Source/stream_buffer.c **** 
 711              		.loc 1 935 22 view .LVU208
 712 004a E5E7     		b	.L36
 713              		.cfi_endproc
 714              	.LFE17:
 716              		.section	.text.xStreamBufferGenericCreate,"ax",%progbits
 717              		.align	1
 718              		.global	xStreamBufferGenericCreate
 719              		.syntax unified
 720              		.thumb
 721              		.thumb_func
 723              	xStreamBufferGenericCreate:
 724              	.LVL63:
 725              	.LFB4:
 220:Middlewares/Third_Party/FreeRTOS/Source/stream_buffer.c **** 	uint8_t *pucAllocatedMemory;
 726              		.loc 1 220 2 is_stmt 1 view -0
 727              		.cfi_startproc
 728              		@ args = 0, pretend = 0, frame = 0
 729              		@ frame_needed = 0, uses_anonymous_args = 0
 220:Middlewares/Third_Party/FreeRTOS/Source/stream_buffer.c **** 	uint8_t *pucAllocatedMemory;
 730              		.loc 1 220 2 is_stmt 0 view .LVU210
 731 0000 F0B5     		push	{r4, r5, r6, r7, lr}
 732              	.LCFI11:
 733              		.cfi_def_cfa_offset 20
 734              		.cfi_offset 4, -20
 735              		.cfi_offset 5, -16
 736              		.cfi_offset 6, -12
 737              		.cfi_offset 7, -8
 738              		.cfi_offset 14, -4
 739 0002 83B0     		sub	sp, sp, #12
 740              	.LCFI12:
 741              		.cfi_def_cfa_offset 32
 742 0004 0C46     		mov	r4, r1
 221:Middlewares/Third_Party/FreeRTOS/Source/stream_buffer.c **** 	uint8_t ucFlags;
 743              		.loc 1 221 2 is_stmt 1 view .LVU211
 222:Middlewares/Third_Party/FreeRTOS/Source/stream_buffer.c **** 
 744              		.loc 1 222 2 view .LVU212
 228:Middlewares/Third_Party/FreeRTOS/Source/stream_buffer.c **** 		{
 745              		.loc 1 228 3 view .LVU213
 228:Middlewares/Third_Party/FreeRTOS/Source/stream_buffer.c **** 		{
 746              		.loc 1 228 5 is_stmt 0 view .LVU214
 747 0006 012A     		cmp	r2, #1
 748 0008 09D0     		beq	.L53
 237:Middlewares/Third_Party/FreeRTOS/Source/stream_buffer.c **** 			configASSERT( xBufferSizeBytes > 0 );
 749              		.loc 1 237 4 is_stmt 1 view .LVU215
 750              	.LVL64:
 238:Middlewares/Third_Party/FreeRTOS/Source/stream_buffer.c **** 		}
ARM GAS  /tmp/ccdKs9qj.s 			page 42


 751              		.loc 1 238 4 view .LVU216
 752 000a A8B9     		cbnz	r0, .L50
 238:Middlewares/Third_Party/FreeRTOS/Source/stream_buffer.c **** 		}
 753              		.loc 1 238 4 discriminator 1 view .LVU217
 754              	.LBB109:
 755              	.LBI109:
 193:Middlewares/Third_Party/FreeRTOS/Source/portable/GCC/ARM_CM3/portmacro.h **** {
 756              		.loc 2 193 30 view .LVU218
 757              	.LBB110:
 195:Middlewares/Third_Party/FreeRTOS/Source/portable/GCC/ARM_CM3/portmacro.h **** 
 758              		.loc 2 195 1 view .LVU219
 759              		.loc 2 197 2 view .LVU220
 760              		.syntax unified
 761              	@ 197 "Middlewares/Third_Party/FreeRTOS/Source/portable/GCC/ARM_CM3/portmacro.h" 1
 762 000c 4FF05003 			mov r3, #80												
 763 0010 83F31188 		msr basepri, r3											
 764 0014 BFF36F8F 		isb														
 765 0018 BFF34F8F 		dsb														
 766              	
 767              	@ 0 "" 2
 768              		.thumb
 769              		.syntax unified
 770              	.L44:
 771              	.LBE110:
 772              	.LBE109:
 238:Middlewares/Third_Party/FreeRTOS/Source/stream_buffer.c **** 		}
 773              		.loc 1 238 4 discriminator 3 view .LVU221
 238:Middlewares/Third_Party/FreeRTOS/Source/stream_buffer.c **** 		}
 774              		.loc 1 238 4 discriminator 3 view .LVU222
 775 001c FEE7     		b	.L44
 776              	.LVL65:
 777              	.L53:
 231:Middlewares/Third_Party/FreeRTOS/Source/stream_buffer.c **** 			configASSERT( xBufferSizeBytes > sbBYTES_TO_STORE_MESSAGE_LENGTH );
 778              		.loc 1 231 4 view .LVU223
 232:Middlewares/Third_Party/FreeRTOS/Source/stream_buffer.c **** 		}
 779              		.loc 1 232 4 view .LVU224
 780 001e 0428     		cmp	r0, #4
 781 0020 08D8     		bhi	.L49
 232:Middlewares/Third_Party/FreeRTOS/Source/stream_buffer.c **** 		}
 782              		.loc 1 232 4 discriminator 1 view .LVU225
 783              	.LBB111:
 784              	.LBI111:
 193:Middlewares/Third_Party/FreeRTOS/Source/portable/GCC/ARM_CM3/portmacro.h **** {
 785              		.loc 2 193 30 view .LVU226
 786              	.LBB112:
 195:Middlewares/Third_Party/FreeRTOS/Source/portable/GCC/ARM_CM3/portmacro.h **** 
 787              		.loc 2 195 1 view .LVU227
 788              		.loc 2 197 2 view .LVU228
 789              		.syntax unified
 790              	@ 197 "Middlewares/Third_Party/FreeRTOS/Source/portable/GCC/ARM_CM3/portmacro.h" 1
 791 0022 4FF05003 			mov r3, #80												
 792 0026 83F31188 		msr basepri, r3											
 793 002a BFF36F8F 		isb														
 794 002e BFF34F8F 		dsb														
 795              	
 796              	@ 0 "" 2
 797              		.thumb
ARM GAS  /tmp/ccdKs9qj.s 			page 43


 798              		.syntax unified
 799              	.L43:
 800              	.LBE112:
 801              	.LBE111:
 232:Middlewares/Third_Party/FreeRTOS/Source/stream_buffer.c **** 		}
 802              		.loc 1 232 4 discriminator 3 view .LVU229
 232:Middlewares/Third_Party/FreeRTOS/Source/stream_buffer.c **** 		}
 803              		.loc 1 232 4 discriminator 3 view .LVU230
 804 0032 FEE7     		b	.L43
 805              	.L49:
 231:Middlewares/Third_Party/FreeRTOS/Source/stream_buffer.c **** 			configASSERT( xBufferSizeBytes > sbBYTES_TO_STORE_MESSAGE_LENGTH );
 806              		.loc 1 231 12 is_stmt 0 view .LVU231
 807 0034 0126     		movs	r6, #1
 808 0036 00E0     		b	.L42
 809              	.LVL66:
 810              	.L50:
 237:Middlewares/Third_Party/FreeRTOS/Source/stream_buffer.c **** 			configASSERT( xBufferSizeBytes > 0 );
 811              		.loc 1 237 12 view .LVU232
 812 0038 0026     		movs	r6, #0
 813              	.LVL67:
 814              	.L42:
 238:Middlewares/Third_Party/FreeRTOS/Source/stream_buffer.c **** 		}
 815              		.loc 1 238 40 is_stmt 1 discriminator 2 view .LVU233
 240:Middlewares/Third_Party/FreeRTOS/Source/stream_buffer.c **** 
 816              		.loc 1 240 3 view .LVU234
 817 003a A042     		cmp	r0, r4
 818 003c 08D2     		bcs	.L45
 240:Middlewares/Third_Party/FreeRTOS/Source/stream_buffer.c **** 
 819              		.loc 1 240 3 discriminator 1 view .LVU235
 820              	.LBB113:
 821              	.LBI113:
 193:Middlewares/Third_Party/FreeRTOS/Source/portable/GCC/ARM_CM3/portmacro.h **** {
 822              		.loc 2 193 30 view .LVU236
 823              	.LBB114:
 195:Middlewares/Third_Party/FreeRTOS/Source/portable/GCC/ARM_CM3/portmacro.h **** 
 824              		.loc 2 195 1 view .LVU237
 825              		.loc 2 197 2 view .LVU238
 826              		.syntax unified
 827              	@ 197 "Middlewares/Third_Party/FreeRTOS/Source/portable/GCC/ARM_CM3/portmacro.h" 1
 828 003e 4FF05003 			mov r3, #80												
 829 0042 83F31188 		msr basepri, r3											
 830 0046 BFF36F8F 		isb														
 831 004a BFF34F8F 		dsb														
 832              	
 833              	@ 0 "" 2
 834              		.thumb
 835              		.syntax unified
 836              	.L46:
 837              	.LBE114:
 838              	.LBE113:
 240:Middlewares/Third_Party/FreeRTOS/Source/stream_buffer.c **** 
 839              		.loc 1 240 3 discriminator 3 view .LVU239
 240:Middlewares/Third_Party/FreeRTOS/Source/stream_buffer.c **** 
 840              		.loc 1 240 3 discriminator 3 view .LVU240
 841 004e FEE7     		b	.L46
 842              	.L45:
 240:Middlewares/Third_Party/FreeRTOS/Source/stream_buffer.c **** 
ARM GAS  /tmp/ccdKs9qj.s 			page 44


 843              		.loc 1 240 57 discriminator 2 view .LVU241
 244:Middlewares/Third_Party/FreeRTOS/Source/stream_buffer.c **** 		{
 844              		.loc 1 244 3 view .LVU242
 244:Middlewares/Third_Party/FreeRTOS/Source/stream_buffer.c **** 		{
 845              		.loc 1 244 5 is_stmt 0 view .LVU243
 846 0050 04B9     		cbnz	r4, .L47
 246:Middlewares/Third_Party/FreeRTOS/Source/stream_buffer.c **** 		}
 847              		.loc 1 246 23 view .LVU244
 848 0052 0124     		movs	r4, #1
 849              	.L47:
 850              	.LVL68:
 257:Middlewares/Third_Party/FreeRTOS/Source/stream_buffer.c **** 		pucAllocatedMemory = ( uint8_t * ) pvPortMalloc( xBufferSizeBytes + sizeof( StreamBuffer_t ) ); /
 851              		.loc 1 257 3 is_stmt 1 view .LVU245
 257:Middlewares/Third_Party/FreeRTOS/Source/stream_buffer.c **** 		pucAllocatedMemory = ( uint8_t * ) pvPortMalloc( xBufferSizeBytes + sizeof( StreamBuffer_t ) ); /
 852              		.loc 1 257 19 is_stmt 0 view .LVU246
 853 0054 471C     		adds	r7, r0, #1
 854              	.LVL69:
 258:Middlewares/Third_Party/FreeRTOS/Source/stream_buffer.c **** 
 855              		.loc 1 258 3 is_stmt 1 view .LVU247
 258:Middlewares/Third_Party/FreeRTOS/Source/stream_buffer.c **** 
 856              		.loc 1 258 38 is_stmt 0 view .LVU248
 857 0056 2530     		adds	r0, r0, #37
 858 0058 FFF7FEFF 		bl	pvPortMalloc
 859              	.LVL70:
 260:Middlewares/Third_Party/FreeRTOS/Source/stream_buffer.c **** 		{
 860              		.loc 1 260 3 is_stmt 1 view .LVU249
 260:Middlewares/Third_Party/FreeRTOS/Source/stream_buffer.c **** 		{
 861              		.loc 1 260 5 is_stmt 0 view .LVU250
 862 005c 0546     		mov	r5, r0
 863 005e 30B1     		cbz	r0, .L40
 262:Middlewares/Third_Party/FreeRTOS/Source/stream_buffer.c **** 										   pucAllocatedMemory + sizeof( StreamBuffer_t ),  /* Storage area follows. */ /*lint !e9
 864              		.loc 1 262 4 is_stmt 1 view .LVU251
 865 0060 0096     		str	r6, [sp]
 866 0062 2346     		mov	r3, r4
 867 0064 3A46     		mov	r2, r7
 868 0066 00F12401 		add	r1, r0, #36
 869 006a FFF7FEFF 		bl	prvInitialiseNewStreamBuffer
 870              	.LVL71:
 268:Middlewares/Third_Party/FreeRTOS/Source/stream_buffer.c **** 		}
 871              		.loc 1 268 94 view .LVU252
 272:Middlewares/Third_Party/FreeRTOS/Source/stream_buffer.c **** 		}
 872              		.loc 1 272 56 view .LVU253
 275:Middlewares/Third_Party/FreeRTOS/Source/stream_buffer.c **** 	}
 873              		.loc 1 275 3 view .LVU254
 874              	.L40:
 276:Middlewares/Third_Party/FreeRTOS/Source/stream_buffer.c **** 
 875              		.loc 1 276 2 is_stmt 0 view .LVU255
 876 006e 2846     		mov	r0, r5
 877 0070 03B0     		add	sp, sp, #12
 878              	.LCFI13:
 879              		.cfi_def_cfa_offset 20
 880              		@ sp needed
 881 0072 F0BD     		pop	{r4, r5, r6, r7, pc}
 276:Middlewares/Third_Party/FreeRTOS/Source/stream_buffer.c **** 
 882              		.loc 1 276 2 view .LVU256
 883              		.cfi_endproc
 884              	.LFE4:
ARM GAS  /tmp/ccdKs9qj.s 			page 45


 886              		.section	.text.xStreamBufferGenericCreateStatic,"ax",%progbits
 887              		.align	1
 888              		.global	xStreamBufferGenericCreateStatic
 889              		.syntax unified
 890              		.thumb
 891              		.thumb_func
 893              	xStreamBufferGenericCreateStatic:
 894              	.LVL72:
 895              	.LFB5:
 288:Middlewares/Third_Party/FreeRTOS/Source/stream_buffer.c **** 	StreamBuffer_t * const pxStreamBuffer = ( StreamBuffer_t * ) pxStaticStreamBuffer; /*lint !e740 !e
 896              		.loc 1 288 2 is_stmt 1 view -0
 897              		.cfi_startproc
 898              		@ args = 4, pretend = 0, frame = 8
 899              		@ frame_needed = 0, uses_anonymous_args = 0
 289:Middlewares/Third_Party/FreeRTOS/Source/stream_buffer.c **** 	StreamBufferHandle_t xReturn;
 900              		.loc 1 289 2 view .LVU258
 290:Middlewares/Third_Party/FreeRTOS/Source/stream_buffer.c **** 	uint8_t ucFlags;
 901              		.loc 1 290 2 view .LVU259
 291:Middlewares/Third_Party/FreeRTOS/Source/stream_buffer.c **** 
 902              		.loc 1 291 2 view .LVU260
 293:Middlewares/Third_Party/FreeRTOS/Source/stream_buffer.c **** 		configASSERT( pxStaticStreamBuffer );
 903              		.loc 1 293 3 view .LVU261
 904 0000 7BB1     		cbz	r3, .L71
 288:Middlewares/Third_Party/FreeRTOS/Source/stream_buffer.c **** 	StreamBuffer_t * const pxStreamBuffer = ( StreamBuffer_t * ) pxStaticStreamBuffer; /*lint !e740 !e
 905              		.loc 1 288 2 is_stmt 0 view .LVU262
 906 0002 00B5     		push	{lr}
 907              	.LCFI14:
 908              		.cfi_def_cfa_offset 4
 909              		.cfi_offset 14, -4
 910 0004 85B0     		sub	sp, sp, #20
 911              	.LCFI15:
 912              		.cfi_def_cfa_offset 24
 913 0006 9C46     		mov	ip, r3
 293:Middlewares/Third_Party/FreeRTOS/Source/stream_buffer.c **** 		configASSERT( pxStaticStreamBuffer );
 914              		.loc 1 293 45 is_stmt 1 discriminator 2 view .LVU263
 294:Middlewares/Third_Party/FreeRTOS/Source/stream_buffer.c **** 		configASSERT( xTriggerLevelBytes <= xBufferSizeBytes );
 915              		.loc 1 294 3 view .LVU264
 916 0008 069B     		ldr	r3, [sp, #24]
 917              	.LVL73:
 294:Middlewares/Third_Party/FreeRTOS/Source/stream_buffer.c **** 		configASSERT( xTriggerLevelBytes <= xBufferSizeBytes );
 918              		.loc 1 294 3 is_stmt 0 view .LVU265
 919 000a 9BB1     		cbz	r3, .L72
 294:Middlewares/Third_Party/FreeRTOS/Source/stream_buffer.c **** 		configASSERT( xTriggerLevelBytes <= xBufferSizeBytes );
 920              		.loc 1 294 39 is_stmt 1 discriminator 2 view .LVU266
 295:Middlewares/Third_Party/FreeRTOS/Source/stream_buffer.c **** 
 921              		.loc 1 295 3 view .LVU267
 922 000c 8142     		cmp	r1, r0
 923 000e 1AD9     		bls	.L59
 295:Middlewares/Third_Party/FreeRTOS/Source/stream_buffer.c **** 
 924              		.loc 1 295 3 discriminator 1 view .LVU268
 925              	.LBB115:
 926              	.LBI115:
 193:Middlewares/Third_Party/FreeRTOS/Source/portable/GCC/ARM_CM3/portmacro.h **** {
 927              		.loc 2 193 30 view .LVU269
 928              	.LBB116:
 195:Middlewares/Third_Party/FreeRTOS/Source/portable/GCC/ARM_CM3/portmacro.h **** 
 929              		.loc 2 195 1 view .LVU270
ARM GAS  /tmp/ccdKs9qj.s 			page 46


 930              		.loc 2 197 2 view .LVU271
 931              		.syntax unified
 932              	@ 197 "Middlewares/Third_Party/FreeRTOS/Source/portable/GCC/ARM_CM3/portmacro.h" 1
 933 0010 4FF05003 			mov r3, #80												
 934 0014 83F31188 		msr basepri, r3											
 935 0018 BFF36F8F 		isb														
 936 001c BFF34F8F 		dsb														
 937              	
 938              	@ 0 "" 2
 939              		.thumb
 940              		.syntax unified
 941              	.L60:
 942              	.LBE116:
 943              	.LBE115:
 295:Middlewares/Third_Party/FreeRTOS/Source/stream_buffer.c **** 
 944              		.loc 1 295 3 discriminator 3 view .LVU272
 295:Middlewares/Third_Party/FreeRTOS/Source/stream_buffer.c **** 
 945              		.loc 1 295 3 discriminator 3 view .LVU273
 946 0020 FEE7     		b	.L60
 947              	.LVL74:
 948              	.L71:
 949              	.LCFI16:
 950              		.cfi_def_cfa_offset 0
 951              		.cfi_restore 14
 293:Middlewares/Third_Party/FreeRTOS/Source/stream_buffer.c **** 		configASSERT( pxStaticStreamBuffer );
 952              		.loc 1 293 3 discriminator 1 view .LVU274
 953              	.LBB117:
 954              	.LBI117:
 193:Middlewares/Third_Party/FreeRTOS/Source/portable/GCC/ARM_CM3/portmacro.h **** {
 955              		.loc 2 193 30 view .LVU275
 956              	.LBB118:
 195:Middlewares/Third_Party/FreeRTOS/Source/portable/GCC/ARM_CM3/portmacro.h **** 
 957              		.loc 2 195 1 view .LVU276
 958              		.loc 2 197 2 view .LVU277
 959              		.syntax unified
 960              	@ 197 "Middlewares/Third_Party/FreeRTOS/Source/portable/GCC/ARM_CM3/portmacro.h" 1
 961 0022 4FF05003 			mov r3, #80												
 962 0026 83F31188 		msr basepri, r3											
 963 002a BFF36F8F 		isb														
 964 002e BFF34F8F 		dsb														
 965              	
 966              	@ 0 "" 2
 967              	.LVL75:
 968              		.thumb
 969              		.syntax unified
 970              	.L56:
 971              		.loc 2 197 2 is_stmt 0 view .LVU278
 972              	.LBE118:
 973              	.LBE117:
 293:Middlewares/Third_Party/FreeRTOS/Source/stream_buffer.c **** 		configASSERT( pxStaticStreamBuffer );
 974              		.loc 1 293 3 is_stmt 1 discriminator 3 view .LVU279
 293:Middlewares/Third_Party/FreeRTOS/Source/stream_buffer.c **** 		configASSERT( pxStaticStreamBuffer );
 975              		.loc 1 293 3 discriminator 3 view .LVU280
 976 0032 FEE7     		b	.L56
 977              	.LVL76:
 978              	.L72:
 979              	.LCFI17:
ARM GAS  /tmp/ccdKs9qj.s 			page 47


 980              		.cfi_def_cfa_offset 24
 981              		.cfi_offset 14, -4
 294:Middlewares/Third_Party/FreeRTOS/Source/stream_buffer.c **** 		configASSERT( xTriggerLevelBytes <= xBufferSizeBytes );
 982              		.loc 1 294 3 discriminator 1 view .LVU281
 983              	.LBB119:
 984              	.LBI119:
 193:Middlewares/Third_Party/FreeRTOS/Source/portable/GCC/ARM_CM3/portmacro.h **** {
 985              		.loc 2 193 30 view .LVU282
 986              	.LBB120:
 195:Middlewares/Third_Party/FreeRTOS/Source/portable/GCC/ARM_CM3/portmacro.h **** 
 987              		.loc 2 195 1 view .LVU283
 988              		.loc 2 197 2 view .LVU284
 989              		.syntax unified
 990              	@ 197 "Middlewares/Third_Party/FreeRTOS/Source/portable/GCC/ARM_CM3/portmacro.h" 1
 991 0034 4FF05003 			mov r3, #80												
 992 0038 83F31188 		msr basepri, r3											
 993 003c BFF36F8F 		isb														
 994 0040 BFF34F8F 		dsb														
 995              	
 996              	@ 0 "" 2
 997              		.thumb
 998              		.syntax unified
 999              	.L58:
 1000              	.LBE120:
 1001              	.LBE119:
 294:Middlewares/Third_Party/FreeRTOS/Source/stream_buffer.c **** 		configASSERT( xTriggerLevelBytes <= xBufferSizeBytes );
 1002              		.loc 1 294 3 discriminator 3 view .LVU285
 294:Middlewares/Third_Party/FreeRTOS/Source/stream_buffer.c **** 		configASSERT( xTriggerLevelBytes <= xBufferSizeBytes );
 1003              		.loc 1 294 3 discriminator 3 view .LVU286
 1004 0044 FEE7     		b	.L58
 1005              	.L59:
 295:Middlewares/Third_Party/FreeRTOS/Source/stream_buffer.c **** 
 1006              		.loc 1 295 57 discriminator 2 view .LVU287
 299:Middlewares/Third_Party/FreeRTOS/Source/stream_buffer.c **** 		{
 1007              		.loc 1 299 3 view .LVU288
 299:Middlewares/Third_Party/FreeRTOS/Source/stream_buffer.c **** 		{
 1008              		.loc 1 299 5 is_stmt 0 view .LVU289
 1009 0046 01B9     		cbnz	r1, .L61
 301:Middlewares/Third_Party/FreeRTOS/Source/stream_buffer.c **** 		}
 1010              		.loc 1 301 23 view .LVU290
 1011 0048 0121     		movs	r1, #1
 1012              	.LVL77:
 1013              	.L61:
 304:Middlewares/Third_Party/FreeRTOS/Source/stream_buffer.c **** 		{
 1014              		.loc 1 304 3 is_stmt 1 view .LVU291
 304:Middlewares/Third_Party/FreeRTOS/Source/stream_buffer.c **** 		{
 1015              		.loc 1 304 5 is_stmt 0 view .LVU292
 1016 004a 5AB1     		cbz	r2, .L68
 307:Middlewares/Third_Party/FreeRTOS/Source/stream_buffer.c **** 		}
 1017              		.loc 1 307 12 view .LVU293
 1018 004c 0323     		movs	r3, #3
 1019              	.L62:
 1020              	.LVL78:
 319:Middlewares/Third_Party/FreeRTOS/Source/stream_buffer.c **** 
 1021              		.loc 1 319 3 is_stmt 1 view .LVU294
 1022 004e 0428     		cmp	r0, #4
 1023 0050 0AD8     		bhi	.L63
ARM GAS  /tmp/ccdKs9qj.s 			page 48


 319:Middlewares/Third_Party/FreeRTOS/Source/stream_buffer.c **** 
 1024              		.loc 1 319 3 discriminator 1 view .LVU295
 1025              	.LBB121:
 1026              	.LBI121:
 193:Middlewares/Third_Party/FreeRTOS/Source/portable/GCC/ARM_CM3/portmacro.h **** {
 1027              		.loc 2 193 30 view .LVU296
 1028              	.LBB122:
 195:Middlewares/Third_Party/FreeRTOS/Source/portable/GCC/ARM_CM3/portmacro.h **** 
 1029              		.loc 2 195 1 view .LVU297
 1030              		.loc 2 197 2 view .LVU298
 1031              		.syntax unified
 1032              	@ 197 "Middlewares/Third_Party/FreeRTOS/Source/portable/GCC/ARM_CM3/portmacro.h" 1
 1033 0052 4FF05003 			mov r3, #80												
 1034 0056 83F31188 		msr basepri, r3											
 1035 005a BFF36F8F 		isb														
 1036 005e BFF34F8F 		dsb														
 1037              	
 1038              	@ 0 "" 2
 1039              	.LVL79:
 1040              		.thumb
 1041              		.syntax unified
 1042              	.L64:
 1043              		.loc 2 197 2 is_stmt 0 view .LVU299
 1044              	.LBE122:
 1045              	.LBE121:
 319:Middlewares/Third_Party/FreeRTOS/Source/stream_buffer.c **** 
 1046              		.loc 1 319 3 is_stmt 1 discriminator 3 view .LVU300
 319:Middlewares/Third_Party/FreeRTOS/Source/stream_buffer.c **** 
 1047              		.loc 1 319 3 discriminator 3 view .LVU301
 1048 0062 FEE7     		b	.L64
 1049              	.LVL80:
 1050              	.L68:
 312:Middlewares/Third_Party/FreeRTOS/Source/stream_buffer.c **** 		}
 1051              		.loc 1 312 12 is_stmt 0 view .LVU302
 1052 0064 0223     		movs	r3, #2
 1053 0066 F2E7     		b	.L62
 1054              	.LVL81:
 1055              	.L63:
 319:Middlewares/Third_Party/FreeRTOS/Source/stream_buffer.c **** 
 1056              		.loc 1 319 69 is_stmt 1 discriminator 2 view .LVU303
 1057              	.LBB123:
 326:Middlewares/Third_Party/FreeRTOS/Source/stream_buffer.c **** 			configASSERT( xSize == sizeof( StreamBuffer_t ) );
 1058              		.loc 1 326 4 view .LVU304
 326:Middlewares/Third_Party/FreeRTOS/Source/stream_buffer.c **** 			configASSERT( xSize == sizeof( StreamBuffer_t ) );
 1059              		.loc 1 326 20 is_stmt 0 view .LVU305
 1060 0068 2422     		movs	r2, #36
 1061              	.LVL82:
 326:Middlewares/Third_Party/FreeRTOS/Source/stream_buffer.c **** 			configASSERT( xSize == sizeof( StreamBuffer_t ) );
 1062              		.loc 1 326 20 view .LVU306
 1063 006a 0392     		str	r2, [sp, #12]
 327:Middlewares/Third_Party/FreeRTOS/Source/stream_buffer.c **** 		} /*lint !e529 xSize is referenced is configASSERT() is defined. */
 1064              		.loc 1 327 4 is_stmt 1 view .LVU307
 1065 006c 039A     		ldr	r2, [sp, #12]
 1066 006e 242A     		cmp	r2, #36
 1067 0070 08D0     		beq	.L65
 327:Middlewares/Third_Party/FreeRTOS/Source/stream_buffer.c **** 		} /*lint !e529 xSize is referenced is configASSERT() is defined. */
 1068              		.loc 1 327 4 discriminator 1 view .LVU308
ARM GAS  /tmp/ccdKs9qj.s 			page 49


 1069              	.LBB124:
 1070              	.LBI124:
 193:Middlewares/Third_Party/FreeRTOS/Source/portable/GCC/ARM_CM3/portmacro.h **** {
 1071              		.loc 2 193 30 view .LVU309
 1072              	.LBB125:
 195:Middlewares/Third_Party/FreeRTOS/Source/portable/GCC/ARM_CM3/portmacro.h **** 
 1073              		.loc 2 195 1 view .LVU310
 1074              		.loc 2 197 2 view .LVU311
 1075              		.syntax unified
 1076              	@ 197 "Middlewares/Third_Party/FreeRTOS/Source/portable/GCC/ARM_CM3/portmacro.h" 1
 1077 0072 4FF05003 			mov r3, #80												
 1078 0076 83F31188 		msr basepri, r3											
 1079 007a BFF36F8F 		isb														
 1080 007e BFF34F8F 		dsb														
 1081              	
 1082              	@ 0 "" 2
 1083              	.LVL83:
 1084              		.thumb
 1085              		.syntax unified
 1086              	.L66:
 1087              		.loc 2 197 2 is_stmt 0 view .LVU312
 1088              	.LBE125:
 1089              	.LBE124:
 327:Middlewares/Third_Party/FreeRTOS/Source/stream_buffer.c **** 		} /*lint !e529 xSize is referenced is configASSERT() is defined. */
 1090              		.loc 1 327 4 is_stmt 1 discriminator 3 view .LVU313
 327:Middlewares/Third_Party/FreeRTOS/Source/stream_buffer.c **** 		} /*lint !e529 xSize is referenced is configASSERT() is defined. */
 1091              		.loc 1 327 4 discriminator 3 view .LVU314
 1092 0082 FEE7     		b	.L66
 1093              	.LVL84:
 1094              	.L65:
 327:Middlewares/Third_Party/FreeRTOS/Source/stream_buffer.c **** 		} /*lint !e529 xSize is referenced is configASSERT() is defined. */
 1095              		.loc 1 327 53 discriminator 2 view .LVU315
 1096              	.LBE123:
 331:Middlewares/Third_Party/FreeRTOS/Source/stream_buffer.c **** 		{
 1097              		.loc 1 331 3 view .LVU316
 333:Middlewares/Third_Party/FreeRTOS/Source/stream_buffer.c **** 										  pucStreamBufferStorageArea,
 1098              		.loc 1 333 4 view .LVU317
 1099 0084 0093     		str	r3, [sp]
 1100 0086 0B46     		mov	r3, r1
 1101              	.LVL85:
 333:Middlewares/Third_Party/FreeRTOS/Source/stream_buffer.c **** 										  pucStreamBufferStorageArea,
 1102              		.loc 1 333 4 is_stmt 0 view .LVU318
 1103 0088 0246     		mov	r2, r0
 1104 008a 6146     		mov	r1, ip
 1105              	.LVL86:
 333:Middlewares/Third_Party/FreeRTOS/Source/stream_buffer.c **** 										  pucStreamBufferStorageArea,
 1106              		.loc 1 333 4 view .LVU319
 1107 008c 0698     		ldr	r0, [sp, #24]
 1108              	.LVL87:
 333:Middlewares/Third_Party/FreeRTOS/Source/stream_buffer.c **** 										  pucStreamBufferStorageArea,
 1109              		.loc 1 333 4 view .LVU320
 1110 008e FFF7FEFF 		bl	prvInitialiseNewStreamBuffer
 1111              	.LVL88:
 341:Middlewares/Third_Party/FreeRTOS/Source/stream_buffer.c **** 
 1112              		.loc 1 341 4 is_stmt 1 view .LVU321
 341:Middlewares/Third_Party/FreeRTOS/Source/stream_buffer.c **** 
 1113              		.loc 1 341 18 is_stmt 0 view .LVU322
ARM GAS  /tmp/ccdKs9qj.s 			page 50


 1114 0092 069B     		ldr	r3, [sp, #24]
 1115 0094 1B7F     		ldrb	r3, [r3, #28]	@ zero_extendqisi2
 341:Middlewares/Third_Party/FreeRTOS/Source/stream_buffer.c **** 
 1116              		.loc 1 341 28 view .LVU323
 1117 0096 43F00203 		orr	r3, r3, #2
 1118 009a 069A     		ldr	r2, [sp, #24]
 1119 009c 1377     		strb	r3, [r2, #28]
 343:Middlewares/Third_Party/FreeRTOS/Source/stream_buffer.c **** 
 1120              		.loc 1 343 65 is_stmt 1 view .LVU324
 345:Middlewares/Third_Party/FreeRTOS/Source/stream_buffer.c **** 		}
 1121              		.loc 1 345 4 view .LVU325
 1122              	.LVL89:
 350:Middlewares/Third_Party/FreeRTOS/Source/stream_buffer.c **** 		}
 1123              		.loc 1 350 72 view .LVU326
 353:Middlewares/Third_Party/FreeRTOS/Source/stream_buffer.c **** 	}
 1124              		.loc 1 353 3 view .LVU327
 354:Middlewares/Third_Party/FreeRTOS/Source/stream_buffer.c **** 
 1125              		.loc 1 354 2 is_stmt 0 view .LVU328
 1126 009e 1046     		mov	r0, r2
 1127 00a0 05B0     		add	sp, sp, #20
 1128              	.LCFI18:
 1129              		.cfi_def_cfa_offset 4
 1130              		@ sp needed
 1131 00a2 5DF804FB 		ldr	pc, [sp], #4
 354:Middlewares/Third_Party/FreeRTOS/Source/stream_buffer.c **** 
 1132              		.loc 1 354 2 view .LVU329
 1133              		.cfi_endproc
 1134              	.LFE5:
 1136              		.section	.text.vStreamBufferDelete,"ax",%progbits
 1137              		.align	1
 1138              		.global	vStreamBufferDelete
 1139              		.syntax unified
 1140              		.thumb
 1141              		.thumb_func
 1143              	vStreamBufferDelete:
 1144              	.LVL90:
 1145              	.LFB6:
 360:Middlewares/Third_Party/FreeRTOS/Source/stream_buffer.c **** StreamBuffer_t * pxStreamBuffer = xStreamBuffer;
 1146              		.loc 1 360 1 is_stmt 1 view -0
 1147              		.cfi_startproc
 1148              		@ args = 0, pretend = 0, frame = 0
 1149              		@ frame_needed = 0, uses_anonymous_args = 0
 360:Middlewares/Third_Party/FreeRTOS/Source/stream_buffer.c **** StreamBuffer_t * pxStreamBuffer = xStreamBuffer;
 1150              		.loc 1 360 1 is_stmt 0 view .LVU331
 1151 0000 08B5     		push	{r3, lr}
 1152              	.LCFI19:
 1153              		.cfi_def_cfa_offset 8
 1154              		.cfi_offset 3, -8
 1155              		.cfi_offset 14, -4
 361:Middlewares/Third_Party/FreeRTOS/Source/stream_buffer.c **** 
 1156              		.loc 1 361 1 is_stmt 1 view .LVU332
 1157              	.LVL91:
 363:Middlewares/Third_Party/FreeRTOS/Source/stream_buffer.c **** 
 1158              		.loc 1 363 2 view .LVU333
 1159 0002 30B1     		cbz	r0, .L79
 363:Middlewares/Third_Party/FreeRTOS/Source/stream_buffer.c **** 
 1160              		.loc 1 363 32 discriminator 2 view .LVU334
ARM GAS  /tmp/ccdKs9qj.s 			page 51


 365:Middlewares/Third_Party/FreeRTOS/Source/stream_buffer.c **** 
 1161              		.loc 1 365 44 view .LVU335
 367:Middlewares/Third_Party/FreeRTOS/Source/stream_buffer.c **** 	{
 1162              		.loc 1 367 2 view .LVU336
 367:Middlewares/Third_Party/FreeRTOS/Source/stream_buffer.c **** 	{
 1163              		.loc 1 367 22 is_stmt 0 view .LVU337
 1164 0004 027F     		ldrb	r2, [r0, #28]	@ zero_extendqisi2
 367:Middlewares/Third_Party/FreeRTOS/Source/stream_buffer.c **** 	{
 1165              		.loc 1 367 4 view .LVU338
 1166 0006 12F0020F 		tst	r2, #2
 1167 000a 0BD1     		bne	.L76
 373:Middlewares/Third_Party/FreeRTOS/Source/stream_buffer.c **** 		}
 1168              		.loc 1 373 4 is_stmt 1 view .LVU339
 1169 000c FFF7FEFF 		bl	vPortFree
 1170              	.LVL92:
 1171              	.L73:
 389:Middlewares/Third_Party/FreeRTOS/Source/stream_buffer.c **** /*-----------------------------------------------------------*/
 1172              		.loc 1 389 1 is_stmt 0 view .LVU340
 1173 0010 08BD     		pop	{r3, pc}
 1174              	.LVL93:
 1175              	.L79:
 363:Middlewares/Third_Party/FreeRTOS/Source/stream_buffer.c **** 
 1176              		.loc 1 363 2 is_stmt 1 discriminator 1 view .LVU341
 1177              	.LBB126:
 1178              	.LBI126:
 193:Middlewares/Third_Party/FreeRTOS/Source/portable/GCC/ARM_CM3/portmacro.h **** {
 1179              		.loc 2 193 30 view .LVU342
 1180              	.LBB127:
 195:Middlewares/Third_Party/FreeRTOS/Source/portable/GCC/ARM_CM3/portmacro.h **** 
 1181              		.loc 2 195 1 view .LVU343
 1182              		.loc 2 197 2 view .LVU344
 1183              		.syntax unified
 1184              	@ 197 "Middlewares/Third_Party/FreeRTOS/Source/portable/GCC/ARM_CM3/portmacro.h" 1
 1185 0012 4FF05003 			mov r3, #80												
 1186 0016 83F31188 		msr basepri, r3											
 1187 001a BFF36F8F 		isb														
 1188 001e BFF34F8F 		dsb														
 1189              	
 1190              	@ 0 "" 2
 1191              		.thumb
 1192              		.syntax unified
 1193              	.L75:
 1194              	.LBE127:
 1195              	.LBE126:
 363:Middlewares/Third_Party/FreeRTOS/Source/stream_buffer.c **** 
 1196              		.loc 1 363 2 discriminator 3 view .LVU345
 363:Middlewares/Third_Party/FreeRTOS/Source/stream_buffer.c **** 
 1197              		.loc 1 363 2 discriminator 3 view .LVU346
 1198 0022 FEE7     		b	.L75
 1199              	.L76:
 387:Middlewares/Third_Party/FreeRTOS/Source/stream_buffer.c **** 	}
 1200              		.loc 1 387 3 view .LVU347
 387:Middlewares/Third_Party/FreeRTOS/Source/stream_buffer.c **** 	}
 1201              		.loc 1 387 12 is_stmt 0 view .LVU348
 1202 0024 2422     		movs	r2, #36
 1203 0026 0021     		movs	r1, #0
 1204 0028 FFF7FEFF 		bl	memset
ARM GAS  /tmp/ccdKs9qj.s 			page 52


 1205              	.LVL94:
 389:Middlewares/Third_Party/FreeRTOS/Source/stream_buffer.c **** /*-----------------------------------------------------------*/
 1206              		.loc 1 389 1 view .LVU349
 1207 002c F0E7     		b	.L73
 1208              		.cfi_endproc
 1209              	.LFE6:
 1211              		.section	.text.xStreamBufferReset,"ax",%progbits
 1212              		.align	1
 1213              		.global	xStreamBufferReset
 1214              		.syntax unified
 1215              		.thumb
 1216              		.thumb_func
 1218              	xStreamBufferReset:
 1219              	.LVL95:
 1220              	.LFB7:
 393:Middlewares/Third_Party/FreeRTOS/Source/stream_buffer.c **** StreamBuffer_t * const pxStreamBuffer = xStreamBuffer;
 1221              		.loc 1 393 1 is_stmt 1 view -0
 1222              		.cfi_startproc
 1223              		@ args = 0, pretend = 0, frame = 0
 1224              		@ frame_needed = 0, uses_anonymous_args = 0
 394:Middlewares/Third_Party/FreeRTOS/Source/stream_buffer.c **** BaseType_t xReturn = pdFAIL;
 1225              		.loc 1 394 1 view .LVU351
 395:Middlewares/Third_Party/FreeRTOS/Source/stream_buffer.c **** 
 1226              		.loc 1 395 1 view .LVU352
 398:Middlewares/Third_Party/FreeRTOS/Source/stream_buffer.c **** #endif
 1227              		.loc 1 398 2 view .LVU353
 401:Middlewares/Third_Party/FreeRTOS/Source/stream_buffer.c **** 
 1228              		.loc 1 401 2 view .LVU354
 1229 0000 68B1     		cbz	r0, .L88
 393:Middlewares/Third_Party/FreeRTOS/Source/stream_buffer.c **** StreamBuffer_t * const pxStreamBuffer = xStreamBuffer;
 1230              		.loc 1 393 1 is_stmt 0 view .LVU355
 1231 0002 30B5     		push	{r4, r5, lr}
 1232              	.LCFI20:
 1233              		.cfi_def_cfa_offset 12
 1234              		.cfi_offset 4, -12
 1235              		.cfi_offset 5, -8
 1236              		.cfi_offset 14, -4
 1237 0004 83B0     		sub	sp, sp, #12
 1238              	.LCFI21:
 1239              		.cfi_def_cfa_offset 24
 1240 0006 0446     		mov	r4, r0
 401:Middlewares/Third_Party/FreeRTOS/Source/stream_buffer.c **** 
 1241              		.loc 1 401 32 is_stmt 1 discriminator 2 view .LVU356
 407:Middlewares/Third_Party/FreeRTOS/Source/stream_buffer.c **** 	}
 1242              		.loc 1 407 3 view .LVU357
 407:Middlewares/Third_Party/FreeRTOS/Source/stream_buffer.c **** 	}
 1243              		.loc 1 407 24 is_stmt 0 view .LVU358
 1244 0008 056A     		ldr	r5, [r0, #32]
 1245              	.LVL96:
 412:Middlewares/Third_Party/FreeRTOS/Source/stream_buffer.c **** 	{
 1246              		.loc 1 412 2 is_stmt 1 view .LVU359
 1247 000a FFF7FEFF 		bl	vPortEnterCritical
 1248              	.LVL97:
 414:Middlewares/Third_Party/FreeRTOS/Source/stream_buffer.c **** 		{
 1249              		.loc 1 414 3 view .LVU360
 414:Middlewares/Third_Party/FreeRTOS/Source/stream_buffer.c **** 		{
 1250              		.loc 1 414 21 is_stmt 0 view .LVU361
ARM GAS  /tmp/ccdKs9qj.s 			page 53


 1251 000e 2369     		ldr	r3, [r4, #16]
 414:Middlewares/Third_Party/FreeRTOS/Source/stream_buffer.c **** 		{
 1252              		.loc 1 414 5 view .LVU362
 1253 0010 73B1     		cbz	r3, .L89
 395:Middlewares/Third_Party/FreeRTOS/Source/stream_buffer.c **** 
 1254              		.loc 1 395 12 view .LVU363
 1255 0012 0024     		movs	r4, #0
 1256              	.LVL98:
 1257              	.L83:
 431:Middlewares/Third_Party/FreeRTOS/Source/stream_buffer.c **** 			}
 1258              		.loc 1 431 46 is_stmt 1 view .LVU364
 435:Middlewares/Third_Party/FreeRTOS/Source/stream_buffer.c **** 
 1259              		.loc 1 435 2 view .LVU365
 1260 0014 FFF7FEFF 		bl	vPortExitCritical
 1261              	.LVL99:
 437:Middlewares/Third_Party/FreeRTOS/Source/stream_buffer.c **** }
 1262              		.loc 1 437 2 view .LVU366
 438:Middlewares/Third_Party/FreeRTOS/Source/stream_buffer.c **** /*-----------------------------------------------------------*/
 1263              		.loc 1 438 1 is_stmt 0 view .LVU367
 1264 0018 2046     		mov	r0, r4
 1265 001a 03B0     		add	sp, sp, #12
 1266              	.LCFI22:
 1267              		.cfi_def_cfa_offset 12
 1268              		@ sp needed
 1269 001c 30BD     		pop	{r4, r5, pc}
 1270              	.LVL100:
 1271              	.L88:
 1272              	.LCFI23:
 1273              		.cfi_def_cfa_offset 0
 1274              		.cfi_restore 4
 1275              		.cfi_restore 5
 1276              		.cfi_restore 14
 401:Middlewares/Third_Party/FreeRTOS/Source/stream_buffer.c **** 
 1277              		.loc 1 401 2 is_stmt 1 discriminator 1 view .LVU368
 1278              	.LBB128:
 1279              	.LBI128:
 193:Middlewares/Third_Party/FreeRTOS/Source/portable/GCC/ARM_CM3/portmacro.h **** {
 1280              		.loc 2 193 30 view .LVU369
 1281              	.LBB129:
 195:Middlewares/Third_Party/FreeRTOS/Source/portable/GCC/ARM_CM3/portmacro.h **** 
 1282              		.loc 2 195 1 view .LVU370
 1283              		.loc 2 197 2 view .LVU371
 1284              		.syntax unified
 1285              	@ 197 "Middlewares/Third_Party/FreeRTOS/Source/portable/GCC/ARM_CM3/portmacro.h" 1
 1286 001e 4FF05003 			mov r3, #80												
 1287 0022 83F31188 		msr basepri, r3											
 1288 0026 BFF36F8F 		isb														
 1289 002a BFF34F8F 		dsb														
 1290              	
 1291              	@ 0 "" 2
 1292              		.thumb
 1293              		.syntax unified
 1294              	.L82:
 1295              	.LBE129:
 1296              	.LBE128:
 401:Middlewares/Third_Party/FreeRTOS/Source/stream_buffer.c **** 
 1297              		.loc 1 401 2 discriminator 3 view .LVU372
ARM GAS  /tmp/ccdKs9qj.s 			page 54


 401:Middlewares/Third_Party/FreeRTOS/Source/stream_buffer.c **** 
 1298              		.loc 1 401 2 discriminator 3 view .LVU373
 1299 002e FEE7     		b	.L82
 1300              	.LVL101:
 1301              	.L89:
 1302              	.LCFI24:
 1303              		.cfi_def_cfa_offset 24
 1304              		.cfi_offset 4, -12
 1305              		.cfi_offset 5, -8
 1306              		.cfi_offset 14, -4
 416:Middlewares/Third_Party/FreeRTOS/Source/stream_buffer.c **** 			{
 1307              		.loc 1 416 4 view .LVU374
 416:Middlewares/Third_Party/FreeRTOS/Source/stream_buffer.c **** 			{
 1308              		.loc 1 416 22 is_stmt 0 view .LVU375
 1309 0030 6369     		ldr	r3, [r4, #20]
 416:Middlewares/Third_Party/FreeRTOS/Source/stream_buffer.c **** 			{
 1310              		.loc 1 416 6 view .LVU376
 1311 0032 0BB1     		cbz	r3, .L90
 395:Middlewares/Third_Party/FreeRTOS/Source/stream_buffer.c **** 
 1312              		.loc 1 395 12 view .LVU377
 1313 0034 0024     		movs	r4, #0
 1314              	.LVL102:
 395:Middlewares/Third_Party/FreeRTOS/Source/stream_buffer.c **** 
 1315              		.loc 1 395 12 view .LVU378
 1316 0036 EDE7     		b	.L83
 1317              	.LVL103:
 1318              	.L90:
 418:Middlewares/Third_Party/FreeRTOS/Source/stream_buffer.c **** 											  pxStreamBuffer->pucBuffer,
 1319              		.loc 1 418 5 is_stmt 1 view .LVU379
 1320 0038 237F     		ldrb	r3, [r4, #28]	@ zero_extendqisi2
 1321 003a 0093     		str	r3, [sp]
 1322 003c E368     		ldr	r3, [r4, #12]
 1323 003e A268     		ldr	r2, [r4, #8]
 1324 0040 A169     		ldr	r1, [r4, #24]
 1325 0042 2046     		mov	r0, r4
 1326 0044 FFF7FEFF 		bl	prvInitialiseNewStreamBuffer
 1327              	.LVL104:
 423:Middlewares/Third_Party/FreeRTOS/Source/stream_buffer.c **** 
 1328              		.loc 1 423 5 view .LVU380
 427:Middlewares/Third_Party/FreeRTOS/Source/stream_buffer.c **** 				}
 1329              		.loc 1 427 6 view .LVU381
 427:Middlewares/Third_Party/FreeRTOS/Source/stream_buffer.c **** 				}
 1330              		.loc 1 427 43 is_stmt 0 view .LVU382
 1331 0048 2562     		str	r5, [r4, #32]
 423:Middlewares/Third_Party/FreeRTOS/Source/stream_buffer.c **** 
 1332              		.loc 1 423 13 view .LVU383
 1333 004a 0124     		movs	r4, #1
 1334              	.LVL105:
 423:Middlewares/Third_Party/FreeRTOS/Source/stream_buffer.c **** 
 1335              		.loc 1 423 13 view .LVU384
 1336 004c E2E7     		b	.L83
 1337              		.cfi_endproc
 1338              	.LFE7:
 1340              		.section	.text.xStreamBufferSetTriggerLevel,"ax",%progbits
 1341              		.align	1
 1342              		.global	xStreamBufferSetTriggerLevel
 1343              		.syntax unified
ARM GAS  /tmp/ccdKs9qj.s 			page 55


 1344              		.thumb
 1345              		.thumb_func
 1347              	xStreamBufferSetTriggerLevel:
 1348              	.LVL106:
 1349              	.LFB8:
 442:Middlewares/Third_Party/FreeRTOS/Source/stream_buffer.c **** StreamBuffer_t * const pxStreamBuffer = xStreamBuffer;
 1350              		.loc 1 442 1 is_stmt 1 view -0
 1351              		.cfi_startproc
 1352              		@ args = 0, pretend = 0, frame = 0
 1353              		@ frame_needed = 0, uses_anonymous_args = 0
 1354              		@ link register save eliminated.
 443:Middlewares/Third_Party/FreeRTOS/Source/stream_buffer.c **** BaseType_t xReturn;
 1355              		.loc 1 443 1 view .LVU386
 444:Middlewares/Third_Party/FreeRTOS/Source/stream_buffer.c **** 
 1356              		.loc 1 444 1 view .LVU387
 446:Middlewares/Third_Party/FreeRTOS/Source/stream_buffer.c **** 
 1357              		.loc 1 446 2 view .LVU388
 1358 0000 0346     		mov	r3, r0
 1359 0002 38B1     		cbz	r0, .L98
 446:Middlewares/Third_Party/FreeRTOS/Source/stream_buffer.c **** 
 1360              		.loc 1 446 32 discriminator 2 view .LVU389
 449:Middlewares/Third_Party/FreeRTOS/Source/stream_buffer.c **** 	{
 1361              		.loc 1 449 2 view .LVU390
 449:Middlewares/Third_Party/FreeRTOS/Source/stream_buffer.c **** 	{
 1362              		.loc 1 449 4 is_stmt 0 view .LVU391
 1363 0004 01B9     		cbnz	r1, .L94
 451:Middlewares/Third_Party/FreeRTOS/Source/stream_buffer.c **** 	}
 1364              		.loc 1 451 17 view .LVU392
 1365 0006 0121     		movs	r1, #1
 1366              	.LVL107:
 1367              	.L94:
 456:Middlewares/Third_Party/FreeRTOS/Source/stream_buffer.c **** 	{
 1368              		.loc 1 456 2 is_stmt 1 view .LVU393
 456:Middlewares/Third_Party/FreeRTOS/Source/stream_buffer.c **** 	{
 1369              		.loc 1 456 37 is_stmt 0 view .LVU394
 1370 0008 9A68     		ldr	r2, [r3, #8]
 456:Middlewares/Third_Party/FreeRTOS/Source/stream_buffer.c **** 	{
 1371              		.loc 1 456 4 view .LVU395
 1372 000a 8A42     		cmp	r2, r1
 1373 000c 0BD3     		bcc	.L97
 458:Middlewares/Third_Party/FreeRTOS/Source/stream_buffer.c **** 		xReturn = pdPASS;
 1374              		.loc 1 458 3 is_stmt 1 view .LVU396
 458:Middlewares/Third_Party/FreeRTOS/Source/stream_buffer.c **** 		xReturn = pdPASS;
 1375              		.loc 1 458 38 is_stmt 0 view .LVU397
 1376 000e D960     		str	r1, [r3, #12]
 459:Middlewares/Third_Party/FreeRTOS/Source/stream_buffer.c **** 	}
 1377              		.loc 1 459 3 is_stmt 1 view .LVU398
 1378              	.LVL108:
 459:Middlewares/Third_Party/FreeRTOS/Source/stream_buffer.c **** 	}
 1379              		.loc 1 459 11 is_stmt 0 view .LVU399
 1380 0010 0120     		movs	r0, #1
 1381              	.LVL109:
 459:Middlewares/Third_Party/FreeRTOS/Source/stream_buffer.c **** 	}
 1382              		.loc 1 459 11 view .LVU400
 1383 0012 7047     		bx	lr
 1384              	.LVL110:
 1385              	.L98:
ARM GAS  /tmp/ccdKs9qj.s 			page 56


 446:Middlewares/Third_Party/FreeRTOS/Source/stream_buffer.c **** 
 1386              		.loc 1 446 2 is_stmt 1 discriminator 1 view .LVU401
 1387              	.LBB130:
 1388              	.LBI130:
 193:Middlewares/Third_Party/FreeRTOS/Source/portable/GCC/ARM_CM3/portmacro.h **** {
 1389              		.loc 2 193 30 view .LVU402
 1390              	.LBB131:
 195:Middlewares/Third_Party/FreeRTOS/Source/portable/GCC/ARM_CM3/portmacro.h **** 
 1391              		.loc 2 195 1 view .LVU403
 1392              		.loc 2 197 2 view .LVU404
 1393              		.syntax unified
 1394              	@ 197 "Middlewares/Third_Party/FreeRTOS/Source/portable/GCC/ARM_CM3/portmacro.h" 1
 1395 0014 4FF05003 			mov r3, #80												
 1396 0018 83F31188 		msr basepri, r3											
 1397 001c BFF36F8F 		isb														
 1398 0020 BFF34F8F 		dsb														
 1399              	
 1400              	@ 0 "" 2
 1401              		.thumb
 1402              		.syntax unified
 1403              	.L93:
 1404              	.LBE131:
 1405              	.LBE130:
 446:Middlewares/Third_Party/FreeRTOS/Source/stream_buffer.c **** 
 1406              		.loc 1 446 2 discriminator 3 view .LVU405
 446:Middlewares/Third_Party/FreeRTOS/Source/stream_buffer.c **** 
 1407              		.loc 1 446 2 discriminator 3 view .LVU406
 1408 0024 FEE7     		b	.L93
 1409              	.L97:
 463:Middlewares/Third_Party/FreeRTOS/Source/stream_buffer.c **** 	}
 1410              		.loc 1 463 11 is_stmt 0 view .LVU407
 1411 0026 0020     		movs	r0, #0
 1412              	.LVL111:
 466:Middlewares/Third_Party/FreeRTOS/Source/stream_buffer.c **** }
 1413              		.loc 1 466 2 is_stmt 1 view .LVU408
 467:Middlewares/Third_Party/FreeRTOS/Source/stream_buffer.c **** /*-----------------------------------------------------------*/
 1414              		.loc 1 467 1 is_stmt 0 view .LVU409
 1415 0028 7047     		bx	lr
 1416              		.cfi_endproc
 1417              	.LFE8:
 1419              		.section	.text.xStreamBufferSpacesAvailable,"ax",%progbits
 1420              		.align	1
 1421              		.global	xStreamBufferSpacesAvailable
 1422              		.syntax unified
 1423              		.thumb
 1424              		.thumb_func
 1426              	xStreamBufferSpacesAvailable:
 1427              	.LVL112:
 1428              	.LFB9:
 471:Middlewares/Third_Party/FreeRTOS/Source/stream_buffer.c **** const StreamBuffer_t * const pxStreamBuffer = xStreamBuffer;
 1429              		.loc 1 471 1 is_stmt 1 view -0
 1430              		.cfi_startproc
 1431              		@ args = 0, pretend = 0, frame = 0
 1432              		@ frame_needed = 0, uses_anonymous_args = 0
 1433              		@ link register save eliminated.
 472:Middlewares/Third_Party/FreeRTOS/Source/stream_buffer.c **** size_t xSpace;
 1434              		.loc 1 472 1 view .LVU411
ARM GAS  /tmp/ccdKs9qj.s 			page 57


 473:Middlewares/Third_Party/FreeRTOS/Source/stream_buffer.c **** 
 1435              		.loc 1 473 1 view .LVU412
 475:Middlewares/Third_Party/FreeRTOS/Source/stream_buffer.c **** 
 1436              		.loc 1 475 2 view .LVU413
 1437 0000 0346     		mov	r3, r0
 1438 0002 48B1     		cbz	r0, .L103
 475:Middlewares/Third_Party/FreeRTOS/Source/stream_buffer.c **** 
 1439              		.loc 1 475 32 discriminator 2 view .LVU414
 477:Middlewares/Third_Party/FreeRTOS/Source/stream_buffer.c **** 	xSpace -= pxStreamBuffer->xHead;
 1440              		.loc 1 477 2 view .LVU415
 477:Middlewares/Third_Party/FreeRTOS/Source/stream_buffer.c **** 	xSpace -= pxStreamBuffer->xHead;
 1441              		.loc 1 477 25 is_stmt 0 view .LVU416
 1442 0004 8268     		ldr	r2, [r0, #8]
 477:Middlewares/Third_Party/FreeRTOS/Source/stream_buffer.c **** 	xSpace -= pxStreamBuffer->xHead;
 1443              		.loc 1 477 51 view .LVU417
 1444 0006 0068     		ldr	r0, [r0]
 1445              	.LVL113:
 477:Middlewares/Third_Party/FreeRTOS/Source/stream_buffer.c **** 	xSpace -= pxStreamBuffer->xHead;
 1446              		.loc 1 477 9 view .LVU418
 1447 0008 1044     		add	r0, r0, r2
 1448              	.LVL114:
 478:Middlewares/Third_Party/FreeRTOS/Source/stream_buffer.c **** 	xSpace -= ( size_t ) 1;
 1449              		.loc 1 478 2 is_stmt 1 view .LVU419
 478:Middlewares/Third_Party/FreeRTOS/Source/stream_buffer.c **** 	xSpace -= ( size_t ) 1;
 1450              		.loc 1 478 26 is_stmt 0 view .LVU420
 1451 000a 5B68     		ldr	r3, [r3, #4]
 1452              	.LVL115:
 478:Middlewares/Third_Party/FreeRTOS/Source/stream_buffer.c **** 	xSpace -= ( size_t ) 1;
 1453              		.loc 1 478 9 view .LVU421
 1454 000c C01A     		subs	r0, r0, r3
 1455              	.LVL116:
 479:Middlewares/Third_Party/FreeRTOS/Source/stream_buffer.c **** 
 1456              		.loc 1 479 2 is_stmt 1 view .LVU422
 479:Middlewares/Third_Party/FreeRTOS/Source/stream_buffer.c **** 
 1457              		.loc 1 479 9 is_stmt 0 view .LVU423
 1458 000e 0138     		subs	r0, r0, #1
 1459              	.LVL117:
 481:Middlewares/Third_Party/FreeRTOS/Source/stream_buffer.c **** 	{
 1460              		.loc 1 481 2 is_stmt 1 view .LVU424
 481:Middlewares/Third_Party/FreeRTOS/Source/stream_buffer.c **** 	{
 1461              		.loc 1 481 4 is_stmt 0 view .LVU425
 1462 0010 8242     		cmp	r2, r0
 1463 0012 00D8     		bhi	.L99
 483:Middlewares/Third_Party/FreeRTOS/Source/stream_buffer.c **** 	}
 1464              		.loc 1 483 3 is_stmt 1 view .LVU426
 483:Middlewares/Third_Party/FreeRTOS/Source/stream_buffer.c **** 	}
 1465              		.loc 1 483 10 is_stmt 0 view .LVU427
 1466 0014 801A     		subs	r0, r0, r2
 1467              	.LVL118:
 487:Middlewares/Third_Party/FreeRTOS/Source/stream_buffer.c **** 	}
 1468              		.loc 1 487 27 is_stmt 1 view .LVU428
 490:Middlewares/Third_Party/FreeRTOS/Source/stream_buffer.c **** }
 1469              		.loc 1 490 2 view .LVU429
 1470              	.L99:
 491:Middlewares/Third_Party/FreeRTOS/Source/stream_buffer.c **** /*-----------------------------------------------------------*/
 1471              		.loc 1 491 1 is_stmt 0 view .LVU430
 1472 0016 7047     		bx	lr
ARM GAS  /tmp/ccdKs9qj.s 			page 58


 1473              	.LVL119:
 1474              	.L103:
 475:Middlewares/Third_Party/FreeRTOS/Source/stream_buffer.c **** 
 1475              		.loc 1 475 2 is_stmt 1 discriminator 1 view .LVU431
 1476              	.LBB132:
 1477              	.LBI132:
 193:Middlewares/Third_Party/FreeRTOS/Source/portable/GCC/ARM_CM3/portmacro.h **** {
 1478              		.loc 2 193 30 view .LVU432
 1479              	.LBB133:
 195:Middlewares/Third_Party/FreeRTOS/Source/portable/GCC/ARM_CM3/portmacro.h **** 
 1480              		.loc 2 195 1 view .LVU433
 1481              		.loc 2 197 2 view .LVU434
 1482              		.syntax unified
 1483              	@ 197 "Middlewares/Third_Party/FreeRTOS/Source/portable/GCC/ARM_CM3/portmacro.h" 1
 1484 0018 4FF05003 			mov r3, #80												
 1485 001c 83F31188 		msr basepri, r3											
 1486 0020 BFF36F8F 		isb														
 1487 0024 BFF34F8F 		dsb														
 1488              	
 1489              	@ 0 "" 2
 1490              		.thumb
 1491              		.syntax unified
 1492              	.L101:
 1493              	.LBE133:
 1494              	.LBE132:
 475:Middlewares/Third_Party/FreeRTOS/Source/stream_buffer.c **** 
 1495              		.loc 1 475 2 discriminator 3 view .LVU435
 475:Middlewares/Third_Party/FreeRTOS/Source/stream_buffer.c **** 
 1496              		.loc 1 475 2 discriminator 3 view .LVU436
 1497 0028 FEE7     		b	.L101
 1498              		.cfi_endproc
 1499              	.LFE9:
 1501              		.section	.text.xStreamBufferBytesAvailable,"ax",%progbits
 1502              		.align	1
 1503              		.global	xStreamBufferBytesAvailable
 1504              		.syntax unified
 1505              		.thumb
 1506              		.thumb_func
 1508              	xStreamBufferBytesAvailable:
 1509              	.LVL120:
 1510              	.LFB10:
 495:Middlewares/Third_Party/FreeRTOS/Source/stream_buffer.c **** const StreamBuffer_t * const pxStreamBuffer = xStreamBuffer;
 1511              		.loc 1 495 1 view -0
 1512              		.cfi_startproc
 1513              		@ args = 0, pretend = 0, frame = 0
 1514              		@ frame_needed = 0, uses_anonymous_args = 0
 495:Middlewares/Third_Party/FreeRTOS/Source/stream_buffer.c **** const StreamBuffer_t * const pxStreamBuffer = xStreamBuffer;
 1515              		.loc 1 495 1 is_stmt 0 view .LVU438
 1516 0000 08B5     		push	{r3, lr}
 1517              	.LCFI25:
 1518              		.cfi_def_cfa_offset 8
 1519              		.cfi_offset 3, -8
 1520              		.cfi_offset 14, -4
 496:Middlewares/Third_Party/FreeRTOS/Source/stream_buffer.c **** size_t xReturn;
 1521              		.loc 1 496 1 is_stmt 1 view .LVU439
 1522              	.LVL121:
 497:Middlewares/Third_Party/FreeRTOS/Source/stream_buffer.c **** 
ARM GAS  /tmp/ccdKs9qj.s 			page 59


 1523              		.loc 1 497 1 view .LVU440
 499:Middlewares/Third_Party/FreeRTOS/Source/stream_buffer.c **** 
 1524              		.loc 1 499 2 view .LVU441
 1525 0002 10B1     		cbz	r0, .L108
 499:Middlewares/Third_Party/FreeRTOS/Source/stream_buffer.c **** 
 1526              		.loc 1 499 32 discriminator 2 view .LVU442
 501:Middlewares/Third_Party/FreeRTOS/Source/stream_buffer.c **** 	return xReturn;
 1527              		.loc 1 501 2 view .LVU443
 501:Middlewares/Third_Party/FreeRTOS/Source/stream_buffer.c **** 	return xReturn;
 1528              		.loc 1 501 12 is_stmt 0 view .LVU444
 1529 0004 FFF7FEFF 		bl	prvBytesInBuffer
 1530              	.LVL122:
 502:Middlewares/Third_Party/FreeRTOS/Source/stream_buffer.c **** }
 1531              		.loc 1 502 2 is_stmt 1 view .LVU445
 503:Middlewares/Third_Party/FreeRTOS/Source/stream_buffer.c **** /*-----------------------------------------------------------*/
 1532              		.loc 1 503 1 is_stmt 0 view .LVU446
 1533 0008 08BD     		pop	{r3, pc}
 1534              	.LVL123:
 1535              	.L108:
 499:Middlewares/Third_Party/FreeRTOS/Source/stream_buffer.c **** 
 1536              		.loc 1 499 2 is_stmt 1 discriminator 1 view .LVU447
 1537              	.LBB134:
 1538              	.LBI134:
 193:Middlewares/Third_Party/FreeRTOS/Source/portable/GCC/ARM_CM3/portmacro.h **** {
 1539              		.loc 2 193 30 view .LVU448
 1540              	.LBB135:
 195:Middlewares/Third_Party/FreeRTOS/Source/portable/GCC/ARM_CM3/portmacro.h **** 
 1541              		.loc 2 195 1 view .LVU449
 1542              		.loc 2 197 2 view .LVU450
 1543              		.syntax unified
 1544              	@ 197 "Middlewares/Third_Party/FreeRTOS/Source/portable/GCC/ARM_CM3/portmacro.h" 1
 1545 000a 4FF05003 			mov r3, #80												
 1546 000e 83F31188 		msr basepri, r3											
 1547 0012 BFF36F8F 		isb														
 1548 0016 BFF34F8F 		dsb														
 1549              	
 1550              	@ 0 "" 2
 1551              		.thumb
 1552              		.syntax unified
 1553              	.L106:
 1554              	.LBE135:
 1555              	.LBE134:
 499:Middlewares/Third_Party/FreeRTOS/Source/stream_buffer.c **** 
 1556              		.loc 1 499 2 discriminator 3 view .LVU451
 499:Middlewares/Third_Party/FreeRTOS/Source/stream_buffer.c **** 
 1557              		.loc 1 499 2 discriminator 3 view .LVU452
 1558 001a FEE7     		b	.L106
 1559              		.cfi_endproc
 1560              	.LFE10:
 1562              		.section	.text.xStreamBufferSend,"ax",%progbits
 1563              		.align	1
 1564              		.global	xStreamBufferSend
 1565              		.syntax unified
 1566              		.thumb
 1567              		.thumb_func
 1569              	xStreamBufferSend:
 1570              	.LVL124:
ARM GAS  /tmp/ccdKs9qj.s 			page 60


 1571              	.LFB11:
 510:Middlewares/Third_Party/FreeRTOS/Source/stream_buffer.c **** StreamBuffer_t * const pxStreamBuffer = xStreamBuffer;
 1572              		.loc 1 510 1 view -0
 1573              		.cfi_startproc
 1574              		@ args = 0, pretend = 0, frame = 16
 1575              		@ frame_needed = 0, uses_anonymous_args = 0
 510:Middlewares/Third_Party/FreeRTOS/Source/stream_buffer.c **** StreamBuffer_t * const pxStreamBuffer = xStreamBuffer;
 1576              		.loc 1 510 1 is_stmt 0 view .LVU454
 1577 0000 2DE9F041 		push	{r4, r5, r6, r7, r8, lr}
 1578              	.LCFI26:
 1579              		.cfi_def_cfa_offset 24
 1580              		.cfi_offset 4, -24
 1581              		.cfi_offset 5, -20
 1582              		.cfi_offset 6, -16
 1583              		.cfi_offset 7, -12
 1584              		.cfi_offset 8, -8
 1585              		.cfi_offset 14, -4
 1586 0004 86B0     		sub	sp, sp, #24
 1587              	.LCFI27:
 1588              		.cfi_def_cfa_offset 48
 1589 0006 0393     		str	r3, [sp, #12]
 511:Middlewares/Third_Party/FreeRTOS/Source/stream_buffer.c **** size_t xReturn, xSpace = 0;
 1590              		.loc 1 511 1 is_stmt 1 view .LVU455
 1591              	.LVL125:
 512:Middlewares/Third_Party/FreeRTOS/Source/stream_buffer.c **** size_t xRequiredSpace = xDataLengthBytes;
 1592              		.loc 1 512 1 view .LVU456
 513:Middlewares/Third_Party/FreeRTOS/Source/stream_buffer.c **** TimeOut_t xTimeOut;
 1593              		.loc 1 513 1 view .LVU457
 514:Middlewares/Third_Party/FreeRTOS/Source/stream_buffer.c **** 
 1594              		.loc 1 514 1 view .LVU458
 516:Middlewares/Third_Party/FreeRTOS/Source/stream_buffer.c **** 	configASSERT( pxStreamBuffer );
 1595              		.loc 1 516 2 view .LVU459
 1596 0008 99B1     		cbz	r1, .L127
 1597 000a 0446     		mov	r4, r0
 1598 000c 1646     		mov	r6, r2
 1599 000e 8846     		mov	r8, r1
 516:Middlewares/Third_Party/FreeRTOS/Source/stream_buffer.c **** 	configASSERT( pxStreamBuffer );
 1600              		.loc 1 516 26 discriminator 2 view .LVU460
 517:Middlewares/Third_Party/FreeRTOS/Source/stream_buffer.c **** 
 1601              		.loc 1 517 2 view .LVU461
 1602 0010 C0B1     		cbz	r0, .L128
 517:Middlewares/Third_Party/FreeRTOS/Source/stream_buffer.c **** 
 1603              		.loc 1 517 32 discriminator 2 view .LVU462
 523:Middlewares/Third_Party/FreeRTOS/Source/stream_buffer.c **** 	{
 1604              		.loc 1 523 2 view .LVU463
 523:Middlewares/Third_Party/FreeRTOS/Source/stream_buffer.c **** 	{
 1605              		.loc 1 523 22 is_stmt 0 view .LVU464
 1606 0012 037F     		ldrb	r3, [r0, #28]	@ zero_extendqisi2
 1607              	.LVL126:
 523:Middlewares/Third_Party/FreeRTOS/Source/stream_buffer.c **** 	{
 1608              		.loc 1 523 4 view .LVU465
 1609 0014 13F0010F 		tst	r3, #1
 1610 0018 1DD0     		beq	.L125
 525:Middlewares/Third_Party/FreeRTOS/Source/stream_buffer.c **** 
 1611              		.loc 1 525 3 is_stmt 1 view .LVU466
 525:Middlewares/Third_Party/FreeRTOS/Source/stream_buffer.c **** 
 1612              		.loc 1 525 18 is_stmt 0 view .LVU467
ARM GAS  /tmp/ccdKs9qj.s 			page 61


 1613 001a 171D     		adds	r7, r2, #4
 1614              	.LVL127:
 528:Middlewares/Third_Party/FreeRTOS/Source/stream_buffer.c **** 	}
 1615              		.loc 1 528 3 is_stmt 1 view .LVU468
 1616 001c BA42     		cmp	r2, r7
 1617 001e 1BD3     		bcc	.L114
 528:Middlewares/Third_Party/FreeRTOS/Source/stream_buffer.c **** 	}
 1618              		.loc 1 528 3 discriminator 1 view .LVU469
 1619              	.LBB136:
 1620              	.LBI136:
 193:Middlewares/Third_Party/FreeRTOS/Source/portable/GCC/ARM_CM3/portmacro.h **** {
 1621              		.loc 2 193 30 view .LVU470
 1622              	.LBB137:
 195:Middlewares/Third_Party/FreeRTOS/Source/portable/GCC/ARM_CM3/portmacro.h **** 
 1623              		.loc 2 195 1 view .LVU471
 1624              		.loc 2 197 2 view .LVU472
 1625              		.syntax unified
 1626              	@ 197 "Middlewares/Third_Party/FreeRTOS/Source/portable/GCC/ARM_CM3/portmacro.h" 1
 1627 0020 4FF05003 			mov r3, #80												
 1628 0024 83F31188 		msr basepri, r3											
 1629 0028 BFF36F8F 		isb														
 1630 002c BFF34F8F 		dsb														
 1631              	
 1632              	@ 0 "" 2
 1633              		.thumb
 1634              		.syntax unified
 1635              	.L115:
 1636              	.LBE137:
 1637              	.LBE136:
 528:Middlewares/Third_Party/FreeRTOS/Source/stream_buffer.c **** 	}
 1638              		.loc 1 528 3 discriminator 3 view .LVU473
 528:Middlewares/Third_Party/FreeRTOS/Source/stream_buffer.c **** 	}
 1639              		.loc 1 528 3 discriminator 3 view .LVU474
 1640 0030 FEE7     		b	.L115
 1641              	.LVL128:
 1642              	.L127:
 516:Middlewares/Third_Party/FreeRTOS/Source/stream_buffer.c **** 	configASSERT( pxStreamBuffer );
 1643              		.loc 1 516 2 discriminator 1 view .LVU475
 1644              	.LBB138:
 1645              	.LBI138:
 193:Middlewares/Third_Party/FreeRTOS/Source/portable/GCC/ARM_CM3/portmacro.h **** {
 1646              		.loc 2 193 30 view .LVU476
 1647              	.LBB139:
 195:Middlewares/Third_Party/FreeRTOS/Source/portable/GCC/ARM_CM3/portmacro.h **** 
 1648              		.loc 2 195 1 view .LVU477
 1649              		.loc 2 197 2 view .LVU478
 1650              		.syntax unified
 1651              	@ 197 "Middlewares/Third_Party/FreeRTOS/Source/portable/GCC/ARM_CM3/portmacro.h" 1
 1652 0032 4FF05003 			mov r3, #80												
 1653 0036 83F31188 		msr basepri, r3											
 1654 003a BFF36F8F 		isb														
 1655 003e BFF34F8F 		dsb														
 1656              	
 1657              	@ 0 "" 2
 1658              	.LVL129:
 1659              		.thumb
 1660              		.syntax unified
ARM GAS  /tmp/ccdKs9qj.s 			page 62


 1661              	.L111:
 1662              		.loc 2 197 2 is_stmt 0 view .LVU479
 1663              	.LBE139:
 1664              	.LBE138:
 516:Middlewares/Third_Party/FreeRTOS/Source/stream_buffer.c **** 	configASSERT( pxStreamBuffer );
 1665              		.loc 1 516 2 is_stmt 1 discriminator 3 view .LVU480
 516:Middlewares/Third_Party/FreeRTOS/Source/stream_buffer.c **** 	configASSERT( pxStreamBuffer );
 1666              		.loc 1 516 2 discriminator 3 view .LVU481
 1667 0042 FEE7     		b	.L111
 1668              	.LVL130:
 1669              	.L128:
 517:Middlewares/Third_Party/FreeRTOS/Source/stream_buffer.c **** 
 1670              		.loc 1 517 2 discriminator 1 view .LVU482
 1671              	.LBB140:
 1672              	.LBI140:
 193:Middlewares/Third_Party/FreeRTOS/Source/portable/GCC/ARM_CM3/portmacro.h **** {
 1673              		.loc 2 193 30 view .LVU483
 1674              	.LBB141:
 195:Middlewares/Third_Party/FreeRTOS/Source/portable/GCC/ARM_CM3/portmacro.h **** 
 1675              		.loc 2 195 1 view .LVU484
 1676              		.loc 2 197 2 view .LVU485
 1677              		.syntax unified
 1678              	@ 197 "Middlewares/Third_Party/FreeRTOS/Source/portable/GCC/ARM_CM3/portmacro.h" 1
 1679 0044 4FF05003 			mov r3, #80												
 1680 0048 83F31188 		msr basepri, r3											
 1681 004c BFF36F8F 		isb														
 1682 0050 BFF34F8F 		dsb														
 1683              	
 1684              	@ 0 "" 2
 1685              	.LVL131:
 1686              		.thumb
 1687              		.syntax unified
 1688              	.L113:
 1689              		.loc 2 197 2 is_stmt 0 view .LVU486
 1690              	.LBE141:
 1691              	.LBE140:
 517:Middlewares/Third_Party/FreeRTOS/Source/stream_buffer.c **** 
 1692              		.loc 1 517 2 is_stmt 1 discriminator 3 view .LVU487
 517:Middlewares/Third_Party/FreeRTOS/Source/stream_buffer.c **** 
 1693              		.loc 1 517 2 discriminator 3 view .LVU488
 1694 0054 FEE7     		b	.L113
 1695              	.L125:
 513:Middlewares/Third_Party/FreeRTOS/Source/stream_buffer.c **** TimeOut_t xTimeOut;
 1696              		.loc 1 513 8 is_stmt 0 view .LVU489
 1697 0056 1746     		mov	r7, r2
 1698              	.LVL132:
 1699              	.L114:
 532:Middlewares/Third_Party/FreeRTOS/Source/stream_buffer.c **** 	}
 1700              		.loc 1 532 27 is_stmt 1 view .LVU490
 535:Middlewares/Third_Party/FreeRTOS/Source/stream_buffer.c **** 	{
 1701              		.loc 1 535 2 view .LVU491
 535:Middlewares/Third_Party/FreeRTOS/Source/stream_buffer.c **** 	{
 1702              		.loc 1 535 19 is_stmt 0 view .LVU492
 1703 0058 039B     		ldr	r3, [sp, #12]
 535:Middlewares/Third_Party/FreeRTOS/Source/stream_buffer.c **** 	{
 1704              		.loc 1 535 4 view .LVU493
 1705 005a 7BB3     		cbz	r3, .L116
ARM GAS  /tmp/ccdKs9qj.s 			page 63


 537:Middlewares/Third_Party/FreeRTOS/Source/stream_buffer.c **** 
 1706              		.loc 1 537 3 is_stmt 1 view .LVU494
 1707 005c 04A8     		add	r0, sp, #16
 1708              	.LVL133:
 537:Middlewares/Third_Party/FreeRTOS/Source/stream_buffer.c **** 
 1709              		.loc 1 537 3 is_stmt 0 view .LVU495
 1710 005e FFF7FEFF 		bl	vTaskSetTimeOutState
 1711              	.LVL134:
 1712              	.L120:
 539:Middlewares/Third_Party/FreeRTOS/Source/stream_buffer.c **** 		{
 1713              		.loc 1 539 3 is_stmt 1 view .LVU496
 543:Middlewares/Third_Party/FreeRTOS/Source/stream_buffer.c **** 			{
 1714              		.loc 1 543 4 view .LVU497
 1715 0062 FFF7FEFF 		bl	vPortEnterCritical
 1716              	.LVL135:
 545:Middlewares/Third_Party/FreeRTOS/Source/stream_buffer.c **** 
 1717              		.loc 1 545 5 view .LVU498
 545:Middlewares/Third_Party/FreeRTOS/Source/stream_buffer.c **** 
 1718              		.loc 1 545 14 is_stmt 0 view .LVU499
 1719 0066 2046     		mov	r0, r4
 1720 0068 FFF7FEFF 		bl	xStreamBufferSpacesAvailable
 1721              	.LVL136:
 1722 006c 0546     		mov	r5, r0
 1723              	.LVL137:
 547:Middlewares/Third_Party/FreeRTOS/Source/stream_buffer.c **** 				{
 1724              		.loc 1 547 5 is_stmt 1 view .LVU500
 547:Middlewares/Third_Party/FreeRTOS/Source/stream_buffer.c **** 				{
 1725              		.loc 1 547 7 is_stmt 0 view .LVU501
 1726 006e 8742     		cmp	r7, r0
 1727 0070 21D9     		bls	.L117
 550:Middlewares/Third_Party/FreeRTOS/Source/stream_buffer.c **** 
 1728              		.loc 1 550 6 is_stmt 1 view .LVU502
 550:Middlewares/Third_Party/FreeRTOS/Source/stream_buffer.c **** 
 1729              		.loc 1 550 15 is_stmt 0 view .LVU503
 1730 0072 0020     		movs	r0, #0
 1731              	.LVL138:
 550:Middlewares/Third_Party/FreeRTOS/Source/stream_buffer.c **** 
 1732              		.loc 1 550 15 view .LVU504
 1733 0074 FFF7FEFF 		bl	xTaskNotifyStateClear
 1734              	.LVL139:
 553:Middlewares/Third_Party/FreeRTOS/Source/stream_buffer.c **** 					pxStreamBuffer->xTaskWaitingToSend = xTaskGetCurrentTaskHandle();
 1735              		.loc 1 553 6 is_stmt 1 view .LVU505
 1736 0078 6369     		ldr	r3, [r4, #20]
 1737 007a 9BB9     		cbnz	r3, .L129
 553:Middlewares/Third_Party/FreeRTOS/Source/stream_buffer.c **** 					pxStreamBuffer->xTaskWaitingToSend = xTaskGetCurrentTaskHandle();
 1738              		.loc 1 553 64 discriminator 2 view .LVU506
 554:Middlewares/Third_Party/FreeRTOS/Source/stream_buffer.c **** 				}
 1739              		.loc 1 554 6 view .LVU507
 554:Middlewares/Third_Party/FreeRTOS/Source/stream_buffer.c **** 				}
 1740              		.loc 1 554 43 is_stmt 0 view .LVU508
 1741 007c FFF7FEFF 		bl	xTaskGetCurrentTaskHandle
 1742              	.LVL140:
 554:Middlewares/Third_Party/FreeRTOS/Source/stream_buffer.c **** 				}
 1743              		.loc 1 554 41 discriminator 1 view .LVU509
 1744 0080 6061     		str	r0, [r4, #20]
 562:Middlewares/Third_Party/FreeRTOS/Source/stream_buffer.c **** 
 1745              		.loc 1 562 4 is_stmt 1 view .LVU510
ARM GAS  /tmp/ccdKs9qj.s 			page 64


 1746 0082 FFF7FEFF 		bl	vPortExitCritical
 1747              	.LVL141:
 564:Middlewares/Third_Party/FreeRTOS/Source/stream_buffer.c **** 			( void ) xTaskNotifyWait( ( uint32_t ) 0, ( uint32_t ) 0, NULL, xTicksToWait );
 1748              		.loc 1 564 56 view .LVU511
 565:Middlewares/Third_Party/FreeRTOS/Source/stream_buffer.c **** 			pxStreamBuffer->xTaskWaitingToSend = NULL;
 1749              		.loc 1 565 4 view .LVU512
 565:Middlewares/Third_Party/FreeRTOS/Source/stream_buffer.c **** 			pxStreamBuffer->xTaskWaitingToSend = NULL;
 1750              		.loc 1 565 13 is_stmt 0 view .LVU513
 1751 0086 039B     		ldr	r3, [sp, #12]
 1752 0088 0022     		movs	r2, #0
 1753 008a 1146     		mov	r1, r2
 1754 008c 1046     		mov	r0, r2
 1755 008e FFF7FEFF 		bl	xTaskNotifyWait
 1756              	.LVL142:
 566:Middlewares/Third_Party/FreeRTOS/Source/stream_buffer.c **** 
 1757              		.loc 1 566 4 is_stmt 1 view .LVU514
 566:Middlewares/Third_Party/FreeRTOS/Source/stream_buffer.c **** 
 1758              		.loc 1 566 39 is_stmt 0 view .LVU515
 1759 0092 0023     		movs	r3, #0
 1760 0094 6361     		str	r3, [r4, #20]
 568:Middlewares/Third_Party/FreeRTOS/Source/stream_buffer.c **** 	}
 1761              		.loc 1 568 61 is_stmt 1 view .LVU516
 568:Middlewares/Third_Party/FreeRTOS/Source/stream_buffer.c **** 	}
 1762              		.loc 1 568 12 is_stmt 0 view .LVU517
 1763 0096 03A9     		add	r1, sp, #12
 1764 0098 04A8     		add	r0, sp, #16
 1765 009a FFF7FEFF 		bl	xTaskCheckForTimeOut
 1766              	.LVL143:
 568:Middlewares/Third_Party/FreeRTOS/Source/stream_buffer.c **** 	}
 1767              		.loc 1 568 61 discriminator 1 view .LVU518
 1768 009e 0028     		cmp	r0, #0
 1769 00a0 DFD0     		beq	.L120
 1770 00a2 0AE0     		b	.L121
 1771              	.L129:
 553:Middlewares/Third_Party/FreeRTOS/Source/stream_buffer.c **** 					pxStreamBuffer->xTaskWaitingToSend = xTaskGetCurrentTaskHandle();
 1772              		.loc 1 553 6 is_stmt 1 discriminator 1 view .LVU519
 1773              	.LBB142:
 1774              	.LBI142:
 193:Middlewares/Third_Party/FreeRTOS/Source/portable/GCC/ARM_CM3/portmacro.h **** {
 1775              		.loc 2 193 30 view .LVU520
 1776              	.LBB143:
 195:Middlewares/Third_Party/FreeRTOS/Source/portable/GCC/ARM_CM3/portmacro.h **** 
 1777              		.loc 2 195 1 view .LVU521
 1778              		.loc 2 197 2 view .LVU522
 1779              		.syntax unified
 1780              	@ 197 "Middlewares/Third_Party/FreeRTOS/Source/portable/GCC/ARM_CM3/portmacro.h" 1
 1781 00a4 4FF05003 			mov r3, #80												
 1782 00a8 83F31188 		msr basepri, r3											
 1783 00ac BFF36F8F 		isb														
 1784 00b0 BFF34F8F 		dsb														
 1785              	
 1786              	@ 0 "" 2
 1787              		.thumb
 1788              		.syntax unified
 1789              	.L119:
 1790              	.LBE143:
 1791              	.LBE142:
ARM GAS  /tmp/ccdKs9qj.s 			page 65


 553:Middlewares/Third_Party/FreeRTOS/Source/stream_buffer.c **** 					pxStreamBuffer->xTaskWaitingToSend = xTaskGetCurrentTaskHandle();
 1792              		.loc 1 553 6 discriminator 3 view .LVU523
 553:Middlewares/Third_Party/FreeRTOS/Source/stream_buffer.c **** 					pxStreamBuffer->xTaskWaitingToSend = xTaskGetCurrentTaskHandle();
 1793              		.loc 1 553 6 discriminator 3 view .LVU524
 1794 00b4 FEE7     		b	.L119
 1795              	.LVL144:
 1796              	.L117:
 558:Middlewares/Third_Party/FreeRTOS/Source/stream_buffer.c **** 					break;
 1797              		.loc 1 558 6 view .LVU525
 1798 00b6 FFF7FEFF 		bl	vPortExitCritical
 1799              	.LVL145:
 559:Middlewares/Third_Party/FreeRTOS/Source/stream_buffer.c **** 				}
 1800              		.loc 1 559 6 view .LVU526
 1801              	.L121:
 572:Middlewares/Third_Party/FreeRTOS/Source/stream_buffer.c **** 	}
 1802              		.loc 1 572 27 view .LVU527
 575:Middlewares/Third_Party/FreeRTOS/Source/stream_buffer.c **** 	{
 1803              		.loc 1 575 2 view .LVU528
 575:Middlewares/Third_Party/FreeRTOS/Source/stream_buffer.c **** 	{
 1804              		.loc 1 575 4 is_stmt 0 view .LVU529
 1805 00ba 1DB9     		cbnz	r5, .L122
 1806              	.LVL146:
 1807              	.L116:
 577:Middlewares/Third_Party/FreeRTOS/Source/stream_buffer.c **** 	}
 1808              		.loc 1 577 3 is_stmt 1 view .LVU530
 577:Middlewares/Third_Party/FreeRTOS/Source/stream_buffer.c **** 	}
 1809              		.loc 1 577 12 is_stmt 0 view .LVU531
 1810 00bc 2046     		mov	r0, r4
 1811 00be FFF7FEFF 		bl	xStreamBufferSpacesAvailable
 1812              	.LVL147:
 1813 00c2 0546     		mov	r5, r0
 1814              	.LVL148:
 1815              	.L122:
 581:Middlewares/Third_Party/FreeRTOS/Source/stream_buffer.c **** 	}
 1816              		.loc 1 581 27 is_stmt 1 view .LVU532
 584:Middlewares/Third_Party/FreeRTOS/Source/stream_buffer.c **** 
 1817              		.loc 1 584 2 view .LVU533
 584:Middlewares/Third_Party/FreeRTOS/Source/stream_buffer.c **** 
 1818              		.loc 1 584 12 is_stmt 0 view .LVU534
 1819 00c4 0097     		str	r7, [sp]
 1820 00c6 2B46     		mov	r3, r5
 1821 00c8 3246     		mov	r2, r6
 1822 00ca 4146     		mov	r1, r8
 1823 00cc 2046     		mov	r0, r4
 1824 00ce FFF7FEFF 		bl	prvWriteMessageToBuffer
 1825              	.LVL149:
 586:Middlewares/Third_Party/FreeRTOS/Source/stream_buffer.c **** 	{
 1826              		.loc 1 586 2 is_stmt 1 view .LVU535
 586:Middlewares/Third_Party/FreeRTOS/Source/stream_buffer.c **** 	{
 1827              		.loc 1 586 4 is_stmt 0 view .LVU536
 1828 00d2 0546     		mov	r5, r0
 1829              	.LVL150:
 586:Middlewares/Third_Party/FreeRTOS/Source/stream_buffer.c **** 	{
 1830              		.loc 1 586 4 view .LVU537
 1831 00d4 18B9     		cbnz	r0, .L130
 1832              	.LVL151:
 1833              	.L109:
ARM GAS  /tmp/ccdKs9qj.s 			page 66


 607:Middlewares/Third_Party/FreeRTOS/Source/stream_buffer.c **** /*-----------------------------------------------------------*/
 1834              		.loc 1 607 1 view .LVU538
 1835 00d6 2846     		mov	r0, r5
 1836 00d8 06B0     		add	sp, sp, #24
 1837              	.LCFI28:
 1838              		.cfi_remember_state
 1839              		.cfi_def_cfa_offset 24
 1840              		@ sp needed
 1841 00da BDE8F081 		pop	{r4, r5, r6, r7, r8, pc}
 1842              	.LVL152:
 1843              	.L130:
 1844              	.LCFI29:
 1845              		.cfi_restore_state
 588:Middlewares/Third_Party/FreeRTOS/Source/stream_buffer.c **** 
 1846              		.loc 1 588 52 is_stmt 1 view .LVU539
 591:Middlewares/Third_Party/FreeRTOS/Source/stream_buffer.c **** 		{
 1847              		.loc 1 591 3 view .LVU540
 591:Middlewares/Third_Party/FreeRTOS/Source/stream_buffer.c **** 		{
 1848              		.loc 1 591 7 is_stmt 0 view .LVU541
 1849 00de 2046     		mov	r0, r4
 1850              	.LVL153:
 591:Middlewares/Third_Party/FreeRTOS/Source/stream_buffer.c **** 		{
 1851              		.loc 1 591 7 view .LVU542
 1852 00e0 FFF7FEFF 		bl	prvBytesInBuffer
 1853              	.LVL154:
 591:Middlewares/Third_Party/FreeRTOS/Source/stream_buffer.c **** 		{
 1854              		.loc 1 591 59 discriminator 1 view .LVU543
 1855 00e4 E368     		ldr	r3, [r4, #12]
 591:Middlewares/Third_Party/FreeRTOS/Source/stream_buffer.c **** 		{
 1856              		.loc 1 591 5 discriminator 1 view .LVU544
 1857 00e6 9842     		cmp	r0, r3
 1858 00e8 F5D3     		bcc	.L109
 593:Middlewares/Third_Party/FreeRTOS/Source/stream_buffer.c **** 		}
 1859              		.loc 1 593 4 is_stmt 1 view .LVU545
 1860 00ea FFF7FEFF 		bl	vTaskSuspendAll
 1861              	.LVL155:
 593:Middlewares/Third_Party/FreeRTOS/Source/stream_buffer.c **** 		}
 1862              		.loc 1 593 4 discriminator 1 view .LVU546
 1863 00ee 2369     		ldr	r3, [r4, #16]
 1864 00f0 3BB1     		cbz	r3, .L124
 593:Middlewares/Third_Party/FreeRTOS/Source/stream_buffer.c **** 		}
 1865              		.loc 1 593 4 discriminator 1 view .LVU547
 1866 00f2 2069     		ldr	r0, [r4, #16]
 1867 00f4 0023     		movs	r3, #0
 1868 00f6 1A46     		mov	r2, r3
 1869 00f8 1946     		mov	r1, r3
 1870 00fa FFF7FEFF 		bl	xTaskGenericNotify
 1871              	.LVL156:
 593:Middlewares/Third_Party/FreeRTOS/Source/stream_buffer.c **** 		}
 1872              		.loc 1 593 4 discriminator 1 view .LVU548
 1873 00fe 0023     		movs	r3, #0
 1874 0100 2361     		str	r3, [r4, #16]
 1875              	.L124:
 593:Middlewares/Third_Party/FreeRTOS/Source/stream_buffer.c **** 		}
 1876              		.loc 1 593 4 discriminator 3 view .LVU549
 1877 0102 FFF7FEFF 		bl	xTaskResumeAll
 1878              	.LVL157:
ARM GAS  /tmp/ccdKs9qj.s 			page 67


 593:Middlewares/Third_Party/FreeRTOS/Source/stream_buffer.c **** 		}
 1879              		.loc 1 593 38 discriminator 1 view .LVU550
 602:Middlewares/Third_Party/FreeRTOS/Source/stream_buffer.c **** 		traceSTREAM_BUFFER_SEND_FAILED( xStreamBuffer );
 1880              		.loc 1 602 27 view .LVU551
 603:Middlewares/Third_Party/FreeRTOS/Source/stream_buffer.c **** 	}
 1881              		.loc 1 603 50 view .LVU552
 606:Middlewares/Third_Party/FreeRTOS/Source/stream_buffer.c **** }
 1882              		.loc 1 606 2 view .LVU553
 606:Middlewares/Third_Party/FreeRTOS/Source/stream_buffer.c **** }
 1883              		.loc 1 606 9 is_stmt 0 view .LVU554
 1884 0106 E6E7     		b	.L109
 1885              		.cfi_endproc
 1886              	.LFE11:
 1888              		.section	.text.xStreamBufferSendFromISR,"ax",%progbits
 1889              		.align	1
 1890              		.global	xStreamBufferSendFromISR
 1891              		.syntax unified
 1892              		.thumb
 1893              		.thumb_func
 1895              	xStreamBufferSendFromISR:
 1896              	.LVL158:
 1897              	.LFB12:
 614:Middlewares/Third_Party/FreeRTOS/Source/stream_buffer.c **** StreamBuffer_t * const pxStreamBuffer = xStreamBuffer;
 1898              		.loc 1 614 1 is_stmt 1 view -0
 1899              		.cfi_startproc
 1900              		@ args = 0, pretend = 0, frame = 0
 1901              		@ frame_needed = 0, uses_anonymous_args = 0
 615:Middlewares/Third_Party/FreeRTOS/Source/stream_buffer.c **** size_t xReturn, xSpace;
 1902              		.loc 1 615 1 view .LVU556
 616:Middlewares/Third_Party/FreeRTOS/Source/stream_buffer.c **** size_t xRequiredSpace = xDataLengthBytes;
 1903              		.loc 1 616 1 view .LVU557
 617:Middlewares/Third_Party/FreeRTOS/Source/stream_buffer.c **** 
 1904              		.loc 1 617 1 view .LVU558
 619:Middlewares/Third_Party/FreeRTOS/Source/stream_buffer.c **** 	configASSERT( pxStreamBuffer );
 1905              		.loc 1 619 2 view .LVU559
 1906 0000 F1B1     		cbz	r1, .L142
 614:Middlewares/Third_Party/FreeRTOS/Source/stream_buffer.c **** StreamBuffer_t * const pxStreamBuffer = xStreamBuffer;
 1907              		.loc 1 614 1 is_stmt 0 view .LVU560
 1908 0002 2DE9F041 		push	{r4, r5, r6, r7, r8, lr}
 1909              	.LCFI30:
 1910              		.cfi_def_cfa_offset 24
 1911              		.cfi_offset 4, -24
 1912              		.cfi_offset 5, -20
 1913              		.cfi_offset 6, -16
 1914              		.cfi_offset 7, -12
 1915              		.cfi_offset 8, -8
 1916              		.cfi_offset 14, -4
 1917 0006 82B0     		sub	sp, sp, #8
 1918              	.LCFI31:
 1919              		.cfi_def_cfa_offset 32
 1920 0008 0446     		mov	r4, r0
 1921 000a 1546     		mov	r5, r2
 1922 000c 1E46     		mov	r6, r3
 1923 000e 0F46     		mov	r7, r1
 619:Middlewares/Third_Party/FreeRTOS/Source/stream_buffer.c **** 	configASSERT( pxStreamBuffer );
 1924              		.loc 1 619 26 is_stmt 1 discriminator 2 view .LVU561
 620:Middlewares/Third_Party/FreeRTOS/Source/stream_buffer.c **** 
ARM GAS  /tmp/ccdKs9qj.s 			page 68


 1925              		.loc 1 620 2 view .LVU562
 1926 0010 F8B1     		cbz	r0, .L143
 620:Middlewares/Third_Party/FreeRTOS/Source/stream_buffer.c **** 
 1927              		.loc 1 620 32 discriminator 2 view .LVU563
 626:Middlewares/Third_Party/FreeRTOS/Source/stream_buffer.c **** 	{
 1928              		.loc 1 626 2 view .LVU564
 626:Middlewares/Third_Party/FreeRTOS/Source/stream_buffer.c **** 	{
 1929              		.loc 1 626 22 is_stmt 0 view .LVU565
 1930 0012 037F     		ldrb	r3, [r0, #28]	@ zero_extendqisi2
 1931              	.LVL159:
 626:Middlewares/Third_Party/FreeRTOS/Source/stream_buffer.c **** 	{
 1932              		.loc 1 626 4 view .LVU566
 1933 0014 13F0010F 		tst	r3, #1
 1934 0018 24D0     		beq	.L139
 628:Middlewares/Third_Party/FreeRTOS/Source/stream_buffer.c **** 	}
 1935              		.loc 1 628 3 is_stmt 1 view .LVU567
 628:Middlewares/Third_Party/FreeRTOS/Source/stream_buffer.c **** 	}
 1936              		.loc 1 628 18 is_stmt 0 view .LVU568
 1937 001a 02F10408 		add	r8, r2, #4
 1938              	.LVL160:
 1939              	.L136:
 632:Middlewares/Third_Party/FreeRTOS/Source/stream_buffer.c **** 	}
 1940              		.loc 1 632 27 is_stmt 1 view .LVU569
 635:Middlewares/Third_Party/FreeRTOS/Source/stream_buffer.c **** 	xReturn = prvWriteMessageToBuffer( pxStreamBuffer, pvTxData, xDataLengthBytes, xSpace, xRequiredSp
 1941              		.loc 1 635 2 view .LVU570
 635:Middlewares/Third_Party/FreeRTOS/Source/stream_buffer.c **** 	xReturn = prvWriteMessageToBuffer( pxStreamBuffer, pvTxData, xDataLengthBytes, xSpace, xRequiredSp
 1942              		.loc 1 635 11 is_stmt 0 view .LVU571
 1943 001e 2046     		mov	r0, r4
 1944              	.LVL161:
 635:Middlewares/Third_Party/FreeRTOS/Source/stream_buffer.c **** 	xReturn = prvWriteMessageToBuffer( pxStreamBuffer, pvTxData, xDataLengthBytes, xSpace, xRequiredSp
 1945              		.loc 1 635 11 view .LVU572
 1946 0020 FFF7FEFF 		bl	xStreamBufferSpacesAvailable
 1947              	.LVL162:
 635:Middlewares/Third_Party/FreeRTOS/Source/stream_buffer.c **** 	xReturn = prvWriteMessageToBuffer( pxStreamBuffer, pvTxData, xDataLengthBytes, xSpace, xRequiredSp
 1948              		.loc 1 635 11 view .LVU573
 1949 0024 0346     		mov	r3, r0
 1950              	.LVL163:
 636:Middlewares/Third_Party/FreeRTOS/Source/stream_buffer.c **** 
 1951              		.loc 1 636 2 is_stmt 1 view .LVU574
 636:Middlewares/Third_Party/FreeRTOS/Source/stream_buffer.c **** 
 1952              		.loc 1 636 12 is_stmt 0 view .LVU575
 1953 0026 CDF80080 		str	r8, [sp]
 1954 002a 2A46     		mov	r2, r5
 1955 002c 3946     		mov	r1, r7
 1956 002e 2046     		mov	r0, r4
 1957              	.LVL164:
 636:Middlewares/Third_Party/FreeRTOS/Source/stream_buffer.c **** 
 1958              		.loc 1 636 12 view .LVU576
 1959 0030 FFF7FEFF 		bl	prvWriteMessageToBuffer
 1960              	.LVL165:
 638:Middlewares/Third_Party/FreeRTOS/Source/stream_buffer.c **** 	{
 1961              		.loc 1 638 2 is_stmt 1 view .LVU577
 638:Middlewares/Third_Party/FreeRTOS/Source/stream_buffer.c **** 	{
 1962              		.loc 1 638 4 is_stmt 0 view .LVU578
 1963 0034 0546     		mov	r5, r0
 1964              	.LVL166:
 638:Middlewares/Third_Party/FreeRTOS/Source/stream_buffer.c **** 	{
ARM GAS  /tmp/ccdKs9qj.s 			page 69


 1965              		.loc 1 638 4 view .LVU579
 1966 0036 B8B9     		cbnz	r0, .L144
 1967              	.LVL167:
 1968              	.L131:
 658:Middlewares/Third_Party/FreeRTOS/Source/stream_buffer.c **** /*-----------------------------------------------------------*/
 1969              		.loc 1 658 1 view .LVU580
 1970 0038 2846     		mov	r0, r5
 1971 003a 02B0     		add	sp, sp, #8
 1972              	.LCFI32:
 1973              		.cfi_def_cfa_offset 24
 1974              		@ sp needed
 1975 003c BDE8F081 		pop	{r4, r5, r6, r7, r8, pc}
 1976              	.LVL168:
 1977              	.L142:
 1978              	.LCFI33:
 1979              		.cfi_def_cfa_offset 0
 1980              		.cfi_restore 4
 1981              		.cfi_restore 5
 1982              		.cfi_restore 6
 1983              		.cfi_restore 7
 1984              		.cfi_restore 8
 1985              		.cfi_restore 14
 619:Middlewares/Third_Party/FreeRTOS/Source/stream_buffer.c **** 	configASSERT( pxStreamBuffer );
 1986              		.loc 1 619 2 is_stmt 1 discriminator 1 view .LVU581
 1987              	.LBB144:
 1988              	.LBI144:
 193:Middlewares/Third_Party/FreeRTOS/Source/portable/GCC/ARM_CM3/portmacro.h **** {
 1989              		.loc 2 193 30 view .LVU582
 1990              	.LBB145:
 195:Middlewares/Third_Party/FreeRTOS/Source/portable/GCC/ARM_CM3/portmacro.h **** 
 1991              		.loc 2 195 1 view .LVU583
 1992              		.loc 2 197 2 view .LVU584
 1993              		.syntax unified
 1994              	@ 197 "Middlewares/Third_Party/FreeRTOS/Source/portable/GCC/ARM_CM3/portmacro.h" 1
 1995 0040 4FF05003 			mov r3, #80												
 1996 0044 83F31188 		msr basepri, r3											
 1997 0048 BFF36F8F 		isb														
 1998 004c BFF34F8F 		dsb														
 1999              	
 2000              	@ 0 "" 2
 2001              	.LVL169:
 2002              		.thumb
 2003              		.syntax unified
 2004              	.L133:
 2005              		.loc 2 197 2 is_stmt 0 view .LVU585
 2006              	.LBE145:
 2007              	.LBE144:
 619:Middlewares/Third_Party/FreeRTOS/Source/stream_buffer.c **** 	configASSERT( pxStreamBuffer );
 2008              		.loc 1 619 2 is_stmt 1 discriminator 3 view .LVU586
 619:Middlewares/Third_Party/FreeRTOS/Source/stream_buffer.c **** 	configASSERT( pxStreamBuffer );
 2009              		.loc 1 619 2 discriminator 3 view .LVU587
 2010 0050 FEE7     		b	.L133
 2011              	.LVL170:
 2012              	.L143:
 2013              	.LCFI34:
 2014              		.cfi_def_cfa_offset 32
 2015              		.cfi_offset 4, -24
ARM GAS  /tmp/ccdKs9qj.s 			page 70


 2016              		.cfi_offset 5, -20
 2017              		.cfi_offset 6, -16
 2018              		.cfi_offset 7, -12
 2019              		.cfi_offset 8, -8
 2020              		.cfi_offset 14, -4
 620:Middlewares/Third_Party/FreeRTOS/Source/stream_buffer.c **** 
 2021              		.loc 1 620 2 discriminator 1 view .LVU588
 2022              	.LBB146:
 2023              	.LBI146:
 193:Middlewares/Third_Party/FreeRTOS/Source/portable/GCC/ARM_CM3/portmacro.h **** {
 2024              		.loc 2 193 30 view .LVU589
 2025              	.LBB147:
 195:Middlewares/Third_Party/FreeRTOS/Source/portable/GCC/ARM_CM3/portmacro.h **** 
 2026              		.loc 2 195 1 view .LVU590
 2027              		.loc 2 197 2 view .LVU591
 2028              		.syntax unified
 2029              	@ 197 "Middlewares/Third_Party/FreeRTOS/Source/portable/GCC/ARM_CM3/portmacro.h" 1
 2030 0052 4FF05003 			mov r3, #80												
 2031 0056 83F31188 		msr basepri, r3											
 2032 005a BFF36F8F 		isb														
 2033 005e BFF34F8F 		dsb														
 2034              	
 2035              	@ 0 "" 2
 2036              	.LVL171:
 2037              		.thumb
 2038              		.syntax unified
 2039              	.L135:
 2040              		.loc 2 197 2 is_stmt 0 view .LVU592
 2041              	.LBE147:
 2042              	.LBE146:
 620:Middlewares/Third_Party/FreeRTOS/Source/stream_buffer.c **** 
 2043              		.loc 1 620 2 is_stmt 1 discriminator 3 view .LVU593
 620:Middlewares/Third_Party/FreeRTOS/Source/stream_buffer.c **** 
 2044              		.loc 1 620 2 discriminator 3 view .LVU594
 2045 0062 FEE7     		b	.L135
 2046              	.L139:
 617:Middlewares/Third_Party/FreeRTOS/Source/stream_buffer.c **** 
 2047              		.loc 1 617 8 is_stmt 0 view .LVU595
 2048 0064 9046     		mov	r8, r2
 2049 0066 DAE7     		b	.L136
 2050              	.LVL172:
 2051              	.L144:
 641:Middlewares/Third_Party/FreeRTOS/Source/stream_buffer.c **** 		{
 2052              		.loc 1 641 3 is_stmt 1 view .LVU596
 641:Middlewares/Third_Party/FreeRTOS/Source/stream_buffer.c **** 		{
 2053              		.loc 1 641 7 is_stmt 0 view .LVU597
 2054 0068 2046     		mov	r0, r4
 2055              	.LVL173:
 641:Middlewares/Third_Party/FreeRTOS/Source/stream_buffer.c **** 		{
 2056              		.loc 1 641 7 view .LVU598
 2057 006a FFF7FEFF 		bl	prvBytesInBuffer
 2058              	.LVL174:
 641:Middlewares/Third_Party/FreeRTOS/Source/stream_buffer.c **** 		{
 2059              		.loc 1 641 59 discriminator 1 view .LVU599
 2060 006e E368     		ldr	r3, [r4, #12]
 641:Middlewares/Third_Party/FreeRTOS/Source/stream_buffer.c **** 		{
 2061              		.loc 1 641 5 discriminator 1 view .LVU600
ARM GAS  /tmp/ccdKs9qj.s 			page 71


 2062 0070 9842     		cmp	r0, r3
 2063 0072 E1D3     		bcc	.L131
 2064              	.LBB148:
 643:Middlewares/Third_Party/FreeRTOS/Source/stream_buffer.c **** 		}
 2065              		.loc 1 643 4 is_stmt 1 view .LVU601
 643:Middlewares/Third_Party/FreeRTOS/Source/stream_buffer.c **** 		}
 2066              		.loc 1 643 4 view .LVU602
 2067              	.LBB149:
 2068              	.LBI149:
 198:Middlewares/Third_Party/FreeRTOS/Source/portable/GCC/ARM_CM3/portmacro.h **** 	(
 199:Middlewares/Third_Party/FreeRTOS/Source/portable/GCC/ARM_CM3/portmacro.h **** 		"	mov %0, %1												\n" \
 200:Middlewares/Third_Party/FreeRTOS/Source/portable/GCC/ARM_CM3/portmacro.h **** 		"	msr basepri, %0											\n" \
 201:Middlewares/Third_Party/FreeRTOS/Source/portable/GCC/ARM_CM3/portmacro.h **** 		"	isb														\n" \
 202:Middlewares/Third_Party/FreeRTOS/Source/portable/GCC/ARM_CM3/portmacro.h **** 		"	dsb														\n" \
 203:Middlewares/Third_Party/FreeRTOS/Source/portable/GCC/ARM_CM3/portmacro.h **** 		:"=r" (ulNewBASEPRI) : "i" ( configMAX_SYSCALL_INTERRUPT_PRIORITY ) : "memory"
 204:Middlewares/Third_Party/FreeRTOS/Source/portable/GCC/ARM_CM3/portmacro.h **** 	);
 205:Middlewares/Third_Party/FreeRTOS/Source/portable/GCC/ARM_CM3/portmacro.h **** }
 206:Middlewares/Third_Party/FreeRTOS/Source/portable/GCC/ARM_CM3/portmacro.h **** 
 207:Middlewares/Third_Party/FreeRTOS/Source/portable/GCC/ARM_CM3/portmacro.h **** /*-----------------------------------------------------------*/
 208:Middlewares/Third_Party/FreeRTOS/Source/portable/GCC/ARM_CM3/portmacro.h **** 
 209:Middlewares/Third_Party/FreeRTOS/Source/portable/GCC/ARM_CM3/portmacro.h **** portFORCE_INLINE static uint32_t ulPortRaiseBASEPRI( void )
 2069              		.loc 2 209 34 view .LVU603
 2070              	.LBB150:
 210:Middlewares/Third_Party/FreeRTOS/Source/portable/GCC/ARM_CM3/portmacro.h **** {
 211:Middlewares/Third_Party/FreeRTOS/Source/portable/GCC/ARM_CM3/portmacro.h **** uint32_t ulOriginalBASEPRI, ulNewBASEPRI;
 2071              		.loc 2 211 1 view .LVU604
 212:Middlewares/Third_Party/FreeRTOS/Source/portable/GCC/ARM_CM3/portmacro.h **** 
 213:Middlewares/Third_Party/FreeRTOS/Source/portable/GCC/ARM_CM3/portmacro.h **** 	__asm volatile
 2072              		.loc 2 213 2 view .LVU605
 2073              		.syntax unified
 2074              	@ 213 "Middlewares/Third_Party/FreeRTOS/Source/portable/GCC/ARM_CM3/portmacro.h" 1
 2075 0074 EFF31187 			mrs r7, basepri											
 2076 0078 4FF05003 		mov r3, #80												
 2077 007c 83F31188 		msr basepri, r3											
 2078 0080 BFF36F8F 		isb														
 2079 0084 BFF34F8F 		dsb														
 2080              	
 2081              	@ 0 "" 2
 2082              	.LVL175:
 214:Middlewares/Third_Party/FreeRTOS/Source/portable/GCC/ARM_CM3/portmacro.h **** 	(
 215:Middlewares/Third_Party/FreeRTOS/Source/portable/GCC/ARM_CM3/portmacro.h **** 		"	mrs %0, basepri											\n" \
 216:Middlewares/Third_Party/FreeRTOS/Source/portable/GCC/ARM_CM3/portmacro.h **** 		"	mov %1, %2												\n" \
 217:Middlewares/Third_Party/FreeRTOS/Source/portable/GCC/ARM_CM3/portmacro.h **** 		"	msr basepri, %1											\n" \
 218:Middlewares/Third_Party/FreeRTOS/Source/portable/GCC/ARM_CM3/portmacro.h **** 		"	isb														\n" \
 219:Middlewares/Third_Party/FreeRTOS/Source/portable/GCC/ARM_CM3/portmacro.h **** 		"	dsb														\n" \
 220:Middlewares/Third_Party/FreeRTOS/Source/portable/GCC/ARM_CM3/portmacro.h **** 		:"=r" (ulOriginalBASEPRI), "=r" (ulNewBASEPRI) : "i" ( configMAX_SYSCALL_INTERRUPT_PRIORITY ) : "
 221:Middlewares/Third_Party/FreeRTOS/Source/portable/GCC/ARM_CM3/portmacro.h **** 	);
 222:Middlewares/Third_Party/FreeRTOS/Source/portable/GCC/ARM_CM3/portmacro.h **** 
 223:Middlewares/Third_Party/FreeRTOS/Source/portable/GCC/ARM_CM3/portmacro.h **** 	/* This return will not be reached but is necessary to prevent compiler
 224:Middlewares/Third_Party/FreeRTOS/Source/portable/GCC/ARM_CM3/portmacro.h **** 	warnings. */
 225:Middlewares/Third_Party/FreeRTOS/Source/portable/GCC/ARM_CM3/portmacro.h **** 	return ulOriginalBASEPRI;
 2083              		.loc 2 225 2 view .LVU606
 2084              		.loc 2 225 2 is_stmt 0 view .LVU607
 2085              		.thumb
 2086              		.syntax unified
 2087              	.LBE150:
 2088              	.LBE149:
ARM GAS  /tmp/ccdKs9qj.s 			page 72


 643:Middlewares/Third_Party/FreeRTOS/Source/stream_buffer.c **** 		}
 2089              		.loc 1 643 4 is_stmt 1 discriminator 1 view .LVU608
 2090 0088 2369     		ldr	r3, [r4, #16]
 2091 008a 43B1     		cbz	r3, .L138
 643:Middlewares/Third_Party/FreeRTOS/Source/stream_buffer.c **** 		}
 2092              		.loc 1 643 4 discriminator 1 view .LVU609
 2093 008c 2069     		ldr	r0, [r4, #16]
 2094 008e 0096     		str	r6, [sp]
 2095 0090 0023     		movs	r3, #0
 2096 0092 1A46     		mov	r2, r3
 2097 0094 1946     		mov	r1, r3
 2098 0096 FFF7FEFF 		bl	xTaskGenericNotifyFromISR
 2099              	.LVL176:
 643:Middlewares/Third_Party/FreeRTOS/Source/stream_buffer.c **** 		}
 2100              		.loc 1 643 4 discriminator 1 view .LVU610
 2101 009a 0023     		movs	r3, #0
 2102 009c 2361     		str	r3, [r4, #16]
 2103              	.L138:
 643:Middlewares/Third_Party/FreeRTOS/Source/stream_buffer.c **** 		}
 2104              		.loc 1 643 4 discriminator 3 view .LVU611
 2105              	.LBB151:
 2106              	.LBI151:
 226:Middlewares/Third_Party/FreeRTOS/Source/portable/GCC/ARM_CM3/portmacro.h **** }
 227:Middlewares/Third_Party/FreeRTOS/Source/portable/GCC/ARM_CM3/portmacro.h **** /*-----------------------------------------------------------*/
 228:Middlewares/Third_Party/FreeRTOS/Source/portable/GCC/ARM_CM3/portmacro.h **** 
 229:Middlewares/Third_Party/FreeRTOS/Source/portable/GCC/ARM_CM3/portmacro.h **** portFORCE_INLINE static void vPortSetBASEPRI( uint32_t ulNewMaskValue )
 2107              		.loc 2 229 30 view .LVU612
 2108              	.LBB152:
 230:Middlewares/Third_Party/FreeRTOS/Source/portable/GCC/ARM_CM3/portmacro.h **** {
 231:Middlewares/Third_Party/FreeRTOS/Source/portable/GCC/ARM_CM3/portmacro.h **** 	__asm volatile
 2109              		.loc 2 231 2 view .LVU613
 2110              		.syntax unified
 2111              	@ 231 "Middlewares/Third_Party/FreeRTOS/Source/portable/GCC/ARM_CM3/portmacro.h" 1
 2112 009e 87F31188 			msr basepri, r7	
 2113              	@ 0 "" 2
 2114              		.thumb
 2115              		.syntax unified
 2116              	.LBE152:
 2117              	.LBE151:
 2118              	.LBE148:
 643:Middlewares/Third_Party/FreeRTOS/Source/stream_buffer.c **** 		}
 2119              		.loc 1 643 73 discriminator 1 view .LVU614
 652:Middlewares/Third_Party/FreeRTOS/Source/stream_buffer.c **** 	}
 2120              		.loc 1 652 27 view .LVU615
 655:Middlewares/Third_Party/FreeRTOS/Source/stream_buffer.c **** 
 2121              		.loc 1 655 60 view .LVU616
 657:Middlewares/Third_Party/FreeRTOS/Source/stream_buffer.c **** }
 2122              		.loc 1 657 2 view .LVU617
 657:Middlewares/Third_Party/FreeRTOS/Source/stream_buffer.c **** }
 2123              		.loc 1 657 9 is_stmt 0 view .LVU618
 2124 00a2 C9E7     		b	.L131
 2125              		.cfi_endproc
 2126              	.LFE12:
 2128              		.section	.text.xStreamBufferReceive,"ax",%progbits
 2129              		.align	1
 2130              		.global	xStreamBufferReceive
 2131              		.syntax unified
ARM GAS  /tmp/ccdKs9qj.s 			page 73


 2132              		.thumb
 2133              		.thumb_func
 2135              	xStreamBufferReceive:
 2136              	.LVL177:
 2137              	.LFB14:
 717:Middlewares/Third_Party/FreeRTOS/Source/stream_buffer.c **** StreamBuffer_t * const pxStreamBuffer = xStreamBuffer;
 2138              		.loc 1 717 1 is_stmt 1 view -0
 2139              		.cfi_startproc
 2140              		@ args = 0, pretend = 0, frame = 0
 2141              		@ frame_needed = 0, uses_anonymous_args = 0
 718:Middlewares/Third_Party/FreeRTOS/Source/stream_buffer.c **** size_t xReceivedLength = 0, xBytesAvailable, xBytesToStoreMessageLength;
 2142              		.loc 1 718 1 view .LVU620
 719:Middlewares/Third_Party/FreeRTOS/Source/stream_buffer.c **** 
 2143              		.loc 1 719 1 view .LVU621
 721:Middlewares/Third_Party/FreeRTOS/Source/stream_buffer.c **** 	configASSERT( pxStreamBuffer );
 2144              		.loc 1 721 2 view .LVU622
 2145 0000 29B3     		cbz	r1, .L162
 717:Middlewares/Third_Party/FreeRTOS/Source/stream_buffer.c **** StreamBuffer_t * const pxStreamBuffer = xStreamBuffer;
 2146              		.loc 1 717 1 is_stmt 0 view .LVU623
 2147 0002 2DE9F043 		push	{r4, r5, r6, r7, r8, r9, lr}
 2148              	.LCFI35:
 2149              		.cfi_def_cfa_offset 28
 2150              		.cfi_offset 4, -28
 2151              		.cfi_offset 5, -24
 2152              		.cfi_offset 6, -20
 2153              		.cfi_offset 7, -16
 2154              		.cfi_offset 8, -12
 2155              		.cfi_offset 9, -8
 2156              		.cfi_offset 14, -4
 2157 0006 83B0     		sub	sp, sp, #12
 2158              	.LCFI36:
 2159              		.cfi_def_cfa_offset 40
 2160 0008 0446     		mov	r4, r0
 2161 000a 1746     		mov	r7, r2
 2162 000c 1E46     		mov	r6, r3
 2163 000e 8846     		mov	r8, r1
 721:Middlewares/Third_Party/FreeRTOS/Source/stream_buffer.c **** 	configASSERT( pxStreamBuffer );
 2164              		.loc 1 721 26 is_stmt 1 discriminator 2 view .LVU624
 722:Middlewares/Third_Party/FreeRTOS/Source/stream_buffer.c **** 
 2165              		.loc 1 722 2 view .LVU625
 2166 0010 30B3     		cbz	r0, .L163
 722:Middlewares/Third_Party/FreeRTOS/Source/stream_buffer.c **** 
 2167              		.loc 1 722 32 discriminator 2 view .LVU626
 729:Middlewares/Third_Party/FreeRTOS/Source/stream_buffer.c **** 	{
 2168              		.loc 1 729 2 view .LVU627
 729:Middlewares/Third_Party/FreeRTOS/Source/stream_buffer.c **** 	{
 2169              		.loc 1 729 22 is_stmt 0 view .LVU628
 2170 0012 037F     		ldrb	r3, [r0, #28]	@ zero_extendqisi2
 2171              	.LVL178:
 729:Middlewares/Third_Party/FreeRTOS/Source/stream_buffer.c **** 	{
 2172              		.loc 1 729 4 view .LVU629
 2173 0014 13F0010F 		tst	r3, #1
 2174 0018 2BD0     		beq	.L158
 731:Middlewares/Third_Party/FreeRTOS/Source/stream_buffer.c **** 	}
 2175              		.loc 1 731 30 view .LVU630
 2176 001a 4FF00409 		mov	r9, #4
 2177              	.L150:
ARM GAS  /tmp/ccdKs9qj.s 			page 74


 2178              	.LVL179:
 738:Middlewares/Third_Party/FreeRTOS/Source/stream_buffer.c **** 	{
 2179              		.loc 1 738 2 is_stmt 1 view .LVU631
 738:Middlewares/Third_Party/FreeRTOS/Source/stream_buffer.c **** 	{
 2180              		.loc 1 738 4 is_stmt 0 view .LVU632
 2181 001e 002E     		cmp	r6, #0
 2182 0020 3ED0     		beq	.L151
 742:Middlewares/Third_Party/FreeRTOS/Source/stream_buffer.c **** 		{
 2183              		.loc 1 742 3 is_stmt 1 view .LVU633
 2184 0022 FFF7FEFF 		bl	vPortEnterCritical
 2185              	.LVL180:
 744:Middlewares/Third_Party/FreeRTOS/Source/stream_buffer.c **** 
 2186              		.loc 1 744 4 view .LVU634
 744:Middlewares/Third_Party/FreeRTOS/Source/stream_buffer.c **** 
 2187              		.loc 1 744 22 is_stmt 0 view .LVU635
 2188 0026 2046     		mov	r0, r4
 2189 0028 FFF7FEFF 		bl	prvBytesInBuffer
 2190              	.LVL181:
 2191 002c 0546     		mov	r5, r0
 2192              	.LVL182:
 751:Middlewares/Third_Party/FreeRTOS/Source/stream_buffer.c **** 			{
 2193              		.loc 1 751 4 is_stmt 1 view .LVU636
 751:Middlewares/Third_Party/FreeRTOS/Source/stream_buffer.c **** 			{
 2194              		.loc 1 751 6 is_stmt 0 view .LVU637
 2195 002e 8145     		cmp	r9, r0
 2196 0030 25D3     		bcc	.L152
 754:Middlewares/Third_Party/FreeRTOS/Source/stream_buffer.c **** 
 2197              		.loc 1 754 5 is_stmt 1 view .LVU638
 754:Middlewares/Third_Party/FreeRTOS/Source/stream_buffer.c **** 
 2198              		.loc 1 754 14 is_stmt 0 view .LVU639
 2199 0032 0020     		movs	r0, #0
 2200              	.LVL183:
 754:Middlewares/Third_Party/FreeRTOS/Source/stream_buffer.c **** 
 2201              		.loc 1 754 14 view .LVU640
 2202 0034 FFF7FEFF 		bl	xTaskNotifyStateClear
 2203              	.LVL184:
 757:Middlewares/Third_Party/FreeRTOS/Source/stream_buffer.c **** 				pxStreamBuffer->xTaskWaitingToReceive = xTaskGetCurrentTaskHandle();
 2204              		.loc 1 757 5 is_stmt 1 view .LVU641
 2205 0038 2369     		ldr	r3, [r4, #16]
 2206 003a EBB1     		cbz	r3, .L153
 757:Middlewares/Third_Party/FreeRTOS/Source/stream_buffer.c **** 				pxStreamBuffer->xTaskWaitingToReceive = xTaskGetCurrentTaskHandle();
 2207              		.loc 1 757 5 discriminator 1 view .LVU642
 2208              	.LBB153:
 2209              	.LBI153:
 193:Middlewares/Third_Party/FreeRTOS/Source/portable/GCC/ARM_CM3/portmacro.h **** {
 2210              		.loc 2 193 30 view .LVU643
 2211              	.LBB154:
 195:Middlewares/Third_Party/FreeRTOS/Source/portable/GCC/ARM_CM3/portmacro.h **** 
 2212              		.loc 2 195 1 view .LVU644
 197:Middlewares/Third_Party/FreeRTOS/Source/portable/GCC/ARM_CM3/portmacro.h **** 	(
 2213              		.loc 2 197 2 view .LVU645
 2214              		.syntax unified
 2215              	@ 197 "Middlewares/Third_Party/FreeRTOS/Source/portable/GCC/ARM_CM3/portmacro.h" 1
 2216 003c 4FF05003 			mov r3, #80												
 2217 0040 83F31188 		msr basepri, r3											
 2218 0044 BFF36F8F 		isb														
 2219 0048 BFF34F8F 		dsb														
ARM GAS  /tmp/ccdKs9qj.s 			page 75


 2220              	
 2221              	@ 0 "" 2
 2222              		.thumb
 2223              		.syntax unified
 2224              	.L154:
 2225              	.LBE154:
 2226              	.LBE153:
 757:Middlewares/Third_Party/FreeRTOS/Source/stream_buffer.c **** 				pxStreamBuffer->xTaskWaitingToReceive = xTaskGetCurrentTaskHandle();
 2227              		.loc 1 757 5 discriminator 3 view .LVU646
 757:Middlewares/Third_Party/FreeRTOS/Source/stream_buffer.c **** 				pxStreamBuffer->xTaskWaitingToReceive = xTaskGetCurrentTaskHandle();
 2228              		.loc 1 757 5 discriminator 3 view .LVU647
 2229 004c FEE7     		b	.L154
 2230              	.LVL185:
 2231              	.L162:
 2232              	.LCFI37:
 2233              		.cfi_def_cfa_offset 0
 2234              		.cfi_restore 4
 2235              		.cfi_restore 5
 2236              		.cfi_restore 6
 2237              		.cfi_restore 7
 2238              		.cfi_restore 8
 2239              		.cfi_restore 9
 2240              		.cfi_restore 14
 721:Middlewares/Third_Party/FreeRTOS/Source/stream_buffer.c **** 	configASSERT( pxStreamBuffer );
 2241              		.loc 1 721 2 discriminator 1 view .LVU648
 2242              	.LBB155:
 2243              	.LBI155:
 193:Middlewares/Third_Party/FreeRTOS/Source/portable/GCC/ARM_CM3/portmacro.h **** {
 2244              		.loc 2 193 30 view .LVU649
 2245              	.LBB156:
 195:Middlewares/Third_Party/FreeRTOS/Source/portable/GCC/ARM_CM3/portmacro.h **** 
 2246              		.loc 2 195 1 view .LVU650
 197:Middlewares/Third_Party/FreeRTOS/Source/portable/GCC/ARM_CM3/portmacro.h **** 	(
 2247              		.loc 2 197 2 view .LVU651
 2248              		.syntax unified
 2249              	@ 197 "Middlewares/Third_Party/FreeRTOS/Source/portable/GCC/ARM_CM3/portmacro.h" 1
 2250 004e 4FF05003 			mov r3, #80												
 2251 0052 83F31188 		msr basepri, r3											
 2252 0056 BFF36F8F 		isb														
 2253 005a BFF34F8F 		dsb														
 2254              	
 2255              	@ 0 "" 2
 2256              	.LVL186:
 2257              		.thumb
 2258              		.syntax unified
 2259              	.L147:
 197:Middlewares/Third_Party/FreeRTOS/Source/portable/GCC/ARM_CM3/portmacro.h **** 	(
 2260              		.loc 2 197 2 is_stmt 0 view .LVU652
 2261              	.LBE156:
 2262              	.LBE155:
 721:Middlewares/Third_Party/FreeRTOS/Source/stream_buffer.c **** 	configASSERT( pxStreamBuffer );
 2263              		.loc 1 721 2 is_stmt 1 discriminator 3 view .LVU653
 721:Middlewares/Third_Party/FreeRTOS/Source/stream_buffer.c **** 	configASSERT( pxStreamBuffer );
 2264              		.loc 1 721 2 discriminator 3 view .LVU654
 2265 005e FEE7     		b	.L147
 2266              	.LVL187:
 2267              	.L163:
ARM GAS  /tmp/ccdKs9qj.s 			page 76


 2268              	.LCFI38:
 2269              		.cfi_def_cfa_offset 40
 2270              		.cfi_offset 4, -28
 2271              		.cfi_offset 5, -24
 2272              		.cfi_offset 6, -20
 2273              		.cfi_offset 7, -16
 2274              		.cfi_offset 8, -12
 2275              		.cfi_offset 9, -8
 2276              		.cfi_offset 14, -4
 722:Middlewares/Third_Party/FreeRTOS/Source/stream_buffer.c **** 
 2277              		.loc 1 722 2 discriminator 1 view .LVU655
 2278              	.LBB157:
 2279              	.LBI157:
 193:Middlewares/Third_Party/FreeRTOS/Source/portable/GCC/ARM_CM3/portmacro.h **** {
 2280              		.loc 2 193 30 view .LVU656
 2281              	.LBB158:
 195:Middlewares/Third_Party/FreeRTOS/Source/portable/GCC/ARM_CM3/portmacro.h **** 
 2282              		.loc 2 195 1 view .LVU657
 197:Middlewares/Third_Party/FreeRTOS/Source/portable/GCC/ARM_CM3/portmacro.h **** 	(
 2283              		.loc 2 197 2 view .LVU658
 2284              		.syntax unified
 2285              	@ 197 "Middlewares/Third_Party/FreeRTOS/Source/portable/GCC/ARM_CM3/portmacro.h" 1
 2286 0060 4FF05003 			mov r3, #80												
 2287 0064 83F31188 		msr basepri, r3											
 2288 0068 BFF36F8F 		isb														
 2289 006c BFF34F8F 		dsb														
 2290              	
 2291              	@ 0 "" 2
 2292              	.LVL188:
 2293              		.thumb
 2294              		.syntax unified
 2295              	.L149:
 197:Middlewares/Third_Party/FreeRTOS/Source/portable/GCC/ARM_CM3/portmacro.h **** 	(
 2296              		.loc 2 197 2 is_stmt 0 view .LVU659
 2297              	.LBE158:
 2298              	.LBE157:
 722:Middlewares/Third_Party/FreeRTOS/Source/stream_buffer.c **** 
 2299              		.loc 1 722 2 is_stmt 1 discriminator 3 view .LVU660
 722:Middlewares/Third_Party/FreeRTOS/Source/stream_buffer.c **** 
 2300              		.loc 1 722 2 discriminator 3 view .LVU661
 2301 0070 FEE7     		b	.L149
 2302              	.L158:
 735:Middlewares/Third_Party/FreeRTOS/Source/stream_buffer.c **** 	}
 2303              		.loc 1 735 30 is_stmt 0 view .LVU662
 2304 0072 4FF00009 		mov	r9, #0
 2305 0076 D2E7     		b	.L150
 2306              	.LVL189:
 2307              	.L153:
 757:Middlewares/Third_Party/FreeRTOS/Source/stream_buffer.c **** 				pxStreamBuffer->xTaskWaitingToReceive = xTaskGetCurrentTaskHandle();
 2308              		.loc 1 757 66 is_stmt 1 discriminator 2 view .LVU663
 758:Middlewares/Third_Party/FreeRTOS/Source/stream_buffer.c **** 			}
 2309              		.loc 1 758 5 view .LVU664
 758:Middlewares/Third_Party/FreeRTOS/Source/stream_buffer.c **** 			}
 2310              		.loc 1 758 45 is_stmt 0 view .LVU665
 2311 0078 FFF7FEFF 		bl	xTaskGetCurrentTaskHandle
 2312              	.LVL190:
 758:Middlewares/Third_Party/FreeRTOS/Source/stream_buffer.c **** 			}
ARM GAS  /tmp/ccdKs9qj.s 			page 77


 2313              		.loc 1 758 43 discriminator 1 view .LVU666
 2314 007c 2061     		str	r0, [r4, #16]
 2315              	.L152:
 762:Middlewares/Third_Party/FreeRTOS/Source/stream_buffer.c **** 			}
 2316              		.loc 1 762 29 is_stmt 1 view .LVU667
 765:Middlewares/Third_Party/FreeRTOS/Source/stream_buffer.c **** 
 2317              		.loc 1 765 3 view .LVU668
 2318 007e FFF7FEFF 		bl	vPortExitCritical
 2319              	.LVL191:
 767:Middlewares/Third_Party/FreeRTOS/Source/stream_buffer.c **** 		{
 2320              		.loc 1 767 3 view .LVU669
 767:Middlewares/Third_Party/FreeRTOS/Source/stream_buffer.c **** 		{
 2321              		.loc 1 767 5 is_stmt 0 view .LVU670
 2322 0082 A945     		cmp	r9, r5
 2323 0084 10D3     		bcc	.L155
 770:Middlewares/Third_Party/FreeRTOS/Source/stream_buffer.c **** 			( void ) xTaskNotifyWait( ( uint32_t ) 0, ( uint32_t ) 0, NULL, xTicksToWait );
 2324              		.loc 1 770 59 is_stmt 1 view .LVU671
 771:Middlewares/Third_Party/FreeRTOS/Source/stream_buffer.c **** 			pxStreamBuffer->xTaskWaitingToReceive = NULL;
 2325              		.loc 1 771 4 view .LVU672
 771:Middlewares/Third_Party/FreeRTOS/Source/stream_buffer.c **** 			pxStreamBuffer->xTaskWaitingToReceive = NULL;
 2326              		.loc 1 771 13 is_stmt 0 view .LVU673
 2327 0086 3346     		mov	r3, r6
 2328 0088 0022     		movs	r2, #0
 2329 008a 1146     		mov	r1, r2
 2330 008c 1046     		mov	r0, r2
 2331 008e FFF7FEFF 		bl	xTaskNotifyWait
 2332              	.LVL192:
 772:Middlewares/Third_Party/FreeRTOS/Source/stream_buffer.c **** 
 2333              		.loc 1 772 4 is_stmt 1 view .LVU674
 772:Middlewares/Third_Party/FreeRTOS/Source/stream_buffer.c **** 
 2334              		.loc 1 772 42 is_stmt 0 view .LVU675
 2335 0092 0023     		movs	r3, #0
 2336 0094 2361     		str	r3, [r4, #16]
 775:Middlewares/Third_Party/FreeRTOS/Source/stream_buffer.c **** 		}
 2337              		.loc 1 775 4 is_stmt 1 view .LVU676
 775:Middlewares/Third_Party/FreeRTOS/Source/stream_buffer.c **** 		}
 2338              		.loc 1 775 22 is_stmt 0 view .LVU677
 2339 0096 2046     		mov	r0, r4
 2340 0098 FFF7FEFF 		bl	prvBytesInBuffer
 2341              	.LVL193:
 2342 009c 0546     		mov	r5, r0
 2343              	.LVL194:
 775:Middlewares/Third_Party/FreeRTOS/Source/stream_buffer.c **** 		}
 2344              		.loc 1 775 22 view .LVU678
 2345 009e 03E0     		b	.L155
 2346              	.LVL195:
 2347              	.L151:
 784:Middlewares/Third_Party/FreeRTOS/Source/stream_buffer.c **** 	}
 2348              		.loc 1 784 3 is_stmt 1 view .LVU679
 784:Middlewares/Third_Party/FreeRTOS/Source/stream_buffer.c **** 	}
 2349              		.loc 1 784 21 is_stmt 0 view .LVU680
 2350 00a0 2046     		mov	r0, r4
 2351              	.LVL196:
 784:Middlewares/Third_Party/FreeRTOS/Source/stream_buffer.c **** 	}
 2352              		.loc 1 784 21 view .LVU681
 2353 00a2 FFF7FEFF 		bl	prvBytesInBuffer
 2354              	.LVL197:
ARM GAS  /tmp/ccdKs9qj.s 			page 78


 784:Middlewares/Third_Party/FreeRTOS/Source/stream_buffer.c **** 	}
 2355              		.loc 1 784 21 view .LVU682
 2356 00a6 0546     		mov	r5, r0
 2357              	.LVL198:
 2358              	.L155:
 792:Middlewares/Third_Party/FreeRTOS/Source/stream_buffer.c **** 	{
 2359              		.loc 1 792 2 is_stmt 1 view .LVU683
 792:Middlewares/Third_Party/FreeRTOS/Source/stream_buffer.c **** 	{
 2360              		.loc 1 792 4 is_stmt 0 view .LVU684
 2361 00a8 4D45     		cmp	r5, r9
 2362 00aa 04D8     		bhi	.L164
 719:Middlewares/Third_Party/FreeRTOS/Source/stream_buffer.c **** 
 2363              		.loc 1 719 8 view .LVU685
 2364 00ac 0025     		movs	r5, #0
 2365              	.LVL199:
 809:Middlewares/Third_Party/FreeRTOS/Source/stream_buffer.c **** 		mtCOVERAGE_TEST_MARKER();
 2366              		.loc 1 809 53 is_stmt 1 view .LVU686
 810:Middlewares/Third_Party/FreeRTOS/Source/stream_buffer.c **** 	}
 2367              		.loc 1 810 27 view .LVU687
 813:Middlewares/Third_Party/FreeRTOS/Source/stream_buffer.c **** }
 2368              		.loc 1 813 2 view .LVU688
 2369              	.L145:
 814:Middlewares/Third_Party/FreeRTOS/Source/stream_buffer.c **** /*-----------------------------------------------------------*/
 2370              		.loc 1 814 1 is_stmt 0 view .LVU689
 2371 00ae 2846     		mov	r0, r5
 2372 00b0 03B0     		add	sp, sp, #12
 2373              	.LCFI39:
 2374              		.cfi_remember_state
 2375              		.cfi_def_cfa_offset 28
 2376              		@ sp needed
 2377 00b2 BDE8F083 		pop	{r4, r5, r6, r7, r8, r9, pc}
 2378              	.LVL200:
 2379              	.L164:
 2380              	.LCFI40:
 2381              		.cfi_restore_state
 794:Middlewares/Third_Party/FreeRTOS/Source/stream_buffer.c **** 
 2382              		.loc 1 794 3 is_stmt 1 view .LVU690
 794:Middlewares/Third_Party/FreeRTOS/Source/stream_buffer.c **** 
 2383              		.loc 1 794 21 is_stmt 0 view .LVU691
 2384 00b6 CDF80090 		str	r9, [sp]
 2385 00ba 2B46     		mov	r3, r5
 2386 00bc 3A46     		mov	r2, r7
 2387 00be 4146     		mov	r1, r8
 2388 00c0 2046     		mov	r0, r4
 2389 00c2 FFF7FEFF 		bl	prvReadMessageFromBuffer
 2390              	.LVL201:
 797:Middlewares/Third_Party/FreeRTOS/Source/stream_buffer.c **** 		{
 2391              		.loc 1 797 3 is_stmt 1 view .LVU692
 797:Middlewares/Third_Party/FreeRTOS/Source/stream_buffer.c **** 		{
 2392              		.loc 1 797 5 is_stmt 0 view .LVU693
 2393 00c6 0546     		mov	r5, r0
 2394              	.LVL202:
 797:Middlewares/Third_Party/FreeRTOS/Source/stream_buffer.c **** 		{
 2395              		.loc 1 797 5 view .LVU694
 2396 00c8 0028     		cmp	r0, #0
 2397 00ca F0D0     		beq	.L145
 799:Middlewares/Third_Party/FreeRTOS/Source/stream_buffer.c **** 			sbRECEIVE_COMPLETED( pxStreamBuffer );
ARM GAS  /tmp/ccdKs9qj.s 			page 79


 2398              		.loc 1 799 64 is_stmt 1 view .LVU695
 800:Middlewares/Third_Party/FreeRTOS/Source/stream_buffer.c **** 		}
 2399              		.loc 1 800 4 view .LVU696
 2400 00cc FFF7FEFF 		bl	vTaskSuspendAll
 2401              	.LVL203:
 800:Middlewares/Third_Party/FreeRTOS/Source/stream_buffer.c **** 		}
 2402              		.loc 1 800 4 discriminator 1 view .LVU697
 2403 00d0 6369     		ldr	r3, [r4, #20]
 2404 00d2 3BB1     		cbz	r3, .L157
 800:Middlewares/Third_Party/FreeRTOS/Source/stream_buffer.c **** 		}
 2405              		.loc 1 800 4 discriminator 1 view .LVU698
 2406 00d4 6069     		ldr	r0, [r4, #20]
 2407 00d6 0023     		movs	r3, #0
 2408 00d8 1A46     		mov	r2, r3
 2409 00da 1946     		mov	r1, r3
 2410 00dc FFF7FEFF 		bl	xTaskGenericNotify
 2411              	.LVL204:
 800:Middlewares/Third_Party/FreeRTOS/Source/stream_buffer.c **** 		}
 2412              		.loc 1 800 4 discriminator 1 view .LVU699
 2413 00e0 0023     		movs	r3, #0
 2414 00e2 6361     		str	r3, [r4, #20]
 2415              	.L157:
 800:Middlewares/Third_Party/FreeRTOS/Source/stream_buffer.c **** 		}
 2416              		.loc 1 800 4 discriminator 3 view .LVU700
 2417 00e4 FFF7FEFF 		bl	xTaskResumeAll
 2418              	.LVL205:
 800:Middlewares/Third_Party/FreeRTOS/Source/stream_buffer.c **** 		}
 2419              		.loc 1 800 41 discriminator 1 view .LVU701
 2420 00e8 E1E7     		b	.L145
 2421              		.cfi_endproc
 2422              	.LFE14:
 2424              		.section	.text.xStreamBufferNextMessageLengthBytes,"ax",%progbits
 2425              		.align	1
 2426              		.global	xStreamBufferNextMessageLengthBytes
 2427              		.syntax unified
 2428              		.thumb
 2429              		.thumb_func
 2431              	xStreamBufferNextMessageLengthBytes:
 2432              	.LVL206:
 2433              	.LFB15:
 818:Middlewares/Third_Party/FreeRTOS/Source/stream_buffer.c **** StreamBuffer_t * const pxStreamBuffer = xStreamBuffer;
 2434              		.loc 1 818 1 view -0
 2435              		.cfi_startproc
 2436              		@ args = 0, pretend = 0, frame = 8
 2437              		@ frame_needed = 0, uses_anonymous_args = 0
 819:Middlewares/Third_Party/FreeRTOS/Source/stream_buffer.c **** size_t xReturn, xBytesAvailable, xOriginalTail;
 2438              		.loc 1 819 1 view .LVU703
 820:Middlewares/Third_Party/FreeRTOS/Source/stream_buffer.c **** configMESSAGE_BUFFER_LENGTH_TYPE xTempReturn;
 2439              		.loc 1 820 1 view .LVU704
 821:Middlewares/Third_Party/FreeRTOS/Source/stream_buffer.c **** 
 2440              		.loc 1 821 1 view .LVU705
 823:Middlewares/Third_Party/FreeRTOS/Source/stream_buffer.c **** 
 2441              		.loc 1 823 2 view .LVU706
 2442 0000 48B1     		cbz	r0, .L174
 818:Middlewares/Third_Party/FreeRTOS/Source/stream_buffer.c **** StreamBuffer_t * const pxStreamBuffer = xStreamBuffer;
 2443              		.loc 1 818 1 is_stmt 0 view .LVU707
 2444 0002 30B5     		push	{r4, r5, lr}
ARM GAS  /tmp/ccdKs9qj.s 			page 80


 2445              	.LCFI41:
 2446              		.cfi_def_cfa_offset 12
 2447              		.cfi_offset 4, -12
 2448              		.cfi_offset 5, -8
 2449              		.cfi_offset 14, -4
 2450 0004 83B0     		sub	sp, sp, #12
 2451              	.LCFI42:
 2452              		.cfi_def_cfa_offset 24
 2453 0006 0446     		mov	r4, r0
 823:Middlewares/Third_Party/FreeRTOS/Source/stream_buffer.c **** 
 2454              		.loc 1 823 32 is_stmt 1 discriminator 2 view .LVU708
 826:Middlewares/Third_Party/FreeRTOS/Source/stream_buffer.c **** 	{
 2455              		.loc 1 826 2 view .LVU709
 826:Middlewares/Third_Party/FreeRTOS/Source/stream_buffer.c **** 	{
 2456              		.loc 1 826 22 is_stmt 0 view .LVU710
 2457 0008 037F     		ldrb	r3, [r0, #28]	@ zero_extendqisi2
 826:Middlewares/Third_Party/FreeRTOS/Source/stream_buffer.c **** 	{
 2458              		.loc 1 826 4 view .LVU711
 2459 000a 13F0010F 		tst	r3, #1
 2460 000e 0BD1     		bne	.L175
 854:Middlewares/Third_Party/FreeRTOS/Source/stream_buffer.c **** 	}
 2461              		.loc 1 854 11 view .LVU712
 2462 0010 0020     		movs	r0, #0
 2463              	.LVL207:
 857:Middlewares/Third_Party/FreeRTOS/Source/stream_buffer.c **** }
 2464              		.loc 1 857 2 is_stmt 1 view .LVU713
 2465              	.L165:
 858:Middlewares/Third_Party/FreeRTOS/Source/stream_buffer.c **** /*-----------------------------------------------------------*/
 2466              		.loc 1 858 1 is_stmt 0 view .LVU714
 2467 0012 03B0     		add	sp, sp, #12
 2468              	.LCFI43:
 2469              		.cfi_def_cfa_offset 12
 2470              		@ sp needed
 2471 0014 30BD     		pop	{r4, r5, pc}
 2472              	.LVL208:
 2473              	.L174:
 2474              	.LCFI44:
 2475              		.cfi_def_cfa_offset 0
 2476              		.cfi_restore 4
 2477              		.cfi_restore 5
 2478              		.cfi_restore 14
 823:Middlewares/Third_Party/FreeRTOS/Source/stream_buffer.c **** 
 2479              		.loc 1 823 2 is_stmt 1 discriminator 1 view .LVU715
 2480              	.LBB159:
 2481              	.LBI159:
 193:Middlewares/Third_Party/FreeRTOS/Source/portable/GCC/ARM_CM3/portmacro.h **** {
 2482              		.loc 2 193 30 view .LVU716
 2483              	.LBB160:
 195:Middlewares/Third_Party/FreeRTOS/Source/portable/GCC/ARM_CM3/portmacro.h **** 
 2484              		.loc 2 195 1 view .LVU717
 197:Middlewares/Third_Party/FreeRTOS/Source/portable/GCC/ARM_CM3/portmacro.h **** 	(
 2485              		.loc 2 197 2 view .LVU718
 2486              		.syntax unified
 2487              	@ 197 "Middlewares/Third_Party/FreeRTOS/Source/portable/GCC/ARM_CM3/portmacro.h" 1
 2488 0016 4FF05003 			mov r3, #80												
 2489 001a 83F31188 		msr basepri, r3											
 2490 001e BFF36F8F 		isb														
ARM GAS  /tmp/ccdKs9qj.s 			page 81


 2491 0022 BFF34F8F 		dsb														
 2492              	
 2493              	@ 0 "" 2
 2494              		.thumb
 2495              		.syntax unified
 2496              	.L167:
 2497              	.LBE160:
 2498              	.LBE159:
 823:Middlewares/Third_Party/FreeRTOS/Source/stream_buffer.c **** 
 2499              		.loc 1 823 2 discriminator 3 view .LVU719
 823:Middlewares/Third_Party/FreeRTOS/Source/stream_buffer.c **** 
 2500              		.loc 1 823 2 discriminator 3 view .LVU720
 2501 0026 FEE7     		b	.L167
 2502              	.L175:
 2503              	.LCFI45:
 2504              		.cfi_def_cfa_offset 24
 2505              		.cfi_offset 4, -12
 2506              		.cfi_offset 5, -8
 2507              		.cfi_offset 14, -4
 828:Middlewares/Third_Party/FreeRTOS/Source/stream_buffer.c **** 		if( xBytesAvailable > sbBYTES_TO_STORE_MESSAGE_LENGTH )
 2508              		.loc 1 828 3 view .LVU721
 828:Middlewares/Third_Party/FreeRTOS/Source/stream_buffer.c **** 		if( xBytesAvailable > sbBYTES_TO_STORE_MESSAGE_LENGTH )
 2509              		.loc 1 828 21 is_stmt 0 view .LVU722
 2510 0028 FFF7FEFF 		bl	prvBytesInBuffer
 2511              	.LVL209:
 829:Middlewares/Third_Party/FreeRTOS/Source/stream_buffer.c **** 		{
 2512              		.loc 1 829 3 is_stmt 1 view .LVU723
 829:Middlewares/Third_Party/FreeRTOS/Source/stream_buffer.c **** 		{
 2513              		.loc 1 829 5 is_stmt 0 view .LVU724
 2514 002c 0428     		cmp	r0, #4
 2515 002e 0AD8     		bhi	.L176
 848:Middlewares/Third_Party/FreeRTOS/Source/stream_buffer.c **** 			xReturn = 0;
 2516              		.loc 1 848 4 is_stmt 1 view .LVU725
 2517 0030 0028     		cmp	r0, #0
 2518 0032 EED0     		beq	.L165
 848:Middlewares/Third_Party/FreeRTOS/Source/stream_buffer.c **** 			xReturn = 0;
 2519              		.loc 1 848 4 discriminator 1 view .LVU726
 2520              	.LBB161:
 2521              	.LBI161:
 193:Middlewares/Third_Party/FreeRTOS/Source/portable/GCC/ARM_CM3/portmacro.h **** {
 2522              		.loc 2 193 30 view .LVU727
 2523              	.LBB162:
 195:Middlewares/Third_Party/FreeRTOS/Source/portable/GCC/ARM_CM3/portmacro.h **** 
 2524              		.loc 2 195 1 view .LVU728
 197:Middlewares/Third_Party/FreeRTOS/Source/portable/GCC/ARM_CM3/portmacro.h **** 	(
 2525              		.loc 2 197 2 view .LVU729
 2526              		.syntax unified
 2527              	@ 197 "Middlewares/Third_Party/FreeRTOS/Source/portable/GCC/ARM_CM3/portmacro.h" 1
 2528 0034 4FF05003 			mov r3, #80												
 2529 0038 83F31188 		msr basepri, r3											
 2530 003c BFF36F8F 		isb														
 2531 0040 BFF34F8F 		dsb														
 2532              	
 2533              	@ 0 "" 2
 2534              		.thumb
 2535              		.syntax unified
 2536              	.L170:
ARM GAS  /tmp/ccdKs9qj.s 			page 82


 2537              	.LBE162:
 2538              	.LBE161:
 848:Middlewares/Third_Party/FreeRTOS/Source/stream_buffer.c **** 			xReturn = 0;
 2539              		.loc 1 848 4 discriminator 3 view .LVU730
 848:Middlewares/Third_Party/FreeRTOS/Source/stream_buffer.c **** 			xReturn = 0;
 2540              		.loc 1 848 4 discriminator 3 view .LVU731
 2541 0044 FEE7     		b	.L170
 2542              	.L176:
 837:Middlewares/Third_Party/FreeRTOS/Source/stream_buffer.c **** 			( void ) prvReadBytesFromBuffer( pxStreamBuffer, ( uint8_t * ) &xTempReturn, sbBYTES_TO_STORE_ME
 2543              		.loc 1 837 4 view .LVU732
 837:Middlewares/Third_Party/FreeRTOS/Source/stream_buffer.c **** 			( void ) prvReadBytesFromBuffer( pxStreamBuffer, ( uint8_t * ) &xTempReturn, sbBYTES_TO_STORE_ME
 2544              		.loc 1 837 18 is_stmt 0 view .LVU733
 2545 0046 2568     		ldr	r5, [r4]
 2546              	.LVL210:
 838:Middlewares/Third_Party/FreeRTOS/Source/stream_buffer.c **** 			xReturn = ( size_t ) xTempReturn;
 2547              		.loc 1 838 4 is_stmt 1 view .LVU734
 838:Middlewares/Third_Party/FreeRTOS/Source/stream_buffer.c **** 			xReturn = ( size_t ) xTempReturn;
 2548              		.loc 1 838 13 is_stmt 0 view .LVU735
 2549 0048 0346     		mov	r3, r0
 2550 004a 0422     		movs	r2, #4
 2551 004c 0DEB0201 		add	r1, sp, r2
 2552 0050 2046     		mov	r0, r4
 2553              	.LVL211:
 838:Middlewares/Third_Party/FreeRTOS/Source/stream_buffer.c **** 			xReturn = ( size_t ) xTempReturn;
 2554              		.loc 1 838 13 view .LVU736
 2555 0052 FFF7FEFF 		bl	prvReadBytesFromBuffer
 2556              	.LVL212:
 839:Middlewares/Third_Party/FreeRTOS/Source/stream_buffer.c **** 			pxStreamBuffer->xTail = xOriginalTail;
 2557              		.loc 1 839 4 is_stmt 1 view .LVU737
 839:Middlewares/Third_Party/FreeRTOS/Source/stream_buffer.c **** 			pxStreamBuffer->xTail = xOriginalTail;
 2558              		.loc 1 839 12 is_stmt 0 view .LVU738
 2559 0056 0198     		ldr	r0, [sp, #4]
 2560              	.LVL213:
 840:Middlewares/Third_Party/FreeRTOS/Source/stream_buffer.c **** 		}
 2561              		.loc 1 840 4 is_stmt 1 view .LVU739
 840:Middlewares/Third_Party/FreeRTOS/Source/stream_buffer.c **** 		}
 2562              		.loc 1 840 26 is_stmt 0 view .LVU740
 2563 0058 2560     		str	r5, [r4]
 2564 005a DAE7     		b	.L165
 2565              		.cfi_endproc
 2566              	.LFE15:
 2568              		.section	.text.xStreamBufferReceiveFromISR,"ax",%progbits
 2569              		.align	1
 2570              		.global	xStreamBufferReceiveFromISR
 2571              		.syntax unified
 2572              		.thumb
 2573              		.thumb_func
 2575              	xStreamBufferReceiveFromISR:
 2576              	.LVL214:
 2577              	.LFB16:
 865:Middlewares/Third_Party/FreeRTOS/Source/stream_buffer.c **** StreamBuffer_t * const pxStreamBuffer = xStreamBuffer;
 2578              		.loc 1 865 1 is_stmt 1 view -0
 2579              		.cfi_startproc
 2580              		@ args = 0, pretend = 0, frame = 0
 2581              		@ frame_needed = 0, uses_anonymous_args = 0
 866:Middlewares/Third_Party/FreeRTOS/Source/stream_buffer.c **** size_t xReceivedLength = 0, xBytesAvailable, xBytesToStoreMessageLength;
 2582              		.loc 1 866 1 view .LVU742
ARM GAS  /tmp/ccdKs9qj.s 			page 83


 867:Middlewares/Third_Party/FreeRTOS/Source/stream_buffer.c **** 
 2583              		.loc 1 867 1 view .LVU743
 869:Middlewares/Third_Party/FreeRTOS/Source/stream_buffer.c **** 	configASSERT( pxStreamBuffer );
 2584              		.loc 1 869 2 view .LVU744
 2585 0000 B9B1     		cbz	r1, .L189
 865:Middlewares/Third_Party/FreeRTOS/Source/stream_buffer.c **** StreamBuffer_t * const pxStreamBuffer = xStreamBuffer;
 2586              		.loc 1 865 1 is_stmt 0 view .LVU745
 2587 0002 2DE9F041 		push	{r4, r5, r6, r7, r8, lr}
 2588              	.LCFI46:
 2589              		.cfi_def_cfa_offset 24
 2590              		.cfi_offset 4, -24
 2591              		.cfi_offset 5, -20
 2592              		.cfi_offset 6, -16
 2593              		.cfi_offset 7, -12
 2594              		.cfi_offset 8, -8
 2595              		.cfi_offset 14, -4
 2596 0006 82B0     		sub	sp, sp, #8
 2597              	.LCFI47:
 2598              		.cfi_def_cfa_offset 32
 2599 0008 0446     		mov	r4, r0
 2600 000a 1646     		mov	r6, r2
 2601 000c 1D46     		mov	r5, r3
 2602 000e 0F46     		mov	r7, r1
 869:Middlewares/Third_Party/FreeRTOS/Source/stream_buffer.c **** 	configASSERT( pxStreamBuffer );
 2603              		.loc 1 869 26 is_stmt 1 discriminator 2 view .LVU746
 870:Middlewares/Third_Party/FreeRTOS/Source/stream_buffer.c **** 
 2604              		.loc 1 870 2 view .LVU747
 2605 0010 C0B1     		cbz	r0, .L190
 870:Middlewares/Third_Party/FreeRTOS/Source/stream_buffer.c **** 
 2606              		.loc 1 870 32 discriminator 2 view .LVU748
 877:Middlewares/Third_Party/FreeRTOS/Source/stream_buffer.c **** 	{
 2607              		.loc 1 877 2 view .LVU749
 877:Middlewares/Third_Party/FreeRTOS/Source/stream_buffer.c **** 	{
 2608              		.loc 1 877 22 is_stmt 0 view .LVU750
 2609 0012 037F     		ldrb	r3, [r0, #28]	@ zero_extendqisi2
 2610              	.LVL215:
 877:Middlewares/Third_Party/FreeRTOS/Source/stream_buffer.c **** 	{
 2611              		.loc 1 877 4 view .LVU751
 2612 0014 13F0010F 		tst	r3, #1
 2613 0018 1DD0     		beq	.L185
 879:Middlewares/Third_Party/FreeRTOS/Source/stream_buffer.c **** 	}
 2614              		.loc 1 879 30 view .LVU752
 2615 001a 4FF00408 		mov	r8, #4
 2616              	.L182:
 2617              	.LVL216:
 886:Middlewares/Third_Party/FreeRTOS/Source/stream_buffer.c **** 
 2618              		.loc 1 886 2 is_stmt 1 view .LVU753
 886:Middlewares/Third_Party/FreeRTOS/Source/stream_buffer.c **** 
 2619              		.loc 1 886 20 is_stmt 0 view .LVU754
 2620 001e 2046     		mov	r0, r4
 2621              	.LVL217:
 886:Middlewares/Third_Party/FreeRTOS/Source/stream_buffer.c **** 
 2622              		.loc 1 886 20 view .LVU755
 2623 0020 FFF7FEFF 		bl	prvBytesInBuffer
 2624              	.LVL218:
 893:Middlewares/Third_Party/FreeRTOS/Source/stream_buffer.c **** 	{
 2625              		.loc 1 893 2 is_stmt 1 view .LVU756
ARM GAS  /tmp/ccdKs9qj.s 			page 84


 893:Middlewares/Third_Party/FreeRTOS/Source/stream_buffer.c **** 	{
 2626              		.loc 1 893 4 is_stmt 0 view .LVU757
 2627 0024 8045     		cmp	r8, r0
 2628 0026 19D3     		bcc	.L191
 867:Middlewares/Third_Party/FreeRTOS/Source/stream_buffer.c **** 
 2629              		.loc 1 867 8 view .LVU758
 2630 0028 0026     		movs	r6, #0
 2631              	.LVL219:
 909:Middlewares/Third_Party/FreeRTOS/Source/stream_buffer.c **** 	}
 2632              		.loc 1 909 27 is_stmt 1 view .LVU759
 912:Middlewares/Third_Party/FreeRTOS/Source/stream_buffer.c **** 
 2633              		.loc 1 912 71 view .LVU760
 914:Middlewares/Third_Party/FreeRTOS/Source/stream_buffer.c **** }
 2634              		.loc 1 914 2 view .LVU761
 2635              	.L177:
 915:Middlewares/Third_Party/FreeRTOS/Source/stream_buffer.c **** /*-----------------------------------------------------------*/
 2636              		.loc 1 915 1 is_stmt 0 view .LVU762
 2637 002a 3046     		mov	r0, r6
 2638 002c 02B0     		add	sp, sp, #8
 2639              	.LCFI48:
 2640              		.cfi_def_cfa_offset 24
 2641              		@ sp needed
 2642 002e BDE8F081 		pop	{r4, r5, r6, r7, r8, pc}
 2643              	.LVL220:
 2644              	.L189:
 2645              	.LCFI49:
 2646              		.cfi_def_cfa_offset 0
 2647              		.cfi_restore 4
 2648              		.cfi_restore 5
 2649              		.cfi_restore 6
 2650              		.cfi_restore 7
 2651              		.cfi_restore 8
 2652              		.cfi_restore 14
 869:Middlewares/Third_Party/FreeRTOS/Source/stream_buffer.c **** 	configASSERT( pxStreamBuffer );
 2653              		.loc 1 869 2 is_stmt 1 discriminator 1 view .LVU763
 2654              	.LBB163:
 2655              	.LBI163:
 193:Middlewares/Third_Party/FreeRTOS/Source/portable/GCC/ARM_CM3/portmacro.h **** {
 2656              		.loc 2 193 30 view .LVU764
 2657              	.LBB164:
 195:Middlewares/Third_Party/FreeRTOS/Source/portable/GCC/ARM_CM3/portmacro.h **** 
 2658              		.loc 2 195 1 view .LVU765
 197:Middlewares/Third_Party/FreeRTOS/Source/portable/GCC/ARM_CM3/portmacro.h **** 	(
 2659              		.loc 2 197 2 view .LVU766
 2660              		.syntax unified
 2661              	@ 197 "Middlewares/Third_Party/FreeRTOS/Source/portable/GCC/ARM_CM3/portmacro.h" 1
 2662 0032 4FF05003 			mov r3, #80												
 2663 0036 83F31188 		msr basepri, r3											
 2664 003a BFF36F8F 		isb														
 2665 003e BFF34F8F 		dsb														
 2666              	
 2667              	@ 0 "" 2
 2668              	.LVL221:
 2669              		.thumb
 2670              		.syntax unified
 2671              	.L179:
 197:Middlewares/Third_Party/FreeRTOS/Source/portable/GCC/ARM_CM3/portmacro.h **** 	(
ARM GAS  /tmp/ccdKs9qj.s 			page 85


 2672              		.loc 2 197 2 is_stmt 0 view .LVU767
 2673              	.LBE164:
 2674              	.LBE163:
 869:Middlewares/Third_Party/FreeRTOS/Source/stream_buffer.c **** 	configASSERT( pxStreamBuffer );
 2675              		.loc 1 869 2 is_stmt 1 discriminator 3 view .LVU768
 869:Middlewares/Third_Party/FreeRTOS/Source/stream_buffer.c **** 	configASSERT( pxStreamBuffer );
 2676              		.loc 1 869 2 discriminator 3 view .LVU769
 2677 0042 FEE7     		b	.L179
 2678              	.LVL222:
 2679              	.L190:
 2680              	.LCFI50:
 2681              		.cfi_def_cfa_offset 32
 2682              		.cfi_offset 4, -24
 2683              		.cfi_offset 5, -20
 2684              		.cfi_offset 6, -16
 2685              		.cfi_offset 7, -12
 2686              		.cfi_offset 8, -8
 2687              		.cfi_offset 14, -4
 870:Middlewares/Third_Party/FreeRTOS/Source/stream_buffer.c **** 
 2688              		.loc 1 870 2 discriminator 1 view .LVU770
 2689              	.LBB165:
 2690              	.LBI165:
 193:Middlewares/Third_Party/FreeRTOS/Source/portable/GCC/ARM_CM3/portmacro.h **** {
 2691              		.loc 2 193 30 view .LVU771
 2692              	.LBB166:
 195:Middlewares/Third_Party/FreeRTOS/Source/portable/GCC/ARM_CM3/portmacro.h **** 
 2693              		.loc 2 195 1 view .LVU772
 197:Middlewares/Third_Party/FreeRTOS/Source/portable/GCC/ARM_CM3/portmacro.h **** 	(
 2694              		.loc 2 197 2 view .LVU773
 2695              		.syntax unified
 2696              	@ 197 "Middlewares/Third_Party/FreeRTOS/Source/portable/GCC/ARM_CM3/portmacro.h" 1
 2697 0044 4FF05003 			mov r3, #80												
 2698 0048 83F31188 		msr basepri, r3											
 2699 004c BFF36F8F 		isb														
 2700 0050 BFF34F8F 		dsb														
 2701              	
 2702              	@ 0 "" 2
 2703              	.LVL223:
 2704              		.thumb
 2705              		.syntax unified
 2706              	.L181:
 197:Middlewares/Third_Party/FreeRTOS/Source/portable/GCC/ARM_CM3/portmacro.h **** 	(
 2707              		.loc 2 197 2 is_stmt 0 view .LVU774
 2708              	.LBE166:
 2709              	.LBE165:
 870:Middlewares/Third_Party/FreeRTOS/Source/stream_buffer.c **** 
 2710              		.loc 1 870 2 is_stmt 1 discriminator 3 view .LVU775
 870:Middlewares/Third_Party/FreeRTOS/Source/stream_buffer.c **** 
 2711              		.loc 1 870 2 discriminator 3 view .LVU776
 2712 0054 FEE7     		b	.L181
 2713              	.L185:
 883:Middlewares/Third_Party/FreeRTOS/Source/stream_buffer.c **** 	}
 2714              		.loc 1 883 30 is_stmt 0 view .LVU777
 2715 0056 4FF00008 		mov	r8, #0
 2716 005a E0E7     		b	.L182
 2717              	.LVL224:
 2718              	.L191:
ARM GAS  /tmp/ccdKs9qj.s 			page 86


 895:Middlewares/Third_Party/FreeRTOS/Source/stream_buffer.c **** 
 2719              		.loc 1 895 3 is_stmt 1 view .LVU778
 895:Middlewares/Third_Party/FreeRTOS/Source/stream_buffer.c **** 
 2720              		.loc 1 895 21 is_stmt 0 view .LVU779
 2721 005c CDF80080 		str	r8, [sp]
 2722 0060 0346     		mov	r3, r0
 2723 0062 3246     		mov	r2, r6
 2724 0064 3946     		mov	r1, r7
 2725 0066 2046     		mov	r0, r4
 2726              	.LVL225:
 895:Middlewares/Third_Party/FreeRTOS/Source/stream_buffer.c **** 
 2727              		.loc 1 895 21 view .LVU780
 2728 0068 FFF7FEFF 		bl	prvReadMessageFromBuffer
 2729              	.LVL226:
 898:Middlewares/Third_Party/FreeRTOS/Source/stream_buffer.c **** 		{
 2730              		.loc 1 898 3 is_stmt 1 view .LVU781
 898:Middlewares/Third_Party/FreeRTOS/Source/stream_buffer.c **** 		{
 2731              		.loc 1 898 5 is_stmt 0 view .LVU782
 2732 006c 0646     		mov	r6, r0
 2733              	.LVL227:
 898:Middlewares/Third_Party/FreeRTOS/Source/stream_buffer.c **** 		{
 2734              		.loc 1 898 5 view .LVU783
 2735 006e 0028     		cmp	r0, #0
 2736 0070 DBD0     		beq	.L177
 2737              	.LBB167:
 900:Middlewares/Third_Party/FreeRTOS/Source/stream_buffer.c **** 		}
 2738              		.loc 1 900 4 is_stmt 1 view .LVU784
 900:Middlewares/Third_Party/FreeRTOS/Source/stream_buffer.c **** 		}
 2739              		.loc 1 900 4 view .LVU785
 2740              	.LBB168:
 2741              	.LBI168:
 209:Middlewares/Third_Party/FreeRTOS/Source/portable/GCC/ARM_CM3/portmacro.h **** {
 2742              		.loc 2 209 34 view .LVU786
 2743              	.LBB169:
 211:Middlewares/Third_Party/FreeRTOS/Source/portable/GCC/ARM_CM3/portmacro.h **** 
 2744              		.loc 2 211 1 view .LVU787
 213:Middlewares/Third_Party/FreeRTOS/Source/portable/GCC/ARM_CM3/portmacro.h **** 	(
 2745              		.loc 2 213 2 view .LVU788
 2746              		.syntax unified
 2747              	@ 213 "Middlewares/Third_Party/FreeRTOS/Source/portable/GCC/ARM_CM3/portmacro.h" 1
 2748 0072 EFF31187 			mrs r7, basepri											
 2749 0076 4FF05003 		mov r3, #80												
 2750 007a 83F31188 		msr basepri, r3											
 2751 007e BFF36F8F 		isb														
 2752 0082 BFF34F8F 		dsb														
 2753              	
 2754              	@ 0 "" 2
 2755              	.LVL228:
 225:Middlewares/Third_Party/FreeRTOS/Source/portable/GCC/ARM_CM3/portmacro.h **** }
 2756              		.loc 2 225 2 view .LVU789
 225:Middlewares/Third_Party/FreeRTOS/Source/portable/GCC/ARM_CM3/portmacro.h **** }
 2757              		.loc 2 225 2 is_stmt 0 view .LVU790
 2758              		.thumb
 2759              		.syntax unified
 2760              	.LBE169:
 2761              	.LBE168:
 900:Middlewares/Third_Party/FreeRTOS/Source/stream_buffer.c **** 		}
ARM GAS  /tmp/ccdKs9qj.s 			page 87


 2762              		.loc 1 900 4 is_stmt 1 discriminator 1 view .LVU791
 2763 0086 6369     		ldr	r3, [r4, #20]
 2764 0088 43B1     		cbz	r3, .L184
 900:Middlewares/Third_Party/FreeRTOS/Source/stream_buffer.c **** 		}
 2765              		.loc 1 900 4 discriminator 1 view .LVU792
 2766 008a 6069     		ldr	r0, [r4, #20]
 2767              	.LVL229:
 900:Middlewares/Third_Party/FreeRTOS/Source/stream_buffer.c **** 		}
 2768              		.loc 1 900 4 is_stmt 0 discriminator 1 view .LVU793
 2769 008c 0095     		str	r5, [sp]
 2770 008e 0023     		movs	r3, #0
 2771 0090 1A46     		mov	r2, r3
 2772 0092 1946     		mov	r1, r3
 2773 0094 FFF7FEFF 		bl	xTaskGenericNotifyFromISR
 2774              	.LVL230:
 900:Middlewares/Third_Party/FreeRTOS/Source/stream_buffer.c **** 		}
 2775              		.loc 1 900 4 is_stmt 1 discriminator 1 view .LVU794
 2776 0098 0023     		movs	r3, #0
 2777 009a 6361     		str	r3, [r4, #20]
 2778              	.L184:
 900:Middlewares/Third_Party/FreeRTOS/Source/stream_buffer.c **** 		}
 2779              		.loc 1 900 4 discriminator 3 view .LVU795
 2780              	.LBB170:
 2781              	.LBI170:
 229:Middlewares/Third_Party/FreeRTOS/Source/portable/GCC/ARM_CM3/portmacro.h **** {
 2782              		.loc 2 229 30 view .LVU796
 2783              	.LBB171:
 2784              		.loc 2 231 2 view .LVU797
 2785              		.syntax unified
 2786              	@ 231 "Middlewares/Third_Party/FreeRTOS/Source/portable/GCC/ARM_CM3/portmacro.h" 1
 2787 009c 87F31188 			msr basepri, r7	
 2788              	@ 0 "" 2
 2789              		.thumb
 2790              		.syntax unified
 2791              	.LBE171:
 2792              	.LBE170:
 2793              	.LBE167:
 900:Middlewares/Third_Party/FreeRTOS/Source/stream_buffer.c **** 		}
 2794              		.loc 1 900 77 discriminator 1 view .LVU798
 2795              	.LBB174:
 2796              	.LBB173:
 2797              	.LBB172:
 232:Middlewares/Third_Party/FreeRTOS/Source/portable/GCC/ARM_CM3/portmacro.h **** 	(
 233:Middlewares/Third_Party/FreeRTOS/Source/portable/GCC/ARM_CM3/portmacro.h **** 		"	msr basepri, %0	" :: "r" ( ulNewMaskValue ) : "memory"
 234:Middlewares/Third_Party/FreeRTOS/Source/portable/GCC/ARM_CM3/portmacro.h **** 	);
 235:Middlewares/Third_Party/FreeRTOS/Source/portable/GCC/ARM_CM3/portmacro.h **** }
 2798              		.loc 2 235 1 is_stmt 0 view .LVU799
 2799 00a0 C3E7     		b	.L177
 2800              	.LBE172:
 2801              	.LBE173:
 2802              	.LBE174:
 2803              		.cfi_endproc
 2804              	.LFE16:
 2806              		.section	.text.xStreamBufferIsEmpty,"ax",%progbits
 2807              		.align	1
 2808              		.global	xStreamBufferIsEmpty
 2809              		.syntax unified
ARM GAS  /tmp/ccdKs9qj.s 			page 88


 2810              		.thumb
 2811              		.thumb_func
 2813              	xStreamBufferIsEmpty:
 2814              	.LVL231:
 2815              	.LFB18:
 971:Middlewares/Third_Party/FreeRTOS/Source/stream_buffer.c **** const StreamBuffer_t * const pxStreamBuffer = xStreamBuffer;
 2816              		.loc 1 971 1 is_stmt 1 view -0
 2817              		.cfi_startproc
 2818              		@ args = 0, pretend = 0, frame = 0
 2819              		@ frame_needed = 0, uses_anonymous_args = 0
 2820              		@ link register save eliminated.
 972:Middlewares/Third_Party/FreeRTOS/Source/stream_buffer.c **** BaseType_t xReturn;
 2821              		.loc 1 972 1 view .LVU801
 973:Middlewares/Third_Party/FreeRTOS/Source/stream_buffer.c **** size_t xTail;
 2822              		.loc 1 973 1 view .LVU802
 974:Middlewares/Third_Party/FreeRTOS/Source/stream_buffer.c **** 
 2823              		.loc 1 974 1 view .LVU803
 976:Middlewares/Third_Party/FreeRTOS/Source/stream_buffer.c **** 
 2824              		.loc 1 976 2 view .LVU804
 2825 0000 28B1     		cbz	r0, .L197
 976:Middlewares/Third_Party/FreeRTOS/Source/stream_buffer.c **** 
 2826              		.loc 1 976 32 discriminator 2 view .LVU805
 979:Middlewares/Third_Party/FreeRTOS/Source/stream_buffer.c **** 	if( pxStreamBuffer->xHead == xTail )
 2827              		.loc 1 979 2 view .LVU806
 979:Middlewares/Third_Party/FreeRTOS/Source/stream_buffer.c **** 	if( pxStreamBuffer->xHead == xTail )
 2828              		.loc 1 979 8 is_stmt 0 view .LVU807
 2829 0002 0268     		ldr	r2, [r0]
 2830              	.LVL232:
 980:Middlewares/Third_Party/FreeRTOS/Source/stream_buffer.c **** 	{
 2831              		.loc 1 980 2 is_stmt 1 view .LVU808
 980:Middlewares/Third_Party/FreeRTOS/Source/stream_buffer.c **** 	{
 2832              		.loc 1 980 20 is_stmt 0 view .LVU809
 2833 0004 4368     		ldr	r3, [r0, #4]
 980:Middlewares/Third_Party/FreeRTOS/Source/stream_buffer.c **** 	{
 2834              		.loc 1 980 4 view .LVU810
 2835 0006 9342     		cmp	r3, r2
 2836 0008 0AD0     		beq	.L198
 986:Middlewares/Third_Party/FreeRTOS/Source/stream_buffer.c **** 	}
 2837              		.loc 1 986 11 view .LVU811
 2838 000a 0020     		movs	r0, #0
 2839              	.LVL233:
 989:Middlewares/Third_Party/FreeRTOS/Source/stream_buffer.c **** }
 2840              		.loc 1 989 2 is_stmt 1 view .LVU812
 990:Middlewares/Third_Party/FreeRTOS/Source/stream_buffer.c **** /*-----------------------------------------------------------*/
 2841              		.loc 1 990 1 is_stmt 0 view .LVU813
 2842 000c 7047     		bx	lr
 2843              	.LVL234:
 2844              	.L197:
 976:Middlewares/Third_Party/FreeRTOS/Source/stream_buffer.c **** 
 2845              		.loc 1 976 2 is_stmt 1 discriminator 1 view .LVU814
 2846              	.LBB175:
 2847              	.LBI175:
 193:Middlewares/Third_Party/FreeRTOS/Source/portable/GCC/ARM_CM3/portmacro.h **** {
 2848              		.loc 2 193 30 view .LVU815
 2849              	.LBB176:
 195:Middlewares/Third_Party/FreeRTOS/Source/portable/GCC/ARM_CM3/portmacro.h **** 
 2850              		.loc 2 195 1 view .LVU816
ARM GAS  /tmp/ccdKs9qj.s 			page 89


 197:Middlewares/Third_Party/FreeRTOS/Source/portable/GCC/ARM_CM3/portmacro.h **** 	(
 2851              		.loc 2 197 2 view .LVU817
 2852              		.syntax unified
 2853              	@ 197 "Middlewares/Third_Party/FreeRTOS/Source/portable/GCC/ARM_CM3/portmacro.h" 1
 2854 000e 4FF05003 			mov r3, #80												
 2855 0012 83F31188 		msr basepri, r3											
 2856 0016 BFF36F8F 		isb														
 2857 001a BFF34F8F 		dsb														
 2858              	
 2859              	@ 0 "" 2
 2860              		.thumb
 2861              		.syntax unified
 2862              	.L194:
 2863              	.LBE176:
 2864              	.LBE175:
 976:Middlewares/Third_Party/FreeRTOS/Source/stream_buffer.c **** 
 2865              		.loc 1 976 2 discriminator 3 view .LVU818
 976:Middlewares/Third_Party/FreeRTOS/Source/stream_buffer.c **** 
 2866              		.loc 1 976 2 discriminator 3 view .LVU819
 2867 001e FEE7     		b	.L194
 2868              	.LVL235:
 2869              	.L198:
 982:Middlewares/Third_Party/FreeRTOS/Source/stream_buffer.c **** 	}
 2870              		.loc 1 982 11 is_stmt 0 view .LVU820
 2871 0020 0120     		movs	r0, #1
 2872              	.LVL236:
 982:Middlewares/Third_Party/FreeRTOS/Source/stream_buffer.c **** 	}
 2873              		.loc 1 982 11 view .LVU821
 2874 0022 7047     		bx	lr
 2875              		.cfi_endproc
 2876              	.LFE18:
 2878              		.section	.text.xStreamBufferIsFull,"ax",%progbits
 2879              		.align	1
 2880              		.global	xStreamBufferIsFull
 2881              		.syntax unified
 2882              		.thumb
 2883              		.thumb_func
 2885              	xStreamBufferIsFull:
 2886              	.LVL237:
 2887              	.LFB19:
 994:Middlewares/Third_Party/FreeRTOS/Source/stream_buffer.c **** BaseType_t xReturn;
 2888              		.loc 1 994 1 is_stmt 1 view -0
 2889              		.cfi_startproc
 2890              		@ args = 0, pretend = 0, frame = 0
 2891              		@ frame_needed = 0, uses_anonymous_args = 0
 995:Middlewares/Third_Party/FreeRTOS/Source/stream_buffer.c **** size_t xBytesToStoreMessageLength;
 2892              		.loc 1 995 1 view .LVU823
 996:Middlewares/Third_Party/FreeRTOS/Source/stream_buffer.c **** const StreamBuffer_t * const pxStreamBuffer = xStreamBuffer;
 2893              		.loc 1 996 1 view .LVU824
 997:Middlewares/Third_Party/FreeRTOS/Source/stream_buffer.c **** 
 2894              		.loc 1 997 1 view .LVU825
 999:Middlewares/Third_Party/FreeRTOS/Source/stream_buffer.c **** 
 2895              		.loc 1 999 2 view .LVU826
 2896 0000 68B1     		cbz	r0, .L208
 994:Middlewares/Third_Party/FreeRTOS/Source/stream_buffer.c **** BaseType_t xReturn;
 2897              		.loc 1 994 1 is_stmt 0 view .LVU827
 2898 0002 10B5     		push	{r4, lr}
ARM GAS  /tmp/ccdKs9qj.s 			page 90


 2899              	.LCFI51:
 2900              		.cfi_def_cfa_offset 8
 2901              		.cfi_offset 4, -8
 2902              		.cfi_offset 14, -4
 2903 0004 0346     		mov	r3, r0
 999:Middlewares/Third_Party/FreeRTOS/Source/stream_buffer.c **** 
 2904              		.loc 1 999 32 is_stmt 1 discriminator 2 view .LVU828
1005:Middlewares/Third_Party/FreeRTOS/Source/stream_buffer.c **** 	{
 2905              		.loc 1 1005 2 view .LVU829
1005:Middlewares/Third_Party/FreeRTOS/Source/stream_buffer.c **** 	{
 2906              		.loc 1 1005 22 is_stmt 0 view .LVU830
 2907 0006 027F     		ldrb	r2, [r0, #28]	@ zero_extendqisi2
1005:Middlewares/Third_Party/FreeRTOS/Source/stream_buffer.c **** 	{
 2908              		.loc 1 1005 4 view .LVU831
 2909 0008 12F0010F 		tst	r2, #1
 2910 000c 10D0     		beq	.L204
1007:Middlewares/Third_Party/FreeRTOS/Source/stream_buffer.c **** 	}
 2911              		.loc 1 1007 30 view .LVU832
 2912 000e 0424     		movs	r4, #4
 2913              	.L202:
 2914              	.LVL238:
1015:Middlewares/Third_Party/FreeRTOS/Source/stream_buffer.c **** 	{
 2915              		.loc 1 1015 2 is_stmt 1 view .LVU833
1015:Middlewares/Third_Party/FreeRTOS/Source/stream_buffer.c **** 	{
 2916              		.loc 1 1015 6 is_stmt 0 view .LVU834
 2917 0010 1846     		mov	r0, r3
 2918              	.LVL239:
1015:Middlewares/Third_Party/FreeRTOS/Source/stream_buffer.c **** 	{
 2919              		.loc 1 1015 6 view .LVU835
 2920 0012 FFF7FEFF 		bl	xStreamBufferSpacesAvailable
 2921              	.LVL240:
1015:Middlewares/Third_Party/FreeRTOS/Source/stream_buffer.c **** 	{
 2922              		.loc 1 1015 4 discriminator 1 view .LVU836
 2923 0016 A042     		cmp	r0, r4
 2924 0018 0CD8     		bhi	.L205
1017:Middlewares/Third_Party/FreeRTOS/Source/stream_buffer.c **** 	}
 2925              		.loc 1 1017 11 view .LVU837
 2926 001a 0120     		movs	r0, #1
 2927              	.L199:
1025:Middlewares/Third_Party/FreeRTOS/Source/stream_buffer.c **** /*-----------------------------------------------------------*/
 2928              		.loc 1 1025 1 view .LVU838
 2929 001c 10BD     		pop	{r4, pc}
 2930              	.LVL241:
 2931              	.L208:
 2932              	.LCFI52:
 2933              		.cfi_def_cfa_offset 0
 2934              		.cfi_restore 4
 2935              		.cfi_restore 14
 999:Middlewares/Third_Party/FreeRTOS/Source/stream_buffer.c **** 
 2936              		.loc 1 999 2 is_stmt 1 discriminator 1 view .LVU839
 2937              	.LBB177:
 2938              	.LBI177:
 193:Middlewares/Third_Party/FreeRTOS/Source/portable/GCC/ARM_CM3/portmacro.h **** {
 2939              		.loc 2 193 30 view .LVU840
 2940              	.LBB178:
 195:Middlewares/Third_Party/FreeRTOS/Source/portable/GCC/ARM_CM3/portmacro.h **** 
 2941              		.loc 2 195 1 view .LVU841
ARM GAS  /tmp/ccdKs9qj.s 			page 91


 197:Middlewares/Third_Party/FreeRTOS/Source/portable/GCC/ARM_CM3/portmacro.h **** 	(
 2942              		.loc 2 197 2 view .LVU842
 2943              		.syntax unified
 2944              	@ 197 "Middlewares/Third_Party/FreeRTOS/Source/portable/GCC/ARM_CM3/portmacro.h" 1
 2945 001e 4FF05003 			mov r3, #80												
 2946 0022 83F31188 		msr basepri, r3											
 2947 0026 BFF36F8F 		isb														
 2948 002a BFF34F8F 		dsb														
 2949              	
 2950              	@ 0 "" 2
 2951              		.thumb
 2952              		.syntax unified
 2953              	.L201:
 2954              	.LBE178:
 2955              	.LBE177:
 999:Middlewares/Third_Party/FreeRTOS/Source/stream_buffer.c **** 
 2956              		.loc 1 999 2 discriminator 3 view .LVU843
 999:Middlewares/Third_Party/FreeRTOS/Source/stream_buffer.c **** 
 2957              		.loc 1 999 2 discriminator 3 view .LVU844
 2958 002e FEE7     		b	.L201
 2959              	.L204:
 2960              	.LCFI53:
 2961              		.cfi_def_cfa_offset 8
 2962              		.cfi_offset 4, -8
 2963              		.cfi_offset 14, -4
1011:Middlewares/Third_Party/FreeRTOS/Source/stream_buffer.c **** 	}
 2964              		.loc 1 1011 30 is_stmt 0 view .LVU845
 2965 0030 0024     		movs	r4, #0
 2966 0032 EDE7     		b	.L202
 2967              	.LVL242:
 2968              	.L205:
1021:Middlewares/Third_Party/FreeRTOS/Source/stream_buffer.c **** 	}
 2969              		.loc 1 1021 11 view .LVU846
 2970 0034 0020     		movs	r0, #0
 2971              	.LVL243:
1024:Middlewares/Third_Party/FreeRTOS/Source/stream_buffer.c **** }
 2972              		.loc 1 1024 2 is_stmt 1 view .LVU847
1024:Middlewares/Third_Party/FreeRTOS/Source/stream_buffer.c **** }
 2973              		.loc 1 1024 9 is_stmt 0 view .LVU848
 2974 0036 F1E7     		b	.L199
 2975              		.cfi_endproc
 2976              	.LFE19:
 2978              		.section	.text.xStreamBufferSendCompletedFromISR,"ax",%progbits
 2979              		.align	1
 2980              		.global	xStreamBufferSendCompletedFromISR
 2981              		.syntax unified
 2982              		.thumb
 2983              		.thumb_func
 2985              	xStreamBufferSendCompletedFromISR:
 2986              	.LVL244:
 2987              	.LFB20:
1029:Middlewares/Third_Party/FreeRTOS/Source/stream_buffer.c **** StreamBuffer_t * const pxStreamBuffer = xStreamBuffer;
 2988              		.loc 1 1029 1 is_stmt 1 view -0
 2989              		.cfi_startproc
 2990              		@ args = 0, pretend = 0, frame = 0
 2991              		@ frame_needed = 0, uses_anonymous_args = 0
1030:Middlewares/Third_Party/FreeRTOS/Source/stream_buffer.c **** BaseType_t xReturn;
ARM GAS  /tmp/ccdKs9qj.s 			page 92


 2992              		.loc 1 1030 1 view .LVU850
1031:Middlewares/Third_Party/FreeRTOS/Source/stream_buffer.c **** UBaseType_t uxSavedInterruptStatus;
 2993              		.loc 1 1031 1 view .LVU851
1032:Middlewares/Third_Party/FreeRTOS/Source/stream_buffer.c **** 
 2994              		.loc 1 1032 1 view .LVU852
1034:Middlewares/Third_Party/FreeRTOS/Source/stream_buffer.c **** 
 2995              		.loc 1 1034 2 view .LVU853
 2996 0000 E0B1     		cbz	r0, .L216
1029:Middlewares/Third_Party/FreeRTOS/Source/stream_buffer.c **** StreamBuffer_t * const pxStreamBuffer = xStreamBuffer;
 2997              		.loc 1 1029 1 is_stmt 0 view .LVU854
 2998 0002 30B5     		push	{r4, r5, lr}
 2999              	.LCFI54:
 3000              		.cfi_def_cfa_offset 12
 3001              		.cfi_offset 4, -12
 3002              		.cfi_offset 5, -8
 3003              		.cfi_offset 14, -4
 3004 0004 83B0     		sub	sp, sp, #12
 3005              	.LCFI55:
 3006              		.cfi_def_cfa_offset 24
 3007 0006 0546     		mov	r5, r0
1034:Middlewares/Third_Party/FreeRTOS/Source/stream_buffer.c **** 
 3008              		.loc 1 1034 32 is_stmt 1 discriminator 2 view .LVU855
1036:Middlewares/Third_Party/FreeRTOS/Source/stream_buffer.c **** 	{
 3009              		.loc 1 1036 2 view .LVU856
 3010              	.LBB179:
 3011              	.LBI179:
 209:Middlewares/Third_Party/FreeRTOS/Source/portable/GCC/ARM_CM3/portmacro.h **** {
 3012              		.loc 2 209 34 view .LVU857
 3013              	.LBB180:
 211:Middlewares/Third_Party/FreeRTOS/Source/portable/GCC/ARM_CM3/portmacro.h **** 
 3014              		.loc 2 211 1 view .LVU858
 213:Middlewares/Third_Party/FreeRTOS/Source/portable/GCC/ARM_CM3/portmacro.h **** 	(
 3015              		.loc 2 213 2 view .LVU859
 3016              		.syntax unified
 3017              	@ 213 "Middlewares/Third_Party/FreeRTOS/Source/portable/GCC/ARM_CM3/portmacro.h" 1
 3018 0008 EFF31184 			mrs r4, basepri											
 3019 000c 4FF05003 		mov r3, #80												
 3020 0010 83F31188 		msr basepri, r3											
 3021 0014 BFF36F8F 		isb														
 3022 0018 BFF34F8F 		dsb														
 3023              	
 3024              	@ 0 "" 2
 3025              	.LVL245:
 225:Middlewares/Third_Party/FreeRTOS/Source/portable/GCC/ARM_CM3/portmacro.h **** }
 3026              		.loc 2 225 2 view .LVU860
 225:Middlewares/Third_Party/FreeRTOS/Source/portable/GCC/ARM_CM3/portmacro.h **** }
 3027              		.loc 2 225 2 is_stmt 0 view .LVU861
 3028              		.thumb
 3029              		.syntax unified
 3030              	.LBE180:
 3031              	.LBE179:
1038:Middlewares/Third_Party/FreeRTOS/Source/stream_buffer.c **** 		{
 3032              		.loc 1 1038 3 is_stmt 1 view .LVU862
1038:Middlewares/Third_Party/FreeRTOS/Source/stream_buffer.c **** 		{
 3033              		.loc 1 1038 25 is_stmt 0 view .LVU863
 3034 001c 0369     		ldr	r3, [r0, #16]
1038:Middlewares/Third_Party/FreeRTOS/Source/stream_buffer.c **** 		{
ARM GAS  /tmp/ccdKs9qj.s 			page 93


 3035              		.loc 1 1038 5 view .LVU864
 3036 001e B3B1     		cbz	r3, .L213
1040:Middlewares/Third_Party/FreeRTOS/Source/stream_buffer.c **** 										 ( uint32_t ) 0,
 3037              		.loc 1 1040 4 is_stmt 1 view .LVU865
1040:Middlewares/Third_Party/FreeRTOS/Source/stream_buffer.c **** 										 ( uint32_t ) 0,
 3038              		.loc 1 1040 13 is_stmt 0 view .LVU866
 3039 0020 0069     		ldr	r0, [r0, #16]
 3040              	.LVL246:
1040:Middlewares/Third_Party/FreeRTOS/Source/stream_buffer.c **** 										 ( uint32_t ) 0,
 3041              		.loc 1 1040 13 view .LVU867
 3042 0022 0091     		str	r1, [sp]
 3043 0024 0023     		movs	r3, #0
 3044 0026 1A46     		mov	r2, r3
 3045 0028 1946     		mov	r1, r3
 3046              	.LVL247:
1040:Middlewares/Third_Party/FreeRTOS/Source/stream_buffer.c **** 										 ( uint32_t ) 0,
 3047              		.loc 1 1040 13 view .LVU868
 3048 002a FFF7FEFF 		bl	xTaskGenericNotifyFromISR
 3049              	.LVL248:
1044:Middlewares/Third_Party/FreeRTOS/Source/stream_buffer.c **** 			xReturn = pdTRUE;
 3050              		.loc 1 1044 4 is_stmt 1 view .LVU869
1044:Middlewares/Third_Party/FreeRTOS/Source/stream_buffer.c **** 			xReturn = pdTRUE;
 3051              		.loc 1 1044 46 is_stmt 0 view .LVU870
 3052 002e 0023     		movs	r3, #0
 3053 0030 2B61     		str	r3, [r5, #16]
1045:Middlewares/Third_Party/FreeRTOS/Source/stream_buffer.c **** 		}
 3054              		.loc 1 1045 4 is_stmt 1 view .LVU871
 3055              	.LVL249:
1045:Middlewares/Third_Party/FreeRTOS/Source/stream_buffer.c **** 		}
 3056              		.loc 1 1045 12 is_stmt 0 view .LVU872
 3057 0032 0120     		movs	r0, #1
 3058              	.LVL250:
 3059              	.L212:
1052:Middlewares/Third_Party/FreeRTOS/Source/stream_buffer.c **** 
 3060              		.loc 1 1052 2 is_stmt 1 view .LVU873
 3061              	.LBB181:
 3062              	.LBI181:
 229:Middlewares/Third_Party/FreeRTOS/Source/portable/GCC/ARM_CM3/portmacro.h **** {
 3063              		.loc 2 229 30 view .LVU874
 3064              	.LBB182:
 231:Middlewares/Third_Party/FreeRTOS/Source/portable/GCC/ARM_CM3/portmacro.h **** 	(
 3065              		.loc 2 231 2 view .LVU875
 3066              		.syntax unified
 3067              	@ 231 "Middlewares/Third_Party/FreeRTOS/Source/portable/GCC/ARM_CM3/portmacro.h" 1
 3068 0034 84F31188 			msr basepri, r4	
 3069              	@ 0 "" 2
 3070              		.thumb
 3071              		.syntax unified
 3072              	.LBE182:
 3073              	.LBE181:
1054:Middlewares/Third_Party/FreeRTOS/Source/stream_buffer.c **** }
 3074              		.loc 1 1054 2 view .LVU876
1055:Middlewares/Third_Party/FreeRTOS/Source/stream_buffer.c **** /*-----------------------------------------------------------*/
 3075              		.loc 1 1055 1 is_stmt 0 view .LVU877
 3076 0038 03B0     		add	sp, sp, #12
 3077              	.LCFI56:
 3078              		.cfi_def_cfa_offset 12
ARM GAS  /tmp/ccdKs9qj.s 			page 94


 3079              		@ sp needed
 3080 003a 30BD     		pop	{r4, r5, pc}
 3081              	.LVL251:
 3082              	.L216:
 3083              	.LCFI57:
 3084              		.cfi_def_cfa_offset 0
 3085              		.cfi_restore 4
 3086              		.cfi_restore 5
 3087              		.cfi_restore 14
1034:Middlewares/Third_Party/FreeRTOS/Source/stream_buffer.c **** 
 3088              		.loc 1 1034 2 is_stmt 1 discriminator 1 view .LVU878
 3089              	.LBB183:
 3090              	.LBI183:
 193:Middlewares/Third_Party/FreeRTOS/Source/portable/GCC/ARM_CM3/portmacro.h **** {
 3091              		.loc 2 193 30 view .LVU879
 3092              	.LBB184:
 195:Middlewares/Third_Party/FreeRTOS/Source/portable/GCC/ARM_CM3/portmacro.h **** 
 3093              		.loc 2 195 1 view .LVU880
 197:Middlewares/Third_Party/FreeRTOS/Source/portable/GCC/ARM_CM3/portmacro.h **** 	(
 3094              		.loc 2 197 2 view .LVU881
 3095              		.syntax unified
 3096              	@ 197 "Middlewares/Third_Party/FreeRTOS/Source/portable/GCC/ARM_CM3/portmacro.h" 1
 3097 003c 4FF05003 			mov r3, #80												
 3098 0040 83F31188 		msr basepri, r3											
 3099 0044 BFF36F8F 		isb														
 3100 0048 BFF34F8F 		dsb														
 3101              	
 3102              	@ 0 "" 2
 3103              		.thumb
 3104              		.syntax unified
 3105              	.L211:
 3106              	.LBE184:
 3107              	.LBE183:
1034:Middlewares/Third_Party/FreeRTOS/Source/stream_buffer.c **** 
 3108              		.loc 1 1034 2 discriminator 3 view .LVU882
1034:Middlewares/Third_Party/FreeRTOS/Source/stream_buffer.c **** 
 3109              		.loc 1 1034 2 discriminator 3 view .LVU883
 3110 004c FEE7     		b	.L211
 3111              	.LVL252:
 3112              	.L213:
 3113              	.LCFI58:
 3114              		.cfi_def_cfa_offset 24
 3115              		.cfi_offset 4, -12
 3116              		.cfi_offset 5, -8
 3117              		.cfi_offset 14, -4
1049:Middlewares/Third_Party/FreeRTOS/Source/stream_buffer.c **** 		}
 3118              		.loc 1 1049 12 is_stmt 0 view .LVU884
 3119 004e 0020     		movs	r0, #0
 3120              	.LVL253:
1049:Middlewares/Third_Party/FreeRTOS/Source/stream_buffer.c **** 		}
 3121              		.loc 1 1049 12 view .LVU885
 3122 0050 F0E7     		b	.L212
 3123              		.cfi_endproc
 3124              	.LFE20:
 3126              		.section	.text.xStreamBufferReceiveCompletedFromISR,"ax",%progbits
 3127              		.align	1
 3128              		.global	xStreamBufferReceiveCompletedFromISR
ARM GAS  /tmp/ccdKs9qj.s 			page 95


 3129              		.syntax unified
 3130              		.thumb
 3131              		.thumb_func
 3133              	xStreamBufferReceiveCompletedFromISR:
 3134              	.LVL254:
 3135              	.LFB21:
1059:Middlewares/Third_Party/FreeRTOS/Source/stream_buffer.c **** StreamBuffer_t * const pxStreamBuffer = xStreamBuffer;
 3136              		.loc 1 1059 1 is_stmt 1 view -0
 3137              		.cfi_startproc
 3138              		@ args = 0, pretend = 0, frame = 0
 3139              		@ frame_needed = 0, uses_anonymous_args = 0
1060:Middlewares/Third_Party/FreeRTOS/Source/stream_buffer.c **** BaseType_t xReturn;
 3140              		.loc 1 1060 1 view .LVU887
1061:Middlewares/Third_Party/FreeRTOS/Source/stream_buffer.c **** UBaseType_t uxSavedInterruptStatus;
 3141              		.loc 1 1061 1 view .LVU888
1062:Middlewares/Third_Party/FreeRTOS/Source/stream_buffer.c **** 
 3142              		.loc 1 1062 1 view .LVU889
1064:Middlewares/Third_Party/FreeRTOS/Source/stream_buffer.c **** 
 3143              		.loc 1 1064 2 view .LVU890
 3144 0000 E0B1     		cbz	r0, .L224
1059:Middlewares/Third_Party/FreeRTOS/Source/stream_buffer.c **** StreamBuffer_t * const pxStreamBuffer = xStreamBuffer;
 3145              		.loc 1 1059 1 is_stmt 0 view .LVU891
 3146 0002 30B5     		push	{r4, r5, lr}
 3147              	.LCFI59:
 3148              		.cfi_def_cfa_offset 12
 3149              		.cfi_offset 4, -12
 3150              		.cfi_offset 5, -8
 3151              		.cfi_offset 14, -4
 3152 0004 83B0     		sub	sp, sp, #12
 3153              	.LCFI60:
 3154              		.cfi_def_cfa_offset 24
 3155 0006 0546     		mov	r5, r0
1064:Middlewares/Third_Party/FreeRTOS/Source/stream_buffer.c **** 
 3156              		.loc 1 1064 32 is_stmt 1 discriminator 2 view .LVU892
1066:Middlewares/Third_Party/FreeRTOS/Source/stream_buffer.c **** 	{
 3157              		.loc 1 1066 2 view .LVU893
 3158              	.LBB185:
 3159              	.LBI185:
 209:Middlewares/Third_Party/FreeRTOS/Source/portable/GCC/ARM_CM3/portmacro.h **** {
 3160              		.loc 2 209 34 view .LVU894
 3161              	.LBB186:
 211:Middlewares/Third_Party/FreeRTOS/Source/portable/GCC/ARM_CM3/portmacro.h **** 
 3162              		.loc 2 211 1 view .LVU895
 213:Middlewares/Third_Party/FreeRTOS/Source/portable/GCC/ARM_CM3/portmacro.h **** 	(
 3163              		.loc 2 213 2 view .LVU896
 3164              		.syntax unified
 3165              	@ 213 "Middlewares/Third_Party/FreeRTOS/Source/portable/GCC/ARM_CM3/portmacro.h" 1
 3166 0008 EFF31184 			mrs r4, basepri											
 3167 000c 4FF05003 		mov r3, #80												
 3168 0010 83F31188 		msr basepri, r3											
 3169 0014 BFF36F8F 		isb														
 3170 0018 BFF34F8F 		dsb														
 3171              	
 3172              	@ 0 "" 2
 3173              	.LVL255:
 225:Middlewares/Third_Party/FreeRTOS/Source/portable/GCC/ARM_CM3/portmacro.h **** }
 3174              		.loc 2 225 2 view .LVU897
ARM GAS  /tmp/ccdKs9qj.s 			page 96


 225:Middlewares/Third_Party/FreeRTOS/Source/portable/GCC/ARM_CM3/portmacro.h **** }
 3175              		.loc 2 225 2 is_stmt 0 view .LVU898
 3176              		.thumb
 3177              		.syntax unified
 3178              	.LBE186:
 3179              	.LBE185:
1068:Middlewares/Third_Party/FreeRTOS/Source/stream_buffer.c **** 		{
 3180              		.loc 1 1068 3 is_stmt 1 view .LVU899
1068:Middlewares/Third_Party/FreeRTOS/Source/stream_buffer.c **** 		{
 3181              		.loc 1 1068 25 is_stmt 0 view .LVU900
 3182 001c 4369     		ldr	r3, [r0, #20]
1068:Middlewares/Third_Party/FreeRTOS/Source/stream_buffer.c **** 		{
 3183              		.loc 1 1068 5 view .LVU901
 3184 001e B3B1     		cbz	r3, .L221
1070:Middlewares/Third_Party/FreeRTOS/Source/stream_buffer.c **** 										 ( uint32_t ) 0,
 3185              		.loc 1 1070 4 is_stmt 1 view .LVU902
1070:Middlewares/Third_Party/FreeRTOS/Source/stream_buffer.c **** 										 ( uint32_t ) 0,
 3186              		.loc 1 1070 13 is_stmt 0 view .LVU903
 3187 0020 4069     		ldr	r0, [r0, #20]
 3188              	.LVL256:
1070:Middlewares/Third_Party/FreeRTOS/Source/stream_buffer.c **** 										 ( uint32_t ) 0,
 3189              		.loc 1 1070 13 view .LVU904
 3190 0022 0091     		str	r1, [sp]
 3191 0024 0023     		movs	r3, #0
 3192 0026 1A46     		mov	r2, r3
 3193 0028 1946     		mov	r1, r3
 3194              	.LVL257:
1070:Middlewares/Third_Party/FreeRTOS/Source/stream_buffer.c **** 										 ( uint32_t ) 0,
 3195              		.loc 1 1070 13 view .LVU905
 3196 002a FFF7FEFF 		bl	xTaskGenericNotifyFromISR
 3197              	.LVL258:
1074:Middlewares/Third_Party/FreeRTOS/Source/stream_buffer.c **** 			xReturn = pdTRUE;
 3198              		.loc 1 1074 4 is_stmt 1 view .LVU906
1074:Middlewares/Third_Party/FreeRTOS/Source/stream_buffer.c **** 			xReturn = pdTRUE;
 3199              		.loc 1 1074 43 is_stmt 0 view .LVU907
 3200 002e 0023     		movs	r3, #0
 3201 0030 6B61     		str	r3, [r5, #20]
1075:Middlewares/Third_Party/FreeRTOS/Source/stream_buffer.c **** 		}
 3202              		.loc 1 1075 4 is_stmt 1 view .LVU908
 3203              	.LVL259:
1075:Middlewares/Third_Party/FreeRTOS/Source/stream_buffer.c **** 		}
 3204              		.loc 1 1075 12 is_stmt 0 view .LVU909
 3205 0032 0120     		movs	r0, #1
 3206              	.LVL260:
 3207              	.L220:
1082:Middlewares/Third_Party/FreeRTOS/Source/stream_buffer.c **** 
 3208              		.loc 1 1082 2 is_stmt 1 view .LVU910
 3209              	.LBB187:
 3210              	.LBI187:
 229:Middlewares/Third_Party/FreeRTOS/Source/portable/GCC/ARM_CM3/portmacro.h **** {
 3211              		.loc 2 229 30 view .LVU911
 3212              	.LBB188:
 231:Middlewares/Third_Party/FreeRTOS/Source/portable/GCC/ARM_CM3/portmacro.h **** 	(
 3213              		.loc 2 231 2 view .LVU912
 3214              		.syntax unified
 3215              	@ 231 "Middlewares/Third_Party/FreeRTOS/Source/portable/GCC/ARM_CM3/portmacro.h" 1
 3216 0034 84F31188 			msr basepri, r4	
ARM GAS  /tmp/ccdKs9qj.s 			page 97


 3217              	@ 0 "" 2
 3218              		.thumb
 3219              		.syntax unified
 3220              	.LBE188:
 3221              	.LBE187:
1084:Middlewares/Third_Party/FreeRTOS/Source/stream_buffer.c **** }
 3222              		.loc 1 1084 2 view .LVU913
1085:Middlewares/Third_Party/FreeRTOS/Source/stream_buffer.c **** /*-----------------------------------------------------------*/
 3223              		.loc 1 1085 1 is_stmt 0 view .LVU914
 3224 0038 03B0     		add	sp, sp, #12
 3225              	.LCFI61:
 3226              		.cfi_def_cfa_offset 12
 3227              		@ sp needed
 3228 003a 30BD     		pop	{r4, r5, pc}
 3229              	.LVL261:
 3230              	.L224:
 3231              	.LCFI62:
 3232              		.cfi_def_cfa_offset 0
 3233              		.cfi_restore 4
 3234              		.cfi_restore 5
 3235              		.cfi_restore 14
1064:Middlewares/Third_Party/FreeRTOS/Source/stream_buffer.c **** 
 3236              		.loc 1 1064 2 is_stmt 1 discriminator 1 view .LVU915
 3237              	.LBB189:
 3238              	.LBI189:
 193:Middlewares/Third_Party/FreeRTOS/Source/portable/GCC/ARM_CM3/portmacro.h **** {
 3239              		.loc 2 193 30 view .LVU916
 3240              	.LBB190:
 195:Middlewares/Third_Party/FreeRTOS/Source/portable/GCC/ARM_CM3/portmacro.h **** 
 3241              		.loc 2 195 1 view .LVU917
 197:Middlewares/Third_Party/FreeRTOS/Source/portable/GCC/ARM_CM3/portmacro.h **** 	(
 3242              		.loc 2 197 2 view .LVU918
 3243              		.syntax unified
 3244              	@ 197 "Middlewares/Third_Party/FreeRTOS/Source/portable/GCC/ARM_CM3/portmacro.h" 1
 3245 003c 4FF05003 			mov r3, #80												
 3246 0040 83F31188 		msr basepri, r3											
 3247 0044 BFF36F8F 		isb														
 3248 0048 BFF34F8F 		dsb														
 3249              	
 3250              	@ 0 "" 2
 3251              		.thumb
 3252              		.syntax unified
 3253              	.L219:
 3254              	.LBE190:
 3255              	.LBE189:
1064:Middlewares/Third_Party/FreeRTOS/Source/stream_buffer.c **** 
 3256              		.loc 1 1064 2 discriminator 3 view .LVU919
1064:Middlewares/Third_Party/FreeRTOS/Source/stream_buffer.c **** 
 3257              		.loc 1 1064 2 discriminator 3 view .LVU920
 3258 004c FEE7     		b	.L219
 3259              	.LVL262:
 3260              	.L221:
 3261              	.LCFI63:
 3262              		.cfi_def_cfa_offset 24
 3263              		.cfi_offset 4, -12
 3264              		.cfi_offset 5, -8
 3265              		.cfi_offset 14, -4
ARM GAS  /tmp/ccdKs9qj.s 			page 98


1079:Middlewares/Third_Party/FreeRTOS/Source/stream_buffer.c **** 		}
 3266              		.loc 1 1079 12 is_stmt 0 view .LVU921
 3267 004e 0020     		movs	r0, #0
 3268              	.LVL263:
1079:Middlewares/Third_Party/FreeRTOS/Source/stream_buffer.c **** 		}
 3269              		.loc 1 1079 12 view .LVU922
 3270 0050 F0E7     		b	.L220
 3271              		.cfi_endproc
 3272              	.LFE21:
 3274              		.section	.text.uxStreamBufferGetStreamBufferNumber,"ax",%progbits
 3275              		.align	1
 3276              		.global	uxStreamBufferGetStreamBufferNumber
 3277              		.syntax unified
 3278              		.thumb
 3279              		.thumb_func
 3281              	uxStreamBufferGetStreamBufferNumber:
 3282              	.LVL264:
 3283              	.LFB26:
1234:Middlewares/Third_Party/FreeRTOS/Source/stream_buffer.c **** 
1235:Middlewares/Third_Party/FreeRTOS/Source/stream_buffer.c **** #if ( configUSE_TRACE_FACILITY == 1 )
1236:Middlewares/Third_Party/FreeRTOS/Source/stream_buffer.c **** 
1237:Middlewares/Third_Party/FreeRTOS/Source/stream_buffer.c **** 	UBaseType_t uxStreamBufferGetStreamBufferNumber( StreamBufferHandle_t xStreamBuffer )
1238:Middlewares/Third_Party/FreeRTOS/Source/stream_buffer.c **** 	{
 3284              		.loc 1 1238 2 is_stmt 1 view -0
 3285              		.cfi_startproc
 3286              		@ args = 0, pretend = 0, frame = 0
 3287              		@ frame_needed = 0, uses_anonymous_args = 0
 3288              		@ link register save eliminated.
1239:Middlewares/Third_Party/FreeRTOS/Source/stream_buffer.c **** 		return xStreamBuffer->uxStreamBufferNumber;
 3289              		.loc 1 1239 3 view .LVU924
1240:Middlewares/Third_Party/FreeRTOS/Source/stream_buffer.c **** 	}
 3290              		.loc 1 1240 2 is_stmt 0 view .LVU925
 3291 0000 006A     		ldr	r0, [r0, #32]
 3292              	.LVL265:
 3293              		.loc 1 1240 2 view .LVU926
 3294 0002 7047     		bx	lr
 3295              		.cfi_endproc
 3296              	.LFE26:
 3298              		.section	.text.vStreamBufferSetStreamBufferNumber,"ax",%progbits
 3299              		.align	1
 3300              		.global	vStreamBufferSetStreamBufferNumber
 3301              		.syntax unified
 3302              		.thumb
 3303              		.thumb_func
 3305              	vStreamBufferSetStreamBufferNumber:
 3306              	.LVL266:
 3307              	.LFB27:
1241:Middlewares/Third_Party/FreeRTOS/Source/stream_buffer.c **** 
1242:Middlewares/Third_Party/FreeRTOS/Source/stream_buffer.c **** #endif /* configUSE_TRACE_FACILITY */
1243:Middlewares/Third_Party/FreeRTOS/Source/stream_buffer.c **** /*-----------------------------------------------------------*/
1244:Middlewares/Third_Party/FreeRTOS/Source/stream_buffer.c **** 
1245:Middlewares/Third_Party/FreeRTOS/Source/stream_buffer.c **** #if ( configUSE_TRACE_FACILITY == 1 )
1246:Middlewares/Third_Party/FreeRTOS/Source/stream_buffer.c **** 
1247:Middlewares/Third_Party/FreeRTOS/Source/stream_buffer.c **** 	void vStreamBufferSetStreamBufferNumber( StreamBufferHandle_t xStreamBuffer, UBaseType_t uxStreamB
1248:Middlewares/Third_Party/FreeRTOS/Source/stream_buffer.c **** 	{
 3308              		.loc 1 1248 2 is_stmt 1 view -0
 3309              		.cfi_startproc
ARM GAS  /tmp/ccdKs9qj.s 			page 99


 3310              		@ args = 0, pretend = 0, frame = 0
 3311              		@ frame_needed = 0, uses_anonymous_args = 0
 3312              		@ link register save eliminated.
1249:Middlewares/Third_Party/FreeRTOS/Source/stream_buffer.c **** 		xStreamBuffer->uxStreamBufferNumber = uxStreamBufferNumber;
 3313              		.loc 1 1249 3 view .LVU928
 3314              		.loc 1 1249 39 is_stmt 0 view .LVU929
 3315 0000 0162     		str	r1, [r0, #32]
1250:Middlewares/Third_Party/FreeRTOS/Source/stream_buffer.c **** 	}
 3316              		.loc 1 1250 2 view .LVU930
 3317 0002 7047     		bx	lr
 3318              		.cfi_endproc
 3319              	.LFE27:
 3321              		.section	.text.ucStreamBufferGetStreamBufferType,"ax",%progbits
 3322              		.align	1
 3323              		.global	ucStreamBufferGetStreamBufferType
 3324              		.syntax unified
 3325              		.thumb
 3326              		.thumb_func
 3328              	ucStreamBufferGetStreamBufferType:
 3329              	.LVL267:
 3330              	.LFB28:
1251:Middlewares/Third_Party/FreeRTOS/Source/stream_buffer.c **** 
1252:Middlewares/Third_Party/FreeRTOS/Source/stream_buffer.c **** #endif /* configUSE_TRACE_FACILITY */
1253:Middlewares/Third_Party/FreeRTOS/Source/stream_buffer.c **** /*-----------------------------------------------------------*/
1254:Middlewares/Third_Party/FreeRTOS/Source/stream_buffer.c **** 
1255:Middlewares/Third_Party/FreeRTOS/Source/stream_buffer.c **** #if ( configUSE_TRACE_FACILITY == 1 )
1256:Middlewares/Third_Party/FreeRTOS/Source/stream_buffer.c **** 
1257:Middlewares/Third_Party/FreeRTOS/Source/stream_buffer.c **** 	uint8_t ucStreamBufferGetStreamBufferType( StreamBufferHandle_t xStreamBuffer )
1258:Middlewares/Third_Party/FreeRTOS/Source/stream_buffer.c **** 	{
 3331              		.loc 1 1258 2 is_stmt 1 view -0
 3332              		.cfi_startproc
 3333              		@ args = 0, pretend = 0, frame = 0
 3334              		@ frame_needed = 0, uses_anonymous_args = 0
 3335              		@ link register save eliminated.
1259:Middlewares/Third_Party/FreeRTOS/Source/stream_buffer.c **** 		return ( xStreamBuffer->ucFlags & sbFLAGS_IS_MESSAGE_BUFFER );
 3336              		.loc 1 1259 3 view .LVU932
 3337              		.loc 1 1259 25 is_stmt 0 view .LVU933
 3338 0000 007F     		ldrb	r0, [r0, #28]	@ zero_extendqisi2
 3339              	.LVL268:
1260:Middlewares/Third_Party/FreeRTOS/Source/stream_buffer.c **** 	}
 3340              		.loc 1 1260 2 view .LVU934
 3341 0002 00F00100 		and	r0, r0, #1
 3342 0006 7047     		bx	lr
 3343              		.cfi_endproc
 3344              	.LFE28:
 3346              		.text
 3347              	.Letext0:
 3348              		.file 3 "/usr/lib/gcc/arm-none-eabi/13.2.1/include/stdint.h"
 3349              		.file 4 "/usr/lib/gcc/arm-none-eabi/13.2.1/include/stddef.h"
 3350              		.file 5 "Middlewares/Third_Party/FreeRTOS/Source/include/FreeRTOS.h"
 3351              		.file 6 "Middlewares/Third_Party/FreeRTOS/Source/include/task.h"
 3352              		.file 7 "Middlewares/Third_Party/FreeRTOS/Source/include/stream_buffer.h"
 3353              		.file 8 "/usr/include/newlib/string.h"
 3354              		.file 9 "Middlewares/Third_Party/FreeRTOS/Source/include/portable.h"
 3355              		.file 10 "<built-in>"
ARM GAS  /tmp/ccdKs9qj.s 			page 100


DEFINED SYMBOLS
                            *ABS*:00000000 stream_buffer.c
     /tmp/ccdKs9qj.s:19     .text.prvBytesInBuffer:00000000 $t
     /tmp/ccdKs9qj.s:24     .text.prvBytesInBuffer:00000000 prvBytesInBuffer
     /tmp/ccdKs9qj.s:65     .text.prvInitialiseNewStreamBuffer:00000000 $t
     /tmp/ccdKs9qj.s:70     .text.prvInitialiseNewStreamBuffer:00000000 prvInitialiseNewStreamBuffer
     /tmp/ccdKs9qj.s:160    .text.prvWriteBytesToBuffer:00000000 $t
     /tmp/ccdKs9qj.s:165    .text.prvWriteBytesToBuffer:00000000 prvWriteBytesToBuffer
     /tmp/ccdKs9qj.s:336    .text.prvWriteMessageToBuffer:00000000 $t
     /tmp/ccdKs9qj.s:341    .text.prvWriteMessageToBuffer:00000000 prvWriteMessageToBuffer
     /tmp/ccdKs9qj.s:441    .text.prvReadBytesFromBuffer:00000000 $t
     /tmp/ccdKs9qj.s:446    .text.prvReadBytesFromBuffer:00000000 prvReadBytesFromBuffer
     /tmp/ccdKs9qj.s:611    .text.prvReadMessageFromBuffer:00000000 $t
     /tmp/ccdKs9qj.s:616    .text.prvReadMessageFromBuffer:00000000 prvReadMessageFromBuffer
     /tmp/ccdKs9qj.s:717    .text.xStreamBufferGenericCreate:00000000 $t
     /tmp/ccdKs9qj.s:723    .text.xStreamBufferGenericCreate:00000000 xStreamBufferGenericCreate
     /tmp/ccdKs9qj.s:887    .text.xStreamBufferGenericCreateStatic:00000000 $t
     /tmp/ccdKs9qj.s:893    .text.xStreamBufferGenericCreateStatic:00000000 xStreamBufferGenericCreateStatic
     /tmp/ccdKs9qj.s:1137   .text.vStreamBufferDelete:00000000 $t
     /tmp/ccdKs9qj.s:1143   .text.vStreamBufferDelete:00000000 vStreamBufferDelete
     /tmp/ccdKs9qj.s:1212   .text.xStreamBufferReset:00000000 $t
     /tmp/ccdKs9qj.s:1218   .text.xStreamBufferReset:00000000 xStreamBufferReset
     /tmp/ccdKs9qj.s:1341   .text.xStreamBufferSetTriggerLevel:00000000 $t
     /tmp/ccdKs9qj.s:1347   .text.xStreamBufferSetTriggerLevel:00000000 xStreamBufferSetTriggerLevel
     /tmp/ccdKs9qj.s:1420   .text.xStreamBufferSpacesAvailable:00000000 $t
     /tmp/ccdKs9qj.s:1426   .text.xStreamBufferSpacesAvailable:00000000 xStreamBufferSpacesAvailable
     /tmp/ccdKs9qj.s:1502   .text.xStreamBufferBytesAvailable:00000000 $t
     /tmp/ccdKs9qj.s:1508   .text.xStreamBufferBytesAvailable:00000000 xStreamBufferBytesAvailable
     /tmp/ccdKs9qj.s:1563   .text.xStreamBufferSend:00000000 $t
     /tmp/ccdKs9qj.s:1569   .text.xStreamBufferSend:00000000 xStreamBufferSend
     /tmp/ccdKs9qj.s:1889   .text.xStreamBufferSendFromISR:00000000 $t
     /tmp/ccdKs9qj.s:1895   .text.xStreamBufferSendFromISR:00000000 xStreamBufferSendFromISR
     /tmp/ccdKs9qj.s:2129   .text.xStreamBufferReceive:00000000 $t
     /tmp/ccdKs9qj.s:2135   .text.xStreamBufferReceive:00000000 xStreamBufferReceive
     /tmp/ccdKs9qj.s:2425   .text.xStreamBufferNextMessageLengthBytes:00000000 $t
     /tmp/ccdKs9qj.s:2431   .text.xStreamBufferNextMessageLengthBytes:00000000 xStreamBufferNextMessageLengthBytes
     /tmp/ccdKs9qj.s:2569   .text.xStreamBufferReceiveFromISR:00000000 $t
     /tmp/ccdKs9qj.s:2575   .text.xStreamBufferReceiveFromISR:00000000 xStreamBufferReceiveFromISR
     /tmp/ccdKs9qj.s:2807   .text.xStreamBufferIsEmpty:00000000 $t
     /tmp/ccdKs9qj.s:2813   .text.xStreamBufferIsEmpty:00000000 xStreamBufferIsEmpty
     /tmp/ccdKs9qj.s:2879   .text.xStreamBufferIsFull:00000000 $t
     /tmp/ccdKs9qj.s:2885   .text.xStreamBufferIsFull:00000000 xStreamBufferIsFull
     /tmp/ccdKs9qj.s:2979   .text.xStreamBufferSendCompletedFromISR:00000000 $t
     /tmp/ccdKs9qj.s:2985   .text.xStreamBufferSendCompletedFromISR:00000000 xStreamBufferSendCompletedFromISR
     /tmp/ccdKs9qj.s:3127   .text.xStreamBufferReceiveCompletedFromISR:00000000 $t
     /tmp/ccdKs9qj.s:3133   .text.xStreamBufferReceiveCompletedFromISR:00000000 xStreamBufferReceiveCompletedFromISR
     /tmp/ccdKs9qj.s:3275   .text.uxStreamBufferGetStreamBufferNumber:00000000 $t
     /tmp/ccdKs9qj.s:3281   .text.uxStreamBufferGetStreamBufferNumber:00000000 uxStreamBufferGetStreamBufferNumber
     /tmp/ccdKs9qj.s:3299   .text.vStreamBufferSetStreamBufferNumber:00000000 $t
     /tmp/ccdKs9qj.s:3305   .text.vStreamBufferSetStreamBufferNumber:00000000 vStreamBufferSetStreamBufferNumber
     /tmp/ccdKs9qj.s:3322   .text.ucStreamBufferGetStreamBufferType:00000000 $t
     /tmp/ccdKs9qj.s:3328   .text.ucStreamBufferGetStreamBufferType:00000000 ucStreamBufferGetStreamBufferType

UNDEFINED SYMBOLS
memset
memcpy
pvPortMalloc
ARM GAS  /tmp/ccdKs9qj.s 			page 101


vPortFree
vPortEnterCritical
vPortExitCritical
vTaskSetTimeOutState
xTaskNotifyStateClear
xTaskGetCurrentTaskHandle
xTaskNotifyWait
xTaskCheckForTimeOut
vTaskSuspendAll
xTaskGenericNotify
xTaskResumeAll
xTaskGenericNotifyFromISR
