ARM GAS  /tmp/ccV8B7BA.s 			page 1


   1              		.cpu cortex-m3
   2              		.arch armv7-m
   3              		.fpu softvfp
   4              		.eabi_attribute 20, 1
   5              		.eabi_attribute 21, 1
   6              		.eabi_attribute 23, 3
   7              		.eabi_attribute 24, 1
   8              		.eabi_attribute 25, 1
   9              		.eabi_attribute 26, 1
  10              		.eabi_attribute 30, 1
  11              		.eabi_attribute 34, 1
  12              		.eabi_attribute 18, 4
  13              		.file	"tasks.c"
  14              		.text
  15              	.Ltext0:
  16              		.cfi_sections	.debug_frame
  17              		.file 1 "Middlewares/Third_Party/FreeRTOS/Source/tasks.c"
  18              		.section	.text.prvTaskIsTaskSuspended,"ax",%progbits
  19              		.align	1
  20              		.syntax unified
  21              		.thumb
  22              		.thumb_func
  24              	prvTaskIsTaskSuspended:
  25              	.LVL0:
  26              	.LFB16:
   1:Middlewares/Third_Party/FreeRTOS/Source/tasks.c **** /*
   2:Middlewares/Third_Party/FreeRTOS/Source/tasks.c ****  * FreeRTOS Kernel V10.3.1
   3:Middlewares/Third_Party/FreeRTOS/Source/tasks.c ****  * Copyright (C) 2020 Amazon.com, Inc. or its affiliates.  All Rights Reserved.
   4:Middlewares/Third_Party/FreeRTOS/Source/tasks.c ****  *
   5:Middlewares/Third_Party/FreeRTOS/Source/tasks.c ****  * Permission is hereby granted, free of charge, to any person obtaining a copy of
   6:Middlewares/Third_Party/FreeRTOS/Source/tasks.c ****  * this software and associated documentation files (the "Software"), to deal in
   7:Middlewares/Third_Party/FreeRTOS/Source/tasks.c ****  * the Software without restriction, including without limitation the rights to
   8:Middlewares/Third_Party/FreeRTOS/Source/tasks.c ****  * use, copy, modify, merge, publish, distribute, sublicense, and/or sell copies of
   9:Middlewares/Third_Party/FreeRTOS/Source/tasks.c ****  * the Software, and to permit persons to whom the Software is furnished to do so,
  10:Middlewares/Third_Party/FreeRTOS/Source/tasks.c ****  * subject to the following conditions:
  11:Middlewares/Third_Party/FreeRTOS/Source/tasks.c ****  *
  12:Middlewares/Third_Party/FreeRTOS/Source/tasks.c ****  * The above copyright notice and this permission notice shall be included in all
  13:Middlewares/Third_Party/FreeRTOS/Source/tasks.c ****  * copies or substantial portions of the Software.
  14:Middlewares/Third_Party/FreeRTOS/Source/tasks.c ****  *
  15:Middlewares/Third_Party/FreeRTOS/Source/tasks.c ****  * THE SOFTWARE IS PROVIDED "AS IS", WITHOUT WARRANTY OF ANY KIND, EXPRESS OR
  16:Middlewares/Third_Party/FreeRTOS/Source/tasks.c ****  * IMPLIED, INCLUDING BUT NOT LIMITED TO THE WARRANTIES OF MERCHANTABILITY, FITNESS
  17:Middlewares/Third_Party/FreeRTOS/Source/tasks.c ****  * FOR A PARTICULAR PURPOSE AND NONINFRINGEMENT. IN NO EVENT SHALL THE AUTHORS OR
  18:Middlewares/Third_Party/FreeRTOS/Source/tasks.c ****  * COPYRIGHT HOLDERS BE LIABLE FOR ANY CLAIM, DAMAGES OR OTHER LIABILITY, WHETHER
  19:Middlewares/Third_Party/FreeRTOS/Source/tasks.c ****  * IN AN ACTION OF CONTRACT, TORT OR OTHERWISE, ARISING FROM, OUT OF OR IN
  20:Middlewares/Third_Party/FreeRTOS/Source/tasks.c ****  * CONNECTION WITH THE SOFTWARE OR THE USE OR OTHER DEALINGS IN THE SOFTWARE.
  21:Middlewares/Third_Party/FreeRTOS/Source/tasks.c ****  *
  22:Middlewares/Third_Party/FreeRTOS/Source/tasks.c ****  * http://www.FreeRTOS.org
  23:Middlewares/Third_Party/FreeRTOS/Source/tasks.c ****  * http://aws.amazon.com/freertos
  24:Middlewares/Third_Party/FreeRTOS/Source/tasks.c ****  *
  25:Middlewares/Third_Party/FreeRTOS/Source/tasks.c ****  * 1 tab == 4 spaces!
  26:Middlewares/Third_Party/FreeRTOS/Source/tasks.c ****  */
  27:Middlewares/Third_Party/FreeRTOS/Source/tasks.c **** 
  28:Middlewares/Third_Party/FreeRTOS/Source/tasks.c **** /* Standard includes. */
  29:Middlewares/Third_Party/FreeRTOS/Source/tasks.c **** #include <stdlib.h>
  30:Middlewares/Third_Party/FreeRTOS/Source/tasks.c **** #include <string.h>
  31:Middlewares/Third_Party/FreeRTOS/Source/tasks.c **** 
  32:Middlewares/Third_Party/FreeRTOS/Source/tasks.c **** /* Defining MPU_WRAPPERS_INCLUDED_FROM_API_FILE prevents task.h from redefining
ARM GAS  /tmp/ccV8B7BA.s 			page 2


  33:Middlewares/Third_Party/FreeRTOS/Source/tasks.c **** all the API functions to use the MPU wrappers.  That should only be done when
  34:Middlewares/Third_Party/FreeRTOS/Source/tasks.c **** task.h is included from an application file. */
  35:Middlewares/Third_Party/FreeRTOS/Source/tasks.c **** #define MPU_WRAPPERS_INCLUDED_FROM_API_FILE
  36:Middlewares/Third_Party/FreeRTOS/Source/tasks.c **** 
  37:Middlewares/Third_Party/FreeRTOS/Source/tasks.c **** /* FreeRTOS includes. */
  38:Middlewares/Third_Party/FreeRTOS/Source/tasks.c **** #include "FreeRTOS.h"
  39:Middlewares/Third_Party/FreeRTOS/Source/tasks.c **** #include "task.h"
  40:Middlewares/Third_Party/FreeRTOS/Source/tasks.c **** #include "timers.h"
  41:Middlewares/Third_Party/FreeRTOS/Source/tasks.c **** #include "stack_macros.h"
  42:Middlewares/Third_Party/FreeRTOS/Source/tasks.c **** 
  43:Middlewares/Third_Party/FreeRTOS/Source/tasks.c **** /* Lint e9021, e961 and e750 are suppressed as a MISRA exception justified
  44:Middlewares/Third_Party/FreeRTOS/Source/tasks.c **** because the MPU ports require MPU_WRAPPERS_INCLUDED_FROM_API_FILE to be defined
  45:Middlewares/Third_Party/FreeRTOS/Source/tasks.c **** for the header files above, but not in this file, in order to generate the
  46:Middlewares/Third_Party/FreeRTOS/Source/tasks.c **** correct privileged Vs unprivileged linkage and placement. */
  47:Middlewares/Third_Party/FreeRTOS/Source/tasks.c **** #undef MPU_WRAPPERS_INCLUDED_FROM_API_FILE /*lint !e961 !e750 !e9021. */
  48:Middlewares/Third_Party/FreeRTOS/Source/tasks.c **** 
  49:Middlewares/Third_Party/FreeRTOS/Source/tasks.c **** /* Set configUSE_STATS_FORMATTING_FUNCTIONS to 2 to include the stats formatting
  50:Middlewares/Third_Party/FreeRTOS/Source/tasks.c **** functions but without including stdio.h here. */
  51:Middlewares/Third_Party/FreeRTOS/Source/tasks.c **** #if ( configUSE_STATS_FORMATTING_FUNCTIONS == 1 )
  52:Middlewares/Third_Party/FreeRTOS/Source/tasks.c **** 	/* At the bottom of this file are two optional functions that can be used
  53:Middlewares/Third_Party/FreeRTOS/Source/tasks.c **** 	to generate human readable text from the raw data generated by the
  54:Middlewares/Third_Party/FreeRTOS/Source/tasks.c **** 	uxTaskGetSystemState() function.  Note the formatting functions are provided
  55:Middlewares/Third_Party/FreeRTOS/Source/tasks.c **** 	for convenience only, and are NOT considered part of the kernel. */
  56:Middlewares/Third_Party/FreeRTOS/Source/tasks.c **** 	#include <stdio.h>
  57:Middlewares/Third_Party/FreeRTOS/Source/tasks.c **** #endif /* configUSE_STATS_FORMATTING_FUNCTIONS == 1 ) */
  58:Middlewares/Third_Party/FreeRTOS/Source/tasks.c **** 
  59:Middlewares/Third_Party/FreeRTOS/Source/tasks.c **** #if( configUSE_PREEMPTION == 0 )
  60:Middlewares/Third_Party/FreeRTOS/Source/tasks.c **** 	/* If the cooperative scheduler is being used then a yield should not be
  61:Middlewares/Third_Party/FreeRTOS/Source/tasks.c **** 	performed just because a higher priority task has been woken. */
  62:Middlewares/Third_Party/FreeRTOS/Source/tasks.c **** 	#define taskYIELD_IF_USING_PREEMPTION()
  63:Middlewares/Third_Party/FreeRTOS/Source/tasks.c **** #else
  64:Middlewares/Third_Party/FreeRTOS/Source/tasks.c **** 	#define taskYIELD_IF_USING_PREEMPTION() portYIELD_WITHIN_API()
  65:Middlewares/Third_Party/FreeRTOS/Source/tasks.c **** #endif
  66:Middlewares/Third_Party/FreeRTOS/Source/tasks.c **** 
  67:Middlewares/Third_Party/FreeRTOS/Source/tasks.c **** /* Values that can be assigned to the ucNotifyState member of the TCB. */
  68:Middlewares/Third_Party/FreeRTOS/Source/tasks.c **** #define taskNOT_WAITING_NOTIFICATION	( ( uint8_t ) 0 )
  69:Middlewares/Third_Party/FreeRTOS/Source/tasks.c **** #define taskWAITING_NOTIFICATION		( ( uint8_t ) 1 )
  70:Middlewares/Third_Party/FreeRTOS/Source/tasks.c **** #define taskNOTIFICATION_RECEIVED		( ( uint8_t ) 2 )
  71:Middlewares/Third_Party/FreeRTOS/Source/tasks.c **** 
  72:Middlewares/Third_Party/FreeRTOS/Source/tasks.c **** /*
  73:Middlewares/Third_Party/FreeRTOS/Source/tasks.c ****  * The value used to fill the stack of a task when the task is created.  This
  74:Middlewares/Third_Party/FreeRTOS/Source/tasks.c ****  * is used purely for checking the high water mark for tasks.
  75:Middlewares/Third_Party/FreeRTOS/Source/tasks.c ****  */
  76:Middlewares/Third_Party/FreeRTOS/Source/tasks.c **** #define tskSTACK_FILL_BYTE	( 0xa5U )
  77:Middlewares/Third_Party/FreeRTOS/Source/tasks.c **** 
  78:Middlewares/Third_Party/FreeRTOS/Source/tasks.c **** /* Bits used to recored how a task's stack and TCB were allocated. */
  79:Middlewares/Third_Party/FreeRTOS/Source/tasks.c **** #define tskDYNAMICALLY_ALLOCATED_STACK_AND_TCB 		( ( uint8_t ) 0 )
  80:Middlewares/Third_Party/FreeRTOS/Source/tasks.c **** #define tskSTATICALLY_ALLOCATED_STACK_ONLY 			( ( uint8_t ) 1 )
  81:Middlewares/Third_Party/FreeRTOS/Source/tasks.c **** #define tskSTATICALLY_ALLOCATED_STACK_AND_TCB		( ( uint8_t ) 2 )
  82:Middlewares/Third_Party/FreeRTOS/Source/tasks.c **** 
  83:Middlewares/Third_Party/FreeRTOS/Source/tasks.c **** /* If any of the following are set then task stacks are filled with a known
  84:Middlewares/Third_Party/FreeRTOS/Source/tasks.c **** value so the high water mark can be determined.  If none of the following are
  85:Middlewares/Third_Party/FreeRTOS/Source/tasks.c **** set then don't fill the stack so there is no unnecessary dependency on memset. */
  86:Middlewares/Third_Party/FreeRTOS/Source/tasks.c **** #if( ( configCHECK_FOR_STACK_OVERFLOW > 1 ) || ( configUSE_TRACE_FACILITY == 1 ) || ( INCLUDE_uxTas
  87:Middlewares/Third_Party/FreeRTOS/Source/tasks.c **** 	#define tskSET_NEW_STACKS_TO_KNOWN_VALUE	1
  88:Middlewares/Third_Party/FreeRTOS/Source/tasks.c **** #else
  89:Middlewares/Third_Party/FreeRTOS/Source/tasks.c **** 	#define tskSET_NEW_STACKS_TO_KNOWN_VALUE	0
ARM GAS  /tmp/ccV8B7BA.s 			page 3


  90:Middlewares/Third_Party/FreeRTOS/Source/tasks.c **** #endif
  91:Middlewares/Third_Party/FreeRTOS/Source/tasks.c **** 
  92:Middlewares/Third_Party/FreeRTOS/Source/tasks.c **** /*
  93:Middlewares/Third_Party/FreeRTOS/Source/tasks.c ****  * Macros used by vListTask to indicate which state a task is in.
  94:Middlewares/Third_Party/FreeRTOS/Source/tasks.c ****  */
  95:Middlewares/Third_Party/FreeRTOS/Source/tasks.c **** #define tskRUNNING_CHAR		( 'X' )
  96:Middlewares/Third_Party/FreeRTOS/Source/tasks.c **** #define tskBLOCKED_CHAR		( 'B' )
  97:Middlewares/Third_Party/FreeRTOS/Source/tasks.c **** #define tskREADY_CHAR		( 'R' )
  98:Middlewares/Third_Party/FreeRTOS/Source/tasks.c **** #define tskDELETED_CHAR		( 'D' )
  99:Middlewares/Third_Party/FreeRTOS/Source/tasks.c **** #define tskSUSPENDED_CHAR	( 'S' )
 100:Middlewares/Third_Party/FreeRTOS/Source/tasks.c **** 
 101:Middlewares/Third_Party/FreeRTOS/Source/tasks.c **** /*
 102:Middlewares/Third_Party/FreeRTOS/Source/tasks.c ****  * Some kernel aware debuggers require the data the debugger needs access to be
 103:Middlewares/Third_Party/FreeRTOS/Source/tasks.c ****  * global, rather than file scope.
 104:Middlewares/Third_Party/FreeRTOS/Source/tasks.c ****  */
 105:Middlewares/Third_Party/FreeRTOS/Source/tasks.c **** #ifdef portREMOVE_STATIC_QUALIFIER
 106:Middlewares/Third_Party/FreeRTOS/Source/tasks.c **** 	#define static
 107:Middlewares/Third_Party/FreeRTOS/Source/tasks.c **** #endif
 108:Middlewares/Third_Party/FreeRTOS/Source/tasks.c **** 
 109:Middlewares/Third_Party/FreeRTOS/Source/tasks.c **** /* The name allocated to the Idle task.  This can be overridden by defining
 110:Middlewares/Third_Party/FreeRTOS/Source/tasks.c **** configIDLE_TASK_NAME in FreeRTOSConfig.h. */
 111:Middlewares/Third_Party/FreeRTOS/Source/tasks.c **** #ifndef configIDLE_TASK_NAME
 112:Middlewares/Third_Party/FreeRTOS/Source/tasks.c **** 	#define configIDLE_TASK_NAME "IDLE"
 113:Middlewares/Third_Party/FreeRTOS/Source/tasks.c **** #endif
 114:Middlewares/Third_Party/FreeRTOS/Source/tasks.c **** 
 115:Middlewares/Third_Party/FreeRTOS/Source/tasks.c **** #if ( configUSE_PORT_OPTIMISED_TASK_SELECTION == 0 )
 116:Middlewares/Third_Party/FreeRTOS/Source/tasks.c **** 
 117:Middlewares/Third_Party/FreeRTOS/Source/tasks.c **** 	/* If configUSE_PORT_OPTIMISED_TASK_SELECTION is 0 then task selection is
 118:Middlewares/Third_Party/FreeRTOS/Source/tasks.c **** 	performed in a generic way that is not optimised to any particular
 119:Middlewares/Third_Party/FreeRTOS/Source/tasks.c **** 	microcontroller architecture. */
 120:Middlewares/Third_Party/FreeRTOS/Source/tasks.c **** 
 121:Middlewares/Third_Party/FreeRTOS/Source/tasks.c **** 	/* uxTopReadyPriority holds the priority of the highest priority ready
 122:Middlewares/Third_Party/FreeRTOS/Source/tasks.c **** 	state task. */
 123:Middlewares/Third_Party/FreeRTOS/Source/tasks.c **** 	#define taskRECORD_READY_PRIORITY( uxPriority )														\
 124:Middlewares/Third_Party/FreeRTOS/Source/tasks.c **** 	{																									\
 125:Middlewares/Third_Party/FreeRTOS/Source/tasks.c **** 		if( ( uxPriority ) > uxTopReadyPriority )														\
 126:Middlewares/Third_Party/FreeRTOS/Source/tasks.c **** 		{																								\
 127:Middlewares/Third_Party/FreeRTOS/Source/tasks.c **** 			uxTopReadyPriority = ( uxPriority );														\
 128:Middlewares/Third_Party/FreeRTOS/Source/tasks.c **** 		}																								\
 129:Middlewares/Third_Party/FreeRTOS/Source/tasks.c **** 	} /* taskRECORD_READY_PRIORITY */
 130:Middlewares/Third_Party/FreeRTOS/Source/tasks.c **** 
 131:Middlewares/Third_Party/FreeRTOS/Source/tasks.c **** 	/*-----------------------------------------------------------*/
 132:Middlewares/Third_Party/FreeRTOS/Source/tasks.c **** 
 133:Middlewares/Third_Party/FreeRTOS/Source/tasks.c **** 	#define taskSELECT_HIGHEST_PRIORITY_TASK()															\
 134:Middlewares/Third_Party/FreeRTOS/Source/tasks.c **** 	{																									\
 135:Middlewares/Third_Party/FreeRTOS/Source/tasks.c **** 	UBaseType_t uxTopPriority = uxTopReadyPriority;														\
 136:Middlewares/Third_Party/FreeRTOS/Source/tasks.c **** 																										\
 137:Middlewares/Third_Party/FreeRTOS/Source/tasks.c **** 		/* Find the highest priority queue that contains ready tasks. */								\
 138:Middlewares/Third_Party/FreeRTOS/Source/tasks.c **** 		while( listLIST_IS_EMPTY( &( pxReadyTasksLists[ uxTopPriority ] ) ) )							\
 139:Middlewares/Third_Party/FreeRTOS/Source/tasks.c **** 		{																								\
 140:Middlewares/Third_Party/FreeRTOS/Source/tasks.c **** 			configASSERT( uxTopPriority );																\
 141:Middlewares/Third_Party/FreeRTOS/Source/tasks.c **** 			--uxTopPriority;																			\
 142:Middlewares/Third_Party/FreeRTOS/Source/tasks.c **** 		}																								\
 143:Middlewares/Third_Party/FreeRTOS/Source/tasks.c **** 																										\
 144:Middlewares/Third_Party/FreeRTOS/Source/tasks.c **** 		/* listGET_OWNER_OF_NEXT_ENTRY indexes through the list, so the tasks of						\
 145:Middlewares/Third_Party/FreeRTOS/Source/tasks.c **** 		the	same priority get an equal share of the processor time. */									\
 146:Middlewares/Third_Party/FreeRTOS/Source/tasks.c **** 		listGET_OWNER_OF_NEXT_ENTRY( pxCurrentTCB, &( pxReadyTasksLists[ uxTopPriority ] ) );			\
ARM GAS  /tmp/ccV8B7BA.s 			page 4


 147:Middlewares/Third_Party/FreeRTOS/Source/tasks.c **** 		uxTopReadyPriority = uxTopPriority;																\
 148:Middlewares/Third_Party/FreeRTOS/Source/tasks.c **** 	} /* taskSELECT_HIGHEST_PRIORITY_TASK */
 149:Middlewares/Third_Party/FreeRTOS/Source/tasks.c **** 
 150:Middlewares/Third_Party/FreeRTOS/Source/tasks.c **** 	/*-----------------------------------------------------------*/
 151:Middlewares/Third_Party/FreeRTOS/Source/tasks.c **** 
 152:Middlewares/Third_Party/FreeRTOS/Source/tasks.c **** 	/* Define away taskRESET_READY_PRIORITY() and portRESET_READY_PRIORITY() as
 153:Middlewares/Third_Party/FreeRTOS/Source/tasks.c **** 	they are only required when a port optimised method of task selection is
 154:Middlewares/Third_Party/FreeRTOS/Source/tasks.c **** 	being used. */
 155:Middlewares/Third_Party/FreeRTOS/Source/tasks.c **** 	#define taskRESET_READY_PRIORITY( uxPriority )
 156:Middlewares/Third_Party/FreeRTOS/Source/tasks.c **** 	#define portRESET_READY_PRIORITY( uxPriority, uxTopReadyPriority )
 157:Middlewares/Third_Party/FreeRTOS/Source/tasks.c **** 
 158:Middlewares/Third_Party/FreeRTOS/Source/tasks.c **** #else /* configUSE_PORT_OPTIMISED_TASK_SELECTION */
 159:Middlewares/Third_Party/FreeRTOS/Source/tasks.c **** 
 160:Middlewares/Third_Party/FreeRTOS/Source/tasks.c **** 	/* If configUSE_PORT_OPTIMISED_TASK_SELECTION is 1 then task selection is
 161:Middlewares/Third_Party/FreeRTOS/Source/tasks.c **** 	performed in a way that is tailored to the particular microcontroller
 162:Middlewares/Third_Party/FreeRTOS/Source/tasks.c **** 	architecture being used. */
 163:Middlewares/Third_Party/FreeRTOS/Source/tasks.c **** 
 164:Middlewares/Third_Party/FreeRTOS/Source/tasks.c **** 	/* A port optimised version is provided.  Call the port defined macros. */
 165:Middlewares/Third_Party/FreeRTOS/Source/tasks.c **** 	#define taskRECORD_READY_PRIORITY( uxPriority )	portRECORD_READY_PRIORITY( uxPriority, uxTopReadyP
 166:Middlewares/Third_Party/FreeRTOS/Source/tasks.c **** 
 167:Middlewares/Third_Party/FreeRTOS/Source/tasks.c **** 	/*-----------------------------------------------------------*/
 168:Middlewares/Third_Party/FreeRTOS/Source/tasks.c **** 
 169:Middlewares/Third_Party/FreeRTOS/Source/tasks.c **** 	#define taskSELECT_HIGHEST_PRIORITY_TASK()														\
 170:Middlewares/Third_Party/FreeRTOS/Source/tasks.c **** 	{																								\
 171:Middlewares/Third_Party/FreeRTOS/Source/tasks.c **** 	UBaseType_t uxTopPriority;																		\
 172:Middlewares/Third_Party/FreeRTOS/Source/tasks.c **** 																									\
 173:Middlewares/Third_Party/FreeRTOS/Source/tasks.c **** 		/* Find the highest priority list that contains ready tasks. */								\
 174:Middlewares/Third_Party/FreeRTOS/Source/tasks.c **** 		portGET_HIGHEST_PRIORITY( uxTopPriority, uxTopReadyPriority );								\
 175:Middlewares/Third_Party/FreeRTOS/Source/tasks.c **** 		configASSERT( listCURRENT_LIST_LENGTH( &( pxReadyTasksLists[ uxTopPriority ] ) ) > 0 );		\
 176:Middlewares/Third_Party/FreeRTOS/Source/tasks.c **** 		listGET_OWNER_OF_NEXT_ENTRY( pxCurrentTCB, &( pxReadyTasksLists[ uxTopPriority ] ) );		\
 177:Middlewares/Third_Party/FreeRTOS/Source/tasks.c **** 	} /* taskSELECT_HIGHEST_PRIORITY_TASK() */
 178:Middlewares/Third_Party/FreeRTOS/Source/tasks.c **** 
 179:Middlewares/Third_Party/FreeRTOS/Source/tasks.c **** 	/*-----------------------------------------------------------*/
 180:Middlewares/Third_Party/FreeRTOS/Source/tasks.c **** 
 181:Middlewares/Third_Party/FreeRTOS/Source/tasks.c **** 	/* A port optimised version is provided, call it only if the TCB being reset
 182:Middlewares/Third_Party/FreeRTOS/Source/tasks.c **** 	is being referenced from a ready list.  If it is referenced from a delayed
 183:Middlewares/Third_Party/FreeRTOS/Source/tasks.c **** 	or suspended list then it won't be in a ready list. */
 184:Middlewares/Third_Party/FreeRTOS/Source/tasks.c **** 	#define taskRESET_READY_PRIORITY( uxPriority )														\
 185:Middlewares/Third_Party/FreeRTOS/Source/tasks.c **** 	{																									\
 186:Middlewares/Third_Party/FreeRTOS/Source/tasks.c **** 		if( listCURRENT_LIST_LENGTH( &( pxReadyTasksLists[ ( uxPriority ) ] ) ) == ( UBaseType_t ) 0 )	\
 187:Middlewares/Third_Party/FreeRTOS/Source/tasks.c **** 		{																								\
 188:Middlewares/Third_Party/FreeRTOS/Source/tasks.c **** 			portRESET_READY_PRIORITY( ( uxPriority ), ( uxTopReadyPriority ) );							\
 189:Middlewares/Third_Party/FreeRTOS/Source/tasks.c **** 		}																								\
 190:Middlewares/Third_Party/FreeRTOS/Source/tasks.c **** 	}
 191:Middlewares/Third_Party/FreeRTOS/Source/tasks.c **** 
 192:Middlewares/Third_Party/FreeRTOS/Source/tasks.c **** #endif /* configUSE_PORT_OPTIMISED_TASK_SELECTION */
 193:Middlewares/Third_Party/FreeRTOS/Source/tasks.c **** 
 194:Middlewares/Third_Party/FreeRTOS/Source/tasks.c **** /*-----------------------------------------------------------*/
 195:Middlewares/Third_Party/FreeRTOS/Source/tasks.c **** 
 196:Middlewares/Third_Party/FreeRTOS/Source/tasks.c **** /* pxDelayedTaskList and pxOverflowDelayedTaskList are switched when the tick
 197:Middlewares/Third_Party/FreeRTOS/Source/tasks.c **** count overflows. */
 198:Middlewares/Third_Party/FreeRTOS/Source/tasks.c **** #define taskSWITCH_DELAYED_LISTS()																	\
 199:Middlewares/Third_Party/FreeRTOS/Source/tasks.c **** {																									\
 200:Middlewares/Third_Party/FreeRTOS/Source/tasks.c **** 	List_t *pxTemp;																					\
 201:Middlewares/Third_Party/FreeRTOS/Source/tasks.c **** 																									\
 202:Middlewares/Third_Party/FreeRTOS/Source/tasks.c **** 	/* The delayed tasks list should be empty when the lists are switched. */						\
 203:Middlewares/Third_Party/FreeRTOS/Source/tasks.c **** 	configASSERT( ( listLIST_IS_EMPTY( pxDelayedTaskList ) ) );										\
ARM GAS  /tmp/ccV8B7BA.s 			page 5


 204:Middlewares/Third_Party/FreeRTOS/Source/tasks.c **** 																									\
 205:Middlewares/Third_Party/FreeRTOS/Source/tasks.c **** 	pxTemp = pxDelayedTaskList;																		\
 206:Middlewares/Third_Party/FreeRTOS/Source/tasks.c **** 	pxDelayedTaskList = pxOverflowDelayedTaskList;													\
 207:Middlewares/Third_Party/FreeRTOS/Source/tasks.c **** 	pxOverflowDelayedTaskList = pxTemp;																\
 208:Middlewares/Third_Party/FreeRTOS/Source/tasks.c **** 	xNumOfOverflows++;																				\
 209:Middlewares/Third_Party/FreeRTOS/Source/tasks.c **** 	prvResetNextTaskUnblockTime();																	\
 210:Middlewares/Third_Party/FreeRTOS/Source/tasks.c **** }
 211:Middlewares/Third_Party/FreeRTOS/Source/tasks.c **** 
 212:Middlewares/Third_Party/FreeRTOS/Source/tasks.c **** /*-----------------------------------------------------------*/
 213:Middlewares/Third_Party/FreeRTOS/Source/tasks.c **** 
 214:Middlewares/Third_Party/FreeRTOS/Source/tasks.c **** /*
 215:Middlewares/Third_Party/FreeRTOS/Source/tasks.c ****  * Place the task represented by pxTCB into the appropriate ready list for
 216:Middlewares/Third_Party/FreeRTOS/Source/tasks.c ****  * the task.  It is inserted at the end of the list.
 217:Middlewares/Third_Party/FreeRTOS/Source/tasks.c ****  */
 218:Middlewares/Third_Party/FreeRTOS/Source/tasks.c **** #define prvAddTaskToReadyList( pxTCB )																\
 219:Middlewares/Third_Party/FreeRTOS/Source/tasks.c **** 	traceMOVED_TASK_TO_READY_STATE( pxTCB );														\
 220:Middlewares/Third_Party/FreeRTOS/Source/tasks.c **** 	taskRECORD_READY_PRIORITY( ( pxTCB )->uxPriority );												\
 221:Middlewares/Third_Party/FreeRTOS/Source/tasks.c **** 	vListInsertEnd( &( pxReadyTasksLists[ ( pxTCB )->uxPriority ] ), &( ( pxTCB )->xStateListItem ) );
 222:Middlewares/Third_Party/FreeRTOS/Source/tasks.c **** 	tracePOST_MOVED_TASK_TO_READY_STATE( pxTCB )
 223:Middlewares/Third_Party/FreeRTOS/Source/tasks.c **** /*-----------------------------------------------------------*/
 224:Middlewares/Third_Party/FreeRTOS/Source/tasks.c **** 
 225:Middlewares/Third_Party/FreeRTOS/Source/tasks.c **** /*
 226:Middlewares/Third_Party/FreeRTOS/Source/tasks.c ****  * Several functions take an TaskHandle_t parameter that can optionally be NULL,
 227:Middlewares/Third_Party/FreeRTOS/Source/tasks.c ****  * where NULL is used to indicate that the handle of the currently executing
 228:Middlewares/Third_Party/FreeRTOS/Source/tasks.c ****  * task should be used in place of the parameter.  This macro simply checks to
 229:Middlewares/Third_Party/FreeRTOS/Source/tasks.c ****  * see if the parameter is NULL and returns a pointer to the appropriate TCB.
 230:Middlewares/Third_Party/FreeRTOS/Source/tasks.c ****  */
 231:Middlewares/Third_Party/FreeRTOS/Source/tasks.c **** #define prvGetTCBFromHandle( pxHandle ) ( ( ( pxHandle ) == NULL ) ? pxCurrentTCB : ( pxHandle ) )
 232:Middlewares/Third_Party/FreeRTOS/Source/tasks.c **** 
 233:Middlewares/Third_Party/FreeRTOS/Source/tasks.c **** /* The item value of the event list item is normally used to hold the priority
 234:Middlewares/Third_Party/FreeRTOS/Source/tasks.c **** of the task to which it belongs (coded to allow it to be held in reverse
 235:Middlewares/Third_Party/FreeRTOS/Source/tasks.c **** priority order).  However, it is occasionally borrowed for other purposes.  It
 236:Middlewares/Third_Party/FreeRTOS/Source/tasks.c **** is important its value is not updated due to a task priority change while it is
 237:Middlewares/Third_Party/FreeRTOS/Source/tasks.c **** being used for another purpose.  The following bit definition is used to inform
 238:Middlewares/Third_Party/FreeRTOS/Source/tasks.c **** the scheduler that the value should not be changed - in which case it is the
 239:Middlewares/Third_Party/FreeRTOS/Source/tasks.c **** responsibility of whichever module is using the value to ensure it gets set back
 240:Middlewares/Third_Party/FreeRTOS/Source/tasks.c **** to its original value when it is released. */
 241:Middlewares/Third_Party/FreeRTOS/Source/tasks.c **** #if( configUSE_16_BIT_TICKS == 1 )
 242:Middlewares/Third_Party/FreeRTOS/Source/tasks.c **** 	#define taskEVENT_LIST_ITEM_VALUE_IN_USE	0x8000U
 243:Middlewares/Third_Party/FreeRTOS/Source/tasks.c **** #else
 244:Middlewares/Third_Party/FreeRTOS/Source/tasks.c **** 	#define taskEVENT_LIST_ITEM_VALUE_IN_USE	0x80000000UL
 245:Middlewares/Third_Party/FreeRTOS/Source/tasks.c **** #endif
 246:Middlewares/Third_Party/FreeRTOS/Source/tasks.c **** 
 247:Middlewares/Third_Party/FreeRTOS/Source/tasks.c **** /*
 248:Middlewares/Third_Party/FreeRTOS/Source/tasks.c ****  * Task control block.  A task control block (TCB) is allocated for each task,
 249:Middlewares/Third_Party/FreeRTOS/Source/tasks.c ****  * and stores task state information, including a pointer to the task's context
 250:Middlewares/Third_Party/FreeRTOS/Source/tasks.c ****  * (the task's run time environment, including register values)
 251:Middlewares/Third_Party/FreeRTOS/Source/tasks.c ****  */
 252:Middlewares/Third_Party/FreeRTOS/Source/tasks.c **** typedef struct tskTaskControlBlock 			/* The old naming convention is used to prevent breaking kern
 253:Middlewares/Third_Party/FreeRTOS/Source/tasks.c **** {
 254:Middlewares/Third_Party/FreeRTOS/Source/tasks.c **** 	volatile StackType_t	*pxTopOfStack;	/*< Points to the location of the last item placed on the task
 255:Middlewares/Third_Party/FreeRTOS/Source/tasks.c **** 
 256:Middlewares/Third_Party/FreeRTOS/Source/tasks.c **** 	#if ( portUSING_MPU_WRAPPERS == 1 )
 257:Middlewares/Third_Party/FreeRTOS/Source/tasks.c **** 		xMPU_SETTINGS	xMPUSettings;		/*< The MPU settings are defined as part of the port layer.  THIS MU
 258:Middlewares/Third_Party/FreeRTOS/Source/tasks.c **** 	#endif
 259:Middlewares/Third_Party/FreeRTOS/Source/tasks.c **** 
 260:Middlewares/Third_Party/FreeRTOS/Source/tasks.c **** 	ListItem_t			xStateListItem;	/*< The list that the state list item of a task is reference from den
ARM GAS  /tmp/ccV8B7BA.s 			page 6


 261:Middlewares/Third_Party/FreeRTOS/Source/tasks.c **** 	ListItem_t			xEventListItem;		/*< Used to reference a task from an event list. */
 262:Middlewares/Third_Party/FreeRTOS/Source/tasks.c **** 	UBaseType_t			uxPriority;			/*< The priority of the task.  0 is the lowest priority. */
 263:Middlewares/Third_Party/FreeRTOS/Source/tasks.c **** 	StackType_t			*pxStack;			/*< Points to the start of the stack. */
 264:Middlewares/Third_Party/FreeRTOS/Source/tasks.c **** 	char				pcTaskName[ configMAX_TASK_NAME_LEN ];/*< Descriptive name given to the task when created.
 265:Middlewares/Third_Party/FreeRTOS/Source/tasks.c **** 
 266:Middlewares/Third_Party/FreeRTOS/Source/tasks.c **** 	#if ( ( portSTACK_GROWTH > 0 ) || ( configRECORD_STACK_HIGH_ADDRESS == 1 ) )
 267:Middlewares/Third_Party/FreeRTOS/Source/tasks.c **** 		StackType_t		*pxEndOfStack;		/*< Points to the highest valid address for the stack. */
 268:Middlewares/Third_Party/FreeRTOS/Source/tasks.c **** 	#endif
 269:Middlewares/Third_Party/FreeRTOS/Source/tasks.c **** 
 270:Middlewares/Third_Party/FreeRTOS/Source/tasks.c **** 	#if ( portCRITICAL_NESTING_IN_TCB == 1 )
 271:Middlewares/Third_Party/FreeRTOS/Source/tasks.c **** 		UBaseType_t		uxCriticalNesting;	/*< Holds the critical section nesting depth for ports that do no
 272:Middlewares/Third_Party/FreeRTOS/Source/tasks.c **** 	#endif
 273:Middlewares/Third_Party/FreeRTOS/Source/tasks.c **** 
 274:Middlewares/Third_Party/FreeRTOS/Source/tasks.c **** 	#if ( configUSE_TRACE_FACILITY == 1 )
 275:Middlewares/Third_Party/FreeRTOS/Source/tasks.c **** 		UBaseType_t		uxTCBNumber;		/*< Stores a number that increments each time a TCB is created.  It al
 276:Middlewares/Third_Party/FreeRTOS/Source/tasks.c **** 		UBaseType_t		uxTaskNumber;		/*< Stores a number specifically for use by third party trace code. *
 277:Middlewares/Third_Party/FreeRTOS/Source/tasks.c **** 	#endif
 278:Middlewares/Third_Party/FreeRTOS/Source/tasks.c **** 
 279:Middlewares/Third_Party/FreeRTOS/Source/tasks.c **** 	#if ( configUSE_MUTEXES == 1 )
 280:Middlewares/Third_Party/FreeRTOS/Source/tasks.c **** 		UBaseType_t		uxBasePriority;		/*< The priority last assigned to the task - used by the priority i
 281:Middlewares/Third_Party/FreeRTOS/Source/tasks.c **** 		UBaseType_t		uxMutexesHeld;
 282:Middlewares/Third_Party/FreeRTOS/Source/tasks.c **** 	#endif
 283:Middlewares/Third_Party/FreeRTOS/Source/tasks.c **** 
 284:Middlewares/Third_Party/FreeRTOS/Source/tasks.c **** 	#if ( configUSE_APPLICATION_TASK_TAG == 1 )
 285:Middlewares/Third_Party/FreeRTOS/Source/tasks.c **** 		TaskHookFunction_t pxTaskTag;
 286:Middlewares/Third_Party/FreeRTOS/Source/tasks.c **** 	#endif
 287:Middlewares/Third_Party/FreeRTOS/Source/tasks.c **** 
 288:Middlewares/Third_Party/FreeRTOS/Source/tasks.c **** 	#if( configNUM_THREAD_LOCAL_STORAGE_POINTERS > 0 )
 289:Middlewares/Third_Party/FreeRTOS/Source/tasks.c **** 		void			*pvThreadLocalStoragePointers[ configNUM_THREAD_LOCAL_STORAGE_POINTERS ];
 290:Middlewares/Third_Party/FreeRTOS/Source/tasks.c **** 	#endif
 291:Middlewares/Third_Party/FreeRTOS/Source/tasks.c **** 
 292:Middlewares/Third_Party/FreeRTOS/Source/tasks.c **** 	#if( configGENERATE_RUN_TIME_STATS == 1 )
 293:Middlewares/Third_Party/FreeRTOS/Source/tasks.c **** 		uint32_t		ulRunTimeCounter;	/*< Stores the amount of time the task has spent in the Running state
 294:Middlewares/Third_Party/FreeRTOS/Source/tasks.c **** 	#endif
 295:Middlewares/Third_Party/FreeRTOS/Source/tasks.c **** 
 296:Middlewares/Third_Party/FreeRTOS/Source/tasks.c **** 	#if ( configUSE_NEWLIB_REENTRANT == 1 )
 297:Middlewares/Third_Party/FreeRTOS/Source/tasks.c **** 		/* Allocate a Newlib reent structure that is specific to this task.
 298:Middlewares/Third_Party/FreeRTOS/Source/tasks.c **** 		Note Newlib support has been included by popular demand, but is not
 299:Middlewares/Third_Party/FreeRTOS/Source/tasks.c **** 		used by the FreeRTOS maintainers themselves.  FreeRTOS is not
 300:Middlewares/Third_Party/FreeRTOS/Source/tasks.c **** 		responsible for resulting newlib operation.  User must be familiar with
 301:Middlewares/Third_Party/FreeRTOS/Source/tasks.c **** 		newlib and must provide system-wide implementations of the necessary
 302:Middlewares/Third_Party/FreeRTOS/Source/tasks.c **** 		stubs. Be warned that (at the time of writing) the current newlib design
 303:Middlewares/Third_Party/FreeRTOS/Source/tasks.c **** 		implements a system-wide malloc() that must be provided with locks.
 304:Middlewares/Third_Party/FreeRTOS/Source/tasks.c **** 
 305:Middlewares/Third_Party/FreeRTOS/Source/tasks.c **** 		See the third party link http://www.nadler.com/embedded/newlibAndFreeRTOS.html
 306:Middlewares/Third_Party/FreeRTOS/Source/tasks.c **** 		for additional information. */
 307:Middlewares/Third_Party/FreeRTOS/Source/tasks.c **** 		struct	_reent xNewLib_reent;
 308:Middlewares/Third_Party/FreeRTOS/Source/tasks.c **** 	#endif
 309:Middlewares/Third_Party/FreeRTOS/Source/tasks.c **** 
 310:Middlewares/Third_Party/FreeRTOS/Source/tasks.c **** 	#if( configUSE_TASK_NOTIFICATIONS == 1 )
 311:Middlewares/Third_Party/FreeRTOS/Source/tasks.c **** 		volatile uint32_t ulNotifiedValue;
 312:Middlewares/Third_Party/FreeRTOS/Source/tasks.c **** 		volatile uint8_t ucNotifyState;
 313:Middlewares/Third_Party/FreeRTOS/Source/tasks.c **** 	#endif
 314:Middlewares/Third_Party/FreeRTOS/Source/tasks.c **** 
 315:Middlewares/Third_Party/FreeRTOS/Source/tasks.c **** 	/* See the comments in FreeRTOS.h with the definition of
 316:Middlewares/Third_Party/FreeRTOS/Source/tasks.c **** 	tskSTATIC_AND_DYNAMIC_ALLOCATION_POSSIBLE. */
 317:Middlewares/Third_Party/FreeRTOS/Source/tasks.c **** 	#if( tskSTATIC_AND_DYNAMIC_ALLOCATION_POSSIBLE != 0 ) /*lint !e731 !e9029 Macro has been consolida
ARM GAS  /tmp/ccV8B7BA.s 			page 7


 318:Middlewares/Third_Party/FreeRTOS/Source/tasks.c **** 		uint8_t	ucStaticallyAllocated; 		/*< Set to pdTRUE if the task is a statically allocated to ensur
 319:Middlewares/Third_Party/FreeRTOS/Source/tasks.c **** 	#endif
 320:Middlewares/Third_Party/FreeRTOS/Source/tasks.c **** 
 321:Middlewares/Third_Party/FreeRTOS/Source/tasks.c **** 	#if( INCLUDE_xTaskAbortDelay == 1 )
 322:Middlewares/Third_Party/FreeRTOS/Source/tasks.c **** 		uint8_t ucDelayAborted;
 323:Middlewares/Third_Party/FreeRTOS/Source/tasks.c **** 	#endif
 324:Middlewares/Third_Party/FreeRTOS/Source/tasks.c **** 
 325:Middlewares/Third_Party/FreeRTOS/Source/tasks.c **** 	#if( configUSE_POSIX_ERRNO == 1 )
 326:Middlewares/Third_Party/FreeRTOS/Source/tasks.c **** 		int iTaskErrno;
 327:Middlewares/Third_Party/FreeRTOS/Source/tasks.c **** 	#endif
 328:Middlewares/Third_Party/FreeRTOS/Source/tasks.c **** 
 329:Middlewares/Third_Party/FreeRTOS/Source/tasks.c **** } tskTCB;
 330:Middlewares/Third_Party/FreeRTOS/Source/tasks.c **** 
 331:Middlewares/Third_Party/FreeRTOS/Source/tasks.c **** /* The old tskTCB name is maintained above then typedefed to the new TCB_t name
 332:Middlewares/Third_Party/FreeRTOS/Source/tasks.c **** below to enable the use of older kernel aware debuggers. */
 333:Middlewares/Third_Party/FreeRTOS/Source/tasks.c **** typedef tskTCB TCB_t;
 334:Middlewares/Third_Party/FreeRTOS/Source/tasks.c **** 
 335:Middlewares/Third_Party/FreeRTOS/Source/tasks.c **** /*lint -save -e956 A manual analysis and inspection has been used to determine
 336:Middlewares/Third_Party/FreeRTOS/Source/tasks.c **** which static variables must be declared volatile. */
 337:Middlewares/Third_Party/FreeRTOS/Source/tasks.c **** PRIVILEGED_DATA TCB_t * volatile pxCurrentTCB = NULL;
 338:Middlewares/Third_Party/FreeRTOS/Source/tasks.c **** 
 339:Middlewares/Third_Party/FreeRTOS/Source/tasks.c **** /* Lists for ready and blocked tasks. --------------------
 340:Middlewares/Third_Party/FreeRTOS/Source/tasks.c **** xDelayedTaskList1 and xDelayedTaskList2 could be move to function scople but
 341:Middlewares/Third_Party/FreeRTOS/Source/tasks.c **** doing so breaks some kernel aware debuggers and debuggers that rely on removing
 342:Middlewares/Third_Party/FreeRTOS/Source/tasks.c **** the static qualifier. */
 343:Middlewares/Third_Party/FreeRTOS/Source/tasks.c **** PRIVILEGED_DATA static List_t pxReadyTasksLists[ configMAX_PRIORITIES ];/*< Prioritised ready tasks
 344:Middlewares/Third_Party/FreeRTOS/Source/tasks.c **** PRIVILEGED_DATA static List_t xDelayedTaskList1;						/*< Delayed tasks. */
 345:Middlewares/Third_Party/FreeRTOS/Source/tasks.c **** PRIVILEGED_DATA static List_t xDelayedTaskList2;						/*< Delayed tasks (two lists are used - one f
 346:Middlewares/Third_Party/FreeRTOS/Source/tasks.c **** PRIVILEGED_DATA static List_t * volatile pxDelayedTaskList;				/*< Points to the delayed task list 
 347:Middlewares/Third_Party/FreeRTOS/Source/tasks.c **** PRIVILEGED_DATA static List_t * volatile pxOverflowDelayedTaskList;		/*< Points to the delayed task
 348:Middlewares/Third_Party/FreeRTOS/Source/tasks.c **** PRIVILEGED_DATA static List_t xPendingReadyList;						/*< Tasks that have been readied while the sc
 349:Middlewares/Third_Party/FreeRTOS/Source/tasks.c **** 
 350:Middlewares/Third_Party/FreeRTOS/Source/tasks.c **** #if( INCLUDE_vTaskDelete == 1 )
 351:Middlewares/Third_Party/FreeRTOS/Source/tasks.c **** 
 352:Middlewares/Third_Party/FreeRTOS/Source/tasks.c **** 	PRIVILEGED_DATA static List_t xTasksWaitingTermination;				/*< Tasks that have been deleted - but 
 353:Middlewares/Third_Party/FreeRTOS/Source/tasks.c **** 	PRIVILEGED_DATA static volatile UBaseType_t uxDeletedTasksWaitingCleanUp = ( UBaseType_t ) 0U;
 354:Middlewares/Third_Party/FreeRTOS/Source/tasks.c **** 
 355:Middlewares/Third_Party/FreeRTOS/Source/tasks.c **** #endif
 356:Middlewares/Third_Party/FreeRTOS/Source/tasks.c **** 
 357:Middlewares/Third_Party/FreeRTOS/Source/tasks.c **** #if ( INCLUDE_vTaskSuspend == 1 )
 358:Middlewares/Third_Party/FreeRTOS/Source/tasks.c **** 
 359:Middlewares/Third_Party/FreeRTOS/Source/tasks.c **** 	PRIVILEGED_DATA static List_t xSuspendedTaskList;					/*< Tasks that are currently suspended. */
 360:Middlewares/Third_Party/FreeRTOS/Source/tasks.c **** 
 361:Middlewares/Third_Party/FreeRTOS/Source/tasks.c **** #endif
 362:Middlewares/Third_Party/FreeRTOS/Source/tasks.c **** 
 363:Middlewares/Third_Party/FreeRTOS/Source/tasks.c **** /* Global POSIX errno. Its value is changed upon context switching to match
 364:Middlewares/Third_Party/FreeRTOS/Source/tasks.c **** the errno of the currently running task. */
 365:Middlewares/Third_Party/FreeRTOS/Source/tasks.c **** #if ( configUSE_POSIX_ERRNO == 1 )
 366:Middlewares/Third_Party/FreeRTOS/Source/tasks.c **** 	int FreeRTOS_errno = 0;
 367:Middlewares/Third_Party/FreeRTOS/Source/tasks.c **** #endif
 368:Middlewares/Third_Party/FreeRTOS/Source/tasks.c **** 
 369:Middlewares/Third_Party/FreeRTOS/Source/tasks.c **** /* Other file private variables. --------------------------------*/
 370:Middlewares/Third_Party/FreeRTOS/Source/tasks.c **** PRIVILEGED_DATA static volatile UBaseType_t uxCurrentNumberOfTasks 	= ( UBaseType_t ) 0U;
 371:Middlewares/Third_Party/FreeRTOS/Source/tasks.c **** PRIVILEGED_DATA static volatile TickType_t xTickCount 				= ( TickType_t ) configINITIAL_TICK_COUNT
 372:Middlewares/Third_Party/FreeRTOS/Source/tasks.c **** PRIVILEGED_DATA static volatile UBaseType_t uxTopReadyPriority 		= tskIDLE_PRIORITY;
 373:Middlewares/Third_Party/FreeRTOS/Source/tasks.c **** PRIVILEGED_DATA static volatile BaseType_t xSchedulerRunning 		= pdFALSE;
 374:Middlewares/Third_Party/FreeRTOS/Source/tasks.c **** PRIVILEGED_DATA static volatile TickType_t xPendedTicks 			= ( TickType_t ) 0U;
ARM GAS  /tmp/ccV8B7BA.s 			page 8


 375:Middlewares/Third_Party/FreeRTOS/Source/tasks.c **** PRIVILEGED_DATA static volatile BaseType_t xYieldPending 			= pdFALSE;
 376:Middlewares/Third_Party/FreeRTOS/Source/tasks.c **** PRIVILEGED_DATA static volatile BaseType_t xNumOfOverflows 			= ( BaseType_t ) 0;
 377:Middlewares/Third_Party/FreeRTOS/Source/tasks.c **** PRIVILEGED_DATA static UBaseType_t uxTaskNumber 					= ( UBaseType_t ) 0U;
 378:Middlewares/Third_Party/FreeRTOS/Source/tasks.c **** PRIVILEGED_DATA static volatile TickType_t xNextTaskUnblockTime		= ( TickType_t ) 0U; /* Initialise
 379:Middlewares/Third_Party/FreeRTOS/Source/tasks.c **** PRIVILEGED_DATA static TaskHandle_t xIdleTaskHandle					= NULL;			/*< Holds the handle of the idle 
 380:Middlewares/Third_Party/FreeRTOS/Source/tasks.c **** 
 381:Middlewares/Third_Party/FreeRTOS/Source/tasks.c **** /* Context switches are held pending while the scheduler is suspended.  Also,
 382:Middlewares/Third_Party/FreeRTOS/Source/tasks.c **** interrupts must not manipulate the xStateListItem of a TCB, or any of the
 383:Middlewares/Third_Party/FreeRTOS/Source/tasks.c **** lists the xStateListItem can be referenced from, if the scheduler is suspended.
 384:Middlewares/Third_Party/FreeRTOS/Source/tasks.c **** If an interrupt needs to unblock a task while the scheduler is suspended then it
 385:Middlewares/Third_Party/FreeRTOS/Source/tasks.c **** moves the task's event list item into the xPendingReadyList, ready for the
 386:Middlewares/Third_Party/FreeRTOS/Source/tasks.c **** kernel to move the task from the pending ready list into the real ready list
 387:Middlewares/Third_Party/FreeRTOS/Source/tasks.c **** when the scheduler is unsuspended.  The pending ready list itself can only be
 388:Middlewares/Third_Party/FreeRTOS/Source/tasks.c **** accessed from a critical section. */
 389:Middlewares/Third_Party/FreeRTOS/Source/tasks.c **** PRIVILEGED_DATA static volatile UBaseType_t uxSchedulerSuspended	= ( UBaseType_t ) pdFALSE;
 390:Middlewares/Third_Party/FreeRTOS/Source/tasks.c **** 
 391:Middlewares/Third_Party/FreeRTOS/Source/tasks.c **** #if ( configGENERATE_RUN_TIME_STATS == 1 )
 392:Middlewares/Third_Party/FreeRTOS/Source/tasks.c **** 
 393:Middlewares/Third_Party/FreeRTOS/Source/tasks.c **** 	/* Do not move these variables to function scope as doing so prevents the
 394:Middlewares/Third_Party/FreeRTOS/Source/tasks.c **** 	code working with debuggers that need to remove the static qualifier. */
 395:Middlewares/Third_Party/FreeRTOS/Source/tasks.c **** 	PRIVILEGED_DATA static uint32_t ulTaskSwitchedInTime = 0UL;	/*< Holds the value of a timer/counter
 396:Middlewares/Third_Party/FreeRTOS/Source/tasks.c **** 	PRIVILEGED_DATA static uint32_t ulTotalRunTime = 0UL;		/*< Holds the total amount of execution tim
 397:Middlewares/Third_Party/FreeRTOS/Source/tasks.c **** 
 398:Middlewares/Third_Party/FreeRTOS/Source/tasks.c **** #endif
 399:Middlewares/Third_Party/FreeRTOS/Source/tasks.c **** 
 400:Middlewares/Third_Party/FreeRTOS/Source/tasks.c **** /*lint -restore */
 401:Middlewares/Third_Party/FreeRTOS/Source/tasks.c **** 
 402:Middlewares/Third_Party/FreeRTOS/Source/tasks.c **** /*-----------------------------------------------------------*/
 403:Middlewares/Third_Party/FreeRTOS/Source/tasks.c **** 
 404:Middlewares/Third_Party/FreeRTOS/Source/tasks.c **** /* Callback function prototypes. --------------------------*/
 405:Middlewares/Third_Party/FreeRTOS/Source/tasks.c **** #if(  configCHECK_FOR_STACK_OVERFLOW > 0 )
 406:Middlewares/Third_Party/FreeRTOS/Source/tasks.c **** 
 407:Middlewares/Third_Party/FreeRTOS/Source/tasks.c **** 	extern void vApplicationStackOverflowHook( TaskHandle_t xTask, char *pcTaskName );
 408:Middlewares/Third_Party/FreeRTOS/Source/tasks.c **** 
 409:Middlewares/Third_Party/FreeRTOS/Source/tasks.c **** #endif
 410:Middlewares/Third_Party/FreeRTOS/Source/tasks.c **** 
 411:Middlewares/Third_Party/FreeRTOS/Source/tasks.c **** #if( configUSE_TICK_HOOK > 0 )
 412:Middlewares/Third_Party/FreeRTOS/Source/tasks.c **** 
 413:Middlewares/Third_Party/FreeRTOS/Source/tasks.c **** 	extern void vApplicationTickHook( void ); /*lint !e526 Symbol not defined as it is an application 
 414:Middlewares/Third_Party/FreeRTOS/Source/tasks.c **** 
 415:Middlewares/Third_Party/FreeRTOS/Source/tasks.c **** #endif
 416:Middlewares/Third_Party/FreeRTOS/Source/tasks.c **** 
 417:Middlewares/Third_Party/FreeRTOS/Source/tasks.c **** #if( configSUPPORT_STATIC_ALLOCATION == 1 )
 418:Middlewares/Third_Party/FreeRTOS/Source/tasks.c **** 
 419:Middlewares/Third_Party/FreeRTOS/Source/tasks.c **** 	extern void vApplicationGetIdleTaskMemory( StaticTask_t **ppxIdleTaskTCBBuffer, StackType_t **ppxI
 420:Middlewares/Third_Party/FreeRTOS/Source/tasks.c **** 
 421:Middlewares/Third_Party/FreeRTOS/Source/tasks.c **** #endif
 422:Middlewares/Third_Party/FreeRTOS/Source/tasks.c **** 
 423:Middlewares/Third_Party/FreeRTOS/Source/tasks.c **** /* File private functions. --------------------------------*/
 424:Middlewares/Third_Party/FreeRTOS/Source/tasks.c **** 
 425:Middlewares/Third_Party/FreeRTOS/Source/tasks.c **** /**
 426:Middlewares/Third_Party/FreeRTOS/Source/tasks.c ****  * Utility task that simply returns pdTRUE if the task referenced by xTask is
 427:Middlewares/Third_Party/FreeRTOS/Source/tasks.c ****  * currently in the Suspended state, or pdFALSE if the task referenced by xTask
 428:Middlewares/Third_Party/FreeRTOS/Source/tasks.c ****  * is in any other state.
 429:Middlewares/Third_Party/FreeRTOS/Source/tasks.c ****  */
 430:Middlewares/Third_Party/FreeRTOS/Source/tasks.c **** #if ( INCLUDE_vTaskSuspend == 1 )
 431:Middlewares/Third_Party/FreeRTOS/Source/tasks.c **** 
ARM GAS  /tmp/ccV8B7BA.s 			page 9


 432:Middlewares/Third_Party/FreeRTOS/Source/tasks.c **** 	static BaseType_t prvTaskIsTaskSuspended( const TaskHandle_t xTask ) PRIVILEGED_FUNCTION;
 433:Middlewares/Third_Party/FreeRTOS/Source/tasks.c **** 
 434:Middlewares/Third_Party/FreeRTOS/Source/tasks.c **** #endif /* INCLUDE_vTaskSuspend */
 435:Middlewares/Third_Party/FreeRTOS/Source/tasks.c **** 
 436:Middlewares/Third_Party/FreeRTOS/Source/tasks.c **** /*
 437:Middlewares/Third_Party/FreeRTOS/Source/tasks.c ****  * Utility to ready all the lists used by the scheduler.  This is called
 438:Middlewares/Third_Party/FreeRTOS/Source/tasks.c ****  * automatically upon the creation of the first task.
 439:Middlewares/Third_Party/FreeRTOS/Source/tasks.c ****  */
 440:Middlewares/Third_Party/FreeRTOS/Source/tasks.c **** static void prvInitialiseTaskLists( void ) PRIVILEGED_FUNCTION;
 441:Middlewares/Third_Party/FreeRTOS/Source/tasks.c **** 
 442:Middlewares/Third_Party/FreeRTOS/Source/tasks.c **** /*
 443:Middlewares/Third_Party/FreeRTOS/Source/tasks.c ****  * The idle task, which as all tasks is implemented as a never ending loop.
 444:Middlewares/Third_Party/FreeRTOS/Source/tasks.c ****  * The idle task is automatically created and added to the ready lists upon
 445:Middlewares/Third_Party/FreeRTOS/Source/tasks.c ****  * creation of the first user task.
 446:Middlewares/Third_Party/FreeRTOS/Source/tasks.c ****  *
 447:Middlewares/Third_Party/FreeRTOS/Source/tasks.c ****  * The portTASK_FUNCTION_PROTO() macro is used to allow port/compiler specific
 448:Middlewares/Third_Party/FreeRTOS/Source/tasks.c ****  * language extensions.  The equivalent prototype for this function is:
 449:Middlewares/Third_Party/FreeRTOS/Source/tasks.c ****  *
 450:Middlewares/Third_Party/FreeRTOS/Source/tasks.c ****  * void prvIdleTask( void *pvParameters );
 451:Middlewares/Third_Party/FreeRTOS/Source/tasks.c ****  *
 452:Middlewares/Third_Party/FreeRTOS/Source/tasks.c ****  */
 453:Middlewares/Third_Party/FreeRTOS/Source/tasks.c **** static portTASK_FUNCTION_PROTO( prvIdleTask, pvParameters );
 454:Middlewares/Third_Party/FreeRTOS/Source/tasks.c **** 
 455:Middlewares/Third_Party/FreeRTOS/Source/tasks.c **** /*
 456:Middlewares/Third_Party/FreeRTOS/Source/tasks.c ****  * Utility to free all memory allocated by the scheduler to hold a TCB,
 457:Middlewares/Third_Party/FreeRTOS/Source/tasks.c ****  * including the stack pointed to by the TCB.
 458:Middlewares/Third_Party/FreeRTOS/Source/tasks.c ****  *
 459:Middlewares/Third_Party/FreeRTOS/Source/tasks.c ****  * This does not free memory allocated by the task itself (i.e. memory
 460:Middlewares/Third_Party/FreeRTOS/Source/tasks.c ****  * allocated by calls to pvPortMalloc from within the tasks application code).
 461:Middlewares/Third_Party/FreeRTOS/Source/tasks.c ****  */
 462:Middlewares/Third_Party/FreeRTOS/Source/tasks.c **** #if ( INCLUDE_vTaskDelete == 1 )
 463:Middlewares/Third_Party/FreeRTOS/Source/tasks.c **** 
 464:Middlewares/Third_Party/FreeRTOS/Source/tasks.c **** 	static void prvDeleteTCB( TCB_t *pxTCB ) PRIVILEGED_FUNCTION;
 465:Middlewares/Third_Party/FreeRTOS/Source/tasks.c **** 
 466:Middlewares/Third_Party/FreeRTOS/Source/tasks.c **** #endif
 467:Middlewares/Third_Party/FreeRTOS/Source/tasks.c **** 
 468:Middlewares/Third_Party/FreeRTOS/Source/tasks.c **** /*
 469:Middlewares/Third_Party/FreeRTOS/Source/tasks.c ****  * Used only by the idle task.  This checks to see if anything has been placed
 470:Middlewares/Third_Party/FreeRTOS/Source/tasks.c ****  * in the list of tasks waiting to be deleted.  If so the task is cleaned up
 471:Middlewares/Third_Party/FreeRTOS/Source/tasks.c ****  * and its TCB deleted.
 472:Middlewares/Third_Party/FreeRTOS/Source/tasks.c ****  */
 473:Middlewares/Third_Party/FreeRTOS/Source/tasks.c **** static void prvCheckTasksWaitingTermination( void ) PRIVILEGED_FUNCTION;
 474:Middlewares/Third_Party/FreeRTOS/Source/tasks.c **** 
 475:Middlewares/Third_Party/FreeRTOS/Source/tasks.c **** /*
 476:Middlewares/Third_Party/FreeRTOS/Source/tasks.c ****  * The currently executing task is entering the Blocked state.  Add the task to
 477:Middlewares/Third_Party/FreeRTOS/Source/tasks.c ****  * either the current or the overflow delayed task list.
 478:Middlewares/Third_Party/FreeRTOS/Source/tasks.c ****  */
 479:Middlewares/Third_Party/FreeRTOS/Source/tasks.c **** static void prvAddCurrentTaskToDelayedList( TickType_t xTicksToWait, const BaseType_t xCanBlockInde
 480:Middlewares/Third_Party/FreeRTOS/Source/tasks.c **** 
 481:Middlewares/Third_Party/FreeRTOS/Source/tasks.c **** /*
 482:Middlewares/Third_Party/FreeRTOS/Source/tasks.c ****  * Fills an TaskStatus_t structure with information on each task that is
 483:Middlewares/Third_Party/FreeRTOS/Source/tasks.c ****  * referenced from the pxList list (which may be a ready list, a delayed list,
 484:Middlewares/Third_Party/FreeRTOS/Source/tasks.c ****  * a suspended list, etc.).
 485:Middlewares/Third_Party/FreeRTOS/Source/tasks.c ****  *
 486:Middlewares/Third_Party/FreeRTOS/Source/tasks.c ****  * THIS FUNCTION IS INTENDED FOR DEBUGGING ONLY, AND SHOULD NOT BE CALLED FROM
 487:Middlewares/Third_Party/FreeRTOS/Source/tasks.c ****  * NORMAL APPLICATION CODE.
 488:Middlewares/Third_Party/FreeRTOS/Source/tasks.c ****  */
ARM GAS  /tmp/ccV8B7BA.s 			page 10


 489:Middlewares/Third_Party/FreeRTOS/Source/tasks.c **** #if ( configUSE_TRACE_FACILITY == 1 )
 490:Middlewares/Third_Party/FreeRTOS/Source/tasks.c **** 
 491:Middlewares/Third_Party/FreeRTOS/Source/tasks.c **** 	static UBaseType_t prvListTasksWithinSingleList( TaskStatus_t *pxTaskStatusArray, List_t *pxList, 
 492:Middlewares/Third_Party/FreeRTOS/Source/tasks.c **** 
 493:Middlewares/Third_Party/FreeRTOS/Source/tasks.c **** #endif
 494:Middlewares/Third_Party/FreeRTOS/Source/tasks.c **** 
 495:Middlewares/Third_Party/FreeRTOS/Source/tasks.c **** /*
 496:Middlewares/Third_Party/FreeRTOS/Source/tasks.c ****  * Searches pxList for a task with name pcNameToQuery - returning a handle to
 497:Middlewares/Third_Party/FreeRTOS/Source/tasks.c ****  * the task if it is found, or NULL if the task is not found.
 498:Middlewares/Third_Party/FreeRTOS/Source/tasks.c ****  */
 499:Middlewares/Third_Party/FreeRTOS/Source/tasks.c **** #if ( INCLUDE_xTaskGetHandle == 1 )
 500:Middlewares/Third_Party/FreeRTOS/Source/tasks.c **** 
 501:Middlewares/Third_Party/FreeRTOS/Source/tasks.c **** 	static TCB_t *prvSearchForNameWithinSingleList( List_t *pxList, const char pcNameToQuery[] ) PRIVI
 502:Middlewares/Third_Party/FreeRTOS/Source/tasks.c **** 
 503:Middlewares/Third_Party/FreeRTOS/Source/tasks.c **** #endif
 504:Middlewares/Third_Party/FreeRTOS/Source/tasks.c **** 
 505:Middlewares/Third_Party/FreeRTOS/Source/tasks.c **** /*
 506:Middlewares/Third_Party/FreeRTOS/Source/tasks.c ****  * When a task is created, the stack of the task is filled with a known value.
 507:Middlewares/Third_Party/FreeRTOS/Source/tasks.c ****  * This function determines the 'high water mark' of the task stack by
 508:Middlewares/Third_Party/FreeRTOS/Source/tasks.c ****  * determining how much of the stack remains at the original preset value.
 509:Middlewares/Third_Party/FreeRTOS/Source/tasks.c ****  */
 510:Middlewares/Third_Party/FreeRTOS/Source/tasks.c **** #if ( ( configUSE_TRACE_FACILITY == 1 ) || ( INCLUDE_uxTaskGetStackHighWaterMark == 1 ) || ( INCLUD
 511:Middlewares/Third_Party/FreeRTOS/Source/tasks.c **** 
 512:Middlewares/Third_Party/FreeRTOS/Source/tasks.c **** 	static configSTACK_DEPTH_TYPE prvTaskCheckFreeStackSpace( const uint8_t * pucStackByte ) PRIVILEGE
 513:Middlewares/Third_Party/FreeRTOS/Source/tasks.c **** 
 514:Middlewares/Third_Party/FreeRTOS/Source/tasks.c **** #endif
 515:Middlewares/Third_Party/FreeRTOS/Source/tasks.c **** 
 516:Middlewares/Third_Party/FreeRTOS/Source/tasks.c **** /*
 517:Middlewares/Third_Party/FreeRTOS/Source/tasks.c ****  * Return the amount of time, in ticks, that will pass before the kernel will
 518:Middlewares/Third_Party/FreeRTOS/Source/tasks.c ****  * next move a task from the Blocked state to the Running state.
 519:Middlewares/Third_Party/FreeRTOS/Source/tasks.c ****  *
 520:Middlewares/Third_Party/FreeRTOS/Source/tasks.c ****  * This conditional compilation should use inequality to 0, not equality to 1.
 521:Middlewares/Third_Party/FreeRTOS/Source/tasks.c ****  * This is to ensure portSUPPRESS_TICKS_AND_SLEEP() can be called when user
 522:Middlewares/Third_Party/FreeRTOS/Source/tasks.c ****  * defined low power mode implementations require configUSE_TICKLESS_IDLE to be
 523:Middlewares/Third_Party/FreeRTOS/Source/tasks.c ****  * set to a value other than 1.
 524:Middlewares/Third_Party/FreeRTOS/Source/tasks.c ****  */
 525:Middlewares/Third_Party/FreeRTOS/Source/tasks.c **** #if ( configUSE_TICKLESS_IDLE != 0 )
 526:Middlewares/Third_Party/FreeRTOS/Source/tasks.c **** 
 527:Middlewares/Third_Party/FreeRTOS/Source/tasks.c **** 	static TickType_t prvGetExpectedIdleTime( void ) PRIVILEGED_FUNCTION;
 528:Middlewares/Third_Party/FreeRTOS/Source/tasks.c **** 
 529:Middlewares/Third_Party/FreeRTOS/Source/tasks.c **** #endif
 530:Middlewares/Third_Party/FreeRTOS/Source/tasks.c **** 
 531:Middlewares/Third_Party/FreeRTOS/Source/tasks.c **** /*
 532:Middlewares/Third_Party/FreeRTOS/Source/tasks.c ****  * Set xNextTaskUnblockTime to the time at which the next Blocked state task
 533:Middlewares/Third_Party/FreeRTOS/Source/tasks.c ****  * will exit the Blocked state.
 534:Middlewares/Third_Party/FreeRTOS/Source/tasks.c ****  */
 535:Middlewares/Third_Party/FreeRTOS/Source/tasks.c **** static void prvResetNextTaskUnblockTime( void );
 536:Middlewares/Third_Party/FreeRTOS/Source/tasks.c **** 
 537:Middlewares/Third_Party/FreeRTOS/Source/tasks.c **** #if ( ( configUSE_TRACE_FACILITY == 1 ) && ( configUSE_STATS_FORMATTING_FUNCTIONS > 0 ) )
 538:Middlewares/Third_Party/FreeRTOS/Source/tasks.c **** 
 539:Middlewares/Third_Party/FreeRTOS/Source/tasks.c **** 	/*
 540:Middlewares/Third_Party/FreeRTOS/Source/tasks.c **** 	 * Helper function used to pad task names with spaces when printing out
 541:Middlewares/Third_Party/FreeRTOS/Source/tasks.c **** 	 * human readable tables of task information.
 542:Middlewares/Third_Party/FreeRTOS/Source/tasks.c **** 	 */
 543:Middlewares/Third_Party/FreeRTOS/Source/tasks.c **** 	static char *prvWriteNameToBuffer( char *pcBuffer, const char *pcTaskName ) PRIVILEGED_FUNCTION;
 544:Middlewares/Third_Party/FreeRTOS/Source/tasks.c **** 
 545:Middlewares/Third_Party/FreeRTOS/Source/tasks.c **** #endif
ARM GAS  /tmp/ccV8B7BA.s 			page 11


 546:Middlewares/Third_Party/FreeRTOS/Source/tasks.c **** 
 547:Middlewares/Third_Party/FreeRTOS/Source/tasks.c **** /*
 548:Middlewares/Third_Party/FreeRTOS/Source/tasks.c ****  * Called after a Task_t structure has been allocated either statically or
 549:Middlewares/Third_Party/FreeRTOS/Source/tasks.c ****  * dynamically to fill in the structure's members.
 550:Middlewares/Third_Party/FreeRTOS/Source/tasks.c ****  */
 551:Middlewares/Third_Party/FreeRTOS/Source/tasks.c **** static void prvInitialiseNewTask( 	TaskFunction_t pxTaskCode,
 552:Middlewares/Third_Party/FreeRTOS/Source/tasks.c **** 									const char * const pcName, 		/*lint !e971 Unqualified char types are allowed for strings a
 553:Middlewares/Third_Party/FreeRTOS/Source/tasks.c **** 									const uint32_t ulStackDepth,
 554:Middlewares/Third_Party/FreeRTOS/Source/tasks.c **** 									void * const pvParameters,
 555:Middlewares/Third_Party/FreeRTOS/Source/tasks.c **** 									UBaseType_t uxPriority,
 556:Middlewares/Third_Party/FreeRTOS/Source/tasks.c **** 									TaskHandle_t * const pxCreatedTask,
 557:Middlewares/Third_Party/FreeRTOS/Source/tasks.c **** 									TCB_t *pxNewTCB,
 558:Middlewares/Third_Party/FreeRTOS/Source/tasks.c **** 									const MemoryRegion_t * const xRegions ) PRIVILEGED_FUNCTION;
 559:Middlewares/Third_Party/FreeRTOS/Source/tasks.c **** 
 560:Middlewares/Third_Party/FreeRTOS/Source/tasks.c **** /*
 561:Middlewares/Third_Party/FreeRTOS/Source/tasks.c ****  * Called after a new task has been created and initialised to place the task
 562:Middlewares/Third_Party/FreeRTOS/Source/tasks.c ****  * under the control of the scheduler.
 563:Middlewares/Third_Party/FreeRTOS/Source/tasks.c ****  */
 564:Middlewares/Third_Party/FreeRTOS/Source/tasks.c **** static void prvAddNewTaskToReadyList( TCB_t *pxNewTCB ) PRIVILEGED_FUNCTION;
 565:Middlewares/Third_Party/FreeRTOS/Source/tasks.c **** 
 566:Middlewares/Third_Party/FreeRTOS/Source/tasks.c **** /*
 567:Middlewares/Third_Party/FreeRTOS/Source/tasks.c ****  * freertos_tasks_c_additions_init() should only be called if the user definable
 568:Middlewares/Third_Party/FreeRTOS/Source/tasks.c ****  * macro FREERTOS_TASKS_C_ADDITIONS_INIT() is defined, as that is the only macro
 569:Middlewares/Third_Party/FreeRTOS/Source/tasks.c ****  * called by the function.
 570:Middlewares/Third_Party/FreeRTOS/Source/tasks.c ****  */
 571:Middlewares/Third_Party/FreeRTOS/Source/tasks.c **** #ifdef FREERTOS_TASKS_C_ADDITIONS_INIT
 572:Middlewares/Third_Party/FreeRTOS/Source/tasks.c **** 
 573:Middlewares/Third_Party/FreeRTOS/Source/tasks.c **** 	static void freertos_tasks_c_additions_init( void ) PRIVILEGED_FUNCTION;
 574:Middlewares/Third_Party/FreeRTOS/Source/tasks.c **** 
 575:Middlewares/Third_Party/FreeRTOS/Source/tasks.c **** #endif
 576:Middlewares/Third_Party/FreeRTOS/Source/tasks.c **** 
 577:Middlewares/Third_Party/FreeRTOS/Source/tasks.c **** /*-----------------------------------------------------------*/
 578:Middlewares/Third_Party/FreeRTOS/Source/tasks.c **** 
 579:Middlewares/Third_Party/FreeRTOS/Source/tasks.c **** #if( configSUPPORT_STATIC_ALLOCATION == 1 )
 580:Middlewares/Third_Party/FreeRTOS/Source/tasks.c **** 
 581:Middlewares/Third_Party/FreeRTOS/Source/tasks.c **** 	TaskHandle_t xTaskCreateStatic(	TaskFunction_t pxTaskCode,
 582:Middlewares/Third_Party/FreeRTOS/Source/tasks.c **** 									const char * const pcName,		/*lint !e971 Unqualified char types are allowed for strings an
 583:Middlewares/Third_Party/FreeRTOS/Source/tasks.c **** 									const uint32_t ulStackDepth,
 584:Middlewares/Third_Party/FreeRTOS/Source/tasks.c **** 									void * const pvParameters,
 585:Middlewares/Third_Party/FreeRTOS/Source/tasks.c **** 									UBaseType_t uxPriority,
 586:Middlewares/Third_Party/FreeRTOS/Source/tasks.c **** 									StackType_t * const puxStackBuffer,
 587:Middlewares/Third_Party/FreeRTOS/Source/tasks.c **** 									StaticTask_t * const pxTaskBuffer )
 588:Middlewares/Third_Party/FreeRTOS/Source/tasks.c **** 	{
 589:Middlewares/Third_Party/FreeRTOS/Source/tasks.c **** 	TCB_t *pxNewTCB;
 590:Middlewares/Third_Party/FreeRTOS/Source/tasks.c **** 	TaskHandle_t xReturn;
 591:Middlewares/Third_Party/FreeRTOS/Source/tasks.c **** 
 592:Middlewares/Third_Party/FreeRTOS/Source/tasks.c **** 		configASSERT( puxStackBuffer != NULL );
 593:Middlewares/Third_Party/FreeRTOS/Source/tasks.c **** 		configASSERT( pxTaskBuffer != NULL );
 594:Middlewares/Third_Party/FreeRTOS/Source/tasks.c **** 
 595:Middlewares/Third_Party/FreeRTOS/Source/tasks.c **** 		#if( configASSERT_DEFINED == 1 )
 596:Middlewares/Third_Party/FreeRTOS/Source/tasks.c **** 		{
 597:Middlewares/Third_Party/FreeRTOS/Source/tasks.c **** 			/* Sanity check that the size of the structure used to declare a
 598:Middlewares/Third_Party/FreeRTOS/Source/tasks.c **** 			variable of type StaticTask_t equals the size of the real task
 599:Middlewares/Third_Party/FreeRTOS/Source/tasks.c **** 			structure. */
 600:Middlewares/Third_Party/FreeRTOS/Source/tasks.c **** 			volatile size_t xSize = sizeof( StaticTask_t );
 601:Middlewares/Third_Party/FreeRTOS/Source/tasks.c **** 			configASSERT( xSize == sizeof( TCB_t ) );
 602:Middlewares/Third_Party/FreeRTOS/Source/tasks.c **** 			( void ) xSize; /* Prevent lint warning when configASSERT() is not used. */
ARM GAS  /tmp/ccV8B7BA.s 			page 12


 603:Middlewares/Third_Party/FreeRTOS/Source/tasks.c **** 		}
 604:Middlewares/Third_Party/FreeRTOS/Source/tasks.c **** 		#endif /* configASSERT_DEFINED */
 605:Middlewares/Third_Party/FreeRTOS/Source/tasks.c **** 
 606:Middlewares/Third_Party/FreeRTOS/Source/tasks.c **** 
 607:Middlewares/Third_Party/FreeRTOS/Source/tasks.c **** 		if( ( pxTaskBuffer != NULL ) && ( puxStackBuffer != NULL ) )
 608:Middlewares/Third_Party/FreeRTOS/Source/tasks.c **** 		{
 609:Middlewares/Third_Party/FreeRTOS/Source/tasks.c **** 			/* The memory used for the task's TCB and stack are passed into this
 610:Middlewares/Third_Party/FreeRTOS/Source/tasks.c **** 			function - use them. */
 611:Middlewares/Third_Party/FreeRTOS/Source/tasks.c **** 			pxNewTCB = ( TCB_t * ) pxTaskBuffer; /*lint !e740 !e9087 Unusual cast is ok as the structures ar
 612:Middlewares/Third_Party/FreeRTOS/Source/tasks.c **** 			pxNewTCB->pxStack = ( StackType_t * ) puxStackBuffer;
 613:Middlewares/Third_Party/FreeRTOS/Source/tasks.c **** 
 614:Middlewares/Third_Party/FreeRTOS/Source/tasks.c **** 			#if( tskSTATIC_AND_DYNAMIC_ALLOCATION_POSSIBLE != 0 ) /*lint !e731 !e9029 Macro has been consoli
 615:Middlewares/Third_Party/FreeRTOS/Source/tasks.c **** 			{
 616:Middlewares/Third_Party/FreeRTOS/Source/tasks.c **** 				/* Tasks can be created statically or dynamically, so note this
 617:Middlewares/Third_Party/FreeRTOS/Source/tasks.c **** 				task was created statically in case the task is later deleted. */
 618:Middlewares/Third_Party/FreeRTOS/Source/tasks.c **** 				pxNewTCB->ucStaticallyAllocated = tskSTATICALLY_ALLOCATED_STACK_AND_TCB;
 619:Middlewares/Third_Party/FreeRTOS/Source/tasks.c **** 			}
 620:Middlewares/Third_Party/FreeRTOS/Source/tasks.c **** 			#endif /* tskSTATIC_AND_DYNAMIC_ALLOCATION_POSSIBLE */
 621:Middlewares/Third_Party/FreeRTOS/Source/tasks.c **** 
 622:Middlewares/Third_Party/FreeRTOS/Source/tasks.c **** 			prvInitialiseNewTask( pxTaskCode, pcName, ulStackDepth, pvParameters, uxPriority, &xReturn, pxNe
 623:Middlewares/Third_Party/FreeRTOS/Source/tasks.c **** 			prvAddNewTaskToReadyList( pxNewTCB );
 624:Middlewares/Third_Party/FreeRTOS/Source/tasks.c **** 		}
 625:Middlewares/Third_Party/FreeRTOS/Source/tasks.c **** 		else
 626:Middlewares/Third_Party/FreeRTOS/Source/tasks.c **** 		{
 627:Middlewares/Third_Party/FreeRTOS/Source/tasks.c **** 			xReturn = NULL;
 628:Middlewares/Third_Party/FreeRTOS/Source/tasks.c **** 		}
 629:Middlewares/Third_Party/FreeRTOS/Source/tasks.c **** 
 630:Middlewares/Third_Party/FreeRTOS/Source/tasks.c **** 		return xReturn;
 631:Middlewares/Third_Party/FreeRTOS/Source/tasks.c **** 	}
 632:Middlewares/Third_Party/FreeRTOS/Source/tasks.c **** 
 633:Middlewares/Third_Party/FreeRTOS/Source/tasks.c **** #endif /* SUPPORT_STATIC_ALLOCATION */
 634:Middlewares/Third_Party/FreeRTOS/Source/tasks.c **** /*-----------------------------------------------------------*/
 635:Middlewares/Third_Party/FreeRTOS/Source/tasks.c **** 
 636:Middlewares/Third_Party/FreeRTOS/Source/tasks.c **** #if( ( portUSING_MPU_WRAPPERS == 1 ) && ( configSUPPORT_STATIC_ALLOCATION == 1 ) )
 637:Middlewares/Third_Party/FreeRTOS/Source/tasks.c **** 
 638:Middlewares/Third_Party/FreeRTOS/Source/tasks.c **** 	BaseType_t xTaskCreateRestrictedStatic( const TaskParameters_t * const pxTaskDefinition, TaskHandl
 639:Middlewares/Third_Party/FreeRTOS/Source/tasks.c **** 	{
 640:Middlewares/Third_Party/FreeRTOS/Source/tasks.c **** 	TCB_t *pxNewTCB;
 641:Middlewares/Third_Party/FreeRTOS/Source/tasks.c **** 	BaseType_t xReturn = errCOULD_NOT_ALLOCATE_REQUIRED_MEMORY;
 642:Middlewares/Third_Party/FreeRTOS/Source/tasks.c **** 
 643:Middlewares/Third_Party/FreeRTOS/Source/tasks.c **** 		configASSERT( pxTaskDefinition->puxStackBuffer != NULL );
 644:Middlewares/Third_Party/FreeRTOS/Source/tasks.c **** 		configASSERT( pxTaskDefinition->pxTaskBuffer != NULL );
 645:Middlewares/Third_Party/FreeRTOS/Source/tasks.c **** 
 646:Middlewares/Third_Party/FreeRTOS/Source/tasks.c **** 		if( ( pxTaskDefinition->puxStackBuffer != NULL ) && ( pxTaskDefinition->pxTaskBuffer != NULL ) )
 647:Middlewares/Third_Party/FreeRTOS/Source/tasks.c **** 		{
 648:Middlewares/Third_Party/FreeRTOS/Source/tasks.c **** 			/* Allocate space for the TCB.  Where the memory comes from depends
 649:Middlewares/Third_Party/FreeRTOS/Source/tasks.c **** 			on the implementation of the port malloc function and whether or
 650:Middlewares/Third_Party/FreeRTOS/Source/tasks.c **** 			not static allocation is being used. */
 651:Middlewares/Third_Party/FreeRTOS/Source/tasks.c **** 			pxNewTCB = ( TCB_t * ) pxTaskDefinition->pxTaskBuffer;
 652:Middlewares/Third_Party/FreeRTOS/Source/tasks.c **** 
 653:Middlewares/Third_Party/FreeRTOS/Source/tasks.c **** 			/* Store the stack location in the TCB. */
 654:Middlewares/Third_Party/FreeRTOS/Source/tasks.c **** 			pxNewTCB->pxStack = pxTaskDefinition->puxStackBuffer;
 655:Middlewares/Third_Party/FreeRTOS/Source/tasks.c **** 
 656:Middlewares/Third_Party/FreeRTOS/Source/tasks.c **** 			#if( tskSTATIC_AND_DYNAMIC_ALLOCATION_POSSIBLE != 0 )
 657:Middlewares/Third_Party/FreeRTOS/Source/tasks.c **** 			{
 658:Middlewares/Third_Party/FreeRTOS/Source/tasks.c **** 				/* Tasks can be created statically or dynamically, so note this
 659:Middlewares/Third_Party/FreeRTOS/Source/tasks.c **** 				task was created statically in case the task is later deleted. */
ARM GAS  /tmp/ccV8B7BA.s 			page 13


 660:Middlewares/Third_Party/FreeRTOS/Source/tasks.c **** 				pxNewTCB->ucStaticallyAllocated = tskSTATICALLY_ALLOCATED_STACK_AND_TCB;
 661:Middlewares/Third_Party/FreeRTOS/Source/tasks.c **** 			}
 662:Middlewares/Third_Party/FreeRTOS/Source/tasks.c **** 			#endif /* tskSTATIC_AND_DYNAMIC_ALLOCATION_POSSIBLE */
 663:Middlewares/Third_Party/FreeRTOS/Source/tasks.c **** 
 664:Middlewares/Third_Party/FreeRTOS/Source/tasks.c **** 			prvInitialiseNewTask(	pxTaskDefinition->pvTaskCode,
 665:Middlewares/Third_Party/FreeRTOS/Source/tasks.c **** 									pxTaskDefinition->pcName,
 666:Middlewares/Third_Party/FreeRTOS/Source/tasks.c **** 									( uint32_t ) pxTaskDefinition->usStackDepth,
 667:Middlewares/Third_Party/FreeRTOS/Source/tasks.c **** 									pxTaskDefinition->pvParameters,
 668:Middlewares/Third_Party/FreeRTOS/Source/tasks.c **** 									pxTaskDefinition->uxPriority,
 669:Middlewares/Third_Party/FreeRTOS/Source/tasks.c **** 									pxCreatedTask, pxNewTCB,
 670:Middlewares/Third_Party/FreeRTOS/Source/tasks.c **** 									pxTaskDefinition->xRegions );
 671:Middlewares/Third_Party/FreeRTOS/Source/tasks.c **** 
 672:Middlewares/Third_Party/FreeRTOS/Source/tasks.c **** 			prvAddNewTaskToReadyList( pxNewTCB );
 673:Middlewares/Third_Party/FreeRTOS/Source/tasks.c **** 			xReturn = pdPASS;
 674:Middlewares/Third_Party/FreeRTOS/Source/tasks.c **** 		}
 675:Middlewares/Third_Party/FreeRTOS/Source/tasks.c **** 
 676:Middlewares/Third_Party/FreeRTOS/Source/tasks.c **** 		return xReturn;
 677:Middlewares/Third_Party/FreeRTOS/Source/tasks.c **** 	}
 678:Middlewares/Third_Party/FreeRTOS/Source/tasks.c **** 
 679:Middlewares/Third_Party/FreeRTOS/Source/tasks.c **** #endif /* ( portUSING_MPU_WRAPPERS == 1 ) && ( configSUPPORT_STATIC_ALLOCATION == 1 ) */
 680:Middlewares/Third_Party/FreeRTOS/Source/tasks.c **** /*-----------------------------------------------------------*/
 681:Middlewares/Third_Party/FreeRTOS/Source/tasks.c **** 
 682:Middlewares/Third_Party/FreeRTOS/Source/tasks.c **** #if( ( portUSING_MPU_WRAPPERS == 1 ) && ( configSUPPORT_DYNAMIC_ALLOCATION == 1 ) )
 683:Middlewares/Third_Party/FreeRTOS/Source/tasks.c **** 
 684:Middlewares/Third_Party/FreeRTOS/Source/tasks.c **** 	BaseType_t xTaskCreateRestricted( const TaskParameters_t * const pxTaskDefinition, TaskHandle_t *p
 685:Middlewares/Third_Party/FreeRTOS/Source/tasks.c **** 	{
 686:Middlewares/Third_Party/FreeRTOS/Source/tasks.c **** 	TCB_t *pxNewTCB;
 687:Middlewares/Third_Party/FreeRTOS/Source/tasks.c **** 	BaseType_t xReturn = errCOULD_NOT_ALLOCATE_REQUIRED_MEMORY;
 688:Middlewares/Third_Party/FreeRTOS/Source/tasks.c **** 
 689:Middlewares/Third_Party/FreeRTOS/Source/tasks.c **** 		configASSERT( pxTaskDefinition->puxStackBuffer );
 690:Middlewares/Third_Party/FreeRTOS/Source/tasks.c **** 
 691:Middlewares/Third_Party/FreeRTOS/Source/tasks.c **** 		if( pxTaskDefinition->puxStackBuffer != NULL )
 692:Middlewares/Third_Party/FreeRTOS/Source/tasks.c **** 		{
 693:Middlewares/Third_Party/FreeRTOS/Source/tasks.c **** 			/* Allocate space for the TCB.  Where the memory comes from depends
 694:Middlewares/Third_Party/FreeRTOS/Source/tasks.c **** 			on the implementation of the port malloc function and whether or
 695:Middlewares/Third_Party/FreeRTOS/Source/tasks.c **** 			not static allocation is being used. */
 696:Middlewares/Third_Party/FreeRTOS/Source/tasks.c **** 			pxNewTCB = ( TCB_t * ) pvPortMalloc( sizeof( TCB_t ) );
 697:Middlewares/Third_Party/FreeRTOS/Source/tasks.c **** 
 698:Middlewares/Third_Party/FreeRTOS/Source/tasks.c **** 			if( pxNewTCB != NULL )
 699:Middlewares/Third_Party/FreeRTOS/Source/tasks.c **** 			{
 700:Middlewares/Third_Party/FreeRTOS/Source/tasks.c **** 				/* Store the stack location in the TCB. */
 701:Middlewares/Third_Party/FreeRTOS/Source/tasks.c **** 				pxNewTCB->pxStack = pxTaskDefinition->puxStackBuffer;
 702:Middlewares/Third_Party/FreeRTOS/Source/tasks.c **** 
 703:Middlewares/Third_Party/FreeRTOS/Source/tasks.c **** 				#if( tskSTATIC_AND_DYNAMIC_ALLOCATION_POSSIBLE != 0 )
 704:Middlewares/Third_Party/FreeRTOS/Source/tasks.c **** 				{
 705:Middlewares/Third_Party/FreeRTOS/Source/tasks.c **** 					/* Tasks can be created statically or dynamically, so note
 706:Middlewares/Third_Party/FreeRTOS/Source/tasks.c **** 					this task had a statically allocated stack in case it is
 707:Middlewares/Third_Party/FreeRTOS/Source/tasks.c **** 					later deleted.  The TCB was allocated dynamically. */
 708:Middlewares/Third_Party/FreeRTOS/Source/tasks.c **** 					pxNewTCB->ucStaticallyAllocated = tskSTATICALLY_ALLOCATED_STACK_ONLY;
 709:Middlewares/Third_Party/FreeRTOS/Source/tasks.c **** 				}
 710:Middlewares/Third_Party/FreeRTOS/Source/tasks.c **** 				#endif /* tskSTATIC_AND_DYNAMIC_ALLOCATION_POSSIBLE */
 711:Middlewares/Third_Party/FreeRTOS/Source/tasks.c **** 
 712:Middlewares/Third_Party/FreeRTOS/Source/tasks.c **** 				prvInitialiseNewTask(	pxTaskDefinition->pvTaskCode,
 713:Middlewares/Third_Party/FreeRTOS/Source/tasks.c **** 										pxTaskDefinition->pcName,
 714:Middlewares/Third_Party/FreeRTOS/Source/tasks.c **** 										( uint32_t ) pxTaskDefinition->usStackDepth,
 715:Middlewares/Third_Party/FreeRTOS/Source/tasks.c **** 										pxTaskDefinition->pvParameters,
 716:Middlewares/Third_Party/FreeRTOS/Source/tasks.c **** 										pxTaskDefinition->uxPriority,
ARM GAS  /tmp/ccV8B7BA.s 			page 14


 717:Middlewares/Third_Party/FreeRTOS/Source/tasks.c **** 										pxCreatedTask, pxNewTCB,
 718:Middlewares/Third_Party/FreeRTOS/Source/tasks.c **** 										pxTaskDefinition->xRegions );
 719:Middlewares/Third_Party/FreeRTOS/Source/tasks.c **** 
 720:Middlewares/Third_Party/FreeRTOS/Source/tasks.c **** 				prvAddNewTaskToReadyList( pxNewTCB );
 721:Middlewares/Third_Party/FreeRTOS/Source/tasks.c **** 				xReturn = pdPASS;
 722:Middlewares/Third_Party/FreeRTOS/Source/tasks.c **** 			}
 723:Middlewares/Third_Party/FreeRTOS/Source/tasks.c **** 		}
 724:Middlewares/Third_Party/FreeRTOS/Source/tasks.c **** 
 725:Middlewares/Third_Party/FreeRTOS/Source/tasks.c **** 		return xReturn;
 726:Middlewares/Third_Party/FreeRTOS/Source/tasks.c **** 	}
 727:Middlewares/Third_Party/FreeRTOS/Source/tasks.c **** 
 728:Middlewares/Third_Party/FreeRTOS/Source/tasks.c **** #endif /* portUSING_MPU_WRAPPERS */
 729:Middlewares/Third_Party/FreeRTOS/Source/tasks.c **** /*-----------------------------------------------------------*/
 730:Middlewares/Third_Party/FreeRTOS/Source/tasks.c **** 
 731:Middlewares/Third_Party/FreeRTOS/Source/tasks.c **** #if( configSUPPORT_DYNAMIC_ALLOCATION == 1 )
 732:Middlewares/Third_Party/FreeRTOS/Source/tasks.c **** 
 733:Middlewares/Third_Party/FreeRTOS/Source/tasks.c **** 	BaseType_t xTaskCreate(	TaskFunction_t pxTaskCode,
 734:Middlewares/Third_Party/FreeRTOS/Source/tasks.c **** 							const char * const pcName,		/*lint !e971 Unqualified char types are allowed for strings and 
 735:Middlewares/Third_Party/FreeRTOS/Source/tasks.c **** 							const configSTACK_DEPTH_TYPE usStackDepth,
 736:Middlewares/Third_Party/FreeRTOS/Source/tasks.c **** 							void * const pvParameters,
 737:Middlewares/Third_Party/FreeRTOS/Source/tasks.c **** 							UBaseType_t uxPriority,
 738:Middlewares/Third_Party/FreeRTOS/Source/tasks.c **** 							TaskHandle_t * const pxCreatedTask )
 739:Middlewares/Third_Party/FreeRTOS/Source/tasks.c **** 	{
 740:Middlewares/Third_Party/FreeRTOS/Source/tasks.c **** 	TCB_t *pxNewTCB;
 741:Middlewares/Third_Party/FreeRTOS/Source/tasks.c **** 	BaseType_t xReturn;
 742:Middlewares/Third_Party/FreeRTOS/Source/tasks.c **** 
 743:Middlewares/Third_Party/FreeRTOS/Source/tasks.c **** 		/* If the stack grows down then allocate the stack then the TCB so the stack
 744:Middlewares/Third_Party/FreeRTOS/Source/tasks.c **** 		does not grow into the TCB.  Likewise if the stack grows up then allocate
 745:Middlewares/Third_Party/FreeRTOS/Source/tasks.c **** 		the TCB then the stack. */
 746:Middlewares/Third_Party/FreeRTOS/Source/tasks.c **** 		#if( portSTACK_GROWTH > 0 )
 747:Middlewares/Third_Party/FreeRTOS/Source/tasks.c **** 		{
 748:Middlewares/Third_Party/FreeRTOS/Source/tasks.c **** 			/* Allocate space for the TCB.  Where the memory comes from depends on
 749:Middlewares/Third_Party/FreeRTOS/Source/tasks.c **** 			the implementation of the port malloc function and whether or not static
 750:Middlewares/Third_Party/FreeRTOS/Source/tasks.c **** 			allocation is being used. */
 751:Middlewares/Third_Party/FreeRTOS/Source/tasks.c **** 			pxNewTCB = ( TCB_t * ) pvPortMalloc( sizeof( TCB_t ) );
 752:Middlewares/Third_Party/FreeRTOS/Source/tasks.c **** 
 753:Middlewares/Third_Party/FreeRTOS/Source/tasks.c **** 			if( pxNewTCB != NULL )
 754:Middlewares/Third_Party/FreeRTOS/Source/tasks.c **** 			{
 755:Middlewares/Third_Party/FreeRTOS/Source/tasks.c **** 				/* Allocate space for the stack used by the task being created.
 756:Middlewares/Third_Party/FreeRTOS/Source/tasks.c **** 				The base of the stack memory stored in the TCB so the task can
 757:Middlewares/Third_Party/FreeRTOS/Source/tasks.c **** 				be deleted later if required. */
 758:Middlewares/Third_Party/FreeRTOS/Source/tasks.c **** 				pxNewTCB->pxStack = ( StackType_t * ) pvPortMalloc( ( ( ( size_t ) usStackDepth ) * sizeof( Sta
 759:Middlewares/Third_Party/FreeRTOS/Source/tasks.c **** 
 760:Middlewares/Third_Party/FreeRTOS/Source/tasks.c **** 				if( pxNewTCB->pxStack == NULL )
 761:Middlewares/Third_Party/FreeRTOS/Source/tasks.c **** 				{
 762:Middlewares/Third_Party/FreeRTOS/Source/tasks.c **** 					/* Could not allocate the stack.  Delete the allocated TCB. */
 763:Middlewares/Third_Party/FreeRTOS/Source/tasks.c **** 					vPortFree( pxNewTCB );
 764:Middlewares/Third_Party/FreeRTOS/Source/tasks.c **** 					pxNewTCB = NULL;
 765:Middlewares/Third_Party/FreeRTOS/Source/tasks.c **** 				}
 766:Middlewares/Third_Party/FreeRTOS/Source/tasks.c **** 			}
 767:Middlewares/Third_Party/FreeRTOS/Source/tasks.c **** 		}
 768:Middlewares/Third_Party/FreeRTOS/Source/tasks.c **** 		#else /* portSTACK_GROWTH */
 769:Middlewares/Third_Party/FreeRTOS/Source/tasks.c **** 		{
 770:Middlewares/Third_Party/FreeRTOS/Source/tasks.c **** 		StackType_t *pxStack;
 771:Middlewares/Third_Party/FreeRTOS/Source/tasks.c **** 
 772:Middlewares/Third_Party/FreeRTOS/Source/tasks.c **** 			/* Allocate space for the stack used by the task being created. */
 773:Middlewares/Third_Party/FreeRTOS/Source/tasks.c **** 			pxStack = pvPortMalloc( ( ( ( size_t ) usStackDepth ) * sizeof( StackType_t ) ) ); /*lint !e9079
ARM GAS  /tmp/ccV8B7BA.s 			page 15


 774:Middlewares/Third_Party/FreeRTOS/Source/tasks.c **** 
 775:Middlewares/Third_Party/FreeRTOS/Source/tasks.c **** 			if( pxStack != NULL )
 776:Middlewares/Third_Party/FreeRTOS/Source/tasks.c **** 			{
 777:Middlewares/Third_Party/FreeRTOS/Source/tasks.c **** 				/* Allocate space for the TCB. */
 778:Middlewares/Third_Party/FreeRTOS/Source/tasks.c **** 				pxNewTCB = ( TCB_t * ) pvPortMalloc( sizeof( TCB_t ) ); /*lint !e9087 !e9079 All values returne
 779:Middlewares/Third_Party/FreeRTOS/Source/tasks.c **** 
 780:Middlewares/Third_Party/FreeRTOS/Source/tasks.c **** 				if( pxNewTCB != NULL )
 781:Middlewares/Third_Party/FreeRTOS/Source/tasks.c **** 				{
 782:Middlewares/Third_Party/FreeRTOS/Source/tasks.c **** 					/* Store the stack location in the TCB. */
 783:Middlewares/Third_Party/FreeRTOS/Source/tasks.c **** 					pxNewTCB->pxStack = pxStack;
 784:Middlewares/Third_Party/FreeRTOS/Source/tasks.c **** 				}
 785:Middlewares/Third_Party/FreeRTOS/Source/tasks.c **** 				else
 786:Middlewares/Third_Party/FreeRTOS/Source/tasks.c **** 				{
 787:Middlewares/Third_Party/FreeRTOS/Source/tasks.c **** 					/* The stack cannot be used as the TCB was not created.  Free
 788:Middlewares/Third_Party/FreeRTOS/Source/tasks.c **** 					it again. */
 789:Middlewares/Third_Party/FreeRTOS/Source/tasks.c **** 					vPortFree( pxStack );
 790:Middlewares/Third_Party/FreeRTOS/Source/tasks.c **** 				}
 791:Middlewares/Third_Party/FreeRTOS/Source/tasks.c **** 			}
 792:Middlewares/Third_Party/FreeRTOS/Source/tasks.c **** 			else
 793:Middlewares/Third_Party/FreeRTOS/Source/tasks.c **** 			{
 794:Middlewares/Third_Party/FreeRTOS/Source/tasks.c **** 				pxNewTCB = NULL;
 795:Middlewares/Third_Party/FreeRTOS/Source/tasks.c **** 			}
 796:Middlewares/Third_Party/FreeRTOS/Source/tasks.c **** 		}
 797:Middlewares/Third_Party/FreeRTOS/Source/tasks.c **** 		#endif /* portSTACK_GROWTH */
 798:Middlewares/Third_Party/FreeRTOS/Source/tasks.c **** 
 799:Middlewares/Third_Party/FreeRTOS/Source/tasks.c **** 		if( pxNewTCB != NULL )
 800:Middlewares/Third_Party/FreeRTOS/Source/tasks.c **** 		{
 801:Middlewares/Third_Party/FreeRTOS/Source/tasks.c **** 			#if( tskSTATIC_AND_DYNAMIC_ALLOCATION_POSSIBLE != 0 ) /*lint !e9029 !e731 Macro has been consoli
 802:Middlewares/Third_Party/FreeRTOS/Source/tasks.c **** 			{
 803:Middlewares/Third_Party/FreeRTOS/Source/tasks.c **** 				/* Tasks can be created statically or dynamically, so note this
 804:Middlewares/Third_Party/FreeRTOS/Source/tasks.c **** 				task was created dynamically in case it is later deleted. */
 805:Middlewares/Third_Party/FreeRTOS/Source/tasks.c **** 				pxNewTCB->ucStaticallyAllocated = tskDYNAMICALLY_ALLOCATED_STACK_AND_TCB;
 806:Middlewares/Third_Party/FreeRTOS/Source/tasks.c **** 			}
 807:Middlewares/Third_Party/FreeRTOS/Source/tasks.c **** 			#endif /* tskSTATIC_AND_DYNAMIC_ALLOCATION_POSSIBLE */
 808:Middlewares/Third_Party/FreeRTOS/Source/tasks.c **** 
 809:Middlewares/Third_Party/FreeRTOS/Source/tasks.c **** 			prvInitialiseNewTask( pxTaskCode, pcName, ( uint32_t ) usStackDepth, pvParameters, uxPriority, p
 810:Middlewares/Third_Party/FreeRTOS/Source/tasks.c **** 			prvAddNewTaskToReadyList( pxNewTCB );
 811:Middlewares/Third_Party/FreeRTOS/Source/tasks.c **** 			xReturn = pdPASS;
 812:Middlewares/Third_Party/FreeRTOS/Source/tasks.c **** 		}
 813:Middlewares/Third_Party/FreeRTOS/Source/tasks.c **** 		else
 814:Middlewares/Third_Party/FreeRTOS/Source/tasks.c **** 		{
 815:Middlewares/Third_Party/FreeRTOS/Source/tasks.c **** 			xReturn = errCOULD_NOT_ALLOCATE_REQUIRED_MEMORY;
 816:Middlewares/Third_Party/FreeRTOS/Source/tasks.c **** 		}
 817:Middlewares/Third_Party/FreeRTOS/Source/tasks.c **** 
 818:Middlewares/Third_Party/FreeRTOS/Source/tasks.c **** 		return xReturn;
 819:Middlewares/Third_Party/FreeRTOS/Source/tasks.c **** 	}
 820:Middlewares/Third_Party/FreeRTOS/Source/tasks.c **** 
 821:Middlewares/Third_Party/FreeRTOS/Source/tasks.c **** #endif /* configSUPPORT_DYNAMIC_ALLOCATION */
 822:Middlewares/Third_Party/FreeRTOS/Source/tasks.c **** /*-----------------------------------------------------------*/
 823:Middlewares/Third_Party/FreeRTOS/Source/tasks.c **** 
 824:Middlewares/Third_Party/FreeRTOS/Source/tasks.c **** static void prvInitialiseNewTask( 	TaskFunction_t pxTaskCode,
 825:Middlewares/Third_Party/FreeRTOS/Source/tasks.c **** 									const char * const pcName,		/*lint !e971 Unqualified char types are allowed for strings an
 826:Middlewares/Third_Party/FreeRTOS/Source/tasks.c **** 									const uint32_t ulStackDepth,
 827:Middlewares/Third_Party/FreeRTOS/Source/tasks.c **** 									void * const pvParameters,
 828:Middlewares/Third_Party/FreeRTOS/Source/tasks.c **** 									UBaseType_t uxPriority,
 829:Middlewares/Third_Party/FreeRTOS/Source/tasks.c **** 									TaskHandle_t * const pxCreatedTask,
 830:Middlewares/Third_Party/FreeRTOS/Source/tasks.c **** 									TCB_t *pxNewTCB,
ARM GAS  /tmp/ccV8B7BA.s 			page 16


 831:Middlewares/Third_Party/FreeRTOS/Source/tasks.c **** 									const MemoryRegion_t * const xRegions )
 832:Middlewares/Third_Party/FreeRTOS/Source/tasks.c **** {
 833:Middlewares/Third_Party/FreeRTOS/Source/tasks.c **** StackType_t *pxTopOfStack;
 834:Middlewares/Third_Party/FreeRTOS/Source/tasks.c **** UBaseType_t x;
 835:Middlewares/Third_Party/FreeRTOS/Source/tasks.c **** 
 836:Middlewares/Third_Party/FreeRTOS/Source/tasks.c **** 	#if( portUSING_MPU_WRAPPERS == 1 )
 837:Middlewares/Third_Party/FreeRTOS/Source/tasks.c **** 		/* Should the task be created in privileged mode? */
 838:Middlewares/Third_Party/FreeRTOS/Source/tasks.c **** 		BaseType_t xRunPrivileged;
 839:Middlewares/Third_Party/FreeRTOS/Source/tasks.c **** 		if( ( uxPriority & portPRIVILEGE_BIT ) != 0U )
 840:Middlewares/Third_Party/FreeRTOS/Source/tasks.c **** 		{
 841:Middlewares/Third_Party/FreeRTOS/Source/tasks.c **** 			xRunPrivileged = pdTRUE;
 842:Middlewares/Third_Party/FreeRTOS/Source/tasks.c **** 		}
 843:Middlewares/Third_Party/FreeRTOS/Source/tasks.c **** 		else
 844:Middlewares/Third_Party/FreeRTOS/Source/tasks.c **** 		{
 845:Middlewares/Third_Party/FreeRTOS/Source/tasks.c **** 			xRunPrivileged = pdFALSE;
 846:Middlewares/Third_Party/FreeRTOS/Source/tasks.c **** 		}
 847:Middlewares/Third_Party/FreeRTOS/Source/tasks.c **** 		uxPriority &= ~portPRIVILEGE_BIT;
 848:Middlewares/Third_Party/FreeRTOS/Source/tasks.c **** 	#endif /* portUSING_MPU_WRAPPERS == 1 */
 849:Middlewares/Third_Party/FreeRTOS/Source/tasks.c **** 
 850:Middlewares/Third_Party/FreeRTOS/Source/tasks.c **** 	/* Avoid dependency on memset() if it is not required. */
 851:Middlewares/Third_Party/FreeRTOS/Source/tasks.c **** 	#if( tskSET_NEW_STACKS_TO_KNOWN_VALUE == 1 )
 852:Middlewares/Third_Party/FreeRTOS/Source/tasks.c **** 	{
 853:Middlewares/Third_Party/FreeRTOS/Source/tasks.c **** 		/* Fill the stack with a known value to assist debugging. */
 854:Middlewares/Third_Party/FreeRTOS/Source/tasks.c **** 		( void ) memset( pxNewTCB->pxStack, ( int ) tskSTACK_FILL_BYTE, ( size_t ) ulStackDepth * sizeof(
 855:Middlewares/Third_Party/FreeRTOS/Source/tasks.c **** 	}
 856:Middlewares/Third_Party/FreeRTOS/Source/tasks.c **** 	#endif /* tskSET_NEW_STACKS_TO_KNOWN_VALUE */
 857:Middlewares/Third_Party/FreeRTOS/Source/tasks.c **** 
 858:Middlewares/Third_Party/FreeRTOS/Source/tasks.c **** 	/* Calculate the top of stack address.  This depends on whether the stack
 859:Middlewares/Third_Party/FreeRTOS/Source/tasks.c **** 	grows from high memory to low (as per the 80x86) or vice versa.
 860:Middlewares/Third_Party/FreeRTOS/Source/tasks.c **** 	portSTACK_GROWTH is used to make the result positive or negative as required
 861:Middlewares/Third_Party/FreeRTOS/Source/tasks.c **** 	by the port. */
 862:Middlewares/Third_Party/FreeRTOS/Source/tasks.c **** 	#if( portSTACK_GROWTH < 0 )
 863:Middlewares/Third_Party/FreeRTOS/Source/tasks.c **** 	{
 864:Middlewares/Third_Party/FreeRTOS/Source/tasks.c **** 		pxTopOfStack = &( pxNewTCB->pxStack[ ulStackDepth - ( uint32_t ) 1 ] );
 865:Middlewares/Third_Party/FreeRTOS/Source/tasks.c **** 		pxTopOfStack = ( StackType_t * ) ( ( ( portPOINTER_SIZE_TYPE ) pxTopOfStack ) & ( ~( ( portPOINTE
 866:Middlewares/Third_Party/FreeRTOS/Source/tasks.c **** 
 867:Middlewares/Third_Party/FreeRTOS/Source/tasks.c **** 		/* Check the alignment of the calculated top of stack is correct. */
 868:Middlewares/Third_Party/FreeRTOS/Source/tasks.c **** 		configASSERT( ( ( ( portPOINTER_SIZE_TYPE ) pxTopOfStack & ( portPOINTER_SIZE_TYPE ) portBYTE_ALI
 869:Middlewares/Third_Party/FreeRTOS/Source/tasks.c **** 
 870:Middlewares/Third_Party/FreeRTOS/Source/tasks.c **** 		#if( configRECORD_STACK_HIGH_ADDRESS == 1 )
 871:Middlewares/Third_Party/FreeRTOS/Source/tasks.c **** 		{
 872:Middlewares/Third_Party/FreeRTOS/Source/tasks.c **** 			/* Also record the stack's high address, which may assist
 873:Middlewares/Third_Party/FreeRTOS/Source/tasks.c **** 			debugging. */
 874:Middlewares/Third_Party/FreeRTOS/Source/tasks.c **** 			pxNewTCB->pxEndOfStack = pxTopOfStack;
 875:Middlewares/Third_Party/FreeRTOS/Source/tasks.c **** 		}
 876:Middlewares/Third_Party/FreeRTOS/Source/tasks.c **** 		#endif /* configRECORD_STACK_HIGH_ADDRESS */
 877:Middlewares/Third_Party/FreeRTOS/Source/tasks.c **** 	}
 878:Middlewares/Third_Party/FreeRTOS/Source/tasks.c **** 	#else /* portSTACK_GROWTH */
 879:Middlewares/Third_Party/FreeRTOS/Source/tasks.c **** 	{
 880:Middlewares/Third_Party/FreeRTOS/Source/tasks.c **** 		pxTopOfStack = pxNewTCB->pxStack;
 881:Middlewares/Third_Party/FreeRTOS/Source/tasks.c **** 
 882:Middlewares/Third_Party/FreeRTOS/Source/tasks.c **** 		/* Check the alignment of the stack buffer is correct. */
 883:Middlewares/Third_Party/FreeRTOS/Source/tasks.c **** 		configASSERT( ( ( ( portPOINTER_SIZE_TYPE ) pxNewTCB->pxStack & ( portPOINTER_SIZE_TYPE ) portBYT
 884:Middlewares/Third_Party/FreeRTOS/Source/tasks.c **** 
 885:Middlewares/Third_Party/FreeRTOS/Source/tasks.c **** 		/* The other extreme of the stack space is required if stack checking is
 886:Middlewares/Third_Party/FreeRTOS/Source/tasks.c **** 		performed. */
 887:Middlewares/Third_Party/FreeRTOS/Source/tasks.c **** 		pxNewTCB->pxEndOfStack = pxNewTCB->pxStack + ( ulStackDepth - ( uint32_t ) 1 );
ARM GAS  /tmp/ccV8B7BA.s 			page 17


 888:Middlewares/Third_Party/FreeRTOS/Source/tasks.c **** 	}
 889:Middlewares/Third_Party/FreeRTOS/Source/tasks.c **** 	#endif /* portSTACK_GROWTH */
 890:Middlewares/Third_Party/FreeRTOS/Source/tasks.c **** 
 891:Middlewares/Third_Party/FreeRTOS/Source/tasks.c **** 	/* Store the task name in the TCB. */
 892:Middlewares/Third_Party/FreeRTOS/Source/tasks.c **** 	if( pcName != NULL )
 893:Middlewares/Third_Party/FreeRTOS/Source/tasks.c **** 	{
 894:Middlewares/Third_Party/FreeRTOS/Source/tasks.c **** 		for( x = ( UBaseType_t ) 0; x < ( UBaseType_t ) configMAX_TASK_NAME_LEN; x++ )
 895:Middlewares/Third_Party/FreeRTOS/Source/tasks.c **** 		{
 896:Middlewares/Third_Party/FreeRTOS/Source/tasks.c **** 			pxNewTCB->pcTaskName[ x ] = pcName[ x ];
 897:Middlewares/Third_Party/FreeRTOS/Source/tasks.c **** 
 898:Middlewares/Third_Party/FreeRTOS/Source/tasks.c **** 			/* Don't copy all configMAX_TASK_NAME_LEN if the string is shorter than
 899:Middlewares/Third_Party/FreeRTOS/Source/tasks.c **** 			configMAX_TASK_NAME_LEN characters just in case the memory after the
 900:Middlewares/Third_Party/FreeRTOS/Source/tasks.c **** 			string is not accessible (extremely unlikely). */
 901:Middlewares/Third_Party/FreeRTOS/Source/tasks.c **** 			if( pcName[ x ] == ( char ) 0x00 )
 902:Middlewares/Third_Party/FreeRTOS/Source/tasks.c **** 			{
 903:Middlewares/Third_Party/FreeRTOS/Source/tasks.c **** 				break;
 904:Middlewares/Third_Party/FreeRTOS/Source/tasks.c **** 			}
 905:Middlewares/Third_Party/FreeRTOS/Source/tasks.c **** 			else
 906:Middlewares/Third_Party/FreeRTOS/Source/tasks.c **** 			{
 907:Middlewares/Third_Party/FreeRTOS/Source/tasks.c **** 				mtCOVERAGE_TEST_MARKER();
 908:Middlewares/Third_Party/FreeRTOS/Source/tasks.c **** 			}
 909:Middlewares/Third_Party/FreeRTOS/Source/tasks.c **** 		}
 910:Middlewares/Third_Party/FreeRTOS/Source/tasks.c **** 
 911:Middlewares/Third_Party/FreeRTOS/Source/tasks.c **** 		/* Ensure the name string is terminated in the case that the string length
 912:Middlewares/Third_Party/FreeRTOS/Source/tasks.c **** 		was greater or equal to configMAX_TASK_NAME_LEN. */
 913:Middlewares/Third_Party/FreeRTOS/Source/tasks.c **** 		pxNewTCB->pcTaskName[ configMAX_TASK_NAME_LEN - 1 ] = '\0';
 914:Middlewares/Third_Party/FreeRTOS/Source/tasks.c **** 	}
 915:Middlewares/Third_Party/FreeRTOS/Source/tasks.c **** 	else
 916:Middlewares/Third_Party/FreeRTOS/Source/tasks.c **** 	{
 917:Middlewares/Third_Party/FreeRTOS/Source/tasks.c **** 		/* The task has not been given a name, so just ensure there is a NULL
 918:Middlewares/Third_Party/FreeRTOS/Source/tasks.c **** 		terminator when it is read out. */
 919:Middlewares/Third_Party/FreeRTOS/Source/tasks.c **** 		pxNewTCB->pcTaskName[ 0 ] = 0x00;
 920:Middlewares/Third_Party/FreeRTOS/Source/tasks.c **** 	}
 921:Middlewares/Third_Party/FreeRTOS/Source/tasks.c **** 
 922:Middlewares/Third_Party/FreeRTOS/Source/tasks.c **** 	/* This is used as an array index so must ensure it's not too large.  First
 923:Middlewares/Third_Party/FreeRTOS/Source/tasks.c **** 	remove the privilege bit if one is present. */
 924:Middlewares/Third_Party/FreeRTOS/Source/tasks.c **** 	if( uxPriority >= ( UBaseType_t ) configMAX_PRIORITIES )
 925:Middlewares/Third_Party/FreeRTOS/Source/tasks.c **** 	{
 926:Middlewares/Third_Party/FreeRTOS/Source/tasks.c **** 		uxPriority = ( UBaseType_t ) configMAX_PRIORITIES - ( UBaseType_t ) 1U;
 927:Middlewares/Third_Party/FreeRTOS/Source/tasks.c **** 	}
 928:Middlewares/Third_Party/FreeRTOS/Source/tasks.c **** 	else
 929:Middlewares/Third_Party/FreeRTOS/Source/tasks.c **** 	{
 930:Middlewares/Third_Party/FreeRTOS/Source/tasks.c **** 		mtCOVERAGE_TEST_MARKER();
 931:Middlewares/Third_Party/FreeRTOS/Source/tasks.c **** 	}
 932:Middlewares/Third_Party/FreeRTOS/Source/tasks.c **** 
 933:Middlewares/Third_Party/FreeRTOS/Source/tasks.c **** 	pxNewTCB->uxPriority = uxPriority;
 934:Middlewares/Third_Party/FreeRTOS/Source/tasks.c **** 	#if ( configUSE_MUTEXES == 1 )
 935:Middlewares/Third_Party/FreeRTOS/Source/tasks.c **** 	{
 936:Middlewares/Third_Party/FreeRTOS/Source/tasks.c **** 		pxNewTCB->uxBasePriority = uxPriority;
 937:Middlewares/Third_Party/FreeRTOS/Source/tasks.c **** 		pxNewTCB->uxMutexesHeld = 0;
 938:Middlewares/Third_Party/FreeRTOS/Source/tasks.c **** 	}
 939:Middlewares/Third_Party/FreeRTOS/Source/tasks.c **** 	#endif /* configUSE_MUTEXES */
 940:Middlewares/Third_Party/FreeRTOS/Source/tasks.c **** 
 941:Middlewares/Third_Party/FreeRTOS/Source/tasks.c **** 	vListInitialiseItem( &( pxNewTCB->xStateListItem ) );
 942:Middlewares/Third_Party/FreeRTOS/Source/tasks.c **** 	vListInitialiseItem( &( pxNewTCB->xEventListItem ) );
 943:Middlewares/Third_Party/FreeRTOS/Source/tasks.c **** 
 944:Middlewares/Third_Party/FreeRTOS/Source/tasks.c **** 	/* Set the pxNewTCB as a link back from the ListItem_t.  This is so we can get
ARM GAS  /tmp/ccV8B7BA.s 			page 18


 945:Middlewares/Third_Party/FreeRTOS/Source/tasks.c **** 	back to	the containing TCB from a generic item in a list. */
 946:Middlewares/Third_Party/FreeRTOS/Source/tasks.c **** 	listSET_LIST_ITEM_OWNER( &( pxNewTCB->xStateListItem ), pxNewTCB );
 947:Middlewares/Third_Party/FreeRTOS/Source/tasks.c **** 
 948:Middlewares/Third_Party/FreeRTOS/Source/tasks.c **** 	/* Event lists are always in priority order. */
 949:Middlewares/Third_Party/FreeRTOS/Source/tasks.c **** 	listSET_LIST_ITEM_VALUE( &( pxNewTCB->xEventListItem ), ( TickType_t ) configMAX_PRIORITIES - ( Ti
 950:Middlewares/Third_Party/FreeRTOS/Source/tasks.c **** 	listSET_LIST_ITEM_OWNER( &( pxNewTCB->xEventListItem ), pxNewTCB );
 951:Middlewares/Third_Party/FreeRTOS/Source/tasks.c **** 
 952:Middlewares/Third_Party/FreeRTOS/Source/tasks.c **** 	#if ( portCRITICAL_NESTING_IN_TCB == 1 )
 953:Middlewares/Third_Party/FreeRTOS/Source/tasks.c **** 	{
 954:Middlewares/Third_Party/FreeRTOS/Source/tasks.c **** 		pxNewTCB->uxCriticalNesting = ( UBaseType_t ) 0U;
 955:Middlewares/Third_Party/FreeRTOS/Source/tasks.c **** 	}
 956:Middlewares/Third_Party/FreeRTOS/Source/tasks.c **** 	#endif /* portCRITICAL_NESTING_IN_TCB */
 957:Middlewares/Third_Party/FreeRTOS/Source/tasks.c **** 
 958:Middlewares/Third_Party/FreeRTOS/Source/tasks.c **** 	#if ( configUSE_APPLICATION_TASK_TAG == 1 )
 959:Middlewares/Third_Party/FreeRTOS/Source/tasks.c **** 	{
 960:Middlewares/Third_Party/FreeRTOS/Source/tasks.c **** 		pxNewTCB->pxTaskTag = NULL;
 961:Middlewares/Third_Party/FreeRTOS/Source/tasks.c **** 	}
 962:Middlewares/Third_Party/FreeRTOS/Source/tasks.c **** 	#endif /* configUSE_APPLICATION_TASK_TAG */
 963:Middlewares/Third_Party/FreeRTOS/Source/tasks.c **** 
 964:Middlewares/Third_Party/FreeRTOS/Source/tasks.c **** 	#if ( configGENERATE_RUN_TIME_STATS == 1 )
 965:Middlewares/Third_Party/FreeRTOS/Source/tasks.c **** 	{
 966:Middlewares/Third_Party/FreeRTOS/Source/tasks.c **** 		pxNewTCB->ulRunTimeCounter = 0UL;
 967:Middlewares/Third_Party/FreeRTOS/Source/tasks.c **** 	}
 968:Middlewares/Third_Party/FreeRTOS/Source/tasks.c **** 	#endif /* configGENERATE_RUN_TIME_STATS */
 969:Middlewares/Third_Party/FreeRTOS/Source/tasks.c **** 
 970:Middlewares/Third_Party/FreeRTOS/Source/tasks.c **** 	#if ( portUSING_MPU_WRAPPERS == 1 )
 971:Middlewares/Third_Party/FreeRTOS/Source/tasks.c **** 	{
 972:Middlewares/Third_Party/FreeRTOS/Source/tasks.c **** 		vPortStoreTaskMPUSettings( &( pxNewTCB->xMPUSettings ), xRegions, pxNewTCB->pxStack, ulStackDepth
 973:Middlewares/Third_Party/FreeRTOS/Source/tasks.c **** 	}
 974:Middlewares/Third_Party/FreeRTOS/Source/tasks.c **** 	#else
 975:Middlewares/Third_Party/FreeRTOS/Source/tasks.c **** 	{
 976:Middlewares/Third_Party/FreeRTOS/Source/tasks.c **** 		/* Avoid compiler warning about unreferenced parameter. */
 977:Middlewares/Third_Party/FreeRTOS/Source/tasks.c **** 		( void ) xRegions;
 978:Middlewares/Third_Party/FreeRTOS/Source/tasks.c **** 	}
 979:Middlewares/Third_Party/FreeRTOS/Source/tasks.c **** 	#endif
 980:Middlewares/Third_Party/FreeRTOS/Source/tasks.c **** 
 981:Middlewares/Third_Party/FreeRTOS/Source/tasks.c **** 	#if( configNUM_THREAD_LOCAL_STORAGE_POINTERS != 0 )
 982:Middlewares/Third_Party/FreeRTOS/Source/tasks.c **** 	{
 983:Middlewares/Third_Party/FreeRTOS/Source/tasks.c **** 		for( x = 0; x < ( UBaseType_t ) configNUM_THREAD_LOCAL_STORAGE_POINTERS; x++ )
 984:Middlewares/Third_Party/FreeRTOS/Source/tasks.c **** 		{
 985:Middlewares/Third_Party/FreeRTOS/Source/tasks.c **** 			pxNewTCB->pvThreadLocalStoragePointers[ x ] = NULL;
 986:Middlewares/Third_Party/FreeRTOS/Source/tasks.c **** 		}
 987:Middlewares/Third_Party/FreeRTOS/Source/tasks.c **** 	}
 988:Middlewares/Third_Party/FreeRTOS/Source/tasks.c **** 	#endif
 989:Middlewares/Third_Party/FreeRTOS/Source/tasks.c **** 
 990:Middlewares/Third_Party/FreeRTOS/Source/tasks.c **** 	#if ( configUSE_TASK_NOTIFICATIONS == 1 )
 991:Middlewares/Third_Party/FreeRTOS/Source/tasks.c **** 	{
 992:Middlewares/Third_Party/FreeRTOS/Source/tasks.c **** 		pxNewTCB->ulNotifiedValue = 0;
 993:Middlewares/Third_Party/FreeRTOS/Source/tasks.c **** 		pxNewTCB->ucNotifyState = taskNOT_WAITING_NOTIFICATION;
 994:Middlewares/Third_Party/FreeRTOS/Source/tasks.c **** 	}
 995:Middlewares/Third_Party/FreeRTOS/Source/tasks.c **** 	#endif
 996:Middlewares/Third_Party/FreeRTOS/Source/tasks.c **** 
 997:Middlewares/Third_Party/FreeRTOS/Source/tasks.c **** 	#if ( configUSE_NEWLIB_REENTRANT == 1 )
 998:Middlewares/Third_Party/FreeRTOS/Source/tasks.c **** 	{
 999:Middlewares/Third_Party/FreeRTOS/Source/tasks.c **** 		/* Initialise this task's Newlib reent structure.
1000:Middlewares/Third_Party/FreeRTOS/Source/tasks.c **** 		See the third party link http://www.nadler.com/embedded/newlibAndFreeRTOS.html
1001:Middlewares/Third_Party/FreeRTOS/Source/tasks.c **** 		for additional information. */
ARM GAS  /tmp/ccV8B7BA.s 			page 19


1002:Middlewares/Third_Party/FreeRTOS/Source/tasks.c **** 		_REENT_INIT_PTR( ( &( pxNewTCB->xNewLib_reent ) ) );
1003:Middlewares/Third_Party/FreeRTOS/Source/tasks.c **** 	}
1004:Middlewares/Third_Party/FreeRTOS/Source/tasks.c **** 	#endif
1005:Middlewares/Third_Party/FreeRTOS/Source/tasks.c **** 
1006:Middlewares/Third_Party/FreeRTOS/Source/tasks.c **** 	#if( INCLUDE_xTaskAbortDelay == 1 )
1007:Middlewares/Third_Party/FreeRTOS/Source/tasks.c **** 	{
1008:Middlewares/Third_Party/FreeRTOS/Source/tasks.c **** 		pxNewTCB->ucDelayAborted = pdFALSE;
1009:Middlewares/Third_Party/FreeRTOS/Source/tasks.c **** 	}
1010:Middlewares/Third_Party/FreeRTOS/Source/tasks.c **** 	#endif
1011:Middlewares/Third_Party/FreeRTOS/Source/tasks.c **** 
1012:Middlewares/Third_Party/FreeRTOS/Source/tasks.c **** 	/* Initialize the TCB stack to look as if the task was already running,
1013:Middlewares/Third_Party/FreeRTOS/Source/tasks.c **** 	but had been interrupted by the scheduler.  The return address is set
1014:Middlewares/Third_Party/FreeRTOS/Source/tasks.c **** 	to the start of the task function. Once the stack has been initialised
1015:Middlewares/Third_Party/FreeRTOS/Source/tasks.c **** 	the top of stack variable is updated. */
1016:Middlewares/Third_Party/FreeRTOS/Source/tasks.c **** 	#if( portUSING_MPU_WRAPPERS == 1 )
1017:Middlewares/Third_Party/FreeRTOS/Source/tasks.c **** 	{
1018:Middlewares/Third_Party/FreeRTOS/Source/tasks.c **** 		/* If the port has capability to detect stack overflow,
1019:Middlewares/Third_Party/FreeRTOS/Source/tasks.c **** 		pass the stack end address to the stack initialization
1020:Middlewares/Third_Party/FreeRTOS/Source/tasks.c **** 		function as well. */
1021:Middlewares/Third_Party/FreeRTOS/Source/tasks.c **** 		#if( portHAS_STACK_OVERFLOW_CHECKING == 1 )
1022:Middlewares/Third_Party/FreeRTOS/Source/tasks.c **** 		{
1023:Middlewares/Third_Party/FreeRTOS/Source/tasks.c **** 			#if( portSTACK_GROWTH < 0 )
1024:Middlewares/Third_Party/FreeRTOS/Source/tasks.c **** 			{
1025:Middlewares/Third_Party/FreeRTOS/Source/tasks.c **** 				pxNewTCB->pxTopOfStack = pxPortInitialiseStack( pxTopOfStack, pxNewTCB->pxStack, pxTaskCode, pv
1026:Middlewares/Third_Party/FreeRTOS/Source/tasks.c **** 			}
1027:Middlewares/Third_Party/FreeRTOS/Source/tasks.c **** 			#else /* portSTACK_GROWTH */
1028:Middlewares/Third_Party/FreeRTOS/Source/tasks.c **** 			{
1029:Middlewares/Third_Party/FreeRTOS/Source/tasks.c **** 				pxNewTCB->pxTopOfStack = pxPortInitialiseStack( pxTopOfStack, pxNewTCB->pxEndOfStack, pxTaskCod
1030:Middlewares/Third_Party/FreeRTOS/Source/tasks.c **** 			}
1031:Middlewares/Third_Party/FreeRTOS/Source/tasks.c **** 			#endif /* portSTACK_GROWTH */
1032:Middlewares/Third_Party/FreeRTOS/Source/tasks.c **** 		}
1033:Middlewares/Third_Party/FreeRTOS/Source/tasks.c **** 		#else /* portHAS_STACK_OVERFLOW_CHECKING */
1034:Middlewares/Third_Party/FreeRTOS/Source/tasks.c **** 		{
1035:Middlewares/Third_Party/FreeRTOS/Source/tasks.c **** 			pxNewTCB->pxTopOfStack = pxPortInitialiseStack( pxTopOfStack, pxTaskCode, pvParameters, xRunPriv
1036:Middlewares/Third_Party/FreeRTOS/Source/tasks.c **** 		}
1037:Middlewares/Third_Party/FreeRTOS/Source/tasks.c **** 		#endif /* portHAS_STACK_OVERFLOW_CHECKING */
1038:Middlewares/Third_Party/FreeRTOS/Source/tasks.c **** 	}
1039:Middlewares/Third_Party/FreeRTOS/Source/tasks.c **** 	#else /* portUSING_MPU_WRAPPERS */
1040:Middlewares/Third_Party/FreeRTOS/Source/tasks.c **** 	{
1041:Middlewares/Third_Party/FreeRTOS/Source/tasks.c **** 		/* If the port has capability to detect stack overflow,
1042:Middlewares/Third_Party/FreeRTOS/Source/tasks.c **** 		pass the stack end address to the stack initialization
1043:Middlewares/Third_Party/FreeRTOS/Source/tasks.c **** 		function as well. */
1044:Middlewares/Third_Party/FreeRTOS/Source/tasks.c **** 		#if( portHAS_STACK_OVERFLOW_CHECKING == 1 )
1045:Middlewares/Third_Party/FreeRTOS/Source/tasks.c **** 		{
1046:Middlewares/Third_Party/FreeRTOS/Source/tasks.c **** 			#if( portSTACK_GROWTH < 0 )
1047:Middlewares/Third_Party/FreeRTOS/Source/tasks.c **** 			{
1048:Middlewares/Third_Party/FreeRTOS/Source/tasks.c **** 				pxNewTCB->pxTopOfStack = pxPortInitialiseStack( pxTopOfStack, pxNewTCB->pxStack, pxTaskCode, pv
1049:Middlewares/Third_Party/FreeRTOS/Source/tasks.c **** 			}
1050:Middlewares/Third_Party/FreeRTOS/Source/tasks.c **** 			#else /* portSTACK_GROWTH */
1051:Middlewares/Third_Party/FreeRTOS/Source/tasks.c **** 			{
1052:Middlewares/Third_Party/FreeRTOS/Source/tasks.c **** 				pxNewTCB->pxTopOfStack = pxPortInitialiseStack( pxTopOfStack, pxNewTCB->pxEndOfStack, pxTaskCod
1053:Middlewares/Third_Party/FreeRTOS/Source/tasks.c **** 			}
1054:Middlewares/Third_Party/FreeRTOS/Source/tasks.c **** 			#endif /* portSTACK_GROWTH */
1055:Middlewares/Third_Party/FreeRTOS/Source/tasks.c **** 		}
1056:Middlewares/Third_Party/FreeRTOS/Source/tasks.c **** 		#else /* portHAS_STACK_OVERFLOW_CHECKING */
1057:Middlewares/Third_Party/FreeRTOS/Source/tasks.c **** 		{
1058:Middlewares/Third_Party/FreeRTOS/Source/tasks.c **** 			pxNewTCB->pxTopOfStack = pxPortInitialiseStack( pxTopOfStack, pxTaskCode, pvParameters );
ARM GAS  /tmp/ccV8B7BA.s 			page 20


1059:Middlewares/Third_Party/FreeRTOS/Source/tasks.c **** 		}
1060:Middlewares/Third_Party/FreeRTOS/Source/tasks.c **** 		#endif /* portHAS_STACK_OVERFLOW_CHECKING */
1061:Middlewares/Third_Party/FreeRTOS/Source/tasks.c **** 	}
1062:Middlewares/Third_Party/FreeRTOS/Source/tasks.c **** 	#endif /* portUSING_MPU_WRAPPERS */
1063:Middlewares/Third_Party/FreeRTOS/Source/tasks.c **** 
1064:Middlewares/Third_Party/FreeRTOS/Source/tasks.c **** 	if( pxCreatedTask != NULL )
1065:Middlewares/Third_Party/FreeRTOS/Source/tasks.c **** 	{
1066:Middlewares/Third_Party/FreeRTOS/Source/tasks.c **** 		/* Pass the handle out in an anonymous way.  The handle can be used to
1067:Middlewares/Third_Party/FreeRTOS/Source/tasks.c **** 		change the created task's priority, delete the created task, etc.*/
1068:Middlewares/Third_Party/FreeRTOS/Source/tasks.c **** 		*pxCreatedTask = ( TaskHandle_t ) pxNewTCB;
1069:Middlewares/Third_Party/FreeRTOS/Source/tasks.c **** 	}
1070:Middlewares/Third_Party/FreeRTOS/Source/tasks.c **** 	else
1071:Middlewares/Third_Party/FreeRTOS/Source/tasks.c **** 	{
1072:Middlewares/Third_Party/FreeRTOS/Source/tasks.c **** 		mtCOVERAGE_TEST_MARKER();
1073:Middlewares/Third_Party/FreeRTOS/Source/tasks.c **** 	}
1074:Middlewares/Third_Party/FreeRTOS/Source/tasks.c **** }
1075:Middlewares/Third_Party/FreeRTOS/Source/tasks.c **** /*-----------------------------------------------------------*/
1076:Middlewares/Third_Party/FreeRTOS/Source/tasks.c **** 
1077:Middlewares/Third_Party/FreeRTOS/Source/tasks.c **** static void prvAddNewTaskToReadyList( TCB_t *pxNewTCB )
1078:Middlewares/Third_Party/FreeRTOS/Source/tasks.c **** {
1079:Middlewares/Third_Party/FreeRTOS/Source/tasks.c **** 	/* Ensure interrupts don't access the task lists while the lists are being
1080:Middlewares/Third_Party/FreeRTOS/Source/tasks.c **** 	updated. */
1081:Middlewares/Third_Party/FreeRTOS/Source/tasks.c **** 	taskENTER_CRITICAL();
1082:Middlewares/Third_Party/FreeRTOS/Source/tasks.c **** 	{
1083:Middlewares/Third_Party/FreeRTOS/Source/tasks.c **** 		uxCurrentNumberOfTasks++;
1084:Middlewares/Third_Party/FreeRTOS/Source/tasks.c **** 		if( pxCurrentTCB == NULL )
1085:Middlewares/Third_Party/FreeRTOS/Source/tasks.c **** 		{
1086:Middlewares/Third_Party/FreeRTOS/Source/tasks.c **** 			/* There are no other tasks, or all the other tasks are in
1087:Middlewares/Third_Party/FreeRTOS/Source/tasks.c **** 			the suspended state - make this the current task. */
1088:Middlewares/Third_Party/FreeRTOS/Source/tasks.c **** 			pxCurrentTCB = pxNewTCB;
1089:Middlewares/Third_Party/FreeRTOS/Source/tasks.c **** 
1090:Middlewares/Third_Party/FreeRTOS/Source/tasks.c **** 			if( uxCurrentNumberOfTasks == ( UBaseType_t ) 1 )
1091:Middlewares/Third_Party/FreeRTOS/Source/tasks.c **** 			{
1092:Middlewares/Third_Party/FreeRTOS/Source/tasks.c **** 				/* This is the first task to be created so do the preliminary
1093:Middlewares/Third_Party/FreeRTOS/Source/tasks.c **** 				initialisation required.  We will not recover if this call
1094:Middlewares/Third_Party/FreeRTOS/Source/tasks.c **** 				fails, but we will report the failure. */
1095:Middlewares/Third_Party/FreeRTOS/Source/tasks.c **** 				prvInitialiseTaskLists();
1096:Middlewares/Third_Party/FreeRTOS/Source/tasks.c **** 			}
1097:Middlewares/Third_Party/FreeRTOS/Source/tasks.c **** 			else
1098:Middlewares/Third_Party/FreeRTOS/Source/tasks.c **** 			{
1099:Middlewares/Third_Party/FreeRTOS/Source/tasks.c **** 				mtCOVERAGE_TEST_MARKER();
1100:Middlewares/Third_Party/FreeRTOS/Source/tasks.c **** 			}
1101:Middlewares/Third_Party/FreeRTOS/Source/tasks.c **** 		}
1102:Middlewares/Third_Party/FreeRTOS/Source/tasks.c **** 		else
1103:Middlewares/Third_Party/FreeRTOS/Source/tasks.c **** 		{
1104:Middlewares/Third_Party/FreeRTOS/Source/tasks.c **** 			/* If the scheduler is not already running, make this task the
1105:Middlewares/Third_Party/FreeRTOS/Source/tasks.c **** 			current task if it is the highest priority task to be created
1106:Middlewares/Third_Party/FreeRTOS/Source/tasks.c **** 			so far. */
1107:Middlewares/Third_Party/FreeRTOS/Source/tasks.c **** 			if( xSchedulerRunning == pdFALSE )
1108:Middlewares/Third_Party/FreeRTOS/Source/tasks.c **** 			{
1109:Middlewares/Third_Party/FreeRTOS/Source/tasks.c **** 				if( pxCurrentTCB->uxPriority <= pxNewTCB->uxPriority )
1110:Middlewares/Third_Party/FreeRTOS/Source/tasks.c **** 				{
1111:Middlewares/Third_Party/FreeRTOS/Source/tasks.c **** 					pxCurrentTCB = pxNewTCB;
1112:Middlewares/Third_Party/FreeRTOS/Source/tasks.c **** 				}
1113:Middlewares/Third_Party/FreeRTOS/Source/tasks.c **** 				else
1114:Middlewares/Third_Party/FreeRTOS/Source/tasks.c **** 				{
1115:Middlewares/Third_Party/FreeRTOS/Source/tasks.c **** 					mtCOVERAGE_TEST_MARKER();
ARM GAS  /tmp/ccV8B7BA.s 			page 21


1116:Middlewares/Third_Party/FreeRTOS/Source/tasks.c **** 				}
1117:Middlewares/Third_Party/FreeRTOS/Source/tasks.c **** 			}
1118:Middlewares/Third_Party/FreeRTOS/Source/tasks.c **** 			else
1119:Middlewares/Third_Party/FreeRTOS/Source/tasks.c **** 			{
1120:Middlewares/Third_Party/FreeRTOS/Source/tasks.c **** 				mtCOVERAGE_TEST_MARKER();
1121:Middlewares/Third_Party/FreeRTOS/Source/tasks.c **** 			}
1122:Middlewares/Third_Party/FreeRTOS/Source/tasks.c **** 		}
1123:Middlewares/Third_Party/FreeRTOS/Source/tasks.c **** 
1124:Middlewares/Third_Party/FreeRTOS/Source/tasks.c **** 		uxTaskNumber++;
1125:Middlewares/Third_Party/FreeRTOS/Source/tasks.c **** 
1126:Middlewares/Third_Party/FreeRTOS/Source/tasks.c **** 		#if ( configUSE_TRACE_FACILITY == 1 )
1127:Middlewares/Third_Party/FreeRTOS/Source/tasks.c **** 		{
1128:Middlewares/Third_Party/FreeRTOS/Source/tasks.c **** 			/* Add a counter into the TCB for tracing only. */
1129:Middlewares/Third_Party/FreeRTOS/Source/tasks.c **** 			pxNewTCB->uxTCBNumber = uxTaskNumber;
1130:Middlewares/Third_Party/FreeRTOS/Source/tasks.c **** 		}
1131:Middlewares/Third_Party/FreeRTOS/Source/tasks.c **** 		#endif /* configUSE_TRACE_FACILITY */
1132:Middlewares/Third_Party/FreeRTOS/Source/tasks.c **** 		traceTASK_CREATE( pxNewTCB );
1133:Middlewares/Third_Party/FreeRTOS/Source/tasks.c **** 
1134:Middlewares/Third_Party/FreeRTOS/Source/tasks.c **** 		prvAddTaskToReadyList( pxNewTCB );
1135:Middlewares/Third_Party/FreeRTOS/Source/tasks.c **** 
1136:Middlewares/Third_Party/FreeRTOS/Source/tasks.c **** 		portSETUP_TCB( pxNewTCB );
1137:Middlewares/Third_Party/FreeRTOS/Source/tasks.c **** 	}
1138:Middlewares/Third_Party/FreeRTOS/Source/tasks.c **** 	taskEXIT_CRITICAL();
1139:Middlewares/Third_Party/FreeRTOS/Source/tasks.c **** 
1140:Middlewares/Third_Party/FreeRTOS/Source/tasks.c **** 	if( xSchedulerRunning != pdFALSE )
1141:Middlewares/Third_Party/FreeRTOS/Source/tasks.c **** 	{
1142:Middlewares/Third_Party/FreeRTOS/Source/tasks.c **** 		/* If the created task is of a higher priority than the current task
1143:Middlewares/Third_Party/FreeRTOS/Source/tasks.c **** 		then it should run now. */
1144:Middlewares/Third_Party/FreeRTOS/Source/tasks.c **** 		if( pxCurrentTCB->uxPriority < pxNewTCB->uxPriority )
1145:Middlewares/Third_Party/FreeRTOS/Source/tasks.c **** 		{
1146:Middlewares/Third_Party/FreeRTOS/Source/tasks.c **** 			taskYIELD_IF_USING_PREEMPTION();
1147:Middlewares/Third_Party/FreeRTOS/Source/tasks.c **** 		}
1148:Middlewares/Third_Party/FreeRTOS/Source/tasks.c **** 		else
1149:Middlewares/Third_Party/FreeRTOS/Source/tasks.c **** 		{
1150:Middlewares/Third_Party/FreeRTOS/Source/tasks.c **** 			mtCOVERAGE_TEST_MARKER();
1151:Middlewares/Third_Party/FreeRTOS/Source/tasks.c **** 		}
1152:Middlewares/Third_Party/FreeRTOS/Source/tasks.c **** 	}
1153:Middlewares/Third_Party/FreeRTOS/Source/tasks.c **** 	else
1154:Middlewares/Third_Party/FreeRTOS/Source/tasks.c **** 	{
1155:Middlewares/Third_Party/FreeRTOS/Source/tasks.c **** 		mtCOVERAGE_TEST_MARKER();
1156:Middlewares/Third_Party/FreeRTOS/Source/tasks.c **** 	}
1157:Middlewares/Third_Party/FreeRTOS/Source/tasks.c **** }
1158:Middlewares/Third_Party/FreeRTOS/Source/tasks.c **** /*-----------------------------------------------------------*/
1159:Middlewares/Third_Party/FreeRTOS/Source/tasks.c **** 
1160:Middlewares/Third_Party/FreeRTOS/Source/tasks.c **** #if ( INCLUDE_vTaskDelete == 1 )
1161:Middlewares/Third_Party/FreeRTOS/Source/tasks.c **** 
1162:Middlewares/Third_Party/FreeRTOS/Source/tasks.c **** 	void vTaskDelete( TaskHandle_t xTaskToDelete )
1163:Middlewares/Third_Party/FreeRTOS/Source/tasks.c **** 	{
1164:Middlewares/Third_Party/FreeRTOS/Source/tasks.c **** 	TCB_t *pxTCB;
1165:Middlewares/Third_Party/FreeRTOS/Source/tasks.c **** 
1166:Middlewares/Third_Party/FreeRTOS/Source/tasks.c **** 		taskENTER_CRITICAL();
1167:Middlewares/Third_Party/FreeRTOS/Source/tasks.c **** 		{
1168:Middlewares/Third_Party/FreeRTOS/Source/tasks.c **** 			/* If null is passed in here then it is the calling task that is
1169:Middlewares/Third_Party/FreeRTOS/Source/tasks.c **** 			being deleted. */
1170:Middlewares/Third_Party/FreeRTOS/Source/tasks.c **** 			pxTCB = prvGetTCBFromHandle( xTaskToDelete );
1171:Middlewares/Third_Party/FreeRTOS/Source/tasks.c **** 
1172:Middlewares/Third_Party/FreeRTOS/Source/tasks.c **** 			/* Remove task from the ready/delayed list. */
ARM GAS  /tmp/ccV8B7BA.s 			page 22


1173:Middlewares/Third_Party/FreeRTOS/Source/tasks.c **** 			if( uxListRemove( &( pxTCB->xStateListItem ) ) == ( UBaseType_t ) 0 )
1174:Middlewares/Third_Party/FreeRTOS/Source/tasks.c **** 			{
1175:Middlewares/Third_Party/FreeRTOS/Source/tasks.c **** 				taskRESET_READY_PRIORITY( pxTCB->uxPriority );
1176:Middlewares/Third_Party/FreeRTOS/Source/tasks.c **** 			}
1177:Middlewares/Third_Party/FreeRTOS/Source/tasks.c **** 			else
1178:Middlewares/Third_Party/FreeRTOS/Source/tasks.c **** 			{
1179:Middlewares/Third_Party/FreeRTOS/Source/tasks.c **** 				mtCOVERAGE_TEST_MARKER();
1180:Middlewares/Third_Party/FreeRTOS/Source/tasks.c **** 			}
1181:Middlewares/Third_Party/FreeRTOS/Source/tasks.c **** 
1182:Middlewares/Third_Party/FreeRTOS/Source/tasks.c **** 			/* Is the task waiting on an event also? */
1183:Middlewares/Third_Party/FreeRTOS/Source/tasks.c **** 			if( listLIST_ITEM_CONTAINER( &( pxTCB->xEventListItem ) ) != NULL )
1184:Middlewares/Third_Party/FreeRTOS/Source/tasks.c **** 			{
1185:Middlewares/Third_Party/FreeRTOS/Source/tasks.c **** 				( void ) uxListRemove( &( pxTCB->xEventListItem ) );
1186:Middlewares/Third_Party/FreeRTOS/Source/tasks.c **** 			}
1187:Middlewares/Third_Party/FreeRTOS/Source/tasks.c **** 			else
1188:Middlewares/Third_Party/FreeRTOS/Source/tasks.c **** 			{
1189:Middlewares/Third_Party/FreeRTOS/Source/tasks.c **** 				mtCOVERAGE_TEST_MARKER();
1190:Middlewares/Third_Party/FreeRTOS/Source/tasks.c **** 			}
1191:Middlewares/Third_Party/FreeRTOS/Source/tasks.c **** 
1192:Middlewares/Third_Party/FreeRTOS/Source/tasks.c **** 			/* Increment the uxTaskNumber also so kernel aware debuggers can
1193:Middlewares/Third_Party/FreeRTOS/Source/tasks.c **** 			detect that the task lists need re-generating.  This is done before
1194:Middlewares/Third_Party/FreeRTOS/Source/tasks.c **** 			portPRE_TASK_DELETE_HOOK() as in the Windows port that macro will
1195:Middlewares/Third_Party/FreeRTOS/Source/tasks.c **** 			not return. */
1196:Middlewares/Third_Party/FreeRTOS/Source/tasks.c **** 			uxTaskNumber++;
1197:Middlewares/Third_Party/FreeRTOS/Source/tasks.c **** 
1198:Middlewares/Third_Party/FreeRTOS/Source/tasks.c **** 			if( pxTCB == pxCurrentTCB )
1199:Middlewares/Third_Party/FreeRTOS/Source/tasks.c **** 			{
1200:Middlewares/Third_Party/FreeRTOS/Source/tasks.c **** 				/* A task is deleting itself.  This cannot complete within the
1201:Middlewares/Third_Party/FreeRTOS/Source/tasks.c **** 				task itself, as a context switch to another task is required.
1202:Middlewares/Third_Party/FreeRTOS/Source/tasks.c **** 				Place the task in the termination list.  The idle task will
1203:Middlewares/Third_Party/FreeRTOS/Source/tasks.c **** 				check the termination list and free up any memory allocated by
1204:Middlewares/Third_Party/FreeRTOS/Source/tasks.c **** 				the scheduler for the TCB and stack of the deleted task. */
1205:Middlewares/Third_Party/FreeRTOS/Source/tasks.c **** 				vListInsertEnd( &xTasksWaitingTermination, &( pxTCB->xStateListItem ) );
1206:Middlewares/Third_Party/FreeRTOS/Source/tasks.c **** 
1207:Middlewares/Third_Party/FreeRTOS/Source/tasks.c **** 				/* Increment the ucTasksDeleted variable so the idle task knows
1208:Middlewares/Third_Party/FreeRTOS/Source/tasks.c **** 				there is a task that has been deleted and that it should therefore
1209:Middlewares/Third_Party/FreeRTOS/Source/tasks.c **** 				check the xTasksWaitingTermination list. */
1210:Middlewares/Third_Party/FreeRTOS/Source/tasks.c **** 				++uxDeletedTasksWaitingCleanUp;
1211:Middlewares/Third_Party/FreeRTOS/Source/tasks.c **** 
1212:Middlewares/Third_Party/FreeRTOS/Source/tasks.c **** 				/* Call the delete hook before portPRE_TASK_DELETE_HOOK() as
1213:Middlewares/Third_Party/FreeRTOS/Source/tasks.c **** 				portPRE_TASK_DELETE_HOOK() does not return in the Win32 port. */
1214:Middlewares/Third_Party/FreeRTOS/Source/tasks.c **** 				traceTASK_DELETE( pxTCB );
1215:Middlewares/Third_Party/FreeRTOS/Source/tasks.c **** 
1216:Middlewares/Third_Party/FreeRTOS/Source/tasks.c **** 				/* The pre-delete hook is primarily for the Windows simulator,
1217:Middlewares/Third_Party/FreeRTOS/Source/tasks.c **** 				in which Windows specific clean up operations are performed,
1218:Middlewares/Third_Party/FreeRTOS/Source/tasks.c **** 				after which it is not possible to yield away from this task -
1219:Middlewares/Third_Party/FreeRTOS/Source/tasks.c **** 				hence xYieldPending is used to latch that a context switch is
1220:Middlewares/Third_Party/FreeRTOS/Source/tasks.c **** 				required. */
1221:Middlewares/Third_Party/FreeRTOS/Source/tasks.c **** 				portPRE_TASK_DELETE_HOOK( pxTCB, &xYieldPending );
1222:Middlewares/Third_Party/FreeRTOS/Source/tasks.c **** 			}
1223:Middlewares/Third_Party/FreeRTOS/Source/tasks.c **** 			else
1224:Middlewares/Third_Party/FreeRTOS/Source/tasks.c **** 			{
1225:Middlewares/Third_Party/FreeRTOS/Source/tasks.c **** 				--uxCurrentNumberOfTasks;
1226:Middlewares/Third_Party/FreeRTOS/Source/tasks.c **** 				traceTASK_DELETE( pxTCB );
1227:Middlewares/Third_Party/FreeRTOS/Source/tasks.c **** 				prvDeleteTCB( pxTCB );
1228:Middlewares/Third_Party/FreeRTOS/Source/tasks.c **** 
1229:Middlewares/Third_Party/FreeRTOS/Source/tasks.c **** 				/* Reset the next expected unblock time in case it referred to
ARM GAS  /tmp/ccV8B7BA.s 			page 23


1230:Middlewares/Third_Party/FreeRTOS/Source/tasks.c **** 				the task that has just been deleted. */
1231:Middlewares/Third_Party/FreeRTOS/Source/tasks.c **** 				prvResetNextTaskUnblockTime();
1232:Middlewares/Third_Party/FreeRTOS/Source/tasks.c **** 			}
1233:Middlewares/Third_Party/FreeRTOS/Source/tasks.c **** 		}
1234:Middlewares/Third_Party/FreeRTOS/Source/tasks.c **** 		taskEXIT_CRITICAL();
1235:Middlewares/Third_Party/FreeRTOS/Source/tasks.c **** 
1236:Middlewares/Third_Party/FreeRTOS/Source/tasks.c **** 		/* Force a reschedule if it is the currently running task that has just
1237:Middlewares/Third_Party/FreeRTOS/Source/tasks.c **** 		been deleted. */
1238:Middlewares/Third_Party/FreeRTOS/Source/tasks.c **** 		if( xSchedulerRunning != pdFALSE )
1239:Middlewares/Third_Party/FreeRTOS/Source/tasks.c **** 		{
1240:Middlewares/Third_Party/FreeRTOS/Source/tasks.c **** 			if( pxTCB == pxCurrentTCB )
1241:Middlewares/Third_Party/FreeRTOS/Source/tasks.c **** 			{
1242:Middlewares/Third_Party/FreeRTOS/Source/tasks.c **** 				configASSERT( uxSchedulerSuspended == 0 );
1243:Middlewares/Third_Party/FreeRTOS/Source/tasks.c **** 				portYIELD_WITHIN_API();
1244:Middlewares/Third_Party/FreeRTOS/Source/tasks.c **** 			}
1245:Middlewares/Third_Party/FreeRTOS/Source/tasks.c **** 			else
1246:Middlewares/Third_Party/FreeRTOS/Source/tasks.c **** 			{
1247:Middlewares/Third_Party/FreeRTOS/Source/tasks.c **** 				mtCOVERAGE_TEST_MARKER();
1248:Middlewares/Third_Party/FreeRTOS/Source/tasks.c **** 			}
1249:Middlewares/Third_Party/FreeRTOS/Source/tasks.c **** 		}
1250:Middlewares/Third_Party/FreeRTOS/Source/tasks.c **** 	}
1251:Middlewares/Third_Party/FreeRTOS/Source/tasks.c **** 
1252:Middlewares/Third_Party/FreeRTOS/Source/tasks.c **** #endif /* INCLUDE_vTaskDelete */
1253:Middlewares/Third_Party/FreeRTOS/Source/tasks.c **** /*-----------------------------------------------------------*/
1254:Middlewares/Third_Party/FreeRTOS/Source/tasks.c **** 
1255:Middlewares/Third_Party/FreeRTOS/Source/tasks.c **** #if ( INCLUDE_vTaskDelayUntil == 1 )
1256:Middlewares/Third_Party/FreeRTOS/Source/tasks.c **** 
1257:Middlewares/Third_Party/FreeRTOS/Source/tasks.c **** 	void vTaskDelayUntil( TickType_t * const pxPreviousWakeTime, const TickType_t xTimeIncrement )
1258:Middlewares/Third_Party/FreeRTOS/Source/tasks.c **** 	{
1259:Middlewares/Third_Party/FreeRTOS/Source/tasks.c **** 	TickType_t xTimeToWake;
1260:Middlewares/Third_Party/FreeRTOS/Source/tasks.c **** 	BaseType_t xAlreadyYielded, xShouldDelay = pdFALSE;
1261:Middlewares/Third_Party/FreeRTOS/Source/tasks.c **** 
1262:Middlewares/Third_Party/FreeRTOS/Source/tasks.c **** 		configASSERT( pxPreviousWakeTime );
1263:Middlewares/Third_Party/FreeRTOS/Source/tasks.c **** 		configASSERT( ( xTimeIncrement > 0U ) );
1264:Middlewares/Third_Party/FreeRTOS/Source/tasks.c **** 		configASSERT( uxSchedulerSuspended == 0 );
1265:Middlewares/Third_Party/FreeRTOS/Source/tasks.c **** 
1266:Middlewares/Third_Party/FreeRTOS/Source/tasks.c **** 		vTaskSuspendAll();
1267:Middlewares/Third_Party/FreeRTOS/Source/tasks.c **** 		{
1268:Middlewares/Third_Party/FreeRTOS/Source/tasks.c **** 			/* Minor optimisation.  The tick count cannot change in this
1269:Middlewares/Third_Party/FreeRTOS/Source/tasks.c **** 			block. */
1270:Middlewares/Third_Party/FreeRTOS/Source/tasks.c **** 			const TickType_t xConstTickCount = xTickCount;
1271:Middlewares/Third_Party/FreeRTOS/Source/tasks.c **** 
1272:Middlewares/Third_Party/FreeRTOS/Source/tasks.c **** 			/* Generate the tick time at which the task wants to wake. */
1273:Middlewares/Third_Party/FreeRTOS/Source/tasks.c **** 			xTimeToWake = *pxPreviousWakeTime + xTimeIncrement;
1274:Middlewares/Third_Party/FreeRTOS/Source/tasks.c **** 
1275:Middlewares/Third_Party/FreeRTOS/Source/tasks.c **** 			if( xConstTickCount < *pxPreviousWakeTime )
1276:Middlewares/Third_Party/FreeRTOS/Source/tasks.c **** 			{
1277:Middlewares/Third_Party/FreeRTOS/Source/tasks.c **** 				/* The tick count has overflowed since this function was
1278:Middlewares/Third_Party/FreeRTOS/Source/tasks.c **** 				lasted called.  In this case the only time we should ever
1279:Middlewares/Third_Party/FreeRTOS/Source/tasks.c **** 				actually delay is if the wake time has also	overflowed,
1280:Middlewares/Third_Party/FreeRTOS/Source/tasks.c **** 				and the wake time is greater than the tick time.  When this
1281:Middlewares/Third_Party/FreeRTOS/Source/tasks.c **** 				is the case it is as if neither time had overflowed. */
1282:Middlewares/Third_Party/FreeRTOS/Source/tasks.c **** 				if( ( xTimeToWake < *pxPreviousWakeTime ) && ( xTimeToWake > xConstTickCount ) )
1283:Middlewares/Third_Party/FreeRTOS/Source/tasks.c **** 				{
1284:Middlewares/Third_Party/FreeRTOS/Source/tasks.c **** 					xShouldDelay = pdTRUE;
1285:Middlewares/Third_Party/FreeRTOS/Source/tasks.c **** 				}
1286:Middlewares/Third_Party/FreeRTOS/Source/tasks.c **** 				else
ARM GAS  /tmp/ccV8B7BA.s 			page 24


1287:Middlewares/Third_Party/FreeRTOS/Source/tasks.c **** 				{
1288:Middlewares/Third_Party/FreeRTOS/Source/tasks.c **** 					mtCOVERAGE_TEST_MARKER();
1289:Middlewares/Third_Party/FreeRTOS/Source/tasks.c **** 				}
1290:Middlewares/Third_Party/FreeRTOS/Source/tasks.c **** 			}
1291:Middlewares/Third_Party/FreeRTOS/Source/tasks.c **** 			else
1292:Middlewares/Third_Party/FreeRTOS/Source/tasks.c **** 			{
1293:Middlewares/Third_Party/FreeRTOS/Source/tasks.c **** 				/* The tick time has not overflowed.  In this case we will
1294:Middlewares/Third_Party/FreeRTOS/Source/tasks.c **** 				delay if either the wake time has overflowed, and/or the
1295:Middlewares/Third_Party/FreeRTOS/Source/tasks.c **** 				tick time is less than the wake time. */
1296:Middlewares/Third_Party/FreeRTOS/Source/tasks.c **** 				if( ( xTimeToWake < *pxPreviousWakeTime ) || ( xTimeToWake > xConstTickCount ) )
1297:Middlewares/Third_Party/FreeRTOS/Source/tasks.c **** 				{
1298:Middlewares/Third_Party/FreeRTOS/Source/tasks.c **** 					xShouldDelay = pdTRUE;
1299:Middlewares/Third_Party/FreeRTOS/Source/tasks.c **** 				}
1300:Middlewares/Third_Party/FreeRTOS/Source/tasks.c **** 				else
1301:Middlewares/Third_Party/FreeRTOS/Source/tasks.c **** 				{
1302:Middlewares/Third_Party/FreeRTOS/Source/tasks.c **** 					mtCOVERAGE_TEST_MARKER();
1303:Middlewares/Third_Party/FreeRTOS/Source/tasks.c **** 				}
1304:Middlewares/Third_Party/FreeRTOS/Source/tasks.c **** 			}
1305:Middlewares/Third_Party/FreeRTOS/Source/tasks.c **** 
1306:Middlewares/Third_Party/FreeRTOS/Source/tasks.c **** 			/* Update the wake time ready for the next call. */
1307:Middlewares/Third_Party/FreeRTOS/Source/tasks.c **** 			*pxPreviousWakeTime = xTimeToWake;
1308:Middlewares/Third_Party/FreeRTOS/Source/tasks.c **** 
1309:Middlewares/Third_Party/FreeRTOS/Source/tasks.c **** 			if( xShouldDelay != pdFALSE )
1310:Middlewares/Third_Party/FreeRTOS/Source/tasks.c **** 			{
1311:Middlewares/Third_Party/FreeRTOS/Source/tasks.c **** 				traceTASK_DELAY_UNTIL( xTimeToWake );
1312:Middlewares/Third_Party/FreeRTOS/Source/tasks.c **** 
1313:Middlewares/Third_Party/FreeRTOS/Source/tasks.c **** 				/* prvAddCurrentTaskToDelayedList() needs the block time, not
1314:Middlewares/Third_Party/FreeRTOS/Source/tasks.c **** 				the time to wake, so subtract the current tick count. */
1315:Middlewares/Third_Party/FreeRTOS/Source/tasks.c **** 				prvAddCurrentTaskToDelayedList( xTimeToWake - xConstTickCount, pdFALSE );
1316:Middlewares/Third_Party/FreeRTOS/Source/tasks.c **** 			}
1317:Middlewares/Third_Party/FreeRTOS/Source/tasks.c **** 			else
1318:Middlewares/Third_Party/FreeRTOS/Source/tasks.c **** 			{
1319:Middlewares/Third_Party/FreeRTOS/Source/tasks.c **** 				mtCOVERAGE_TEST_MARKER();
1320:Middlewares/Third_Party/FreeRTOS/Source/tasks.c **** 			}
1321:Middlewares/Third_Party/FreeRTOS/Source/tasks.c **** 		}
1322:Middlewares/Third_Party/FreeRTOS/Source/tasks.c **** 		xAlreadyYielded = xTaskResumeAll();
1323:Middlewares/Third_Party/FreeRTOS/Source/tasks.c **** 
1324:Middlewares/Third_Party/FreeRTOS/Source/tasks.c **** 		/* Force a reschedule if xTaskResumeAll has not already done so, we may
1325:Middlewares/Third_Party/FreeRTOS/Source/tasks.c **** 		have put ourselves to sleep. */
1326:Middlewares/Third_Party/FreeRTOS/Source/tasks.c **** 		if( xAlreadyYielded == pdFALSE )
1327:Middlewares/Third_Party/FreeRTOS/Source/tasks.c **** 		{
1328:Middlewares/Third_Party/FreeRTOS/Source/tasks.c **** 			portYIELD_WITHIN_API();
1329:Middlewares/Third_Party/FreeRTOS/Source/tasks.c **** 		}
1330:Middlewares/Third_Party/FreeRTOS/Source/tasks.c **** 		else
1331:Middlewares/Third_Party/FreeRTOS/Source/tasks.c **** 		{
1332:Middlewares/Third_Party/FreeRTOS/Source/tasks.c **** 			mtCOVERAGE_TEST_MARKER();
1333:Middlewares/Third_Party/FreeRTOS/Source/tasks.c **** 		}
1334:Middlewares/Third_Party/FreeRTOS/Source/tasks.c **** 	}
1335:Middlewares/Third_Party/FreeRTOS/Source/tasks.c **** 
1336:Middlewares/Third_Party/FreeRTOS/Source/tasks.c **** #endif /* INCLUDE_vTaskDelayUntil */
1337:Middlewares/Third_Party/FreeRTOS/Source/tasks.c **** /*-----------------------------------------------------------*/
1338:Middlewares/Third_Party/FreeRTOS/Source/tasks.c **** 
1339:Middlewares/Third_Party/FreeRTOS/Source/tasks.c **** #if ( INCLUDE_vTaskDelay == 1 )
1340:Middlewares/Third_Party/FreeRTOS/Source/tasks.c **** 
1341:Middlewares/Third_Party/FreeRTOS/Source/tasks.c **** 	void vTaskDelay( const TickType_t xTicksToDelay )
1342:Middlewares/Third_Party/FreeRTOS/Source/tasks.c **** 	{
1343:Middlewares/Third_Party/FreeRTOS/Source/tasks.c **** 	BaseType_t xAlreadyYielded = pdFALSE;
ARM GAS  /tmp/ccV8B7BA.s 			page 25


1344:Middlewares/Third_Party/FreeRTOS/Source/tasks.c **** 
1345:Middlewares/Third_Party/FreeRTOS/Source/tasks.c **** 		/* A delay time of zero just forces a reschedule. */
1346:Middlewares/Third_Party/FreeRTOS/Source/tasks.c **** 		if( xTicksToDelay > ( TickType_t ) 0U )
1347:Middlewares/Third_Party/FreeRTOS/Source/tasks.c **** 		{
1348:Middlewares/Third_Party/FreeRTOS/Source/tasks.c **** 			configASSERT( uxSchedulerSuspended == 0 );
1349:Middlewares/Third_Party/FreeRTOS/Source/tasks.c **** 			vTaskSuspendAll();
1350:Middlewares/Third_Party/FreeRTOS/Source/tasks.c **** 			{
1351:Middlewares/Third_Party/FreeRTOS/Source/tasks.c **** 				traceTASK_DELAY();
1352:Middlewares/Third_Party/FreeRTOS/Source/tasks.c **** 
1353:Middlewares/Third_Party/FreeRTOS/Source/tasks.c **** 				/* A task that is removed from the event list while the
1354:Middlewares/Third_Party/FreeRTOS/Source/tasks.c **** 				scheduler is suspended will not get placed in the ready
1355:Middlewares/Third_Party/FreeRTOS/Source/tasks.c **** 				list or removed from the blocked list until the scheduler
1356:Middlewares/Third_Party/FreeRTOS/Source/tasks.c **** 				is resumed.
1357:Middlewares/Third_Party/FreeRTOS/Source/tasks.c **** 
1358:Middlewares/Third_Party/FreeRTOS/Source/tasks.c **** 				This task cannot be in an event list as it is the currently
1359:Middlewares/Third_Party/FreeRTOS/Source/tasks.c **** 				executing task. */
1360:Middlewares/Third_Party/FreeRTOS/Source/tasks.c **** 				prvAddCurrentTaskToDelayedList( xTicksToDelay, pdFALSE );
1361:Middlewares/Third_Party/FreeRTOS/Source/tasks.c **** 			}
1362:Middlewares/Third_Party/FreeRTOS/Source/tasks.c **** 			xAlreadyYielded = xTaskResumeAll();
1363:Middlewares/Third_Party/FreeRTOS/Source/tasks.c **** 		}
1364:Middlewares/Third_Party/FreeRTOS/Source/tasks.c **** 		else
1365:Middlewares/Third_Party/FreeRTOS/Source/tasks.c **** 		{
1366:Middlewares/Third_Party/FreeRTOS/Source/tasks.c **** 			mtCOVERAGE_TEST_MARKER();
1367:Middlewares/Third_Party/FreeRTOS/Source/tasks.c **** 		}
1368:Middlewares/Third_Party/FreeRTOS/Source/tasks.c **** 
1369:Middlewares/Third_Party/FreeRTOS/Source/tasks.c **** 		/* Force a reschedule if xTaskResumeAll has not already done so, we may
1370:Middlewares/Third_Party/FreeRTOS/Source/tasks.c **** 		have put ourselves to sleep. */
1371:Middlewares/Third_Party/FreeRTOS/Source/tasks.c **** 		if( xAlreadyYielded == pdFALSE )
1372:Middlewares/Third_Party/FreeRTOS/Source/tasks.c **** 		{
1373:Middlewares/Third_Party/FreeRTOS/Source/tasks.c **** 			portYIELD_WITHIN_API();
1374:Middlewares/Third_Party/FreeRTOS/Source/tasks.c **** 		}
1375:Middlewares/Third_Party/FreeRTOS/Source/tasks.c **** 		else
1376:Middlewares/Third_Party/FreeRTOS/Source/tasks.c **** 		{
1377:Middlewares/Third_Party/FreeRTOS/Source/tasks.c **** 			mtCOVERAGE_TEST_MARKER();
1378:Middlewares/Third_Party/FreeRTOS/Source/tasks.c **** 		}
1379:Middlewares/Third_Party/FreeRTOS/Source/tasks.c **** 	}
1380:Middlewares/Third_Party/FreeRTOS/Source/tasks.c **** 
1381:Middlewares/Third_Party/FreeRTOS/Source/tasks.c **** #endif /* INCLUDE_vTaskDelay */
1382:Middlewares/Third_Party/FreeRTOS/Source/tasks.c **** /*-----------------------------------------------------------*/
1383:Middlewares/Third_Party/FreeRTOS/Source/tasks.c **** 
1384:Middlewares/Third_Party/FreeRTOS/Source/tasks.c **** #if( ( INCLUDE_eTaskGetState == 1 ) || ( configUSE_TRACE_FACILITY == 1 ) || ( INCLUDE_xTaskAbortDel
1385:Middlewares/Third_Party/FreeRTOS/Source/tasks.c **** 
1386:Middlewares/Third_Party/FreeRTOS/Source/tasks.c **** 	eTaskState eTaskGetState( TaskHandle_t xTask )
1387:Middlewares/Third_Party/FreeRTOS/Source/tasks.c **** 	{
1388:Middlewares/Third_Party/FreeRTOS/Source/tasks.c **** 	eTaskState eReturn;
1389:Middlewares/Third_Party/FreeRTOS/Source/tasks.c **** 	List_t const * pxStateList, *pxDelayedList, *pxOverflowedDelayedList;
1390:Middlewares/Third_Party/FreeRTOS/Source/tasks.c **** 	const TCB_t * const pxTCB = xTask;
1391:Middlewares/Third_Party/FreeRTOS/Source/tasks.c **** 
1392:Middlewares/Third_Party/FreeRTOS/Source/tasks.c **** 		configASSERT( pxTCB );
1393:Middlewares/Third_Party/FreeRTOS/Source/tasks.c **** 
1394:Middlewares/Third_Party/FreeRTOS/Source/tasks.c **** 		if( pxTCB == pxCurrentTCB )
1395:Middlewares/Third_Party/FreeRTOS/Source/tasks.c **** 		{
1396:Middlewares/Third_Party/FreeRTOS/Source/tasks.c **** 			/* The task calling this function is querying its own state. */
1397:Middlewares/Third_Party/FreeRTOS/Source/tasks.c **** 			eReturn = eRunning;
1398:Middlewares/Third_Party/FreeRTOS/Source/tasks.c **** 		}
1399:Middlewares/Third_Party/FreeRTOS/Source/tasks.c **** 		else
1400:Middlewares/Third_Party/FreeRTOS/Source/tasks.c **** 		{
ARM GAS  /tmp/ccV8B7BA.s 			page 26


1401:Middlewares/Third_Party/FreeRTOS/Source/tasks.c **** 			taskENTER_CRITICAL();
1402:Middlewares/Third_Party/FreeRTOS/Source/tasks.c **** 			{
1403:Middlewares/Third_Party/FreeRTOS/Source/tasks.c **** 				pxStateList = listLIST_ITEM_CONTAINER( &( pxTCB->xStateListItem ) );
1404:Middlewares/Third_Party/FreeRTOS/Source/tasks.c **** 				pxDelayedList = pxDelayedTaskList;
1405:Middlewares/Third_Party/FreeRTOS/Source/tasks.c **** 				pxOverflowedDelayedList = pxOverflowDelayedTaskList;
1406:Middlewares/Third_Party/FreeRTOS/Source/tasks.c **** 			}
1407:Middlewares/Third_Party/FreeRTOS/Source/tasks.c **** 			taskEXIT_CRITICAL();
1408:Middlewares/Third_Party/FreeRTOS/Source/tasks.c **** 
1409:Middlewares/Third_Party/FreeRTOS/Source/tasks.c **** 			if( ( pxStateList == pxDelayedList ) || ( pxStateList == pxOverflowedDelayedList ) )
1410:Middlewares/Third_Party/FreeRTOS/Source/tasks.c **** 			{
1411:Middlewares/Third_Party/FreeRTOS/Source/tasks.c **** 				/* The task being queried is referenced from one of the Blocked
1412:Middlewares/Third_Party/FreeRTOS/Source/tasks.c **** 				lists. */
1413:Middlewares/Third_Party/FreeRTOS/Source/tasks.c **** 				eReturn = eBlocked;
1414:Middlewares/Third_Party/FreeRTOS/Source/tasks.c **** 			}
1415:Middlewares/Third_Party/FreeRTOS/Source/tasks.c **** 
1416:Middlewares/Third_Party/FreeRTOS/Source/tasks.c **** 			#if ( INCLUDE_vTaskSuspend == 1 )
1417:Middlewares/Third_Party/FreeRTOS/Source/tasks.c **** 				else if( pxStateList == &xSuspendedTaskList )
1418:Middlewares/Third_Party/FreeRTOS/Source/tasks.c **** 				{
1419:Middlewares/Third_Party/FreeRTOS/Source/tasks.c **** 					/* The task being queried is referenced from the suspended
1420:Middlewares/Third_Party/FreeRTOS/Source/tasks.c **** 					list.  Is it genuinely suspended or is it blocked
1421:Middlewares/Third_Party/FreeRTOS/Source/tasks.c **** 					indefinitely? */
1422:Middlewares/Third_Party/FreeRTOS/Source/tasks.c **** 					if( listLIST_ITEM_CONTAINER( &( pxTCB->xEventListItem ) ) == NULL )
1423:Middlewares/Third_Party/FreeRTOS/Source/tasks.c **** 					{
1424:Middlewares/Third_Party/FreeRTOS/Source/tasks.c **** 						#if( configUSE_TASK_NOTIFICATIONS == 1 )
1425:Middlewares/Third_Party/FreeRTOS/Source/tasks.c **** 						{
1426:Middlewares/Third_Party/FreeRTOS/Source/tasks.c **** 							/* The task does not appear on the event list item of
1427:Middlewares/Third_Party/FreeRTOS/Source/tasks.c **** 							and of the RTOS objects, but could still be in the
1428:Middlewares/Third_Party/FreeRTOS/Source/tasks.c **** 							blocked state if it is waiting on its notification
1429:Middlewares/Third_Party/FreeRTOS/Source/tasks.c **** 							rather than waiting on an object. */
1430:Middlewares/Third_Party/FreeRTOS/Source/tasks.c **** 							if( pxTCB->ucNotifyState == taskWAITING_NOTIFICATION )
1431:Middlewares/Third_Party/FreeRTOS/Source/tasks.c **** 							{
1432:Middlewares/Third_Party/FreeRTOS/Source/tasks.c **** 								eReturn = eBlocked;
1433:Middlewares/Third_Party/FreeRTOS/Source/tasks.c **** 							}
1434:Middlewares/Third_Party/FreeRTOS/Source/tasks.c **** 							else
1435:Middlewares/Third_Party/FreeRTOS/Source/tasks.c **** 							{
1436:Middlewares/Third_Party/FreeRTOS/Source/tasks.c **** 								eReturn = eSuspended;
1437:Middlewares/Third_Party/FreeRTOS/Source/tasks.c **** 							}
1438:Middlewares/Third_Party/FreeRTOS/Source/tasks.c **** 						}
1439:Middlewares/Third_Party/FreeRTOS/Source/tasks.c **** 						#else
1440:Middlewares/Third_Party/FreeRTOS/Source/tasks.c **** 						{
1441:Middlewares/Third_Party/FreeRTOS/Source/tasks.c **** 							eReturn = eSuspended;
1442:Middlewares/Third_Party/FreeRTOS/Source/tasks.c **** 						}
1443:Middlewares/Third_Party/FreeRTOS/Source/tasks.c **** 						#endif
1444:Middlewares/Third_Party/FreeRTOS/Source/tasks.c **** 					}
1445:Middlewares/Third_Party/FreeRTOS/Source/tasks.c **** 					else
1446:Middlewares/Third_Party/FreeRTOS/Source/tasks.c **** 					{
1447:Middlewares/Third_Party/FreeRTOS/Source/tasks.c **** 						eReturn = eBlocked;
1448:Middlewares/Third_Party/FreeRTOS/Source/tasks.c **** 					}
1449:Middlewares/Third_Party/FreeRTOS/Source/tasks.c **** 				}
1450:Middlewares/Third_Party/FreeRTOS/Source/tasks.c **** 			#endif
1451:Middlewares/Third_Party/FreeRTOS/Source/tasks.c **** 
1452:Middlewares/Third_Party/FreeRTOS/Source/tasks.c **** 			#if ( INCLUDE_vTaskDelete == 1 )
1453:Middlewares/Third_Party/FreeRTOS/Source/tasks.c **** 				else if( ( pxStateList == &xTasksWaitingTermination ) || ( pxStateList == NULL ) )
1454:Middlewares/Third_Party/FreeRTOS/Source/tasks.c **** 				{
1455:Middlewares/Third_Party/FreeRTOS/Source/tasks.c **** 					/* The task being queried is referenced from the deleted
1456:Middlewares/Third_Party/FreeRTOS/Source/tasks.c **** 					tasks list, or it is not referenced from any lists at
1457:Middlewares/Third_Party/FreeRTOS/Source/tasks.c **** 					all. */
ARM GAS  /tmp/ccV8B7BA.s 			page 27


1458:Middlewares/Third_Party/FreeRTOS/Source/tasks.c **** 					eReturn = eDeleted;
1459:Middlewares/Third_Party/FreeRTOS/Source/tasks.c **** 				}
1460:Middlewares/Third_Party/FreeRTOS/Source/tasks.c **** 			#endif
1461:Middlewares/Third_Party/FreeRTOS/Source/tasks.c **** 
1462:Middlewares/Third_Party/FreeRTOS/Source/tasks.c **** 			else /*lint !e525 Negative indentation is intended to make use of pre-processor clearer. */
1463:Middlewares/Third_Party/FreeRTOS/Source/tasks.c **** 			{
1464:Middlewares/Third_Party/FreeRTOS/Source/tasks.c **** 				/* If the task is not in any other state, it must be in the
1465:Middlewares/Third_Party/FreeRTOS/Source/tasks.c **** 				Ready (including pending ready) state. */
1466:Middlewares/Third_Party/FreeRTOS/Source/tasks.c **** 				eReturn = eReady;
1467:Middlewares/Third_Party/FreeRTOS/Source/tasks.c **** 			}
1468:Middlewares/Third_Party/FreeRTOS/Source/tasks.c **** 		}
1469:Middlewares/Third_Party/FreeRTOS/Source/tasks.c **** 
1470:Middlewares/Third_Party/FreeRTOS/Source/tasks.c **** 		return eReturn;
1471:Middlewares/Third_Party/FreeRTOS/Source/tasks.c **** 	} /*lint !e818 xTask cannot be a pointer to const because it is a typedef. */
1472:Middlewares/Third_Party/FreeRTOS/Source/tasks.c **** 
1473:Middlewares/Third_Party/FreeRTOS/Source/tasks.c **** #endif /* INCLUDE_eTaskGetState */
1474:Middlewares/Third_Party/FreeRTOS/Source/tasks.c **** /*-----------------------------------------------------------*/
1475:Middlewares/Third_Party/FreeRTOS/Source/tasks.c **** 
1476:Middlewares/Third_Party/FreeRTOS/Source/tasks.c **** #if ( INCLUDE_uxTaskPriorityGet == 1 )
1477:Middlewares/Third_Party/FreeRTOS/Source/tasks.c **** 
1478:Middlewares/Third_Party/FreeRTOS/Source/tasks.c **** 	UBaseType_t uxTaskPriorityGet( const TaskHandle_t xTask )
1479:Middlewares/Third_Party/FreeRTOS/Source/tasks.c **** 	{
1480:Middlewares/Third_Party/FreeRTOS/Source/tasks.c **** 	TCB_t const *pxTCB;
1481:Middlewares/Third_Party/FreeRTOS/Source/tasks.c **** 	UBaseType_t uxReturn;
1482:Middlewares/Third_Party/FreeRTOS/Source/tasks.c **** 
1483:Middlewares/Third_Party/FreeRTOS/Source/tasks.c **** 		taskENTER_CRITICAL();
1484:Middlewares/Third_Party/FreeRTOS/Source/tasks.c **** 		{
1485:Middlewares/Third_Party/FreeRTOS/Source/tasks.c **** 			/* If null is passed in here then it is the priority of the task
1486:Middlewares/Third_Party/FreeRTOS/Source/tasks.c **** 			that called uxTaskPriorityGet() that is being queried. */
1487:Middlewares/Third_Party/FreeRTOS/Source/tasks.c **** 			pxTCB = prvGetTCBFromHandle( xTask );
1488:Middlewares/Third_Party/FreeRTOS/Source/tasks.c **** 			uxReturn = pxTCB->uxPriority;
1489:Middlewares/Third_Party/FreeRTOS/Source/tasks.c **** 		}
1490:Middlewares/Third_Party/FreeRTOS/Source/tasks.c **** 		taskEXIT_CRITICAL();
1491:Middlewares/Third_Party/FreeRTOS/Source/tasks.c **** 
1492:Middlewares/Third_Party/FreeRTOS/Source/tasks.c **** 		return uxReturn;
1493:Middlewares/Third_Party/FreeRTOS/Source/tasks.c **** 	}
1494:Middlewares/Third_Party/FreeRTOS/Source/tasks.c **** 
1495:Middlewares/Third_Party/FreeRTOS/Source/tasks.c **** #endif /* INCLUDE_uxTaskPriorityGet */
1496:Middlewares/Third_Party/FreeRTOS/Source/tasks.c **** /*-----------------------------------------------------------*/
1497:Middlewares/Third_Party/FreeRTOS/Source/tasks.c **** 
1498:Middlewares/Third_Party/FreeRTOS/Source/tasks.c **** #if ( INCLUDE_uxTaskPriorityGet == 1 )
1499:Middlewares/Third_Party/FreeRTOS/Source/tasks.c **** 
1500:Middlewares/Third_Party/FreeRTOS/Source/tasks.c **** 	UBaseType_t uxTaskPriorityGetFromISR( const TaskHandle_t xTask )
1501:Middlewares/Third_Party/FreeRTOS/Source/tasks.c **** 	{
1502:Middlewares/Third_Party/FreeRTOS/Source/tasks.c **** 	TCB_t const *pxTCB;
1503:Middlewares/Third_Party/FreeRTOS/Source/tasks.c **** 	UBaseType_t uxReturn, uxSavedInterruptState;
1504:Middlewares/Third_Party/FreeRTOS/Source/tasks.c **** 
1505:Middlewares/Third_Party/FreeRTOS/Source/tasks.c **** 		/* RTOS ports that support interrupt nesting have the concept of a
1506:Middlewares/Third_Party/FreeRTOS/Source/tasks.c **** 		maximum	system call (or maximum API call) interrupt priority.
1507:Middlewares/Third_Party/FreeRTOS/Source/tasks.c **** 		Interrupts that are	above the maximum system call priority are keep
1508:Middlewares/Third_Party/FreeRTOS/Source/tasks.c **** 		permanently enabled, even when the RTOS kernel is in a critical section,
1509:Middlewares/Third_Party/FreeRTOS/Source/tasks.c **** 		but cannot make any calls to FreeRTOS API functions.  If configASSERT()
1510:Middlewares/Third_Party/FreeRTOS/Source/tasks.c **** 		is defined in FreeRTOSConfig.h then
1511:Middlewares/Third_Party/FreeRTOS/Source/tasks.c **** 		portASSERT_IF_INTERRUPT_PRIORITY_INVALID() will result in an assertion
1512:Middlewares/Third_Party/FreeRTOS/Source/tasks.c **** 		failure if a FreeRTOS API function is called from an interrupt that has
1513:Middlewares/Third_Party/FreeRTOS/Source/tasks.c **** 		been assigned a priority above the configured maximum system call
1514:Middlewares/Third_Party/FreeRTOS/Source/tasks.c **** 		priority.  Only FreeRTOS functions that end in FromISR can be called
ARM GAS  /tmp/ccV8B7BA.s 			page 28


1515:Middlewares/Third_Party/FreeRTOS/Source/tasks.c **** 		from interrupts	that have been assigned a priority at or (logically)
1516:Middlewares/Third_Party/FreeRTOS/Source/tasks.c **** 		below the maximum system call interrupt priority.  FreeRTOS maintains a
1517:Middlewares/Third_Party/FreeRTOS/Source/tasks.c **** 		separate interrupt safe API to ensure interrupt entry is as fast and as
1518:Middlewares/Third_Party/FreeRTOS/Source/tasks.c **** 		simple as possible.  More information (albeit Cortex-M specific) is
1519:Middlewares/Third_Party/FreeRTOS/Source/tasks.c **** 		provided on the following link:
1520:Middlewares/Third_Party/FreeRTOS/Source/tasks.c **** 		https://www.freertos.org/RTOS-Cortex-M3-M4.html */
1521:Middlewares/Third_Party/FreeRTOS/Source/tasks.c **** 		portASSERT_IF_INTERRUPT_PRIORITY_INVALID();
1522:Middlewares/Third_Party/FreeRTOS/Source/tasks.c **** 
1523:Middlewares/Third_Party/FreeRTOS/Source/tasks.c **** 		uxSavedInterruptState = portSET_INTERRUPT_MASK_FROM_ISR();
1524:Middlewares/Third_Party/FreeRTOS/Source/tasks.c **** 		{
1525:Middlewares/Third_Party/FreeRTOS/Source/tasks.c **** 			/* If null is passed in here then it is the priority of the calling
1526:Middlewares/Third_Party/FreeRTOS/Source/tasks.c **** 			task that is being queried. */
1527:Middlewares/Third_Party/FreeRTOS/Source/tasks.c **** 			pxTCB = prvGetTCBFromHandle( xTask );
1528:Middlewares/Third_Party/FreeRTOS/Source/tasks.c **** 			uxReturn = pxTCB->uxPriority;
1529:Middlewares/Third_Party/FreeRTOS/Source/tasks.c **** 		}
1530:Middlewares/Third_Party/FreeRTOS/Source/tasks.c **** 		portCLEAR_INTERRUPT_MASK_FROM_ISR( uxSavedInterruptState );
1531:Middlewares/Third_Party/FreeRTOS/Source/tasks.c **** 
1532:Middlewares/Third_Party/FreeRTOS/Source/tasks.c **** 		return uxReturn;
1533:Middlewares/Third_Party/FreeRTOS/Source/tasks.c **** 	}
1534:Middlewares/Third_Party/FreeRTOS/Source/tasks.c **** 
1535:Middlewares/Third_Party/FreeRTOS/Source/tasks.c **** #endif /* INCLUDE_uxTaskPriorityGet */
1536:Middlewares/Third_Party/FreeRTOS/Source/tasks.c **** /*-----------------------------------------------------------*/
1537:Middlewares/Third_Party/FreeRTOS/Source/tasks.c **** 
1538:Middlewares/Third_Party/FreeRTOS/Source/tasks.c **** #if ( INCLUDE_vTaskPrioritySet == 1 )
1539:Middlewares/Third_Party/FreeRTOS/Source/tasks.c **** 
1540:Middlewares/Third_Party/FreeRTOS/Source/tasks.c **** 	void vTaskPrioritySet( TaskHandle_t xTask, UBaseType_t uxNewPriority )
1541:Middlewares/Third_Party/FreeRTOS/Source/tasks.c **** 	{
1542:Middlewares/Third_Party/FreeRTOS/Source/tasks.c **** 	TCB_t *pxTCB;
1543:Middlewares/Third_Party/FreeRTOS/Source/tasks.c **** 	UBaseType_t uxCurrentBasePriority, uxPriorityUsedOnEntry;
1544:Middlewares/Third_Party/FreeRTOS/Source/tasks.c **** 	BaseType_t xYieldRequired = pdFALSE;
1545:Middlewares/Third_Party/FreeRTOS/Source/tasks.c **** 
1546:Middlewares/Third_Party/FreeRTOS/Source/tasks.c **** 		configASSERT( ( uxNewPriority < configMAX_PRIORITIES ) );
1547:Middlewares/Third_Party/FreeRTOS/Source/tasks.c **** 
1548:Middlewares/Third_Party/FreeRTOS/Source/tasks.c **** 		/* Ensure the new priority is valid. */
1549:Middlewares/Third_Party/FreeRTOS/Source/tasks.c **** 		if( uxNewPriority >= ( UBaseType_t ) configMAX_PRIORITIES )
1550:Middlewares/Third_Party/FreeRTOS/Source/tasks.c **** 		{
1551:Middlewares/Third_Party/FreeRTOS/Source/tasks.c **** 			uxNewPriority = ( UBaseType_t ) configMAX_PRIORITIES - ( UBaseType_t ) 1U;
1552:Middlewares/Third_Party/FreeRTOS/Source/tasks.c **** 		}
1553:Middlewares/Third_Party/FreeRTOS/Source/tasks.c **** 		else
1554:Middlewares/Third_Party/FreeRTOS/Source/tasks.c **** 		{
1555:Middlewares/Third_Party/FreeRTOS/Source/tasks.c **** 			mtCOVERAGE_TEST_MARKER();
1556:Middlewares/Third_Party/FreeRTOS/Source/tasks.c **** 		}
1557:Middlewares/Third_Party/FreeRTOS/Source/tasks.c **** 
1558:Middlewares/Third_Party/FreeRTOS/Source/tasks.c **** 		taskENTER_CRITICAL();
1559:Middlewares/Third_Party/FreeRTOS/Source/tasks.c **** 		{
1560:Middlewares/Third_Party/FreeRTOS/Source/tasks.c **** 			/* If null is passed in here then it is the priority of the calling
1561:Middlewares/Third_Party/FreeRTOS/Source/tasks.c **** 			task that is being changed. */
1562:Middlewares/Third_Party/FreeRTOS/Source/tasks.c **** 			pxTCB = prvGetTCBFromHandle( xTask );
1563:Middlewares/Third_Party/FreeRTOS/Source/tasks.c **** 
1564:Middlewares/Third_Party/FreeRTOS/Source/tasks.c **** 			traceTASK_PRIORITY_SET( pxTCB, uxNewPriority );
1565:Middlewares/Third_Party/FreeRTOS/Source/tasks.c **** 
1566:Middlewares/Third_Party/FreeRTOS/Source/tasks.c **** 			#if ( configUSE_MUTEXES == 1 )
1567:Middlewares/Third_Party/FreeRTOS/Source/tasks.c **** 			{
1568:Middlewares/Third_Party/FreeRTOS/Source/tasks.c **** 				uxCurrentBasePriority = pxTCB->uxBasePriority;
1569:Middlewares/Third_Party/FreeRTOS/Source/tasks.c **** 			}
1570:Middlewares/Third_Party/FreeRTOS/Source/tasks.c **** 			#else
1571:Middlewares/Third_Party/FreeRTOS/Source/tasks.c **** 			{
ARM GAS  /tmp/ccV8B7BA.s 			page 29


1572:Middlewares/Third_Party/FreeRTOS/Source/tasks.c **** 				uxCurrentBasePriority = pxTCB->uxPriority;
1573:Middlewares/Third_Party/FreeRTOS/Source/tasks.c **** 			}
1574:Middlewares/Third_Party/FreeRTOS/Source/tasks.c **** 			#endif
1575:Middlewares/Third_Party/FreeRTOS/Source/tasks.c **** 
1576:Middlewares/Third_Party/FreeRTOS/Source/tasks.c **** 			if( uxCurrentBasePriority != uxNewPriority )
1577:Middlewares/Third_Party/FreeRTOS/Source/tasks.c **** 			{
1578:Middlewares/Third_Party/FreeRTOS/Source/tasks.c **** 				/* The priority change may have readied a task of higher
1579:Middlewares/Third_Party/FreeRTOS/Source/tasks.c **** 				priority than the calling task. */
1580:Middlewares/Third_Party/FreeRTOS/Source/tasks.c **** 				if( uxNewPriority > uxCurrentBasePriority )
1581:Middlewares/Third_Party/FreeRTOS/Source/tasks.c **** 				{
1582:Middlewares/Third_Party/FreeRTOS/Source/tasks.c **** 					if( pxTCB != pxCurrentTCB )
1583:Middlewares/Third_Party/FreeRTOS/Source/tasks.c **** 					{
1584:Middlewares/Third_Party/FreeRTOS/Source/tasks.c **** 						/* The priority of a task other than the currently
1585:Middlewares/Third_Party/FreeRTOS/Source/tasks.c **** 						running task is being raised.  Is the priority being
1586:Middlewares/Third_Party/FreeRTOS/Source/tasks.c **** 						raised above that of the running task? */
1587:Middlewares/Third_Party/FreeRTOS/Source/tasks.c **** 						if( uxNewPriority >= pxCurrentTCB->uxPriority )
1588:Middlewares/Third_Party/FreeRTOS/Source/tasks.c **** 						{
1589:Middlewares/Third_Party/FreeRTOS/Source/tasks.c **** 							xYieldRequired = pdTRUE;
1590:Middlewares/Third_Party/FreeRTOS/Source/tasks.c **** 						}
1591:Middlewares/Third_Party/FreeRTOS/Source/tasks.c **** 						else
1592:Middlewares/Third_Party/FreeRTOS/Source/tasks.c **** 						{
1593:Middlewares/Third_Party/FreeRTOS/Source/tasks.c **** 							mtCOVERAGE_TEST_MARKER();
1594:Middlewares/Third_Party/FreeRTOS/Source/tasks.c **** 						}
1595:Middlewares/Third_Party/FreeRTOS/Source/tasks.c **** 					}
1596:Middlewares/Third_Party/FreeRTOS/Source/tasks.c **** 					else
1597:Middlewares/Third_Party/FreeRTOS/Source/tasks.c **** 					{
1598:Middlewares/Third_Party/FreeRTOS/Source/tasks.c **** 						/* The priority of the running task is being raised,
1599:Middlewares/Third_Party/FreeRTOS/Source/tasks.c **** 						but the running task must already be the highest
1600:Middlewares/Third_Party/FreeRTOS/Source/tasks.c **** 						priority task able to run so no yield is required. */
1601:Middlewares/Third_Party/FreeRTOS/Source/tasks.c **** 					}
1602:Middlewares/Third_Party/FreeRTOS/Source/tasks.c **** 				}
1603:Middlewares/Third_Party/FreeRTOS/Source/tasks.c **** 				else if( pxTCB == pxCurrentTCB )
1604:Middlewares/Third_Party/FreeRTOS/Source/tasks.c **** 				{
1605:Middlewares/Third_Party/FreeRTOS/Source/tasks.c **** 					/* Setting the priority of the running task down means
1606:Middlewares/Third_Party/FreeRTOS/Source/tasks.c **** 					there may now be another task of higher priority that
1607:Middlewares/Third_Party/FreeRTOS/Source/tasks.c **** 					is ready to execute. */
1608:Middlewares/Third_Party/FreeRTOS/Source/tasks.c **** 					xYieldRequired = pdTRUE;
1609:Middlewares/Third_Party/FreeRTOS/Source/tasks.c **** 				}
1610:Middlewares/Third_Party/FreeRTOS/Source/tasks.c **** 				else
1611:Middlewares/Third_Party/FreeRTOS/Source/tasks.c **** 				{
1612:Middlewares/Third_Party/FreeRTOS/Source/tasks.c **** 					/* Setting the priority of any other task down does not
1613:Middlewares/Third_Party/FreeRTOS/Source/tasks.c **** 					require a yield as the running task must be above the
1614:Middlewares/Third_Party/FreeRTOS/Source/tasks.c **** 					new priority of the task being modified. */
1615:Middlewares/Third_Party/FreeRTOS/Source/tasks.c **** 				}
1616:Middlewares/Third_Party/FreeRTOS/Source/tasks.c **** 
1617:Middlewares/Third_Party/FreeRTOS/Source/tasks.c **** 				/* Remember the ready list the task might be referenced from
1618:Middlewares/Third_Party/FreeRTOS/Source/tasks.c **** 				before its uxPriority member is changed so the
1619:Middlewares/Third_Party/FreeRTOS/Source/tasks.c **** 				taskRESET_READY_PRIORITY() macro can function correctly. */
1620:Middlewares/Third_Party/FreeRTOS/Source/tasks.c **** 				uxPriorityUsedOnEntry = pxTCB->uxPriority;
1621:Middlewares/Third_Party/FreeRTOS/Source/tasks.c **** 
1622:Middlewares/Third_Party/FreeRTOS/Source/tasks.c **** 				#if ( configUSE_MUTEXES == 1 )
1623:Middlewares/Third_Party/FreeRTOS/Source/tasks.c **** 				{
1624:Middlewares/Third_Party/FreeRTOS/Source/tasks.c **** 					/* Only change the priority being used if the task is not
1625:Middlewares/Third_Party/FreeRTOS/Source/tasks.c **** 					currently using an inherited priority. */
1626:Middlewares/Third_Party/FreeRTOS/Source/tasks.c **** 					if( pxTCB->uxBasePriority == pxTCB->uxPriority )
1627:Middlewares/Third_Party/FreeRTOS/Source/tasks.c **** 					{
1628:Middlewares/Third_Party/FreeRTOS/Source/tasks.c **** 						pxTCB->uxPriority = uxNewPriority;
ARM GAS  /tmp/ccV8B7BA.s 			page 30


1629:Middlewares/Third_Party/FreeRTOS/Source/tasks.c **** 					}
1630:Middlewares/Third_Party/FreeRTOS/Source/tasks.c **** 					else
1631:Middlewares/Third_Party/FreeRTOS/Source/tasks.c **** 					{
1632:Middlewares/Third_Party/FreeRTOS/Source/tasks.c **** 						mtCOVERAGE_TEST_MARKER();
1633:Middlewares/Third_Party/FreeRTOS/Source/tasks.c **** 					}
1634:Middlewares/Third_Party/FreeRTOS/Source/tasks.c **** 
1635:Middlewares/Third_Party/FreeRTOS/Source/tasks.c **** 					/* The base priority gets set whatever. */
1636:Middlewares/Third_Party/FreeRTOS/Source/tasks.c **** 					pxTCB->uxBasePriority = uxNewPriority;
1637:Middlewares/Third_Party/FreeRTOS/Source/tasks.c **** 				}
1638:Middlewares/Third_Party/FreeRTOS/Source/tasks.c **** 				#else
1639:Middlewares/Third_Party/FreeRTOS/Source/tasks.c **** 				{
1640:Middlewares/Third_Party/FreeRTOS/Source/tasks.c **** 					pxTCB->uxPriority = uxNewPriority;
1641:Middlewares/Third_Party/FreeRTOS/Source/tasks.c **** 				}
1642:Middlewares/Third_Party/FreeRTOS/Source/tasks.c **** 				#endif
1643:Middlewares/Third_Party/FreeRTOS/Source/tasks.c **** 
1644:Middlewares/Third_Party/FreeRTOS/Source/tasks.c **** 				/* Only reset the event list item value if the value is not
1645:Middlewares/Third_Party/FreeRTOS/Source/tasks.c **** 				being used for anything else. */
1646:Middlewares/Third_Party/FreeRTOS/Source/tasks.c **** 				if( ( listGET_LIST_ITEM_VALUE( &( pxTCB->xEventListItem ) ) & taskEVENT_LIST_ITEM_VALUE_IN_USE 
1647:Middlewares/Third_Party/FreeRTOS/Source/tasks.c **** 				{
1648:Middlewares/Third_Party/FreeRTOS/Source/tasks.c **** 					listSET_LIST_ITEM_VALUE( &( pxTCB->xEventListItem ), ( ( TickType_t ) configMAX_PRIORITIES - (
1649:Middlewares/Third_Party/FreeRTOS/Source/tasks.c **** 				}
1650:Middlewares/Third_Party/FreeRTOS/Source/tasks.c **** 				else
1651:Middlewares/Third_Party/FreeRTOS/Source/tasks.c **** 				{
1652:Middlewares/Third_Party/FreeRTOS/Source/tasks.c **** 					mtCOVERAGE_TEST_MARKER();
1653:Middlewares/Third_Party/FreeRTOS/Source/tasks.c **** 				}
1654:Middlewares/Third_Party/FreeRTOS/Source/tasks.c **** 
1655:Middlewares/Third_Party/FreeRTOS/Source/tasks.c **** 				/* If the task is in the blocked or suspended list we need do
1656:Middlewares/Third_Party/FreeRTOS/Source/tasks.c **** 				nothing more than change its priority variable. However, if
1657:Middlewares/Third_Party/FreeRTOS/Source/tasks.c **** 				the task is in a ready list it needs to be removed and placed
1658:Middlewares/Third_Party/FreeRTOS/Source/tasks.c **** 				in the list appropriate to its new priority. */
1659:Middlewares/Third_Party/FreeRTOS/Source/tasks.c **** 				if( listIS_CONTAINED_WITHIN( &( pxReadyTasksLists[ uxPriorityUsedOnEntry ] ), &( pxTCB->xStateL
1660:Middlewares/Third_Party/FreeRTOS/Source/tasks.c **** 				{
1661:Middlewares/Third_Party/FreeRTOS/Source/tasks.c **** 					/* The task is currently in its ready list - remove before
1662:Middlewares/Third_Party/FreeRTOS/Source/tasks.c **** 					adding it to it's new ready list.  As we are in a critical
1663:Middlewares/Third_Party/FreeRTOS/Source/tasks.c **** 					section we can do this even if the scheduler is suspended. */
1664:Middlewares/Third_Party/FreeRTOS/Source/tasks.c **** 					if( uxListRemove( &( pxTCB->xStateListItem ) ) == ( UBaseType_t ) 0 )
1665:Middlewares/Third_Party/FreeRTOS/Source/tasks.c **** 					{
1666:Middlewares/Third_Party/FreeRTOS/Source/tasks.c **** 						/* It is known that the task is in its ready list so
1667:Middlewares/Third_Party/FreeRTOS/Source/tasks.c **** 						there is no need to check again and the port level
1668:Middlewares/Third_Party/FreeRTOS/Source/tasks.c **** 						reset macro can be called directly. */
1669:Middlewares/Third_Party/FreeRTOS/Source/tasks.c **** 						portRESET_READY_PRIORITY( uxPriorityUsedOnEntry, uxTopReadyPriority );
1670:Middlewares/Third_Party/FreeRTOS/Source/tasks.c **** 					}
1671:Middlewares/Third_Party/FreeRTOS/Source/tasks.c **** 					else
1672:Middlewares/Third_Party/FreeRTOS/Source/tasks.c **** 					{
1673:Middlewares/Third_Party/FreeRTOS/Source/tasks.c **** 						mtCOVERAGE_TEST_MARKER();
1674:Middlewares/Third_Party/FreeRTOS/Source/tasks.c **** 					}
1675:Middlewares/Third_Party/FreeRTOS/Source/tasks.c **** 					prvAddTaskToReadyList( pxTCB );
1676:Middlewares/Third_Party/FreeRTOS/Source/tasks.c **** 				}
1677:Middlewares/Third_Party/FreeRTOS/Source/tasks.c **** 				else
1678:Middlewares/Third_Party/FreeRTOS/Source/tasks.c **** 				{
1679:Middlewares/Third_Party/FreeRTOS/Source/tasks.c **** 					mtCOVERAGE_TEST_MARKER();
1680:Middlewares/Third_Party/FreeRTOS/Source/tasks.c **** 				}
1681:Middlewares/Third_Party/FreeRTOS/Source/tasks.c **** 
1682:Middlewares/Third_Party/FreeRTOS/Source/tasks.c **** 				if( xYieldRequired != pdFALSE )
1683:Middlewares/Third_Party/FreeRTOS/Source/tasks.c **** 				{
1684:Middlewares/Third_Party/FreeRTOS/Source/tasks.c **** 					taskYIELD_IF_USING_PREEMPTION();
1685:Middlewares/Third_Party/FreeRTOS/Source/tasks.c **** 				}
ARM GAS  /tmp/ccV8B7BA.s 			page 31


1686:Middlewares/Third_Party/FreeRTOS/Source/tasks.c **** 				else
1687:Middlewares/Third_Party/FreeRTOS/Source/tasks.c **** 				{
1688:Middlewares/Third_Party/FreeRTOS/Source/tasks.c **** 					mtCOVERAGE_TEST_MARKER();
1689:Middlewares/Third_Party/FreeRTOS/Source/tasks.c **** 				}
1690:Middlewares/Third_Party/FreeRTOS/Source/tasks.c **** 
1691:Middlewares/Third_Party/FreeRTOS/Source/tasks.c **** 				/* Remove compiler warning about unused variables when the port
1692:Middlewares/Third_Party/FreeRTOS/Source/tasks.c **** 				optimised task selection is not being used. */
1693:Middlewares/Third_Party/FreeRTOS/Source/tasks.c **** 				( void ) uxPriorityUsedOnEntry;
1694:Middlewares/Third_Party/FreeRTOS/Source/tasks.c **** 			}
1695:Middlewares/Third_Party/FreeRTOS/Source/tasks.c **** 		}
1696:Middlewares/Third_Party/FreeRTOS/Source/tasks.c **** 		taskEXIT_CRITICAL();
1697:Middlewares/Third_Party/FreeRTOS/Source/tasks.c **** 	}
1698:Middlewares/Third_Party/FreeRTOS/Source/tasks.c **** 
1699:Middlewares/Third_Party/FreeRTOS/Source/tasks.c **** #endif /* INCLUDE_vTaskPrioritySet */
1700:Middlewares/Third_Party/FreeRTOS/Source/tasks.c **** /*-----------------------------------------------------------*/
1701:Middlewares/Third_Party/FreeRTOS/Source/tasks.c **** 
1702:Middlewares/Third_Party/FreeRTOS/Source/tasks.c **** #if ( INCLUDE_vTaskSuspend == 1 )
1703:Middlewares/Third_Party/FreeRTOS/Source/tasks.c **** 
1704:Middlewares/Third_Party/FreeRTOS/Source/tasks.c **** 	void vTaskSuspend( TaskHandle_t xTaskToSuspend )
1705:Middlewares/Third_Party/FreeRTOS/Source/tasks.c **** 	{
1706:Middlewares/Third_Party/FreeRTOS/Source/tasks.c **** 	TCB_t *pxTCB;
1707:Middlewares/Third_Party/FreeRTOS/Source/tasks.c **** 
1708:Middlewares/Third_Party/FreeRTOS/Source/tasks.c **** 		taskENTER_CRITICAL();
1709:Middlewares/Third_Party/FreeRTOS/Source/tasks.c **** 		{
1710:Middlewares/Third_Party/FreeRTOS/Source/tasks.c **** 			/* If null is passed in here then it is the running task that is
1711:Middlewares/Third_Party/FreeRTOS/Source/tasks.c **** 			being suspended. */
1712:Middlewares/Third_Party/FreeRTOS/Source/tasks.c **** 			pxTCB = prvGetTCBFromHandle( xTaskToSuspend );
1713:Middlewares/Third_Party/FreeRTOS/Source/tasks.c **** 
1714:Middlewares/Third_Party/FreeRTOS/Source/tasks.c **** 			traceTASK_SUSPEND( pxTCB );
1715:Middlewares/Third_Party/FreeRTOS/Source/tasks.c **** 
1716:Middlewares/Third_Party/FreeRTOS/Source/tasks.c **** 			/* Remove task from the ready/delayed list and place in the
1717:Middlewares/Third_Party/FreeRTOS/Source/tasks.c **** 			suspended list. */
1718:Middlewares/Third_Party/FreeRTOS/Source/tasks.c **** 			if( uxListRemove( &( pxTCB->xStateListItem ) ) == ( UBaseType_t ) 0 )
1719:Middlewares/Third_Party/FreeRTOS/Source/tasks.c **** 			{
1720:Middlewares/Third_Party/FreeRTOS/Source/tasks.c **** 				taskRESET_READY_PRIORITY( pxTCB->uxPriority );
1721:Middlewares/Third_Party/FreeRTOS/Source/tasks.c **** 			}
1722:Middlewares/Third_Party/FreeRTOS/Source/tasks.c **** 			else
1723:Middlewares/Third_Party/FreeRTOS/Source/tasks.c **** 			{
1724:Middlewares/Third_Party/FreeRTOS/Source/tasks.c **** 				mtCOVERAGE_TEST_MARKER();
1725:Middlewares/Third_Party/FreeRTOS/Source/tasks.c **** 			}
1726:Middlewares/Third_Party/FreeRTOS/Source/tasks.c **** 
1727:Middlewares/Third_Party/FreeRTOS/Source/tasks.c **** 			/* Is the task waiting on an event also? */
1728:Middlewares/Third_Party/FreeRTOS/Source/tasks.c **** 			if( listLIST_ITEM_CONTAINER( &( pxTCB->xEventListItem ) ) != NULL )
1729:Middlewares/Third_Party/FreeRTOS/Source/tasks.c **** 			{
1730:Middlewares/Third_Party/FreeRTOS/Source/tasks.c **** 				( void ) uxListRemove( &( pxTCB->xEventListItem ) );
1731:Middlewares/Third_Party/FreeRTOS/Source/tasks.c **** 			}
1732:Middlewares/Third_Party/FreeRTOS/Source/tasks.c **** 			else
1733:Middlewares/Third_Party/FreeRTOS/Source/tasks.c **** 			{
1734:Middlewares/Third_Party/FreeRTOS/Source/tasks.c **** 				mtCOVERAGE_TEST_MARKER();
1735:Middlewares/Third_Party/FreeRTOS/Source/tasks.c **** 			}
1736:Middlewares/Third_Party/FreeRTOS/Source/tasks.c **** 
1737:Middlewares/Third_Party/FreeRTOS/Source/tasks.c **** 			vListInsertEnd( &xSuspendedTaskList, &( pxTCB->xStateListItem ) );
1738:Middlewares/Third_Party/FreeRTOS/Source/tasks.c **** 
1739:Middlewares/Third_Party/FreeRTOS/Source/tasks.c **** 			#if( configUSE_TASK_NOTIFICATIONS == 1 )
1740:Middlewares/Third_Party/FreeRTOS/Source/tasks.c **** 			{
1741:Middlewares/Third_Party/FreeRTOS/Source/tasks.c **** 				if( pxTCB->ucNotifyState == taskWAITING_NOTIFICATION )
1742:Middlewares/Third_Party/FreeRTOS/Source/tasks.c **** 				{
ARM GAS  /tmp/ccV8B7BA.s 			page 32


1743:Middlewares/Third_Party/FreeRTOS/Source/tasks.c **** 					/* The task was blocked to wait for a notification, but is
1744:Middlewares/Third_Party/FreeRTOS/Source/tasks.c **** 					now suspended, so no notification was received. */
1745:Middlewares/Third_Party/FreeRTOS/Source/tasks.c **** 					pxTCB->ucNotifyState = taskNOT_WAITING_NOTIFICATION;
1746:Middlewares/Third_Party/FreeRTOS/Source/tasks.c **** 				}
1747:Middlewares/Third_Party/FreeRTOS/Source/tasks.c **** 			}
1748:Middlewares/Third_Party/FreeRTOS/Source/tasks.c **** 			#endif
1749:Middlewares/Third_Party/FreeRTOS/Source/tasks.c **** 		}
1750:Middlewares/Third_Party/FreeRTOS/Source/tasks.c **** 		taskEXIT_CRITICAL();
1751:Middlewares/Third_Party/FreeRTOS/Source/tasks.c **** 
1752:Middlewares/Third_Party/FreeRTOS/Source/tasks.c **** 		if( xSchedulerRunning != pdFALSE )
1753:Middlewares/Third_Party/FreeRTOS/Source/tasks.c **** 		{
1754:Middlewares/Third_Party/FreeRTOS/Source/tasks.c **** 			/* Reset the next expected unblock time in case it referred to the
1755:Middlewares/Third_Party/FreeRTOS/Source/tasks.c **** 			task that is now in the Suspended state. */
1756:Middlewares/Third_Party/FreeRTOS/Source/tasks.c **** 			taskENTER_CRITICAL();
1757:Middlewares/Third_Party/FreeRTOS/Source/tasks.c **** 			{
1758:Middlewares/Third_Party/FreeRTOS/Source/tasks.c **** 				prvResetNextTaskUnblockTime();
1759:Middlewares/Third_Party/FreeRTOS/Source/tasks.c **** 			}
1760:Middlewares/Third_Party/FreeRTOS/Source/tasks.c **** 			taskEXIT_CRITICAL();
1761:Middlewares/Third_Party/FreeRTOS/Source/tasks.c **** 		}
1762:Middlewares/Third_Party/FreeRTOS/Source/tasks.c **** 		else
1763:Middlewares/Third_Party/FreeRTOS/Source/tasks.c **** 		{
1764:Middlewares/Third_Party/FreeRTOS/Source/tasks.c **** 			mtCOVERAGE_TEST_MARKER();
1765:Middlewares/Third_Party/FreeRTOS/Source/tasks.c **** 		}
1766:Middlewares/Third_Party/FreeRTOS/Source/tasks.c **** 
1767:Middlewares/Third_Party/FreeRTOS/Source/tasks.c **** 		if( pxTCB == pxCurrentTCB )
1768:Middlewares/Third_Party/FreeRTOS/Source/tasks.c **** 		{
1769:Middlewares/Third_Party/FreeRTOS/Source/tasks.c **** 			if( xSchedulerRunning != pdFALSE )
1770:Middlewares/Third_Party/FreeRTOS/Source/tasks.c **** 			{
1771:Middlewares/Third_Party/FreeRTOS/Source/tasks.c **** 				/* The current task has just been suspended. */
1772:Middlewares/Third_Party/FreeRTOS/Source/tasks.c **** 				configASSERT( uxSchedulerSuspended == 0 );
1773:Middlewares/Third_Party/FreeRTOS/Source/tasks.c **** 				portYIELD_WITHIN_API();
1774:Middlewares/Third_Party/FreeRTOS/Source/tasks.c **** 			}
1775:Middlewares/Third_Party/FreeRTOS/Source/tasks.c **** 			else
1776:Middlewares/Third_Party/FreeRTOS/Source/tasks.c **** 			{
1777:Middlewares/Third_Party/FreeRTOS/Source/tasks.c **** 				/* The scheduler is not running, but the task that was pointed
1778:Middlewares/Third_Party/FreeRTOS/Source/tasks.c **** 				to by pxCurrentTCB has just been suspended and pxCurrentTCB
1779:Middlewares/Third_Party/FreeRTOS/Source/tasks.c **** 				must be adjusted to point to a different task. */
1780:Middlewares/Third_Party/FreeRTOS/Source/tasks.c **** 				if( listCURRENT_LIST_LENGTH( &xSuspendedTaskList ) == uxCurrentNumberOfTasks ) /*lint !e931 Rig
1781:Middlewares/Third_Party/FreeRTOS/Source/tasks.c **** 				{
1782:Middlewares/Third_Party/FreeRTOS/Source/tasks.c **** 					/* No other tasks are ready, so set pxCurrentTCB back to
1783:Middlewares/Third_Party/FreeRTOS/Source/tasks.c **** 					NULL so when the next task is created pxCurrentTCB will
1784:Middlewares/Third_Party/FreeRTOS/Source/tasks.c **** 					be set to point to it no matter what its relative priority
1785:Middlewares/Third_Party/FreeRTOS/Source/tasks.c **** 					is. */
1786:Middlewares/Third_Party/FreeRTOS/Source/tasks.c **** 					pxCurrentTCB = NULL;
1787:Middlewares/Third_Party/FreeRTOS/Source/tasks.c **** 				}
1788:Middlewares/Third_Party/FreeRTOS/Source/tasks.c **** 				else
1789:Middlewares/Third_Party/FreeRTOS/Source/tasks.c **** 				{
1790:Middlewares/Third_Party/FreeRTOS/Source/tasks.c **** 					vTaskSwitchContext();
1791:Middlewares/Third_Party/FreeRTOS/Source/tasks.c **** 				}
1792:Middlewares/Third_Party/FreeRTOS/Source/tasks.c **** 			}
1793:Middlewares/Third_Party/FreeRTOS/Source/tasks.c **** 		}
1794:Middlewares/Third_Party/FreeRTOS/Source/tasks.c **** 		else
1795:Middlewares/Third_Party/FreeRTOS/Source/tasks.c **** 		{
1796:Middlewares/Third_Party/FreeRTOS/Source/tasks.c **** 			mtCOVERAGE_TEST_MARKER();
1797:Middlewares/Third_Party/FreeRTOS/Source/tasks.c **** 		}
1798:Middlewares/Third_Party/FreeRTOS/Source/tasks.c **** 	}
1799:Middlewares/Third_Party/FreeRTOS/Source/tasks.c **** 
ARM GAS  /tmp/ccV8B7BA.s 			page 33


1800:Middlewares/Third_Party/FreeRTOS/Source/tasks.c **** #endif /* INCLUDE_vTaskSuspend */
1801:Middlewares/Third_Party/FreeRTOS/Source/tasks.c **** /*-----------------------------------------------------------*/
1802:Middlewares/Third_Party/FreeRTOS/Source/tasks.c **** 
1803:Middlewares/Third_Party/FreeRTOS/Source/tasks.c **** #if ( INCLUDE_vTaskSuspend == 1 )
1804:Middlewares/Third_Party/FreeRTOS/Source/tasks.c **** 
1805:Middlewares/Third_Party/FreeRTOS/Source/tasks.c **** 	static BaseType_t prvTaskIsTaskSuspended( const TaskHandle_t xTask )
1806:Middlewares/Third_Party/FreeRTOS/Source/tasks.c **** 	{
  27              		.loc 1 1806 2 view -0
  28              		.cfi_startproc
  29              		@ args = 0, pretend = 0, frame = 0
  30              		@ frame_needed = 0, uses_anonymous_args = 0
  31              		@ link register save eliminated.
1807:Middlewares/Third_Party/FreeRTOS/Source/tasks.c **** 	BaseType_t xReturn = pdFALSE;
  32              		.loc 1 1807 2 view .LVU1
1808:Middlewares/Third_Party/FreeRTOS/Source/tasks.c **** 	const TCB_t * const pxTCB = xTask;
  33              		.loc 1 1808 2 view .LVU2
1809:Middlewares/Third_Party/FreeRTOS/Source/tasks.c **** 
1810:Middlewares/Third_Party/FreeRTOS/Source/tasks.c **** 		/* Accesses xPendingReadyList so must be called from a critical
1811:Middlewares/Third_Party/FreeRTOS/Source/tasks.c **** 		section. */
1812:Middlewares/Third_Party/FreeRTOS/Source/tasks.c **** 
1813:Middlewares/Third_Party/FreeRTOS/Source/tasks.c **** 		/* It does not make sense to check if the calling task is suspended. */
1814:Middlewares/Third_Party/FreeRTOS/Source/tasks.c **** 		configASSERT( xTask );
  34              		.loc 1 1814 3 view .LVU3
  35 0000 28B1     		cbz	r0, .L8
  36              		.loc 1 1814 24 discriminator 2 view .LVU4
1815:Middlewares/Third_Party/FreeRTOS/Source/tasks.c **** 
1816:Middlewares/Third_Party/FreeRTOS/Source/tasks.c **** 		/* Is the task being resumed actually in the suspended list? */
1817:Middlewares/Third_Party/FreeRTOS/Source/tasks.c **** 		if( listIS_CONTAINED_WITHIN( &xSuspendedTaskList, &( pxTCB->xStateListItem ) ) != pdFALSE )
  37              		.loc 1 1817 3 view .LVU5
  38              		.loc 1 1817 7 is_stmt 0 view .LVU6
  39 0002 4169     		ldr	r1, [r0, #20]
  40              		.loc 1 1817 5 view .LVU7
  41 0004 0C4A     		ldr	r2, .L10
  42 0006 9142     		cmp	r1, r2
  43 0008 0AD0     		beq	.L9
1807:Middlewares/Third_Party/FreeRTOS/Source/tasks.c **** 	const TCB_t * const pxTCB = xTask;
  44              		.loc 1 1807 13 view .LVU8
  45 000a 0020     		movs	r0, #0
  46              	.LVL1:
1807:Middlewares/Third_Party/FreeRTOS/Source/tasks.c **** 	const TCB_t * const pxTCB = xTask;
  47              		.loc 1 1807 13 view .LVU9
  48 000c 7047     		bx	lr
  49              	.LVL2:
  50              	.L8:
1814:Middlewares/Third_Party/FreeRTOS/Source/tasks.c **** 
  51              		.loc 1 1814 3 is_stmt 1 discriminator 1 view .LVU10
  52              	.LBB119:
  53              	.LBI119:
  54              		.file 2 "Middlewares/Third_Party/FreeRTOS/Source/portable/GCC/ARM_CM3/portmacro.h"
   1:Middlewares/Third_Party/FreeRTOS/Source/portable/GCC/ARM_CM3/portmacro.h **** /*
   2:Middlewares/Third_Party/FreeRTOS/Source/portable/GCC/ARM_CM3/portmacro.h ****  * FreeRTOS Kernel V10.3.1
   3:Middlewares/Third_Party/FreeRTOS/Source/portable/GCC/ARM_CM3/portmacro.h ****  * Copyright (C) 2020 Amazon.com, Inc. or its affiliates.  All Rights Reserved.
   4:Middlewares/Third_Party/FreeRTOS/Source/portable/GCC/ARM_CM3/portmacro.h ****  *
   5:Middlewares/Third_Party/FreeRTOS/Source/portable/GCC/ARM_CM3/portmacro.h ****  * Permission is hereby granted, free of charge, to any person obtaining a copy of
   6:Middlewares/Third_Party/FreeRTOS/Source/portable/GCC/ARM_CM3/portmacro.h ****  * this software and associated documentation files (the "Software"), to deal in
   7:Middlewares/Third_Party/FreeRTOS/Source/portable/GCC/ARM_CM3/portmacro.h ****  * the Software without restriction, including without limitation the rights to
   8:Middlewares/Third_Party/FreeRTOS/Source/portable/GCC/ARM_CM3/portmacro.h ****  * use, copy, modify, merge, publish, distribute, sublicense, and/or sell copies of
ARM GAS  /tmp/ccV8B7BA.s 			page 34


   9:Middlewares/Third_Party/FreeRTOS/Source/portable/GCC/ARM_CM3/portmacro.h ****  * the Software, and to permit persons to whom the Software is furnished to do so,
  10:Middlewares/Third_Party/FreeRTOS/Source/portable/GCC/ARM_CM3/portmacro.h ****  * subject to the following conditions:
  11:Middlewares/Third_Party/FreeRTOS/Source/portable/GCC/ARM_CM3/portmacro.h ****  *
  12:Middlewares/Third_Party/FreeRTOS/Source/portable/GCC/ARM_CM3/portmacro.h ****  * The above copyright notice and this permission notice shall be included in all
  13:Middlewares/Third_Party/FreeRTOS/Source/portable/GCC/ARM_CM3/portmacro.h ****  * copies or substantial portions of the Software.
  14:Middlewares/Third_Party/FreeRTOS/Source/portable/GCC/ARM_CM3/portmacro.h ****  *
  15:Middlewares/Third_Party/FreeRTOS/Source/portable/GCC/ARM_CM3/portmacro.h ****  * THE SOFTWARE IS PROVIDED "AS IS", WITHOUT WARRANTY OF ANY KIND, EXPRESS OR
  16:Middlewares/Third_Party/FreeRTOS/Source/portable/GCC/ARM_CM3/portmacro.h ****  * IMPLIED, INCLUDING BUT NOT LIMITED TO THE WARRANTIES OF MERCHANTABILITY, FITNESS
  17:Middlewares/Third_Party/FreeRTOS/Source/portable/GCC/ARM_CM3/portmacro.h ****  * FOR A PARTICULAR PURPOSE AND NONINFRINGEMENT. IN NO EVENT SHALL THE AUTHORS OR
  18:Middlewares/Third_Party/FreeRTOS/Source/portable/GCC/ARM_CM3/portmacro.h ****  * COPYRIGHT HOLDERS BE LIABLE FOR ANY CLAIM, DAMAGES OR OTHER LIABILITY, WHETHER
  19:Middlewares/Third_Party/FreeRTOS/Source/portable/GCC/ARM_CM3/portmacro.h ****  * IN AN ACTION OF CONTRACT, TORT OR OTHERWISE, ARISING FROM, OUT OF OR IN
  20:Middlewares/Third_Party/FreeRTOS/Source/portable/GCC/ARM_CM3/portmacro.h ****  * CONNECTION WITH THE SOFTWARE OR THE USE OR OTHER DEALINGS IN THE SOFTWARE.
  21:Middlewares/Third_Party/FreeRTOS/Source/portable/GCC/ARM_CM3/portmacro.h ****  *
  22:Middlewares/Third_Party/FreeRTOS/Source/portable/GCC/ARM_CM3/portmacro.h ****  * http://www.FreeRTOS.org
  23:Middlewares/Third_Party/FreeRTOS/Source/portable/GCC/ARM_CM3/portmacro.h ****  * http://aws.amazon.com/freertos
  24:Middlewares/Third_Party/FreeRTOS/Source/portable/GCC/ARM_CM3/portmacro.h ****  *
  25:Middlewares/Third_Party/FreeRTOS/Source/portable/GCC/ARM_CM3/portmacro.h ****  * 1 tab == 4 spaces!
  26:Middlewares/Third_Party/FreeRTOS/Source/portable/GCC/ARM_CM3/portmacro.h ****  */
  27:Middlewares/Third_Party/FreeRTOS/Source/portable/GCC/ARM_CM3/portmacro.h **** 
  28:Middlewares/Third_Party/FreeRTOS/Source/portable/GCC/ARM_CM3/portmacro.h **** 
  29:Middlewares/Third_Party/FreeRTOS/Source/portable/GCC/ARM_CM3/portmacro.h **** #ifndef PORTMACRO_H
  30:Middlewares/Third_Party/FreeRTOS/Source/portable/GCC/ARM_CM3/portmacro.h **** #define PORTMACRO_H
  31:Middlewares/Third_Party/FreeRTOS/Source/portable/GCC/ARM_CM3/portmacro.h **** 
  32:Middlewares/Third_Party/FreeRTOS/Source/portable/GCC/ARM_CM3/portmacro.h **** #ifdef __cplusplus
  33:Middlewares/Third_Party/FreeRTOS/Source/portable/GCC/ARM_CM3/portmacro.h **** extern "C" {
  34:Middlewares/Third_Party/FreeRTOS/Source/portable/GCC/ARM_CM3/portmacro.h **** #endif
  35:Middlewares/Third_Party/FreeRTOS/Source/portable/GCC/ARM_CM3/portmacro.h **** 
  36:Middlewares/Third_Party/FreeRTOS/Source/portable/GCC/ARM_CM3/portmacro.h **** /*-----------------------------------------------------------
  37:Middlewares/Third_Party/FreeRTOS/Source/portable/GCC/ARM_CM3/portmacro.h ****  * Port specific definitions.
  38:Middlewares/Third_Party/FreeRTOS/Source/portable/GCC/ARM_CM3/portmacro.h ****  *
  39:Middlewares/Third_Party/FreeRTOS/Source/portable/GCC/ARM_CM3/portmacro.h ****  * The settings in this file configure FreeRTOS correctly for the
  40:Middlewares/Third_Party/FreeRTOS/Source/portable/GCC/ARM_CM3/portmacro.h ****  * given hardware and compiler.
  41:Middlewares/Third_Party/FreeRTOS/Source/portable/GCC/ARM_CM3/portmacro.h ****  *
  42:Middlewares/Third_Party/FreeRTOS/Source/portable/GCC/ARM_CM3/portmacro.h ****  * These settings should not be altered.
  43:Middlewares/Third_Party/FreeRTOS/Source/portable/GCC/ARM_CM3/portmacro.h ****  *-----------------------------------------------------------
  44:Middlewares/Third_Party/FreeRTOS/Source/portable/GCC/ARM_CM3/portmacro.h ****  */
  45:Middlewares/Third_Party/FreeRTOS/Source/portable/GCC/ARM_CM3/portmacro.h **** 
  46:Middlewares/Third_Party/FreeRTOS/Source/portable/GCC/ARM_CM3/portmacro.h **** /* Type definitions. */
  47:Middlewares/Third_Party/FreeRTOS/Source/portable/GCC/ARM_CM3/portmacro.h **** #define portCHAR		char
  48:Middlewares/Third_Party/FreeRTOS/Source/portable/GCC/ARM_CM3/portmacro.h **** #define portFLOAT		float
  49:Middlewares/Third_Party/FreeRTOS/Source/portable/GCC/ARM_CM3/portmacro.h **** #define portDOUBLE		double
  50:Middlewares/Third_Party/FreeRTOS/Source/portable/GCC/ARM_CM3/portmacro.h **** #define portLONG		long
  51:Middlewares/Third_Party/FreeRTOS/Source/portable/GCC/ARM_CM3/portmacro.h **** #define portSHORT		short
  52:Middlewares/Third_Party/FreeRTOS/Source/portable/GCC/ARM_CM3/portmacro.h **** #define portSTACK_TYPE	uint32_t
  53:Middlewares/Third_Party/FreeRTOS/Source/portable/GCC/ARM_CM3/portmacro.h **** #define portBASE_TYPE	long
  54:Middlewares/Third_Party/FreeRTOS/Source/portable/GCC/ARM_CM3/portmacro.h **** 
  55:Middlewares/Third_Party/FreeRTOS/Source/portable/GCC/ARM_CM3/portmacro.h **** typedef portSTACK_TYPE StackType_t;
  56:Middlewares/Third_Party/FreeRTOS/Source/portable/GCC/ARM_CM3/portmacro.h **** typedef long BaseType_t;
  57:Middlewares/Third_Party/FreeRTOS/Source/portable/GCC/ARM_CM3/portmacro.h **** typedef unsigned long UBaseType_t;
  58:Middlewares/Third_Party/FreeRTOS/Source/portable/GCC/ARM_CM3/portmacro.h **** 
  59:Middlewares/Third_Party/FreeRTOS/Source/portable/GCC/ARM_CM3/portmacro.h **** #if( configUSE_16_BIT_TICKS == 1 )
  60:Middlewares/Third_Party/FreeRTOS/Source/portable/GCC/ARM_CM3/portmacro.h **** 	typedef uint16_t TickType_t;
  61:Middlewares/Third_Party/FreeRTOS/Source/portable/GCC/ARM_CM3/portmacro.h **** 	#define portMAX_DELAY ( TickType_t ) 0xffff
  62:Middlewares/Third_Party/FreeRTOS/Source/portable/GCC/ARM_CM3/portmacro.h **** #else
  63:Middlewares/Third_Party/FreeRTOS/Source/portable/GCC/ARM_CM3/portmacro.h **** 	typedef uint32_t TickType_t;
  64:Middlewares/Third_Party/FreeRTOS/Source/portable/GCC/ARM_CM3/portmacro.h **** 	#define portMAX_DELAY ( TickType_t ) 0xffffffffUL
  65:Middlewares/Third_Party/FreeRTOS/Source/portable/GCC/ARM_CM3/portmacro.h **** 
ARM GAS  /tmp/ccV8B7BA.s 			page 35


  66:Middlewares/Third_Party/FreeRTOS/Source/portable/GCC/ARM_CM3/portmacro.h **** 	/* 32-bit tick type on a 32-bit architecture, so reads of the tick count do
  67:Middlewares/Third_Party/FreeRTOS/Source/portable/GCC/ARM_CM3/portmacro.h **** 	not need to be guarded with a critical section. */
  68:Middlewares/Third_Party/FreeRTOS/Source/portable/GCC/ARM_CM3/portmacro.h **** 	#define portTICK_TYPE_IS_ATOMIC 1
  69:Middlewares/Third_Party/FreeRTOS/Source/portable/GCC/ARM_CM3/portmacro.h **** #endif
  70:Middlewares/Third_Party/FreeRTOS/Source/portable/GCC/ARM_CM3/portmacro.h **** /*-----------------------------------------------------------*/
  71:Middlewares/Third_Party/FreeRTOS/Source/portable/GCC/ARM_CM3/portmacro.h **** 
  72:Middlewares/Third_Party/FreeRTOS/Source/portable/GCC/ARM_CM3/portmacro.h **** /* Architecture specifics. */
  73:Middlewares/Third_Party/FreeRTOS/Source/portable/GCC/ARM_CM3/portmacro.h **** #define portSTACK_GROWTH			( -1 )
  74:Middlewares/Third_Party/FreeRTOS/Source/portable/GCC/ARM_CM3/portmacro.h **** #define portTICK_PERIOD_MS			( ( TickType_t ) 1000 / configTICK_RATE_HZ )
  75:Middlewares/Third_Party/FreeRTOS/Source/portable/GCC/ARM_CM3/portmacro.h **** #define portBYTE_ALIGNMENT			8
  76:Middlewares/Third_Party/FreeRTOS/Source/portable/GCC/ARM_CM3/portmacro.h **** /*-----------------------------------------------------------*/
  77:Middlewares/Third_Party/FreeRTOS/Source/portable/GCC/ARM_CM3/portmacro.h **** 
  78:Middlewares/Third_Party/FreeRTOS/Source/portable/GCC/ARM_CM3/portmacro.h **** /* Scheduler utilities. */
  79:Middlewares/Third_Party/FreeRTOS/Source/portable/GCC/ARM_CM3/portmacro.h **** #define portYIELD() 															\
  80:Middlewares/Third_Party/FreeRTOS/Source/portable/GCC/ARM_CM3/portmacro.h **** {																				\
  81:Middlewares/Third_Party/FreeRTOS/Source/portable/GCC/ARM_CM3/portmacro.h **** 	/* Set a PendSV to request a context switch. */								\
  82:Middlewares/Third_Party/FreeRTOS/Source/portable/GCC/ARM_CM3/portmacro.h **** 	portNVIC_INT_CTRL_REG = portNVIC_PENDSVSET_BIT;								\
  83:Middlewares/Third_Party/FreeRTOS/Source/portable/GCC/ARM_CM3/portmacro.h **** 																				\
  84:Middlewares/Third_Party/FreeRTOS/Source/portable/GCC/ARM_CM3/portmacro.h **** 	/* Barriers are normally not required but do ensure the code is completely	\
  85:Middlewares/Third_Party/FreeRTOS/Source/portable/GCC/ARM_CM3/portmacro.h **** 	within the specified behaviour for the architecture. */						\
  86:Middlewares/Third_Party/FreeRTOS/Source/portable/GCC/ARM_CM3/portmacro.h **** 	__asm volatile( "dsb" ::: "memory" );										\
  87:Middlewares/Third_Party/FreeRTOS/Source/portable/GCC/ARM_CM3/portmacro.h **** 	__asm volatile( "isb" );													\
  88:Middlewares/Third_Party/FreeRTOS/Source/portable/GCC/ARM_CM3/portmacro.h **** }
  89:Middlewares/Third_Party/FreeRTOS/Source/portable/GCC/ARM_CM3/portmacro.h **** 
  90:Middlewares/Third_Party/FreeRTOS/Source/portable/GCC/ARM_CM3/portmacro.h **** #define portNVIC_INT_CTRL_REG		( * ( ( volatile uint32_t * ) 0xe000ed04 ) )
  91:Middlewares/Third_Party/FreeRTOS/Source/portable/GCC/ARM_CM3/portmacro.h **** #define portNVIC_PENDSVSET_BIT		( 1UL << 28UL )
  92:Middlewares/Third_Party/FreeRTOS/Source/portable/GCC/ARM_CM3/portmacro.h **** #define portEND_SWITCHING_ISR( xSwitchRequired ) if( xSwitchRequired != pdFALSE ) portYIELD()
  93:Middlewares/Third_Party/FreeRTOS/Source/portable/GCC/ARM_CM3/portmacro.h **** #define portYIELD_FROM_ISR( x ) portEND_SWITCHING_ISR( x )
  94:Middlewares/Third_Party/FreeRTOS/Source/portable/GCC/ARM_CM3/portmacro.h **** /*-----------------------------------------------------------*/
  95:Middlewares/Third_Party/FreeRTOS/Source/portable/GCC/ARM_CM3/portmacro.h **** 
  96:Middlewares/Third_Party/FreeRTOS/Source/portable/GCC/ARM_CM3/portmacro.h **** /* Critical section management. */
  97:Middlewares/Third_Party/FreeRTOS/Source/portable/GCC/ARM_CM3/portmacro.h **** extern void vPortEnterCritical( void );
  98:Middlewares/Third_Party/FreeRTOS/Source/portable/GCC/ARM_CM3/portmacro.h **** extern void vPortExitCritical( void );
  99:Middlewares/Third_Party/FreeRTOS/Source/portable/GCC/ARM_CM3/portmacro.h **** #define portSET_INTERRUPT_MASK_FROM_ISR()		ulPortRaiseBASEPRI()
 100:Middlewares/Third_Party/FreeRTOS/Source/portable/GCC/ARM_CM3/portmacro.h **** #define portCLEAR_INTERRUPT_MASK_FROM_ISR(x)	vPortSetBASEPRI(x)
 101:Middlewares/Third_Party/FreeRTOS/Source/portable/GCC/ARM_CM3/portmacro.h **** #define portDISABLE_INTERRUPTS()				vPortRaiseBASEPRI()
 102:Middlewares/Third_Party/FreeRTOS/Source/portable/GCC/ARM_CM3/portmacro.h **** #define portENABLE_INTERRUPTS()					vPortSetBASEPRI(0)
 103:Middlewares/Third_Party/FreeRTOS/Source/portable/GCC/ARM_CM3/portmacro.h **** #define portENTER_CRITICAL()					vPortEnterCritical()
 104:Middlewares/Third_Party/FreeRTOS/Source/portable/GCC/ARM_CM3/portmacro.h **** #define portEXIT_CRITICAL()						vPortExitCritical()
 105:Middlewares/Third_Party/FreeRTOS/Source/portable/GCC/ARM_CM3/portmacro.h **** 
 106:Middlewares/Third_Party/FreeRTOS/Source/portable/GCC/ARM_CM3/portmacro.h **** /*-----------------------------------------------------------*/
 107:Middlewares/Third_Party/FreeRTOS/Source/portable/GCC/ARM_CM3/portmacro.h **** 
 108:Middlewares/Third_Party/FreeRTOS/Source/portable/GCC/ARM_CM3/portmacro.h **** /* Task function macros as described on the FreeRTOS.org WEB site.  These are
 109:Middlewares/Third_Party/FreeRTOS/Source/portable/GCC/ARM_CM3/portmacro.h **** not necessary for to use this port.  They are defined so the common demo files
 110:Middlewares/Third_Party/FreeRTOS/Source/portable/GCC/ARM_CM3/portmacro.h **** (which build with all the ports) will build. */
 111:Middlewares/Third_Party/FreeRTOS/Source/portable/GCC/ARM_CM3/portmacro.h **** #define portTASK_FUNCTION_PROTO( vFunction, pvParameters ) void vFunction( void *pvParameters )
 112:Middlewares/Third_Party/FreeRTOS/Source/portable/GCC/ARM_CM3/portmacro.h **** #define portTASK_FUNCTION( vFunction, pvParameters ) void vFunction( void *pvParameters )
 113:Middlewares/Third_Party/FreeRTOS/Source/portable/GCC/ARM_CM3/portmacro.h **** /*-----------------------------------------------------------*/
 114:Middlewares/Third_Party/FreeRTOS/Source/portable/GCC/ARM_CM3/portmacro.h **** 
 115:Middlewares/Third_Party/FreeRTOS/Source/portable/GCC/ARM_CM3/portmacro.h **** /* Tickless idle/low power functionality. */
 116:Middlewares/Third_Party/FreeRTOS/Source/portable/GCC/ARM_CM3/portmacro.h **** #ifndef portSUPPRESS_TICKS_AND_SLEEP
 117:Middlewares/Third_Party/FreeRTOS/Source/portable/GCC/ARM_CM3/portmacro.h **** 	extern void vPortSuppressTicksAndSleep( TickType_t xExpectedIdleTime );
 118:Middlewares/Third_Party/FreeRTOS/Source/portable/GCC/ARM_CM3/portmacro.h **** 	#define portSUPPRESS_TICKS_AND_SLEEP( xExpectedIdleTime ) vPortSuppressTicksAndSleep( xExpectedIdl
 119:Middlewares/Third_Party/FreeRTOS/Source/portable/GCC/ARM_CM3/portmacro.h **** #endif
 120:Middlewares/Third_Party/FreeRTOS/Source/portable/GCC/ARM_CM3/portmacro.h **** /*-----------------------------------------------------------*/
 121:Middlewares/Third_Party/FreeRTOS/Source/portable/GCC/ARM_CM3/portmacro.h **** 
 122:Middlewares/Third_Party/FreeRTOS/Source/portable/GCC/ARM_CM3/portmacro.h **** /* Architecture specific optimisations. */
ARM GAS  /tmp/ccV8B7BA.s 			page 36


 123:Middlewares/Third_Party/FreeRTOS/Source/portable/GCC/ARM_CM3/portmacro.h **** #ifndef configUSE_PORT_OPTIMISED_TASK_SELECTION
 124:Middlewares/Third_Party/FreeRTOS/Source/portable/GCC/ARM_CM3/portmacro.h **** 	#define configUSE_PORT_OPTIMISED_TASK_SELECTION 1
 125:Middlewares/Third_Party/FreeRTOS/Source/portable/GCC/ARM_CM3/portmacro.h **** #endif
 126:Middlewares/Third_Party/FreeRTOS/Source/portable/GCC/ARM_CM3/portmacro.h **** 
 127:Middlewares/Third_Party/FreeRTOS/Source/portable/GCC/ARM_CM3/portmacro.h **** #if configUSE_PORT_OPTIMISED_TASK_SELECTION == 1
 128:Middlewares/Third_Party/FreeRTOS/Source/portable/GCC/ARM_CM3/portmacro.h **** 
 129:Middlewares/Third_Party/FreeRTOS/Source/portable/GCC/ARM_CM3/portmacro.h **** 	/* Generic helper function. */
 130:Middlewares/Third_Party/FreeRTOS/Source/portable/GCC/ARM_CM3/portmacro.h **** 	__attribute__( ( always_inline ) ) static inline uint8_t ucPortCountLeadingZeros( uint32_t ulBitma
 131:Middlewares/Third_Party/FreeRTOS/Source/portable/GCC/ARM_CM3/portmacro.h **** 	{
 132:Middlewares/Third_Party/FreeRTOS/Source/portable/GCC/ARM_CM3/portmacro.h **** 	uint8_t ucReturn;
 133:Middlewares/Third_Party/FreeRTOS/Source/portable/GCC/ARM_CM3/portmacro.h **** 
 134:Middlewares/Third_Party/FreeRTOS/Source/portable/GCC/ARM_CM3/portmacro.h **** 		__asm volatile ( "clz %0, %1" : "=r" ( ucReturn ) : "r" ( ulBitmap ) : "memory" );
 135:Middlewares/Third_Party/FreeRTOS/Source/portable/GCC/ARM_CM3/portmacro.h **** 		return ucReturn;
 136:Middlewares/Third_Party/FreeRTOS/Source/portable/GCC/ARM_CM3/portmacro.h **** 	}
 137:Middlewares/Third_Party/FreeRTOS/Source/portable/GCC/ARM_CM3/portmacro.h **** 
 138:Middlewares/Third_Party/FreeRTOS/Source/portable/GCC/ARM_CM3/portmacro.h **** 	/* Check the configuration. */
 139:Middlewares/Third_Party/FreeRTOS/Source/portable/GCC/ARM_CM3/portmacro.h **** 	#if( configMAX_PRIORITIES > 32 )
 140:Middlewares/Third_Party/FreeRTOS/Source/portable/GCC/ARM_CM3/portmacro.h **** 		#error configUSE_PORT_OPTIMISED_TASK_SELECTION can only be set to 1 when configMAX_PRIORITIES is 
 141:Middlewares/Third_Party/FreeRTOS/Source/portable/GCC/ARM_CM3/portmacro.h **** 	#endif
 142:Middlewares/Third_Party/FreeRTOS/Source/portable/GCC/ARM_CM3/portmacro.h **** 
 143:Middlewares/Third_Party/FreeRTOS/Source/portable/GCC/ARM_CM3/portmacro.h **** 	/* Store/clear the ready priorities in a bit map. */
 144:Middlewares/Third_Party/FreeRTOS/Source/portable/GCC/ARM_CM3/portmacro.h **** 	#define portRECORD_READY_PRIORITY( uxPriority, uxReadyPriorities ) ( uxReadyPriorities ) |= ( 1UL 
 145:Middlewares/Third_Party/FreeRTOS/Source/portable/GCC/ARM_CM3/portmacro.h **** 	#define portRESET_READY_PRIORITY( uxPriority, uxReadyPriorities ) ( uxReadyPriorities ) &= ~( 1UL 
 146:Middlewares/Third_Party/FreeRTOS/Source/portable/GCC/ARM_CM3/portmacro.h **** 
 147:Middlewares/Third_Party/FreeRTOS/Source/portable/GCC/ARM_CM3/portmacro.h **** 	/*-----------------------------------------------------------*/
 148:Middlewares/Third_Party/FreeRTOS/Source/portable/GCC/ARM_CM3/portmacro.h **** 
 149:Middlewares/Third_Party/FreeRTOS/Source/portable/GCC/ARM_CM3/portmacro.h **** 	#define portGET_HIGHEST_PRIORITY( uxTopPriority, uxReadyPriorities ) uxTopPriority = ( 31UL - ( ui
 150:Middlewares/Third_Party/FreeRTOS/Source/portable/GCC/ARM_CM3/portmacro.h **** 
 151:Middlewares/Third_Party/FreeRTOS/Source/portable/GCC/ARM_CM3/portmacro.h **** #endif /* configUSE_PORT_OPTIMISED_TASK_SELECTION */
 152:Middlewares/Third_Party/FreeRTOS/Source/portable/GCC/ARM_CM3/portmacro.h **** 
 153:Middlewares/Third_Party/FreeRTOS/Source/portable/GCC/ARM_CM3/portmacro.h **** /*-----------------------------------------------------------*/
 154:Middlewares/Third_Party/FreeRTOS/Source/portable/GCC/ARM_CM3/portmacro.h **** 
 155:Middlewares/Third_Party/FreeRTOS/Source/portable/GCC/ARM_CM3/portmacro.h **** #ifdef configASSERT
 156:Middlewares/Third_Party/FreeRTOS/Source/portable/GCC/ARM_CM3/portmacro.h **** 	void vPortValidateInterruptPriority( void );
 157:Middlewares/Third_Party/FreeRTOS/Source/portable/GCC/ARM_CM3/portmacro.h **** 	#define portASSERT_IF_INTERRUPT_PRIORITY_INVALID() 	vPortValidateInterruptPriority()
 158:Middlewares/Third_Party/FreeRTOS/Source/portable/GCC/ARM_CM3/portmacro.h **** #endif
 159:Middlewares/Third_Party/FreeRTOS/Source/portable/GCC/ARM_CM3/portmacro.h **** 
 160:Middlewares/Third_Party/FreeRTOS/Source/portable/GCC/ARM_CM3/portmacro.h **** /* portNOP() is not required by this port. */
 161:Middlewares/Third_Party/FreeRTOS/Source/portable/GCC/ARM_CM3/portmacro.h **** #define portNOP()
 162:Middlewares/Third_Party/FreeRTOS/Source/portable/GCC/ARM_CM3/portmacro.h **** 
 163:Middlewares/Third_Party/FreeRTOS/Source/portable/GCC/ARM_CM3/portmacro.h **** #define portINLINE	__inline
 164:Middlewares/Third_Party/FreeRTOS/Source/portable/GCC/ARM_CM3/portmacro.h **** 
 165:Middlewares/Third_Party/FreeRTOS/Source/portable/GCC/ARM_CM3/portmacro.h **** #ifndef portFORCE_INLINE
 166:Middlewares/Third_Party/FreeRTOS/Source/portable/GCC/ARM_CM3/portmacro.h **** 	#define portFORCE_INLINE inline __attribute__(( always_inline))
 167:Middlewares/Third_Party/FreeRTOS/Source/portable/GCC/ARM_CM3/portmacro.h **** #endif
 168:Middlewares/Third_Party/FreeRTOS/Source/portable/GCC/ARM_CM3/portmacro.h **** 
 169:Middlewares/Third_Party/FreeRTOS/Source/portable/GCC/ARM_CM3/portmacro.h **** /*-----------------------------------------------------------*/
 170:Middlewares/Third_Party/FreeRTOS/Source/portable/GCC/ARM_CM3/portmacro.h **** 
 171:Middlewares/Third_Party/FreeRTOS/Source/portable/GCC/ARM_CM3/portmacro.h **** portFORCE_INLINE static BaseType_t xPortIsInsideInterrupt( void )
 172:Middlewares/Third_Party/FreeRTOS/Source/portable/GCC/ARM_CM3/portmacro.h **** {
 173:Middlewares/Third_Party/FreeRTOS/Source/portable/GCC/ARM_CM3/portmacro.h **** uint32_t ulCurrentInterrupt;
 174:Middlewares/Third_Party/FreeRTOS/Source/portable/GCC/ARM_CM3/portmacro.h **** BaseType_t xReturn;
 175:Middlewares/Third_Party/FreeRTOS/Source/portable/GCC/ARM_CM3/portmacro.h **** 
 176:Middlewares/Third_Party/FreeRTOS/Source/portable/GCC/ARM_CM3/portmacro.h **** 	/* Obtain the number of the currently executing interrupt. */
 177:Middlewares/Third_Party/FreeRTOS/Source/portable/GCC/ARM_CM3/portmacro.h **** 	__asm volatile( "mrs %0, ipsr" : "=r"( ulCurrentInterrupt ) :: "memory" );
 178:Middlewares/Third_Party/FreeRTOS/Source/portable/GCC/ARM_CM3/portmacro.h **** 
 179:Middlewares/Third_Party/FreeRTOS/Source/portable/GCC/ARM_CM3/portmacro.h **** 	if( ulCurrentInterrupt == 0 )
ARM GAS  /tmp/ccV8B7BA.s 			page 37


 180:Middlewares/Third_Party/FreeRTOS/Source/portable/GCC/ARM_CM3/portmacro.h **** 	{
 181:Middlewares/Third_Party/FreeRTOS/Source/portable/GCC/ARM_CM3/portmacro.h **** 		xReturn = pdFALSE;
 182:Middlewares/Third_Party/FreeRTOS/Source/portable/GCC/ARM_CM3/portmacro.h **** 	}
 183:Middlewares/Third_Party/FreeRTOS/Source/portable/GCC/ARM_CM3/portmacro.h **** 	else
 184:Middlewares/Third_Party/FreeRTOS/Source/portable/GCC/ARM_CM3/portmacro.h **** 	{
 185:Middlewares/Third_Party/FreeRTOS/Source/portable/GCC/ARM_CM3/portmacro.h **** 		xReturn = pdTRUE;
 186:Middlewares/Third_Party/FreeRTOS/Source/portable/GCC/ARM_CM3/portmacro.h **** 	}
 187:Middlewares/Third_Party/FreeRTOS/Source/portable/GCC/ARM_CM3/portmacro.h **** 
 188:Middlewares/Third_Party/FreeRTOS/Source/portable/GCC/ARM_CM3/portmacro.h **** 	return xReturn;
 189:Middlewares/Third_Party/FreeRTOS/Source/portable/GCC/ARM_CM3/portmacro.h **** }
 190:Middlewares/Third_Party/FreeRTOS/Source/portable/GCC/ARM_CM3/portmacro.h **** 
 191:Middlewares/Third_Party/FreeRTOS/Source/portable/GCC/ARM_CM3/portmacro.h **** /*-----------------------------------------------------------*/
 192:Middlewares/Third_Party/FreeRTOS/Source/portable/GCC/ARM_CM3/portmacro.h **** 
 193:Middlewares/Third_Party/FreeRTOS/Source/portable/GCC/ARM_CM3/portmacro.h **** portFORCE_INLINE static void vPortRaiseBASEPRI( void )
  55              		.loc 2 193 30 view .LVU11
  56              	.LBB120:
 194:Middlewares/Third_Party/FreeRTOS/Source/portable/GCC/ARM_CM3/portmacro.h **** {
 195:Middlewares/Third_Party/FreeRTOS/Source/portable/GCC/ARM_CM3/portmacro.h **** uint32_t ulNewBASEPRI;
  57              		.loc 2 195 1 view .LVU12
 196:Middlewares/Third_Party/FreeRTOS/Source/portable/GCC/ARM_CM3/portmacro.h **** 
 197:Middlewares/Third_Party/FreeRTOS/Source/portable/GCC/ARM_CM3/portmacro.h **** 	__asm volatile
  58              		.loc 2 197 2 view .LVU13
  59              		.syntax unified
  60              	@ 197 "Middlewares/Third_Party/FreeRTOS/Source/portable/GCC/ARM_CM3/portmacro.h" 1
  61 000e 4FF05003 			mov r3, #80												
  62 0012 83F31188 		msr basepri, r3											
  63 0016 BFF36F8F 		isb														
  64 001a BFF34F8F 		dsb														
  65              	
  66              	@ 0 "" 2
  67              		.thumb
  68              		.syntax unified
  69              	.L3:
  70              	.LBE120:
  71              	.LBE119:
1814:Middlewares/Third_Party/FreeRTOS/Source/tasks.c **** 
  72              		.loc 1 1814 3 discriminator 3 view .LVU14
1814:Middlewares/Third_Party/FreeRTOS/Source/tasks.c **** 
  73              		.loc 1 1814 3 discriminator 3 view .LVU15
  74 001e FEE7     		b	.L3
  75              	.L9:
1818:Middlewares/Third_Party/FreeRTOS/Source/tasks.c **** 		{
1819:Middlewares/Third_Party/FreeRTOS/Source/tasks.c **** 			/* Has the task already been resumed from within an ISR? */
1820:Middlewares/Third_Party/FreeRTOS/Source/tasks.c **** 			if( listIS_CONTAINED_WITHIN( &xPendingReadyList, &( pxTCB->xEventListItem ) ) == pdFALSE )
  76              		.loc 1 1820 4 view .LVU16
  77              		.loc 1 1820 8 is_stmt 0 view .LVU17
  78 0020 836A     		ldr	r3, [r0, #40]
  79              		.loc 1 1820 6 view .LVU18
  80 0022 064A     		ldr	r2, .L10+4
  81 0024 9342     		cmp	r3, r2
  82 0026 02D0     		beq	.L6
1821:Middlewares/Third_Party/FreeRTOS/Source/tasks.c **** 			{
1822:Middlewares/Third_Party/FreeRTOS/Source/tasks.c **** 				/* Is it in the suspended list because it is in the	Suspended
1823:Middlewares/Third_Party/FreeRTOS/Source/tasks.c **** 				state, or because is is blocked with no timeout? */
1824:Middlewares/Third_Party/FreeRTOS/Source/tasks.c **** 				if( listIS_CONTAINED_WITHIN( NULL, &( pxTCB->xEventListItem ) ) != pdFALSE ) /*lint !e961.  The
  83              		.loc 1 1824 5 is_stmt 1 view .LVU19
  84              		.loc 1 1824 7 is_stmt 0 view .LVU20
ARM GAS  /tmp/ccV8B7BA.s 			page 38


  85 0028 1BB1     		cbz	r3, .L7
1807:Middlewares/Third_Party/FreeRTOS/Source/tasks.c **** 	const TCB_t * const pxTCB = xTask;
  86              		.loc 1 1807 13 view .LVU21
  87 002a 0020     		movs	r0, #0
  88              	.LVL3:
1807:Middlewares/Third_Party/FreeRTOS/Source/tasks.c **** 	const TCB_t * const pxTCB = xTask;
  89              		.loc 1 1807 13 view .LVU22
  90 002c 7047     		bx	lr
  91              	.LVL4:
  92              	.L6:
1807:Middlewares/Third_Party/FreeRTOS/Source/tasks.c **** 	const TCB_t * const pxTCB = xTask;
  93              		.loc 1 1807 13 view .LVU23
  94 002e 0020     		movs	r0, #0
  95              	.LVL5:
1807:Middlewares/Third_Party/FreeRTOS/Source/tasks.c **** 	const TCB_t * const pxTCB = xTask;
  96              		.loc 1 1807 13 view .LVU24
  97 0030 7047     		bx	lr
  98              	.LVL6:
  99              	.L7:
1825:Middlewares/Third_Party/FreeRTOS/Source/tasks.c **** 				{
1826:Middlewares/Third_Party/FreeRTOS/Source/tasks.c **** 					xReturn = pdTRUE;
 100              		.loc 1 1826 14 view .LVU25
 101 0032 0120     		movs	r0, #1
 102              	.LVL7:
1827:Middlewares/Third_Party/FreeRTOS/Source/tasks.c **** 				}
1828:Middlewares/Third_Party/FreeRTOS/Source/tasks.c **** 				else
1829:Middlewares/Third_Party/FreeRTOS/Source/tasks.c **** 				{
1830:Middlewares/Third_Party/FreeRTOS/Source/tasks.c **** 					mtCOVERAGE_TEST_MARKER();
1831:Middlewares/Third_Party/FreeRTOS/Source/tasks.c **** 				}
1832:Middlewares/Third_Party/FreeRTOS/Source/tasks.c **** 			}
1833:Middlewares/Third_Party/FreeRTOS/Source/tasks.c **** 			else
1834:Middlewares/Third_Party/FreeRTOS/Source/tasks.c **** 			{
1835:Middlewares/Third_Party/FreeRTOS/Source/tasks.c **** 				mtCOVERAGE_TEST_MARKER();
1836:Middlewares/Third_Party/FreeRTOS/Source/tasks.c **** 			}
1837:Middlewares/Third_Party/FreeRTOS/Source/tasks.c **** 		}
1838:Middlewares/Third_Party/FreeRTOS/Source/tasks.c **** 		else
1839:Middlewares/Third_Party/FreeRTOS/Source/tasks.c **** 		{
1840:Middlewares/Third_Party/FreeRTOS/Source/tasks.c **** 			mtCOVERAGE_TEST_MARKER();
 103              		.loc 1 1840 28 is_stmt 1 view .LVU26
1841:Middlewares/Third_Party/FreeRTOS/Source/tasks.c **** 		}
1842:Middlewares/Third_Party/FreeRTOS/Source/tasks.c **** 
1843:Middlewares/Third_Party/FreeRTOS/Source/tasks.c **** 		return xReturn;
 104              		.loc 1 1843 3 view .LVU27
1844:Middlewares/Third_Party/FreeRTOS/Source/tasks.c **** 	} /*lint !e818 xTask cannot be a pointer to const because it is a typedef. */
 105              		.loc 1 1844 2 is_stmt 0 view .LVU28
 106 0034 7047     		bx	lr
 107              	.L11:
 108 0036 00BF     		.align	2
 109              	.L10:
 110 0038 00000000 		.word	xSuspendedTaskList
 111 003c 00000000 		.word	xPendingReadyList
 112              		.cfi_endproc
 113              	.LFE16:
 115              		.section	.text.prvTaskCheckFreeStackSpace,"ax",%progbits
 116              		.align	1
 117              		.syntax unified
 118              		.thumb
ARM GAS  /tmp/ccV8B7BA.s 			page 39


 119              		.thumb_func
 121              	prvTaskCheckFreeStackSpace:
 122              	.LVL8:
 123              	.LFB47:
1845:Middlewares/Third_Party/FreeRTOS/Source/tasks.c **** 
1846:Middlewares/Third_Party/FreeRTOS/Source/tasks.c **** #endif /* INCLUDE_vTaskSuspend */
1847:Middlewares/Third_Party/FreeRTOS/Source/tasks.c **** /*-----------------------------------------------------------*/
1848:Middlewares/Third_Party/FreeRTOS/Source/tasks.c **** 
1849:Middlewares/Third_Party/FreeRTOS/Source/tasks.c **** #if ( INCLUDE_vTaskSuspend == 1 )
1850:Middlewares/Third_Party/FreeRTOS/Source/tasks.c **** 
1851:Middlewares/Third_Party/FreeRTOS/Source/tasks.c **** 	void vTaskResume( TaskHandle_t xTaskToResume )
1852:Middlewares/Third_Party/FreeRTOS/Source/tasks.c **** 	{
1853:Middlewares/Third_Party/FreeRTOS/Source/tasks.c **** 	TCB_t * const pxTCB = xTaskToResume;
1854:Middlewares/Third_Party/FreeRTOS/Source/tasks.c **** 
1855:Middlewares/Third_Party/FreeRTOS/Source/tasks.c **** 		/* It does not make sense to resume the calling task. */
1856:Middlewares/Third_Party/FreeRTOS/Source/tasks.c **** 		configASSERT( xTaskToResume );
1857:Middlewares/Third_Party/FreeRTOS/Source/tasks.c **** 
1858:Middlewares/Third_Party/FreeRTOS/Source/tasks.c **** 		/* The parameter cannot be NULL as it is impossible to resume the
1859:Middlewares/Third_Party/FreeRTOS/Source/tasks.c **** 		currently executing task. */
1860:Middlewares/Third_Party/FreeRTOS/Source/tasks.c **** 		if( ( pxTCB != pxCurrentTCB ) && ( pxTCB != NULL ) )
1861:Middlewares/Third_Party/FreeRTOS/Source/tasks.c **** 		{
1862:Middlewares/Third_Party/FreeRTOS/Source/tasks.c **** 			taskENTER_CRITICAL();
1863:Middlewares/Third_Party/FreeRTOS/Source/tasks.c **** 			{
1864:Middlewares/Third_Party/FreeRTOS/Source/tasks.c **** 				if( prvTaskIsTaskSuspended( pxTCB ) != pdFALSE )
1865:Middlewares/Third_Party/FreeRTOS/Source/tasks.c **** 				{
1866:Middlewares/Third_Party/FreeRTOS/Source/tasks.c **** 					traceTASK_RESUME( pxTCB );
1867:Middlewares/Third_Party/FreeRTOS/Source/tasks.c **** 
1868:Middlewares/Third_Party/FreeRTOS/Source/tasks.c **** 					/* The ready list can be accessed even if the scheduler is
1869:Middlewares/Third_Party/FreeRTOS/Source/tasks.c **** 					suspended because this is inside a critical section. */
1870:Middlewares/Third_Party/FreeRTOS/Source/tasks.c **** 					( void ) uxListRemove(  &( pxTCB->xStateListItem ) );
1871:Middlewares/Third_Party/FreeRTOS/Source/tasks.c **** 					prvAddTaskToReadyList( pxTCB );
1872:Middlewares/Third_Party/FreeRTOS/Source/tasks.c **** 
1873:Middlewares/Third_Party/FreeRTOS/Source/tasks.c **** 					/* A higher priority task may have just been resumed. */
1874:Middlewares/Third_Party/FreeRTOS/Source/tasks.c **** 					if( pxTCB->uxPriority >= pxCurrentTCB->uxPriority )
1875:Middlewares/Third_Party/FreeRTOS/Source/tasks.c **** 					{
1876:Middlewares/Third_Party/FreeRTOS/Source/tasks.c **** 						/* This yield may not cause the task just resumed to run,
1877:Middlewares/Third_Party/FreeRTOS/Source/tasks.c **** 						but will leave the lists in the correct state for the
1878:Middlewares/Third_Party/FreeRTOS/Source/tasks.c **** 						next yield. */
1879:Middlewares/Third_Party/FreeRTOS/Source/tasks.c **** 						taskYIELD_IF_USING_PREEMPTION();
1880:Middlewares/Third_Party/FreeRTOS/Source/tasks.c **** 					}
1881:Middlewares/Third_Party/FreeRTOS/Source/tasks.c **** 					else
1882:Middlewares/Third_Party/FreeRTOS/Source/tasks.c **** 					{
1883:Middlewares/Third_Party/FreeRTOS/Source/tasks.c **** 						mtCOVERAGE_TEST_MARKER();
1884:Middlewares/Third_Party/FreeRTOS/Source/tasks.c **** 					}
1885:Middlewares/Third_Party/FreeRTOS/Source/tasks.c **** 				}
1886:Middlewares/Third_Party/FreeRTOS/Source/tasks.c **** 				else
1887:Middlewares/Third_Party/FreeRTOS/Source/tasks.c **** 				{
1888:Middlewares/Third_Party/FreeRTOS/Source/tasks.c **** 					mtCOVERAGE_TEST_MARKER();
1889:Middlewares/Third_Party/FreeRTOS/Source/tasks.c **** 				}
1890:Middlewares/Third_Party/FreeRTOS/Source/tasks.c **** 			}
1891:Middlewares/Third_Party/FreeRTOS/Source/tasks.c **** 			taskEXIT_CRITICAL();
1892:Middlewares/Third_Party/FreeRTOS/Source/tasks.c **** 		}
1893:Middlewares/Third_Party/FreeRTOS/Source/tasks.c **** 		else
1894:Middlewares/Third_Party/FreeRTOS/Source/tasks.c **** 		{
1895:Middlewares/Third_Party/FreeRTOS/Source/tasks.c **** 			mtCOVERAGE_TEST_MARKER();
1896:Middlewares/Third_Party/FreeRTOS/Source/tasks.c **** 		}
1897:Middlewares/Third_Party/FreeRTOS/Source/tasks.c **** 	}
ARM GAS  /tmp/ccV8B7BA.s 			page 40


1898:Middlewares/Third_Party/FreeRTOS/Source/tasks.c **** 
1899:Middlewares/Third_Party/FreeRTOS/Source/tasks.c **** #endif /* INCLUDE_vTaskSuspend */
1900:Middlewares/Third_Party/FreeRTOS/Source/tasks.c **** 
1901:Middlewares/Third_Party/FreeRTOS/Source/tasks.c **** /*-----------------------------------------------------------*/
1902:Middlewares/Third_Party/FreeRTOS/Source/tasks.c **** 
1903:Middlewares/Third_Party/FreeRTOS/Source/tasks.c **** #if ( ( INCLUDE_xTaskResumeFromISR == 1 ) && ( INCLUDE_vTaskSuspend == 1 ) )
1904:Middlewares/Third_Party/FreeRTOS/Source/tasks.c **** 
1905:Middlewares/Third_Party/FreeRTOS/Source/tasks.c **** 	BaseType_t xTaskResumeFromISR( TaskHandle_t xTaskToResume )
1906:Middlewares/Third_Party/FreeRTOS/Source/tasks.c **** 	{
1907:Middlewares/Third_Party/FreeRTOS/Source/tasks.c **** 	BaseType_t xYieldRequired = pdFALSE;
1908:Middlewares/Third_Party/FreeRTOS/Source/tasks.c **** 	TCB_t * const pxTCB = xTaskToResume;
1909:Middlewares/Third_Party/FreeRTOS/Source/tasks.c **** 	UBaseType_t uxSavedInterruptStatus;
1910:Middlewares/Third_Party/FreeRTOS/Source/tasks.c **** 
1911:Middlewares/Third_Party/FreeRTOS/Source/tasks.c **** 		configASSERT( xTaskToResume );
1912:Middlewares/Third_Party/FreeRTOS/Source/tasks.c **** 
1913:Middlewares/Third_Party/FreeRTOS/Source/tasks.c **** 		/* RTOS ports that support interrupt nesting have the concept of a
1914:Middlewares/Third_Party/FreeRTOS/Source/tasks.c **** 		maximum	system call (or maximum API call) interrupt priority.
1915:Middlewares/Third_Party/FreeRTOS/Source/tasks.c **** 		Interrupts that are	above the maximum system call priority are keep
1916:Middlewares/Third_Party/FreeRTOS/Source/tasks.c **** 		permanently enabled, even when the RTOS kernel is in a critical section,
1917:Middlewares/Third_Party/FreeRTOS/Source/tasks.c **** 		but cannot make any calls to FreeRTOS API functions.  If configASSERT()
1918:Middlewares/Third_Party/FreeRTOS/Source/tasks.c **** 		is defined in FreeRTOSConfig.h then
1919:Middlewares/Third_Party/FreeRTOS/Source/tasks.c **** 		portASSERT_IF_INTERRUPT_PRIORITY_INVALID() will result in an assertion
1920:Middlewares/Third_Party/FreeRTOS/Source/tasks.c **** 		failure if a FreeRTOS API function is called from an interrupt that has
1921:Middlewares/Third_Party/FreeRTOS/Source/tasks.c **** 		been assigned a priority above the configured maximum system call
1922:Middlewares/Third_Party/FreeRTOS/Source/tasks.c **** 		priority.  Only FreeRTOS functions that end in FromISR can be called
1923:Middlewares/Third_Party/FreeRTOS/Source/tasks.c **** 		from interrupts	that have been assigned a priority at or (logically)
1924:Middlewares/Third_Party/FreeRTOS/Source/tasks.c **** 		below the maximum system call interrupt priority.  FreeRTOS maintains a
1925:Middlewares/Third_Party/FreeRTOS/Source/tasks.c **** 		separate interrupt safe API to ensure interrupt entry is as fast and as
1926:Middlewares/Third_Party/FreeRTOS/Source/tasks.c **** 		simple as possible.  More information (albeit Cortex-M specific) is
1927:Middlewares/Third_Party/FreeRTOS/Source/tasks.c **** 		provided on the following link:
1928:Middlewares/Third_Party/FreeRTOS/Source/tasks.c **** 		https://www.freertos.org/RTOS-Cortex-M3-M4.html */
1929:Middlewares/Third_Party/FreeRTOS/Source/tasks.c **** 		portASSERT_IF_INTERRUPT_PRIORITY_INVALID();
1930:Middlewares/Third_Party/FreeRTOS/Source/tasks.c **** 
1931:Middlewares/Third_Party/FreeRTOS/Source/tasks.c **** 		uxSavedInterruptStatus = portSET_INTERRUPT_MASK_FROM_ISR();
1932:Middlewares/Third_Party/FreeRTOS/Source/tasks.c **** 		{
1933:Middlewares/Third_Party/FreeRTOS/Source/tasks.c **** 			if( prvTaskIsTaskSuspended( pxTCB ) != pdFALSE )
1934:Middlewares/Third_Party/FreeRTOS/Source/tasks.c **** 			{
1935:Middlewares/Third_Party/FreeRTOS/Source/tasks.c **** 				traceTASK_RESUME_FROM_ISR( pxTCB );
1936:Middlewares/Third_Party/FreeRTOS/Source/tasks.c **** 
1937:Middlewares/Third_Party/FreeRTOS/Source/tasks.c **** 				/* Check the ready lists can be accessed. */
1938:Middlewares/Third_Party/FreeRTOS/Source/tasks.c **** 				if( uxSchedulerSuspended == ( UBaseType_t ) pdFALSE )
1939:Middlewares/Third_Party/FreeRTOS/Source/tasks.c **** 				{
1940:Middlewares/Third_Party/FreeRTOS/Source/tasks.c **** 					/* Ready lists can be accessed so move the task from the
1941:Middlewares/Third_Party/FreeRTOS/Source/tasks.c **** 					suspended list to the ready list directly. */
1942:Middlewares/Third_Party/FreeRTOS/Source/tasks.c **** 					if( pxTCB->uxPriority >= pxCurrentTCB->uxPriority )
1943:Middlewares/Third_Party/FreeRTOS/Source/tasks.c **** 					{
1944:Middlewares/Third_Party/FreeRTOS/Source/tasks.c **** 						xYieldRequired = pdTRUE;
1945:Middlewares/Third_Party/FreeRTOS/Source/tasks.c **** 					}
1946:Middlewares/Third_Party/FreeRTOS/Source/tasks.c **** 					else
1947:Middlewares/Third_Party/FreeRTOS/Source/tasks.c **** 					{
1948:Middlewares/Third_Party/FreeRTOS/Source/tasks.c **** 						mtCOVERAGE_TEST_MARKER();
1949:Middlewares/Third_Party/FreeRTOS/Source/tasks.c **** 					}
1950:Middlewares/Third_Party/FreeRTOS/Source/tasks.c **** 
1951:Middlewares/Third_Party/FreeRTOS/Source/tasks.c **** 					( void ) uxListRemove( &( pxTCB->xStateListItem ) );
1952:Middlewares/Third_Party/FreeRTOS/Source/tasks.c **** 					prvAddTaskToReadyList( pxTCB );
1953:Middlewares/Third_Party/FreeRTOS/Source/tasks.c **** 				}
1954:Middlewares/Third_Party/FreeRTOS/Source/tasks.c **** 				else
ARM GAS  /tmp/ccV8B7BA.s 			page 41


1955:Middlewares/Third_Party/FreeRTOS/Source/tasks.c **** 				{
1956:Middlewares/Third_Party/FreeRTOS/Source/tasks.c **** 					/* The delayed or ready lists cannot be accessed so the task
1957:Middlewares/Third_Party/FreeRTOS/Source/tasks.c **** 					is held in the pending ready list until the scheduler is
1958:Middlewares/Third_Party/FreeRTOS/Source/tasks.c **** 					unsuspended. */
1959:Middlewares/Third_Party/FreeRTOS/Source/tasks.c **** 					vListInsertEnd( &( xPendingReadyList ), &( pxTCB->xEventListItem ) );
1960:Middlewares/Third_Party/FreeRTOS/Source/tasks.c **** 				}
1961:Middlewares/Third_Party/FreeRTOS/Source/tasks.c **** 			}
1962:Middlewares/Third_Party/FreeRTOS/Source/tasks.c **** 			else
1963:Middlewares/Third_Party/FreeRTOS/Source/tasks.c **** 			{
1964:Middlewares/Third_Party/FreeRTOS/Source/tasks.c **** 				mtCOVERAGE_TEST_MARKER();
1965:Middlewares/Third_Party/FreeRTOS/Source/tasks.c **** 			}
1966:Middlewares/Third_Party/FreeRTOS/Source/tasks.c **** 		}
1967:Middlewares/Third_Party/FreeRTOS/Source/tasks.c **** 		portCLEAR_INTERRUPT_MASK_FROM_ISR( uxSavedInterruptStatus );
1968:Middlewares/Third_Party/FreeRTOS/Source/tasks.c **** 
1969:Middlewares/Third_Party/FreeRTOS/Source/tasks.c **** 		return xYieldRequired;
1970:Middlewares/Third_Party/FreeRTOS/Source/tasks.c **** 	}
1971:Middlewares/Third_Party/FreeRTOS/Source/tasks.c **** 
1972:Middlewares/Third_Party/FreeRTOS/Source/tasks.c **** #endif /* ( ( INCLUDE_xTaskResumeFromISR == 1 ) && ( INCLUDE_vTaskSuspend == 1 ) ) */
1973:Middlewares/Third_Party/FreeRTOS/Source/tasks.c **** /*-----------------------------------------------------------*/
1974:Middlewares/Third_Party/FreeRTOS/Source/tasks.c **** 
1975:Middlewares/Third_Party/FreeRTOS/Source/tasks.c **** void vTaskStartScheduler( void )
1976:Middlewares/Third_Party/FreeRTOS/Source/tasks.c **** {
1977:Middlewares/Third_Party/FreeRTOS/Source/tasks.c **** BaseType_t xReturn;
1978:Middlewares/Third_Party/FreeRTOS/Source/tasks.c **** 
1979:Middlewares/Third_Party/FreeRTOS/Source/tasks.c **** 	/* Add the idle task at the lowest priority. */
1980:Middlewares/Third_Party/FreeRTOS/Source/tasks.c **** 	#if( configSUPPORT_STATIC_ALLOCATION == 1 )
1981:Middlewares/Third_Party/FreeRTOS/Source/tasks.c **** 	{
1982:Middlewares/Third_Party/FreeRTOS/Source/tasks.c **** 		StaticTask_t *pxIdleTaskTCBBuffer = NULL;
1983:Middlewares/Third_Party/FreeRTOS/Source/tasks.c **** 		StackType_t *pxIdleTaskStackBuffer = NULL;
1984:Middlewares/Third_Party/FreeRTOS/Source/tasks.c **** 		uint32_t ulIdleTaskStackSize;
1985:Middlewares/Third_Party/FreeRTOS/Source/tasks.c **** 
1986:Middlewares/Third_Party/FreeRTOS/Source/tasks.c **** 		/* The Idle task is created using user provided RAM - obtain the
1987:Middlewares/Third_Party/FreeRTOS/Source/tasks.c **** 		address of the RAM then create the idle task. */
1988:Middlewares/Third_Party/FreeRTOS/Source/tasks.c **** 		vApplicationGetIdleTaskMemory( &pxIdleTaskTCBBuffer, &pxIdleTaskStackBuffer, &ulIdleTaskStackSize
1989:Middlewares/Third_Party/FreeRTOS/Source/tasks.c **** 		xIdleTaskHandle = xTaskCreateStatic(	prvIdleTask,
1990:Middlewares/Third_Party/FreeRTOS/Source/tasks.c **** 												configIDLE_TASK_NAME,
1991:Middlewares/Third_Party/FreeRTOS/Source/tasks.c **** 												ulIdleTaskStackSize,
1992:Middlewares/Third_Party/FreeRTOS/Source/tasks.c **** 												( void * ) NULL, /*lint !e961.  The cast is not redundant for all compilers. */
1993:Middlewares/Third_Party/FreeRTOS/Source/tasks.c **** 												portPRIVILEGE_BIT, /* In effect ( tskIDLE_PRIORITY | portPRIVILEGE_BIT ), but tskIDLE_P
1994:Middlewares/Third_Party/FreeRTOS/Source/tasks.c **** 												pxIdleTaskStackBuffer,
1995:Middlewares/Third_Party/FreeRTOS/Source/tasks.c **** 												pxIdleTaskTCBBuffer ); /*lint !e961 MISRA exception, justified as it is not a redundant
1996:Middlewares/Third_Party/FreeRTOS/Source/tasks.c **** 
1997:Middlewares/Third_Party/FreeRTOS/Source/tasks.c **** 		if( xIdleTaskHandle != NULL )
1998:Middlewares/Third_Party/FreeRTOS/Source/tasks.c **** 		{
1999:Middlewares/Third_Party/FreeRTOS/Source/tasks.c **** 			xReturn = pdPASS;
2000:Middlewares/Third_Party/FreeRTOS/Source/tasks.c **** 		}
2001:Middlewares/Third_Party/FreeRTOS/Source/tasks.c **** 		else
2002:Middlewares/Third_Party/FreeRTOS/Source/tasks.c **** 		{
2003:Middlewares/Third_Party/FreeRTOS/Source/tasks.c **** 			xReturn = pdFAIL;
2004:Middlewares/Third_Party/FreeRTOS/Source/tasks.c **** 		}
2005:Middlewares/Third_Party/FreeRTOS/Source/tasks.c **** 	}
2006:Middlewares/Third_Party/FreeRTOS/Source/tasks.c **** 	#else
2007:Middlewares/Third_Party/FreeRTOS/Source/tasks.c **** 	{
2008:Middlewares/Third_Party/FreeRTOS/Source/tasks.c **** 		/* The Idle task is being created using dynamically allocated RAM. */
2009:Middlewares/Third_Party/FreeRTOS/Source/tasks.c **** 		xReturn = xTaskCreate(	prvIdleTask,
2010:Middlewares/Third_Party/FreeRTOS/Source/tasks.c **** 								configIDLE_TASK_NAME,
2011:Middlewares/Third_Party/FreeRTOS/Source/tasks.c **** 								configMINIMAL_STACK_SIZE,
ARM GAS  /tmp/ccV8B7BA.s 			page 42


2012:Middlewares/Third_Party/FreeRTOS/Source/tasks.c **** 								( void * ) NULL,
2013:Middlewares/Third_Party/FreeRTOS/Source/tasks.c **** 								portPRIVILEGE_BIT, /* In effect ( tskIDLE_PRIORITY | portPRIVILEGE_BIT ), but tskIDLE_PRIOR
2014:Middlewares/Third_Party/FreeRTOS/Source/tasks.c **** 								&xIdleTaskHandle ); /*lint !e961 MISRA exception, justified as it is not a redundant explic
2015:Middlewares/Third_Party/FreeRTOS/Source/tasks.c **** 	}
2016:Middlewares/Third_Party/FreeRTOS/Source/tasks.c **** 	#endif /* configSUPPORT_STATIC_ALLOCATION */
2017:Middlewares/Third_Party/FreeRTOS/Source/tasks.c **** 
2018:Middlewares/Third_Party/FreeRTOS/Source/tasks.c **** 	#if ( configUSE_TIMERS == 1 )
2019:Middlewares/Third_Party/FreeRTOS/Source/tasks.c **** 	{
2020:Middlewares/Third_Party/FreeRTOS/Source/tasks.c **** 		if( xReturn == pdPASS )
2021:Middlewares/Third_Party/FreeRTOS/Source/tasks.c **** 		{
2022:Middlewares/Third_Party/FreeRTOS/Source/tasks.c **** 			xReturn = xTimerCreateTimerTask();
2023:Middlewares/Third_Party/FreeRTOS/Source/tasks.c **** 		}
2024:Middlewares/Third_Party/FreeRTOS/Source/tasks.c **** 		else
2025:Middlewares/Third_Party/FreeRTOS/Source/tasks.c **** 		{
2026:Middlewares/Third_Party/FreeRTOS/Source/tasks.c **** 			mtCOVERAGE_TEST_MARKER();
2027:Middlewares/Third_Party/FreeRTOS/Source/tasks.c **** 		}
2028:Middlewares/Third_Party/FreeRTOS/Source/tasks.c **** 	}
2029:Middlewares/Third_Party/FreeRTOS/Source/tasks.c **** 	#endif /* configUSE_TIMERS */
2030:Middlewares/Third_Party/FreeRTOS/Source/tasks.c **** 
2031:Middlewares/Third_Party/FreeRTOS/Source/tasks.c **** 	if( xReturn == pdPASS )
2032:Middlewares/Third_Party/FreeRTOS/Source/tasks.c **** 	{
2033:Middlewares/Third_Party/FreeRTOS/Source/tasks.c **** 		/* freertos_tasks_c_additions_init() should only be called if the user
2034:Middlewares/Third_Party/FreeRTOS/Source/tasks.c **** 		definable macro FREERTOS_TASKS_C_ADDITIONS_INIT() is defined, as that is
2035:Middlewares/Third_Party/FreeRTOS/Source/tasks.c **** 		the only macro called by the function. */
2036:Middlewares/Third_Party/FreeRTOS/Source/tasks.c **** 		#ifdef FREERTOS_TASKS_C_ADDITIONS_INIT
2037:Middlewares/Third_Party/FreeRTOS/Source/tasks.c **** 		{
2038:Middlewares/Third_Party/FreeRTOS/Source/tasks.c **** 			freertos_tasks_c_additions_init();
2039:Middlewares/Third_Party/FreeRTOS/Source/tasks.c **** 		}
2040:Middlewares/Third_Party/FreeRTOS/Source/tasks.c **** 		#endif
2041:Middlewares/Third_Party/FreeRTOS/Source/tasks.c **** 
2042:Middlewares/Third_Party/FreeRTOS/Source/tasks.c **** 		/* Interrupts are turned off here, to ensure a tick does not occur
2043:Middlewares/Third_Party/FreeRTOS/Source/tasks.c **** 		before or during the call to xPortStartScheduler().  The stacks of
2044:Middlewares/Third_Party/FreeRTOS/Source/tasks.c **** 		the created tasks contain a status word with interrupts switched on
2045:Middlewares/Third_Party/FreeRTOS/Source/tasks.c **** 		so interrupts will automatically get re-enabled when the first task
2046:Middlewares/Third_Party/FreeRTOS/Source/tasks.c **** 		starts to run. */
2047:Middlewares/Third_Party/FreeRTOS/Source/tasks.c **** 		portDISABLE_INTERRUPTS();
2048:Middlewares/Third_Party/FreeRTOS/Source/tasks.c **** 
2049:Middlewares/Third_Party/FreeRTOS/Source/tasks.c **** 		#if ( configUSE_NEWLIB_REENTRANT == 1 )
2050:Middlewares/Third_Party/FreeRTOS/Source/tasks.c **** 		{
2051:Middlewares/Third_Party/FreeRTOS/Source/tasks.c **** 			/* Switch Newlib's _impure_ptr variable to point to the _reent
2052:Middlewares/Third_Party/FreeRTOS/Source/tasks.c **** 			structure specific to the task that will run first.
2053:Middlewares/Third_Party/FreeRTOS/Source/tasks.c **** 			See the third party link http://www.nadler.com/embedded/newlibAndFreeRTOS.html
2054:Middlewares/Third_Party/FreeRTOS/Source/tasks.c **** 			for additional information. */
2055:Middlewares/Third_Party/FreeRTOS/Source/tasks.c **** 			_impure_ptr = &( pxCurrentTCB->xNewLib_reent );
2056:Middlewares/Third_Party/FreeRTOS/Source/tasks.c **** 		}
2057:Middlewares/Third_Party/FreeRTOS/Source/tasks.c **** 		#endif /* configUSE_NEWLIB_REENTRANT */
2058:Middlewares/Third_Party/FreeRTOS/Source/tasks.c **** 
2059:Middlewares/Third_Party/FreeRTOS/Source/tasks.c **** 		xNextTaskUnblockTime = portMAX_DELAY;
2060:Middlewares/Third_Party/FreeRTOS/Source/tasks.c **** 		xSchedulerRunning = pdTRUE;
2061:Middlewares/Third_Party/FreeRTOS/Source/tasks.c **** 		xTickCount = ( TickType_t ) configINITIAL_TICK_COUNT;
2062:Middlewares/Third_Party/FreeRTOS/Source/tasks.c **** 
2063:Middlewares/Third_Party/FreeRTOS/Source/tasks.c **** 		/* If configGENERATE_RUN_TIME_STATS is defined then the following
2064:Middlewares/Third_Party/FreeRTOS/Source/tasks.c **** 		macro must be defined to configure the timer/counter used to generate
2065:Middlewares/Third_Party/FreeRTOS/Source/tasks.c **** 		the run time counter time base.   NOTE:  If configGENERATE_RUN_TIME_STATS
2066:Middlewares/Third_Party/FreeRTOS/Source/tasks.c **** 		is set to 0 and the following line fails to build then ensure you do not
2067:Middlewares/Third_Party/FreeRTOS/Source/tasks.c **** 		have portCONFIGURE_TIMER_FOR_RUN_TIME_STATS() defined in your
2068:Middlewares/Third_Party/FreeRTOS/Source/tasks.c **** 		FreeRTOSConfig.h file. */
ARM GAS  /tmp/ccV8B7BA.s 			page 43


2069:Middlewares/Third_Party/FreeRTOS/Source/tasks.c **** 		portCONFIGURE_TIMER_FOR_RUN_TIME_STATS();
2070:Middlewares/Third_Party/FreeRTOS/Source/tasks.c **** 
2071:Middlewares/Third_Party/FreeRTOS/Source/tasks.c **** 		traceTASK_SWITCHED_IN();
2072:Middlewares/Third_Party/FreeRTOS/Source/tasks.c **** 
2073:Middlewares/Third_Party/FreeRTOS/Source/tasks.c **** 		/* Setting up the timer tick is hardware specific and thus in the
2074:Middlewares/Third_Party/FreeRTOS/Source/tasks.c **** 		portable interface. */
2075:Middlewares/Third_Party/FreeRTOS/Source/tasks.c **** 		if( xPortStartScheduler() != pdFALSE )
2076:Middlewares/Third_Party/FreeRTOS/Source/tasks.c **** 		{
2077:Middlewares/Third_Party/FreeRTOS/Source/tasks.c **** 			/* Should not reach here as if the scheduler is running the
2078:Middlewares/Third_Party/FreeRTOS/Source/tasks.c **** 			function will not return. */
2079:Middlewares/Third_Party/FreeRTOS/Source/tasks.c **** 		}
2080:Middlewares/Third_Party/FreeRTOS/Source/tasks.c **** 		else
2081:Middlewares/Third_Party/FreeRTOS/Source/tasks.c **** 		{
2082:Middlewares/Third_Party/FreeRTOS/Source/tasks.c **** 			/* Should only reach here if a task calls xTaskEndScheduler(). */
2083:Middlewares/Third_Party/FreeRTOS/Source/tasks.c **** 		}
2084:Middlewares/Third_Party/FreeRTOS/Source/tasks.c **** 	}
2085:Middlewares/Third_Party/FreeRTOS/Source/tasks.c **** 	else
2086:Middlewares/Third_Party/FreeRTOS/Source/tasks.c **** 	{
2087:Middlewares/Third_Party/FreeRTOS/Source/tasks.c **** 		/* This line will only be reached if the kernel could not be started,
2088:Middlewares/Third_Party/FreeRTOS/Source/tasks.c **** 		because there was not enough FreeRTOS heap to create the idle task
2089:Middlewares/Third_Party/FreeRTOS/Source/tasks.c **** 		or the timer task. */
2090:Middlewares/Third_Party/FreeRTOS/Source/tasks.c **** 		configASSERT( xReturn != errCOULD_NOT_ALLOCATE_REQUIRED_MEMORY );
2091:Middlewares/Third_Party/FreeRTOS/Source/tasks.c **** 	}
2092:Middlewares/Third_Party/FreeRTOS/Source/tasks.c **** 
2093:Middlewares/Third_Party/FreeRTOS/Source/tasks.c **** 	/* Prevent compiler warnings if INCLUDE_xTaskGetIdleTaskHandle is set to 0,
2094:Middlewares/Third_Party/FreeRTOS/Source/tasks.c **** 	meaning xIdleTaskHandle is not used anywhere else. */
2095:Middlewares/Third_Party/FreeRTOS/Source/tasks.c **** 	( void ) xIdleTaskHandle;
2096:Middlewares/Third_Party/FreeRTOS/Source/tasks.c **** }
2097:Middlewares/Third_Party/FreeRTOS/Source/tasks.c **** /*-----------------------------------------------------------*/
2098:Middlewares/Third_Party/FreeRTOS/Source/tasks.c **** 
2099:Middlewares/Third_Party/FreeRTOS/Source/tasks.c **** void vTaskEndScheduler( void )
2100:Middlewares/Third_Party/FreeRTOS/Source/tasks.c **** {
2101:Middlewares/Third_Party/FreeRTOS/Source/tasks.c **** 	/* Stop the scheduler interrupts and call the portable scheduler end
2102:Middlewares/Third_Party/FreeRTOS/Source/tasks.c **** 	routine so the original ISRs can be restored if necessary.  The port
2103:Middlewares/Third_Party/FreeRTOS/Source/tasks.c **** 	layer must ensure interrupts enable	bit is left in the correct state. */
2104:Middlewares/Third_Party/FreeRTOS/Source/tasks.c **** 	portDISABLE_INTERRUPTS();
2105:Middlewares/Third_Party/FreeRTOS/Source/tasks.c **** 	xSchedulerRunning = pdFALSE;
2106:Middlewares/Third_Party/FreeRTOS/Source/tasks.c **** 	vPortEndScheduler();
2107:Middlewares/Third_Party/FreeRTOS/Source/tasks.c **** }
2108:Middlewares/Third_Party/FreeRTOS/Source/tasks.c **** /*----------------------------------------------------------*/
2109:Middlewares/Third_Party/FreeRTOS/Source/tasks.c **** 
2110:Middlewares/Third_Party/FreeRTOS/Source/tasks.c **** void vTaskSuspendAll( void )
2111:Middlewares/Third_Party/FreeRTOS/Source/tasks.c **** {
2112:Middlewares/Third_Party/FreeRTOS/Source/tasks.c **** 	/* A critical section is not required as the variable is of type
2113:Middlewares/Third_Party/FreeRTOS/Source/tasks.c **** 	BaseType_t.  Please read Richard Barry's reply in the following link to a
2114:Middlewares/Third_Party/FreeRTOS/Source/tasks.c **** 	post in the FreeRTOS support forum before reporting this as a bug! -
2115:Middlewares/Third_Party/FreeRTOS/Source/tasks.c **** 	http://goo.gl/wu4acr */
2116:Middlewares/Third_Party/FreeRTOS/Source/tasks.c **** 
2117:Middlewares/Third_Party/FreeRTOS/Source/tasks.c **** 	/* portSOFRWARE_BARRIER() is only implemented for emulated/simulated ports that
2118:Middlewares/Third_Party/FreeRTOS/Source/tasks.c **** 	do not otherwise exhibit real time behaviour. */
2119:Middlewares/Third_Party/FreeRTOS/Source/tasks.c **** 	portSOFTWARE_BARRIER();
2120:Middlewares/Third_Party/FreeRTOS/Source/tasks.c **** 
2121:Middlewares/Third_Party/FreeRTOS/Source/tasks.c **** 	/* The scheduler is suspended if uxSchedulerSuspended is non-zero.  An increment
2122:Middlewares/Third_Party/FreeRTOS/Source/tasks.c **** 	is used to allow calls to vTaskSuspendAll() to nest. */
2123:Middlewares/Third_Party/FreeRTOS/Source/tasks.c **** 	++uxSchedulerSuspended;
2124:Middlewares/Third_Party/FreeRTOS/Source/tasks.c **** 
2125:Middlewares/Third_Party/FreeRTOS/Source/tasks.c **** 	/* Enforces ordering for ports and optimised compilers that may otherwise place
ARM GAS  /tmp/ccV8B7BA.s 			page 44


2126:Middlewares/Third_Party/FreeRTOS/Source/tasks.c **** 	the above increment elsewhere. */
2127:Middlewares/Third_Party/FreeRTOS/Source/tasks.c **** 	portMEMORY_BARRIER();
2128:Middlewares/Third_Party/FreeRTOS/Source/tasks.c **** }
2129:Middlewares/Third_Party/FreeRTOS/Source/tasks.c **** /*----------------------------------------------------------*/
2130:Middlewares/Third_Party/FreeRTOS/Source/tasks.c **** 
2131:Middlewares/Third_Party/FreeRTOS/Source/tasks.c **** #if ( configUSE_TICKLESS_IDLE != 0 )
2132:Middlewares/Third_Party/FreeRTOS/Source/tasks.c **** 
2133:Middlewares/Third_Party/FreeRTOS/Source/tasks.c **** 	static TickType_t prvGetExpectedIdleTime( void )
2134:Middlewares/Third_Party/FreeRTOS/Source/tasks.c **** 	{
2135:Middlewares/Third_Party/FreeRTOS/Source/tasks.c **** 	TickType_t xReturn;
2136:Middlewares/Third_Party/FreeRTOS/Source/tasks.c **** 	UBaseType_t uxHigherPriorityReadyTasks = pdFALSE;
2137:Middlewares/Third_Party/FreeRTOS/Source/tasks.c **** 
2138:Middlewares/Third_Party/FreeRTOS/Source/tasks.c **** 		/* uxHigherPriorityReadyTasks takes care of the case where
2139:Middlewares/Third_Party/FreeRTOS/Source/tasks.c **** 		configUSE_PREEMPTION is 0, so there may be tasks above the idle priority
2140:Middlewares/Third_Party/FreeRTOS/Source/tasks.c **** 		task that are in the Ready state, even though the idle task is
2141:Middlewares/Third_Party/FreeRTOS/Source/tasks.c **** 		running. */
2142:Middlewares/Third_Party/FreeRTOS/Source/tasks.c **** 		#if( configUSE_PORT_OPTIMISED_TASK_SELECTION == 0 )
2143:Middlewares/Third_Party/FreeRTOS/Source/tasks.c **** 		{
2144:Middlewares/Third_Party/FreeRTOS/Source/tasks.c **** 			if( uxTopReadyPriority > tskIDLE_PRIORITY )
2145:Middlewares/Third_Party/FreeRTOS/Source/tasks.c **** 			{
2146:Middlewares/Third_Party/FreeRTOS/Source/tasks.c **** 				uxHigherPriorityReadyTasks = pdTRUE;
2147:Middlewares/Third_Party/FreeRTOS/Source/tasks.c **** 			}
2148:Middlewares/Third_Party/FreeRTOS/Source/tasks.c **** 		}
2149:Middlewares/Third_Party/FreeRTOS/Source/tasks.c **** 		#else
2150:Middlewares/Third_Party/FreeRTOS/Source/tasks.c **** 		{
2151:Middlewares/Third_Party/FreeRTOS/Source/tasks.c **** 			const UBaseType_t uxLeastSignificantBit = ( UBaseType_t ) 0x01;
2152:Middlewares/Third_Party/FreeRTOS/Source/tasks.c **** 
2153:Middlewares/Third_Party/FreeRTOS/Source/tasks.c **** 			/* When port optimised task selection is used the uxTopReadyPriority
2154:Middlewares/Third_Party/FreeRTOS/Source/tasks.c **** 			variable is used as a bit map.  If bits other than the least
2155:Middlewares/Third_Party/FreeRTOS/Source/tasks.c **** 			significant bit are set then there are tasks that have a priority
2156:Middlewares/Third_Party/FreeRTOS/Source/tasks.c **** 			above the idle priority that are in the Ready state.  This takes
2157:Middlewares/Third_Party/FreeRTOS/Source/tasks.c **** 			care of the case where the co-operative scheduler is in use. */
2158:Middlewares/Third_Party/FreeRTOS/Source/tasks.c **** 			if( uxTopReadyPriority > uxLeastSignificantBit )
2159:Middlewares/Third_Party/FreeRTOS/Source/tasks.c **** 			{
2160:Middlewares/Third_Party/FreeRTOS/Source/tasks.c **** 				uxHigherPriorityReadyTasks = pdTRUE;
2161:Middlewares/Third_Party/FreeRTOS/Source/tasks.c **** 			}
2162:Middlewares/Third_Party/FreeRTOS/Source/tasks.c **** 		}
2163:Middlewares/Third_Party/FreeRTOS/Source/tasks.c **** 		#endif
2164:Middlewares/Third_Party/FreeRTOS/Source/tasks.c **** 
2165:Middlewares/Third_Party/FreeRTOS/Source/tasks.c **** 		if( pxCurrentTCB->uxPriority > tskIDLE_PRIORITY )
2166:Middlewares/Third_Party/FreeRTOS/Source/tasks.c **** 		{
2167:Middlewares/Third_Party/FreeRTOS/Source/tasks.c **** 			xReturn = 0;
2168:Middlewares/Third_Party/FreeRTOS/Source/tasks.c **** 		}
2169:Middlewares/Third_Party/FreeRTOS/Source/tasks.c **** 		else if( listCURRENT_LIST_LENGTH( &( pxReadyTasksLists[ tskIDLE_PRIORITY ] ) ) > 1 )
2170:Middlewares/Third_Party/FreeRTOS/Source/tasks.c **** 		{
2171:Middlewares/Third_Party/FreeRTOS/Source/tasks.c **** 			/* There are other idle priority tasks in the ready state.  If
2172:Middlewares/Third_Party/FreeRTOS/Source/tasks.c **** 			time slicing is used then the very next tick interrupt must be
2173:Middlewares/Third_Party/FreeRTOS/Source/tasks.c **** 			processed. */
2174:Middlewares/Third_Party/FreeRTOS/Source/tasks.c **** 			xReturn = 0;
2175:Middlewares/Third_Party/FreeRTOS/Source/tasks.c **** 		}
2176:Middlewares/Third_Party/FreeRTOS/Source/tasks.c **** 		else if( uxHigherPriorityReadyTasks != pdFALSE )
2177:Middlewares/Third_Party/FreeRTOS/Source/tasks.c **** 		{
2178:Middlewares/Third_Party/FreeRTOS/Source/tasks.c **** 			/* There are tasks in the Ready state that have a priority above the
2179:Middlewares/Third_Party/FreeRTOS/Source/tasks.c **** 			idle priority.  This path can only be reached if
2180:Middlewares/Third_Party/FreeRTOS/Source/tasks.c **** 			configUSE_PREEMPTION is 0. */
2181:Middlewares/Third_Party/FreeRTOS/Source/tasks.c **** 			xReturn = 0;
2182:Middlewares/Third_Party/FreeRTOS/Source/tasks.c **** 		}
ARM GAS  /tmp/ccV8B7BA.s 			page 45


2183:Middlewares/Third_Party/FreeRTOS/Source/tasks.c **** 		else
2184:Middlewares/Third_Party/FreeRTOS/Source/tasks.c **** 		{
2185:Middlewares/Third_Party/FreeRTOS/Source/tasks.c **** 			xReturn = xNextTaskUnblockTime - xTickCount;
2186:Middlewares/Third_Party/FreeRTOS/Source/tasks.c **** 		}
2187:Middlewares/Third_Party/FreeRTOS/Source/tasks.c **** 
2188:Middlewares/Third_Party/FreeRTOS/Source/tasks.c **** 		return xReturn;
2189:Middlewares/Third_Party/FreeRTOS/Source/tasks.c **** 	}
2190:Middlewares/Third_Party/FreeRTOS/Source/tasks.c **** 
2191:Middlewares/Third_Party/FreeRTOS/Source/tasks.c **** #endif /* configUSE_TICKLESS_IDLE */
2192:Middlewares/Third_Party/FreeRTOS/Source/tasks.c **** /*----------------------------------------------------------*/
2193:Middlewares/Third_Party/FreeRTOS/Source/tasks.c **** 
2194:Middlewares/Third_Party/FreeRTOS/Source/tasks.c **** BaseType_t xTaskResumeAll( void )
2195:Middlewares/Third_Party/FreeRTOS/Source/tasks.c **** {
2196:Middlewares/Third_Party/FreeRTOS/Source/tasks.c **** TCB_t *pxTCB = NULL;
2197:Middlewares/Third_Party/FreeRTOS/Source/tasks.c **** BaseType_t xAlreadyYielded = pdFALSE;
2198:Middlewares/Third_Party/FreeRTOS/Source/tasks.c **** 
2199:Middlewares/Third_Party/FreeRTOS/Source/tasks.c **** 	/* If uxSchedulerSuspended is zero then this function does not match a
2200:Middlewares/Third_Party/FreeRTOS/Source/tasks.c **** 	previous call to vTaskSuspendAll(). */
2201:Middlewares/Third_Party/FreeRTOS/Source/tasks.c **** 	configASSERT( uxSchedulerSuspended );
2202:Middlewares/Third_Party/FreeRTOS/Source/tasks.c **** 
2203:Middlewares/Third_Party/FreeRTOS/Source/tasks.c **** 	/* It is possible that an ISR caused a task to be removed from an event
2204:Middlewares/Third_Party/FreeRTOS/Source/tasks.c **** 	list while the scheduler was suspended.  If this was the case then the
2205:Middlewares/Third_Party/FreeRTOS/Source/tasks.c **** 	removed task will have been added to the xPendingReadyList.  Once the
2206:Middlewares/Third_Party/FreeRTOS/Source/tasks.c **** 	scheduler has been resumed it is safe to move all the pending ready
2207:Middlewares/Third_Party/FreeRTOS/Source/tasks.c **** 	tasks from this list into their appropriate ready list. */
2208:Middlewares/Third_Party/FreeRTOS/Source/tasks.c **** 	taskENTER_CRITICAL();
2209:Middlewares/Third_Party/FreeRTOS/Source/tasks.c **** 	{
2210:Middlewares/Third_Party/FreeRTOS/Source/tasks.c **** 		--uxSchedulerSuspended;
2211:Middlewares/Third_Party/FreeRTOS/Source/tasks.c **** 
2212:Middlewares/Third_Party/FreeRTOS/Source/tasks.c **** 		if( uxSchedulerSuspended == ( UBaseType_t ) pdFALSE )
2213:Middlewares/Third_Party/FreeRTOS/Source/tasks.c **** 		{
2214:Middlewares/Third_Party/FreeRTOS/Source/tasks.c **** 			if( uxCurrentNumberOfTasks > ( UBaseType_t ) 0U )
2215:Middlewares/Third_Party/FreeRTOS/Source/tasks.c **** 			{
2216:Middlewares/Third_Party/FreeRTOS/Source/tasks.c **** 				/* Move any readied tasks from the pending list into the
2217:Middlewares/Third_Party/FreeRTOS/Source/tasks.c **** 				appropriate ready list. */
2218:Middlewares/Third_Party/FreeRTOS/Source/tasks.c **** 				while( listLIST_IS_EMPTY( &xPendingReadyList ) == pdFALSE )
2219:Middlewares/Third_Party/FreeRTOS/Source/tasks.c **** 				{
2220:Middlewares/Third_Party/FreeRTOS/Source/tasks.c **** 					pxTCB = listGET_OWNER_OF_HEAD_ENTRY( ( &xPendingReadyList ) ); /*lint !e9079 void * is used as
2221:Middlewares/Third_Party/FreeRTOS/Source/tasks.c **** 					( void ) uxListRemove( &( pxTCB->xEventListItem ) );
2222:Middlewares/Third_Party/FreeRTOS/Source/tasks.c **** 					( void ) uxListRemove( &( pxTCB->xStateListItem ) );
2223:Middlewares/Third_Party/FreeRTOS/Source/tasks.c **** 					prvAddTaskToReadyList( pxTCB );
2224:Middlewares/Third_Party/FreeRTOS/Source/tasks.c **** 
2225:Middlewares/Third_Party/FreeRTOS/Source/tasks.c **** 					/* If the moved task has a priority higher than the current
2226:Middlewares/Third_Party/FreeRTOS/Source/tasks.c **** 					task then a yield must be performed. */
2227:Middlewares/Third_Party/FreeRTOS/Source/tasks.c **** 					if( pxTCB->uxPriority >= pxCurrentTCB->uxPriority )
2228:Middlewares/Third_Party/FreeRTOS/Source/tasks.c **** 					{
2229:Middlewares/Third_Party/FreeRTOS/Source/tasks.c **** 						xYieldPending = pdTRUE;
2230:Middlewares/Third_Party/FreeRTOS/Source/tasks.c **** 					}
2231:Middlewares/Third_Party/FreeRTOS/Source/tasks.c **** 					else
2232:Middlewares/Third_Party/FreeRTOS/Source/tasks.c **** 					{
2233:Middlewares/Third_Party/FreeRTOS/Source/tasks.c **** 						mtCOVERAGE_TEST_MARKER();
2234:Middlewares/Third_Party/FreeRTOS/Source/tasks.c **** 					}
2235:Middlewares/Third_Party/FreeRTOS/Source/tasks.c **** 				}
2236:Middlewares/Third_Party/FreeRTOS/Source/tasks.c **** 
2237:Middlewares/Third_Party/FreeRTOS/Source/tasks.c **** 				if( pxTCB != NULL )
2238:Middlewares/Third_Party/FreeRTOS/Source/tasks.c **** 				{
2239:Middlewares/Third_Party/FreeRTOS/Source/tasks.c **** 					/* A task was unblocked while the scheduler was suspended,
ARM GAS  /tmp/ccV8B7BA.s 			page 46


2240:Middlewares/Third_Party/FreeRTOS/Source/tasks.c **** 					which may have prevented the next unblock time from being
2241:Middlewares/Third_Party/FreeRTOS/Source/tasks.c **** 					re-calculated, in which case re-calculate it now.  Mainly
2242:Middlewares/Third_Party/FreeRTOS/Source/tasks.c **** 					important for low power tickless implementations, where
2243:Middlewares/Third_Party/FreeRTOS/Source/tasks.c **** 					this can prevent an unnecessary exit from low power
2244:Middlewares/Third_Party/FreeRTOS/Source/tasks.c **** 					state. */
2245:Middlewares/Third_Party/FreeRTOS/Source/tasks.c **** 					prvResetNextTaskUnblockTime();
2246:Middlewares/Third_Party/FreeRTOS/Source/tasks.c **** 				}
2247:Middlewares/Third_Party/FreeRTOS/Source/tasks.c **** 
2248:Middlewares/Third_Party/FreeRTOS/Source/tasks.c **** 				/* If any ticks occurred while the scheduler was suspended then
2249:Middlewares/Third_Party/FreeRTOS/Source/tasks.c **** 				they should be processed now.  This ensures the tick count does
2250:Middlewares/Third_Party/FreeRTOS/Source/tasks.c **** 				not	slip, and that any delayed tasks are resumed at the correct
2251:Middlewares/Third_Party/FreeRTOS/Source/tasks.c **** 				time. */
2252:Middlewares/Third_Party/FreeRTOS/Source/tasks.c **** 				{
2253:Middlewares/Third_Party/FreeRTOS/Source/tasks.c **** 					TickType_t xPendedCounts = xPendedTicks; /* Non-volatile copy. */
2254:Middlewares/Third_Party/FreeRTOS/Source/tasks.c **** 
2255:Middlewares/Third_Party/FreeRTOS/Source/tasks.c **** 					if( xPendedCounts > ( TickType_t ) 0U )
2256:Middlewares/Third_Party/FreeRTOS/Source/tasks.c **** 					{
2257:Middlewares/Third_Party/FreeRTOS/Source/tasks.c **** 						do
2258:Middlewares/Third_Party/FreeRTOS/Source/tasks.c **** 						{
2259:Middlewares/Third_Party/FreeRTOS/Source/tasks.c **** 							if( xTaskIncrementTick() != pdFALSE )
2260:Middlewares/Third_Party/FreeRTOS/Source/tasks.c **** 							{
2261:Middlewares/Third_Party/FreeRTOS/Source/tasks.c **** 								xYieldPending = pdTRUE;
2262:Middlewares/Third_Party/FreeRTOS/Source/tasks.c **** 							}
2263:Middlewares/Third_Party/FreeRTOS/Source/tasks.c **** 							else
2264:Middlewares/Third_Party/FreeRTOS/Source/tasks.c **** 							{
2265:Middlewares/Third_Party/FreeRTOS/Source/tasks.c **** 								mtCOVERAGE_TEST_MARKER();
2266:Middlewares/Third_Party/FreeRTOS/Source/tasks.c **** 							}
2267:Middlewares/Third_Party/FreeRTOS/Source/tasks.c **** 							--xPendedCounts;
2268:Middlewares/Third_Party/FreeRTOS/Source/tasks.c **** 						} while( xPendedCounts > ( TickType_t ) 0U );
2269:Middlewares/Third_Party/FreeRTOS/Source/tasks.c **** 
2270:Middlewares/Third_Party/FreeRTOS/Source/tasks.c **** 						xPendedTicks = 0;
2271:Middlewares/Third_Party/FreeRTOS/Source/tasks.c **** 					}
2272:Middlewares/Third_Party/FreeRTOS/Source/tasks.c **** 					else
2273:Middlewares/Third_Party/FreeRTOS/Source/tasks.c **** 					{
2274:Middlewares/Third_Party/FreeRTOS/Source/tasks.c **** 						mtCOVERAGE_TEST_MARKER();
2275:Middlewares/Third_Party/FreeRTOS/Source/tasks.c **** 					}
2276:Middlewares/Third_Party/FreeRTOS/Source/tasks.c **** 				}
2277:Middlewares/Third_Party/FreeRTOS/Source/tasks.c **** 
2278:Middlewares/Third_Party/FreeRTOS/Source/tasks.c **** 				if( xYieldPending != pdFALSE )
2279:Middlewares/Third_Party/FreeRTOS/Source/tasks.c **** 				{
2280:Middlewares/Third_Party/FreeRTOS/Source/tasks.c **** 					#if( configUSE_PREEMPTION != 0 )
2281:Middlewares/Third_Party/FreeRTOS/Source/tasks.c **** 					{
2282:Middlewares/Third_Party/FreeRTOS/Source/tasks.c **** 						xAlreadyYielded = pdTRUE;
2283:Middlewares/Third_Party/FreeRTOS/Source/tasks.c **** 					}
2284:Middlewares/Third_Party/FreeRTOS/Source/tasks.c **** 					#endif
2285:Middlewares/Third_Party/FreeRTOS/Source/tasks.c **** 					taskYIELD_IF_USING_PREEMPTION();
2286:Middlewares/Third_Party/FreeRTOS/Source/tasks.c **** 				}
2287:Middlewares/Third_Party/FreeRTOS/Source/tasks.c **** 				else
2288:Middlewares/Third_Party/FreeRTOS/Source/tasks.c **** 				{
2289:Middlewares/Third_Party/FreeRTOS/Source/tasks.c **** 					mtCOVERAGE_TEST_MARKER();
2290:Middlewares/Third_Party/FreeRTOS/Source/tasks.c **** 				}
2291:Middlewares/Third_Party/FreeRTOS/Source/tasks.c **** 			}
2292:Middlewares/Third_Party/FreeRTOS/Source/tasks.c **** 		}
2293:Middlewares/Third_Party/FreeRTOS/Source/tasks.c **** 		else
2294:Middlewares/Third_Party/FreeRTOS/Source/tasks.c **** 		{
2295:Middlewares/Third_Party/FreeRTOS/Source/tasks.c **** 			mtCOVERAGE_TEST_MARKER();
2296:Middlewares/Third_Party/FreeRTOS/Source/tasks.c **** 		}
ARM GAS  /tmp/ccV8B7BA.s 			page 47


2297:Middlewares/Third_Party/FreeRTOS/Source/tasks.c **** 	}
2298:Middlewares/Third_Party/FreeRTOS/Source/tasks.c **** 	taskEXIT_CRITICAL();
2299:Middlewares/Third_Party/FreeRTOS/Source/tasks.c **** 
2300:Middlewares/Third_Party/FreeRTOS/Source/tasks.c **** 	return xAlreadyYielded;
2301:Middlewares/Third_Party/FreeRTOS/Source/tasks.c **** }
2302:Middlewares/Third_Party/FreeRTOS/Source/tasks.c **** /*-----------------------------------------------------------*/
2303:Middlewares/Third_Party/FreeRTOS/Source/tasks.c **** 
2304:Middlewares/Third_Party/FreeRTOS/Source/tasks.c **** TickType_t xTaskGetTickCount( void )
2305:Middlewares/Third_Party/FreeRTOS/Source/tasks.c **** {
2306:Middlewares/Third_Party/FreeRTOS/Source/tasks.c **** TickType_t xTicks;
2307:Middlewares/Third_Party/FreeRTOS/Source/tasks.c **** 
2308:Middlewares/Third_Party/FreeRTOS/Source/tasks.c **** 	/* Critical section required if running on a 16 bit processor. */
2309:Middlewares/Third_Party/FreeRTOS/Source/tasks.c **** 	portTICK_TYPE_ENTER_CRITICAL();
2310:Middlewares/Third_Party/FreeRTOS/Source/tasks.c **** 	{
2311:Middlewares/Third_Party/FreeRTOS/Source/tasks.c **** 		xTicks = xTickCount;
2312:Middlewares/Third_Party/FreeRTOS/Source/tasks.c **** 	}
2313:Middlewares/Third_Party/FreeRTOS/Source/tasks.c **** 	portTICK_TYPE_EXIT_CRITICAL();
2314:Middlewares/Third_Party/FreeRTOS/Source/tasks.c **** 
2315:Middlewares/Third_Party/FreeRTOS/Source/tasks.c **** 	return xTicks;
2316:Middlewares/Third_Party/FreeRTOS/Source/tasks.c **** }
2317:Middlewares/Third_Party/FreeRTOS/Source/tasks.c **** /*-----------------------------------------------------------*/
2318:Middlewares/Third_Party/FreeRTOS/Source/tasks.c **** 
2319:Middlewares/Third_Party/FreeRTOS/Source/tasks.c **** TickType_t xTaskGetTickCountFromISR( void )
2320:Middlewares/Third_Party/FreeRTOS/Source/tasks.c **** {
2321:Middlewares/Third_Party/FreeRTOS/Source/tasks.c **** TickType_t xReturn;
2322:Middlewares/Third_Party/FreeRTOS/Source/tasks.c **** UBaseType_t uxSavedInterruptStatus;
2323:Middlewares/Third_Party/FreeRTOS/Source/tasks.c **** 
2324:Middlewares/Third_Party/FreeRTOS/Source/tasks.c **** 	/* RTOS ports that support interrupt nesting have the concept of a maximum
2325:Middlewares/Third_Party/FreeRTOS/Source/tasks.c **** 	system call (or maximum API call) interrupt priority.  Interrupts that are
2326:Middlewares/Third_Party/FreeRTOS/Source/tasks.c **** 	above the maximum system call priority are kept permanently enabled, even
2327:Middlewares/Third_Party/FreeRTOS/Source/tasks.c **** 	when the RTOS kernel is in a critical section, but cannot make any calls to
2328:Middlewares/Third_Party/FreeRTOS/Source/tasks.c **** 	FreeRTOS API functions.  If configASSERT() is defined in FreeRTOSConfig.h
2329:Middlewares/Third_Party/FreeRTOS/Source/tasks.c **** 	then portASSERT_IF_INTERRUPT_PRIORITY_INVALID() will result in an assertion
2330:Middlewares/Third_Party/FreeRTOS/Source/tasks.c **** 	failure if a FreeRTOS API function is called from an interrupt that has been
2331:Middlewares/Third_Party/FreeRTOS/Source/tasks.c **** 	assigned a priority above the configured maximum system call priority.
2332:Middlewares/Third_Party/FreeRTOS/Source/tasks.c **** 	Only FreeRTOS functions that end in FromISR can be called from interrupts
2333:Middlewares/Third_Party/FreeRTOS/Source/tasks.c **** 	that have been assigned a priority at or (logically) below the maximum
2334:Middlewares/Third_Party/FreeRTOS/Source/tasks.c **** 	system call	interrupt priority.  FreeRTOS maintains a separate interrupt
2335:Middlewares/Third_Party/FreeRTOS/Source/tasks.c **** 	safe API to ensure interrupt entry is as fast and as simple as possible.
2336:Middlewares/Third_Party/FreeRTOS/Source/tasks.c **** 	More information (albeit Cortex-M specific) is provided on the following
2337:Middlewares/Third_Party/FreeRTOS/Source/tasks.c **** 	link: https://www.freertos.org/RTOS-Cortex-M3-M4.html */
2338:Middlewares/Third_Party/FreeRTOS/Source/tasks.c **** 	portASSERT_IF_INTERRUPT_PRIORITY_INVALID();
2339:Middlewares/Third_Party/FreeRTOS/Source/tasks.c **** 
2340:Middlewares/Third_Party/FreeRTOS/Source/tasks.c **** 	uxSavedInterruptStatus = portTICK_TYPE_SET_INTERRUPT_MASK_FROM_ISR();
2341:Middlewares/Third_Party/FreeRTOS/Source/tasks.c **** 	{
2342:Middlewares/Third_Party/FreeRTOS/Source/tasks.c **** 		xReturn = xTickCount;
2343:Middlewares/Third_Party/FreeRTOS/Source/tasks.c **** 	}
2344:Middlewares/Third_Party/FreeRTOS/Source/tasks.c **** 	portTICK_TYPE_CLEAR_INTERRUPT_MASK_FROM_ISR( uxSavedInterruptStatus );
2345:Middlewares/Third_Party/FreeRTOS/Source/tasks.c **** 
2346:Middlewares/Third_Party/FreeRTOS/Source/tasks.c **** 	return xReturn;
2347:Middlewares/Third_Party/FreeRTOS/Source/tasks.c **** }
2348:Middlewares/Third_Party/FreeRTOS/Source/tasks.c **** /*-----------------------------------------------------------*/
2349:Middlewares/Third_Party/FreeRTOS/Source/tasks.c **** 
2350:Middlewares/Third_Party/FreeRTOS/Source/tasks.c **** UBaseType_t uxTaskGetNumberOfTasks( void )
2351:Middlewares/Third_Party/FreeRTOS/Source/tasks.c **** {
2352:Middlewares/Third_Party/FreeRTOS/Source/tasks.c **** 	/* A critical section is not required because the variables are of type
2353:Middlewares/Third_Party/FreeRTOS/Source/tasks.c **** 	BaseType_t. */
ARM GAS  /tmp/ccV8B7BA.s 			page 48


2354:Middlewares/Third_Party/FreeRTOS/Source/tasks.c **** 	return uxCurrentNumberOfTasks;
2355:Middlewares/Third_Party/FreeRTOS/Source/tasks.c **** }
2356:Middlewares/Third_Party/FreeRTOS/Source/tasks.c **** /*-----------------------------------------------------------*/
2357:Middlewares/Third_Party/FreeRTOS/Source/tasks.c **** 
2358:Middlewares/Third_Party/FreeRTOS/Source/tasks.c **** char *pcTaskGetName( TaskHandle_t xTaskToQuery ) /*lint !e971 Unqualified char types are allowed fo
2359:Middlewares/Third_Party/FreeRTOS/Source/tasks.c **** {
2360:Middlewares/Third_Party/FreeRTOS/Source/tasks.c **** TCB_t *pxTCB;
2361:Middlewares/Third_Party/FreeRTOS/Source/tasks.c **** 
2362:Middlewares/Third_Party/FreeRTOS/Source/tasks.c **** 	/* If null is passed in here then the name of the calling task is being
2363:Middlewares/Third_Party/FreeRTOS/Source/tasks.c **** 	queried. */
2364:Middlewares/Third_Party/FreeRTOS/Source/tasks.c **** 	pxTCB = prvGetTCBFromHandle( xTaskToQuery );
2365:Middlewares/Third_Party/FreeRTOS/Source/tasks.c **** 	configASSERT( pxTCB );
2366:Middlewares/Third_Party/FreeRTOS/Source/tasks.c **** 	return &( pxTCB->pcTaskName[ 0 ] );
2367:Middlewares/Third_Party/FreeRTOS/Source/tasks.c **** }
2368:Middlewares/Third_Party/FreeRTOS/Source/tasks.c **** /*-----------------------------------------------------------*/
2369:Middlewares/Third_Party/FreeRTOS/Source/tasks.c **** 
2370:Middlewares/Third_Party/FreeRTOS/Source/tasks.c **** #if ( INCLUDE_xTaskGetHandle == 1 )
2371:Middlewares/Third_Party/FreeRTOS/Source/tasks.c **** 
2372:Middlewares/Third_Party/FreeRTOS/Source/tasks.c **** 	static TCB_t *prvSearchForNameWithinSingleList( List_t *pxList, const char pcNameToQuery[] )
2373:Middlewares/Third_Party/FreeRTOS/Source/tasks.c **** 	{
2374:Middlewares/Third_Party/FreeRTOS/Source/tasks.c **** 	TCB_t *pxNextTCB, *pxFirstTCB, *pxReturn = NULL;
2375:Middlewares/Third_Party/FreeRTOS/Source/tasks.c **** 	UBaseType_t x;
2376:Middlewares/Third_Party/FreeRTOS/Source/tasks.c **** 	char cNextChar;
2377:Middlewares/Third_Party/FreeRTOS/Source/tasks.c **** 	BaseType_t xBreakLoop;
2378:Middlewares/Third_Party/FreeRTOS/Source/tasks.c **** 
2379:Middlewares/Third_Party/FreeRTOS/Source/tasks.c **** 		/* This function is called with the scheduler suspended. */
2380:Middlewares/Third_Party/FreeRTOS/Source/tasks.c **** 
2381:Middlewares/Third_Party/FreeRTOS/Source/tasks.c **** 		if( listCURRENT_LIST_LENGTH( pxList ) > ( UBaseType_t ) 0 )
2382:Middlewares/Third_Party/FreeRTOS/Source/tasks.c **** 		{
2383:Middlewares/Third_Party/FreeRTOS/Source/tasks.c **** 			listGET_OWNER_OF_NEXT_ENTRY( pxFirstTCB, pxList );  /*lint !e9079 void * is used as this macro i
2384:Middlewares/Third_Party/FreeRTOS/Source/tasks.c **** 
2385:Middlewares/Third_Party/FreeRTOS/Source/tasks.c **** 			do
2386:Middlewares/Third_Party/FreeRTOS/Source/tasks.c **** 			{
2387:Middlewares/Third_Party/FreeRTOS/Source/tasks.c **** 				listGET_OWNER_OF_NEXT_ENTRY( pxNextTCB, pxList ); /*lint !e9079 void * is used as this macro is
2388:Middlewares/Third_Party/FreeRTOS/Source/tasks.c **** 
2389:Middlewares/Third_Party/FreeRTOS/Source/tasks.c **** 				/* Check each character in the name looking for a match or
2390:Middlewares/Third_Party/FreeRTOS/Source/tasks.c **** 				mismatch. */
2391:Middlewares/Third_Party/FreeRTOS/Source/tasks.c **** 				xBreakLoop = pdFALSE;
2392:Middlewares/Third_Party/FreeRTOS/Source/tasks.c **** 				for( x = ( UBaseType_t ) 0; x < ( UBaseType_t ) configMAX_TASK_NAME_LEN; x++ )
2393:Middlewares/Third_Party/FreeRTOS/Source/tasks.c **** 				{
2394:Middlewares/Third_Party/FreeRTOS/Source/tasks.c **** 					cNextChar = pxNextTCB->pcTaskName[ x ];
2395:Middlewares/Third_Party/FreeRTOS/Source/tasks.c **** 
2396:Middlewares/Third_Party/FreeRTOS/Source/tasks.c **** 					if( cNextChar != pcNameToQuery[ x ] )
2397:Middlewares/Third_Party/FreeRTOS/Source/tasks.c **** 					{
2398:Middlewares/Third_Party/FreeRTOS/Source/tasks.c **** 						/* Characters didn't match. */
2399:Middlewares/Third_Party/FreeRTOS/Source/tasks.c **** 						xBreakLoop = pdTRUE;
2400:Middlewares/Third_Party/FreeRTOS/Source/tasks.c **** 					}
2401:Middlewares/Third_Party/FreeRTOS/Source/tasks.c **** 					else if( cNextChar == ( char ) 0x00 )
2402:Middlewares/Third_Party/FreeRTOS/Source/tasks.c **** 					{
2403:Middlewares/Third_Party/FreeRTOS/Source/tasks.c **** 						/* Both strings terminated, a match must have been
2404:Middlewares/Third_Party/FreeRTOS/Source/tasks.c **** 						found. */
2405:Middlewares/Third_Party/FreeRTOS/Source/tasks.c **** 						pxReturn = pxNextTCB;
2406:Middlewares/Third_Party/FreeRTOS/Source/tasks.c **** 						xBreakLoop = pdTRUE;
2407:Middlewares/Third_Party/FreeRTOS/Source/tasks.c **** 					}
2408:Middlewares/Third_Party/FreeRTOS/Source/tasks.c **** 					else
2409:Middlewares/Third_Party/FreeRTOS/Source/tasks.c **** 					{
2410:Middlewares/Third_Party/FreeRTOS/Source/tasks.c **** 						mtCOVERAGE_TEST_MARKER();
ARM GAS  /tmp/ccV8B7BA.s 			page 49


2411:Middlewares/Third_Party/FreeRTOS/Source/tasks.c **** 					}
2412:Middlewares/Third_Party/FreeRTOS/Source/tasks.c **** 
2413:Middlewares/Third_Party/FreeRTOS/Source/tasks.c **** 					if( xBreakLoop != pdFALSE )
2414:Middlewares/Third_Party/FreeRTOS/Source/tasks.c **** 					{
2415:Middlewares/Third_Party/FreeRTOS/Source/tasks.c **** 						break;
2416:Middlewares/Third_Party/FreeRTOS/Source/tasks.c **** 					}
2417:Middlewares/Third_Party/FreeRTOS/Source/tasks.c **** 				}
2418:Middlewares/Third_Party/FreeRTOS/Source/tasks.c **** 
2419:Middlewares/Third_Party/FreeRTOS/Source/tasks.c **** 				if( pxReturn != NULL )
2420:Middlewares/Third_Party/FreeRTOS/Source/tasks.c **** 				{
2421:Middlewares/Third_Party/FreeRTOS/Source/tasks.c **** 					/* The handle has been found. */
2422:Middlewares/Third_Party/FreeRTOS/Source/tasks.c **** 					break;
2423:Middlewares/Third_Party/FreeRTOS/Source/tasks.c **** 				}
2424:Middlewares/Third_Party/FreeRTOS/Source/tasks.c **** 
2425:Middlewares/Third_Party/FreeRTOS/Source/tasks.c **** 			} while( pxNextTCB != pxFirstTCB );
2426:Middlewares/Third_Party/FreeRTOS/Source/tasks.c **** 		}
2427:Middlewares/Third_Party/FreeRTOS/Source/tasks.c **** 		else
2428:Middlewares/Third_Party/FreeRTOS/Source/tasks.c **** 		{
2429:Middlewares/Third_Party/FreeRTOS/Source/tasks.c **** 			mtCOVERAGE_TEST_MARKER();
2430:Middlewares/Third_Party/FreeRTOS/Source/tasks.c **** 		}
2431:Middlewares/Third_Party/FreeRTOS/Source/tasks.c **** 
2432:Middlewares/Third_Party/FreeRTOS/Source/tasks.c **** 		return pxReturn;
2433:Middlewares/Third_Party/FreeRTOS/Source/tasks.c **** 	}
2434:Middlewares/Third_Party/FreeRTOS/Source/tasks.c **** 
2435:Middlewares/Third_Party/FreeRTOS/Source/tasks.c **** #endif /* INCLUDE_xTaskGetHandle */
2436:Middlewares/Third_Party/FreeRTOS/Source/tasks.c **** /*-----------------------------------------------------------*/
2437:Middlewares/Third_Party/FreeRTOS/Source/tasks.c **** 
2438:Middlewares/Third_Party/FreeRTOS/Source/tasks.c **** #if ( INCLUDE_xTaskGetHandle == 1 )
2439:Middlewares/Third_Party/FreeRTOS/Source/tasks.c **** 
2440:Middlewares/Third_Party/FreeRTOS/Source/tasks.c **** 	TaskHandle_t xTaskGetHandle( const char *pcNameToQuery ) /*lint !e971 Unqualified char types are a
2441:Middlewares/Third_Party/FreeRTOS/Source/tasks.c **** 	{
2442:Middlewares/Third_Party/FreeRTOS/Source/tasks.c **** 	UBaseType_t uxQueue = configMAX_PRIORITIES;
2443:Middlewares/Third_Party/FreeRTOS/Source/tasks.c **** 	TCB_t* pxTCB;
2444:Middlewares/Third_Party/FreeRTOS/Source/tasks.c **** 
2445:Middlewares/Third_Party/FreeRTOS/Source/tasks.c **** 		/* Task names will be truncated to configMAX_TASK_NAME_LEN - 1 bytes. */
2446:Middlewares/Third_Party/FreeRTOS/Source/tasks.c **** 		configASSERT( strlen( pcNameToQuery ) < configMAX_TASK_NAME_LEN );
2447:Middlewares/Third_Party/FreeRTOS/Source/tasks.c **** 
2448:Middlewares/Third_Party/FreeRTOS/Source/tasks.c **** 		vTaskSuspendAll();
2449:Middlewares/Third_Party/FreeRTOS/Source/tasks.c **** 		{
2450:Middlewares/Third_Party/FreeRTOS/Source/tasks.c **** 			/* Search the ready lists. */
2451:Middlewares/Third_Party/FreeRTOS/Source/tasks.c **** 			do
2452:Middlewares/Third_Party/FreeRTOS/Source/tasks.c **** 			{
2453:Middlewares/Third_Party/FreeRTOS/Source/tasks.c **** 				uxQueue--;
2454:Middlewares/Third_Party/FreeRTOS/Source/tasks.c **** 				pxTCB = prvSearchForNameWithinSingleList( ( List_t * ) &( pxReadyTasksLists[ uxQueue ] ), pcNam
2455:Middlewares/Third_Party/FreeRTOS/Source/tasks.c **** 
2456:Middlewares/Third_Party/FreeRTOS/Source/tasks.c **** 				if( pxTCB != NULL )
2457:Middlewares/Third_Party/FreeRTOS/Source/tasks.c **** 				{
2458:Middlewares/Third_Party/FreeRTOS/Source/tasks.c **** 					/* Found the handle. */
2459:Middlewares/Third_Party/FreeRTOS/Source/tasks.c **** 					break;
2460:Middlewares/Third_Party/FreeRTOS/Source/tasks.c **** 				}
2461:Middlewares/Third_Party/FreeRTOS/Source/tasks.c **** 
2462:Middlewares/Third_Party/FreeRTOS/Source/tasks.c **** 			} while( uxQueue > ( UBaseType_t ) tskIDLE_PRIORITY ); /*lint !e961 MISRA exception as the casts
2463:Middlewares/Third_Party/FreeRTOS/Source/tasks.c **** 
2464:Middlewares/Third_Party/FreeRTOS/Source/tasks.c **** 			/* Search the delayed lists. */
2465:Middlewares/Third_Party/FreeRTOS/Source/tasks.c **** 			if( pxTCB == NULL )
2466:Middlewares/Third_Party/FreeRTOS/Source/tasks.c **** 			{
2467:Middlewares/Third_Party/FreeRTOS/Source/tasks.c **** 				pxTCB = prvSearchForNameWithinSingleList( ( List_t * ) pxDelayedTaskList, pcNameToQuery );
ARM GAS  /tmp/ccV8B7BA.s 			page 50


2468:Middlewares/Third_Party/FreeRTOS/Source/tasks.c **** 			}
2469:Middlewares/Third_Party/FreeRTOS/Source/tasks.c **** 
2470:Middlewares/Third_Party/FreeRTOS/Source/tasks.c **** 			if( pxTCB == NULL )
2471:Middlewares/Third_Party/FreeRTOS/Source/tasks.c **** 			{
2472:Middlewares/Third_Party/FreeRTOS/Source/tasks.c **** 				pxTCB = prvSearchForNameWithinSingleList( ( List_t * ) pxOverflowDelayedTaskList, pcNameToQuery
2473:Middlewares/Third_Party/FreeRTOS/Source/tasks.c **** 			}
2474:Middlewares/Third_Party/FreeRTOS/Source/tasks.c **** 
2475:Middlewares/Third_Party/FreeRTOS/Source/tasks.c **** 			#if ( INCLUDE_vTaskSuspend == 1 )
2476:Middlewares/Third_Party/FreeRTOS/Source/tasks.c **** 			{
2477:Middlewares/Third_Party/FreeRTOS/Source/tasks.c **** 				if( pxTCB == NULL )
2478:Middlewares/Third_Party/FreeRTOS/Source/tasks.c **** 				{
2479:Middlewares/Third_Party/FreeRTOS/Source/tasks.c **** 					/* Search the suspended list. */
2480:Middlewares/Third_Party/FreeRTOS/Source/tasks.c **** 					pxTCB = prvSearchForNameWithinSingleList( &xSuspendedTaskList, pcNameToQuery );
2481:Middlewares/Third_Party/FreeRTOS/Source/tasks.c **** 				}
2482:Middlewares/Third_Party/FreeRTOS/Source/tasks.c **** 			}
2483:Middlewares/Third_Party/FreeRTOS/Source/tasks.c **** 			#endif
2484:Middlewares/Third_Party/FreeRTOS/Source/tasks.c **** 
2485:Middlewares/Third_Party/FreeRTOS/Source/tasks.c **** 			#if( INCLUDE_vTaskDelete == 1 )
2486:Middlewares/Third_Party/FreeRTOS/Source/tasks.c **** 			{
2487:Middlewares/Third_Party/FreeRTOS/Source/tasks.c **** 				if( pxTCB == NULL )
2488:Middlewares/Third_Party/FreeRTOS/Source/tasks.c **** 				{
2489:Middlewares/Third_Party/FreeRTOS/Source/tasks.c **** 					/* Search the deleted list. */
2490:Middlewares/Third_Party/FreeRTOS/Source/tasks.c **** 					pxTCB = prvSearchForNameWithinSingleList( &xTasksWaitingTermination, pcNameToQuery );
2491:Middlewares/Third_Party/FreeRTOS/Source/tasks.c **** 				}
2492:Middlewares/Third_Party/FreeRTOS/Source/tasks.c **** 			}
2493:Middlewares/Third_Party/FreeRTOS/Source/tasks.c **** 			#endif
2494:Middlewares/Third_Party/FreeRTOS/Source/tasks.c **** 		}
2495:Middlewares/Third_Party/FreeRTOS/Source/tasks.c **** 		( void ) xTaskResumeAll();
2496:Middlewares/Third_Party/FreeRTOS/Source/tasks.c **** 
2497:Middlewares/Third_Party/FreeRTOS/Source/tasks.c **** 		return pxTCB;
2498:Middlewares/Third_Party/FreeRTOS/Source/tasks.c **** 	}
2499:Middlewares/Third_Party/FreeRTOS/Source/tasks.c **** 
2500:Middlewares/Third_Party/FreeRTOS/Source/tasks.c **** #endif /* INCLUDE_xTaskGetHandle */
2501:Middlewares/Third_Party/FreeRTOS/Source/tasks.c **** /*-----------------------------------------------------------*/
2502:Middlewares/Third_Party/FreeRTOS/Source/tasks.c **** 
2503:Middlewares/Third_Party/FreeRTOS/Source/tasks.c **** #if ( configUSE_TRACE_FACILITY == 1 )
2504:Middlewares/Third_Party/FreeRTOS/Source/tasks.c **** 
2505:Middlewares/Third_Party/FreeRTOS/Source/tasks.c **** 	UBaseType_t uxTaskGetSystemState( TaskStatus_t * const pxTaskStatusArray, const UBaseType_t uxArra
2506:Middlewares/Third_Party/FreeRTOS/Source/tasks.c **** 	{
2507:Middlewares/Third_Party/FreeRTOS/Source/tasks.c **** 	UBaseType_t uxTask = 0, uxQueue = configMAX_PRIORITIES;
2508:Middlewares/Third_Party/FreeRTOS/Source/tasks.c **** 
2509:Middlewares/Third_Party/FreeRTOS/Source/tasks.c **** 		vTaskSuspendAll();
2510:Middlewares/Third_Party/FreeRTOS/Source/tasks.c **** 		{
2511:Middlewares/Third_Party/FreeRTOS/Source/tasks.c **** 			/* Is there a space in the array for each task in the system? */
2512:Middlewares/Third_Party/FreeRTOS/Source/tasks.c **** 			if( uxArraySize >= uxCurrentNumberOfTasks )
2513:Middlewares/Third_Party/FreeRTOS/Source/tasks.c **** 			{
2514:Middlewares/Third_Party/FreeRTOS/Source/tasks.c **** 				/* Fill in an TaskStatus_t structure with information on each
2515:Middlewares/Third_Party/FreeRTOS/Source/tasks.c **** 				task in the Ready state. */
2516:Middlewares/Third_Party/FreeRTOS/Source/tasks.c **** 				do
2517:Middlewares/Third_Party/FreeRTOS/Source/tasks.c **** 				{
2518:Middlewares/Third_Party/FreeRTOS/Source/tasks.c **** 					uxQueue--;
2519:Middlewares/Third_Party/FreeRTOS/Source/tasks.c **** 					uxTask += prvListTasksWithinSingleList( &( pxTaskStatusArray[ uxTask ] ), &( pxReadyTasksLists
2520:Middlewares/Third_Party/FreeRTOS/Source/tasks.c **** 
2521:Middlewares/Third_Party/FreeRTOS/Source/tasks.c **** 				} while( uxQueue > ( UBaseType_t ) tskIDLE_PRIORITY ); /*lint !e961 MISRA exception as the cast
2522:Middlewares/Third_Party/FreeRTOS/Source/tasks.c **** 
2523:Middlewares/Third_Party/FreeRTOS/Source/tasks.c **** 				/* Fill in an TaskStatus_t structure with information on each
2524:Middlewares/Third_Party/FreeRTOS/Source/tasks.c **** 				task in the Blocked state. */
ARM GAS  /tmp/ccV8B7BA.s 			page 51


2525:Middlewares/Third_Party/FreeRTOS/Source/tasks.c **** 				uxTask += prvListTasksWithinSingleList( &( pxTaskStatusArray[ uxTask ] ), ( List_t * ) pxDelaye
2526:Middlewares/Third_Party/FreeRTOS/Source/tasks.c **** 				uxTask += prvListTasksWithinSingleList( &( pxTaskStatusArray[ uxTask ] ), ( List_t * ) pxOverfl
2527:Middlewares/Third_Party/FreeRTOS/Source/tasks.c **** 
2528:Middlewares/Third_Party/FreeRTOS/Source/tasks.c **** 				#if( INCLUDE_vTaskDelete == 1 )
2529:Middlewares/Third_Party/FreeRTOS/Source/tasks.c **** 				{
2530:Middlewares/Third_Party/FreeRTOS/Source/tasks.c **** 					/* Fill in an TaskStatus_t structure with information on
2531:Middlewares/Third_Party/FreeRTOS/Source/tasks.c **** 					each task that has been deleted but not yet cleaned up. */
2532:Middlewares/Third_Party/FreeRTOS/Source/tasks.c **** 					uxTask += prvListTasksWithinSingleList( &( pxTaskStatusArray[ uxTask ] ), &xTasksWaitingTermin
2533:Middlewares/Third_Party/FreeRTOS/Source/tasks.c **** 				}
2534:Middlewares/Third_Party/FreeRTOS/Source/tasks.c **** 				#endif
2535:Middlewares/Third_Party/FreeRTOS/Source/tasks.c **** 
2536:Middlewares/Third_Party/FreeRTOS/Source/tasks.c **** 				#if ( INCLUDE_vTaskSuspend == 1 )
2537:Middlewares/Third_Party/FreeRTOS/Source/tasks.c **** 				{
2538:Middlewares/Third_Party/FreeRTOS/Source/tasks.c **** 					/* Fill in an TaskStatus_t structure with information on
2539:Middlewares/Third_Party/FreeRTOS/Source/tasks.c **** 					each task in the Suspended state. */
2540:Middlewares/Third_Party/FreeRTOS/Source/tasks.c **** 					uxTask += prvListTasksWithinSingleList( &( pxTaskStatusArray[ uxTask ] ), &xSuspendedTaskList,
2541:Middlewares/Third_Party/FreeRTOS/Source/tasks.c **** 				}
2542:Middlewares/Third_Party/FreeRTOS/Source/tasks.c **** 				#endif
2543:Middlewares/Third_Party/FreeRTOS/Source/tasks.c **** 
2544:Middlewares/Third_Party/FreeRTOS/Source/tasks.c **** 				#if ( configGENERATE_RUN_TIME_STATS == 1)
2545:Middlewares/Third_Party/FreeRTOS/Source/tasks.c **** 				{
2546:Middlewares/Third_Party/FreeRTOS/Source/tasks.c **** 					if( pulTotalRunTime != NULL )
2547:Middlewares/Third_Party/FreeRTOS/Source/tasks.c **** 					{
2548:Middlewares/Third_Party/FreeRTOS/Source/tasks.c **** 						#ifdef portALT_GET_RUN_TIME_COUNTER_VALUE
2549:Middlewares/Third_Party/FreeRTOS/Source/tasks.c **** 							portALT_GET_RUN_TIME_COUNTER_VALUE( ( *pulTotalRunTime ) );
2550:Middlewares/Third_Party/FreeRTOS/Source/tasks.c **** 						#else
2551:Middlewares/Third_Party/FreeRTOS/Source/tasks.c **** 							*pulTotalRunTime = portGET_RUN_TIME_COUNTER_VALUE();
2552:Middlewares/Third_Party/FreeRTOS/Source/tasks.c **** 						#endif
2553:Middlewares/Third_Party/FreeRTOS/Source/tasks.c **** 					}
2554:Middlewares/Third_Party/FreeRTOS/Source/tasks.c **** 				}
2555:Middlewares/Third_Party/FreeRTOS/Source/tasks.c **** 				#else
2556:Middlewares/Third_Party/FreeRTOS/Source/tasks.c **** 				{
2557:Middlewares/Third_Party/FreeRTOS/Source/tasks.c **** 					if( pulTotalRunTime != NULL )
2558:Middlewares/Third_Party/FreeRTOS/Source/tasks.c **** 					{
2559:Middlewares/Third_Party/FreeRTOS/Source/tasks.c **** 						*pulTotalRunTime = 0;
2560:Middlewares/Third_Party/FreeRTOS/Source/tasks.c **** 					}
2561:Middlewares/Third_Party/FreeRTOS/Source/tasks.c **** 				}
2562:Middlewares/Third_Party/FreeRTOS/Source/tasks.c **** 				#endif
2563:Middlewares/Third_Party/FreeRTOS/Source/tasks.c **** 			}
2564:Middlewares/Third_Party/FreeRTOS/Source/tasks.c **** 			else
2565:Middlewares/Third_Party/FreeRTOS/Source/tasks.c **** 			{
2566:Middlewares/Third_Party/FreeRTOS/Source/tasks.c **** 				mtCOVERAGE_TEST_MARKER();
2567:Middlewares/Third_Party/FreeRTOS/Source/tasks.c **** 			}
2568:Middlewares/Third_Party/FreeRTOS/Source/tasks.c **** 		}
2569:Middlewares/Third_Party/FreeRTOS/Source/tasks.c **** 		( void ) xTaskResumeAll();
2570:Middlewares/Third_Party/FreeRTOS/Source/tasks.c **** 
2571:Middlewares/Third_Party/FreeRTOS/Source/tasks.c **** 		return uxTask;
2572:Middlewares/Third_Party/FreeRTOS/Source/tasks.c **** 	}
2573:Middlewares/Third_Party/FreeRTOS/Source/tasks.c **** 
2574:Middlewares/Third_Party/FreeRTOS/Source/tasks.c **** #endif /* configUSE_TRACE_FACILITY */
2575:Middlewares/Third_Party/FreeRTOS/Source/tasks.c **** /*----------------------------------------------------------*/
2576:Middlewares/Third_Party/FreeRTOS/Source/tasks.c **** 
2577:Middlewares/Third_Party/FreeRTOS/Source/tasks.c **** #if ( INCLUDE_xTaskGetIdleTaskHandle == 1 )
2578:Middlewares/Third_Party/FreeRTOS/Source/tasks.c **** 
2579:Middlewares/Third_Party/FreeRTOS/Source/tasks.c **** 	TaskHandle_t xTaskGetIdleTaskHandle( void )
2580:Middlewares/Third_Party/FreeRTOS/Source/tasks.c **** 	{
2581:Middlewares/Third_Party/FreeRTOS/Source/tasks.c **** 		/* If xTaskGetIdleTaskHandle() is called before the scheduler has been
ARM GAS  /tmp/ccV8B7BA.s 			page 52


2582:Middlewares/Third_Party/FreeRTOS/Source/tasks.c **** 		started, then xIdleTaskHandle will be NULL. */
2583:Middlewares/Third_Party/FreeRTOS/Source/tasks.c **** 		configASSERT( ( xIdleTaskHandle != NULL ) );
2584:Middlewares/Third_Party/FreeRTOS/Source/tasks.c **** 		return xIdleTaskHandle;
2585:Middlewares/Third_Party/FreeRTOS/Source/tasks.c **** 	}
2586:Middlewares/Third_Party/FreeRTOS/Source/tasks.c **** 
2587:Middlewares/Third_Party/FreeRTOS/Source/tasks.c **** #endif /* INCLUDE_xTaskGetIdleTaskHandle */
2588:Middlewares/Third_Party/FreeRTOS/Source/tasks.c **** /*----------------------------------------------------------*/
2589:Middlewares/Third_Party/FreeRTOS/Source/tasks.c **** 
2590:Middlewares/Third_Party/FreeRTOS/Source/tasks.c **** /* This conditional compilation should use inequality to 0, not equality to 1.
2591:Middlewares/Third_Party/FreeRTOS/Source/tasks.c **** This is to ensure vTaskStepTick() is available when user defined low power mode
2592:Middlewares/Third_Party/FreeRTOS/Source/tasks.c **** implementations require configUSE_TICKLESS_IDLE to be set to a value other than
2593:Middlewares/Third_Party/FreeRTOS/Source/tasks.c **** 1. */
2594:Middlewares/Third_Party/FreeRTOS/Source/tasks.c **** #if ( configUSE_TICKLESS_IDLE != 0 )
2595:Middlewares/Third_Party/FreeRTOS/Source/tasks.c **** 
2596:Middlewares/Third_Party/FreeRTOS/Source/tasks.c **** 	void vTaskStepTick( const TickType_t xTicksToJump )
2597:Middlewares/Third_Party/FreeRTOS/Source/tasks.c **** 	{
2598:Middlewares/Third_Party/FreeRTOS/Source/tasks.c **** 		/* Correct the tick count value after a period during which the tick
2599:Middlewares/Third_Party/FreeRTOS/Source/tasks.c **** 		was suppressed.  Note this does *not* call the tick hook function for
2600:Middlewares/Third_Party/FreeRTOS/Source/tasks.c **** 		each stepped tick. */
2601:Middlewares/Third_Party/FreeRTOS/Source/tasks.c **** 		configASSERT( ( xTickCount + xTicksToJump ) <= xNextTaskUnblockTime );
2602:Middlewares/Third_Party/FreeRTOS/Source/tasks.c **** 		xTickCount += xTicksToJump;
2603:Middlewares/Third_Party/FreeRTOS/Source/tasks.c **** 		traceINCREASE_TICK_COUNT( xTicksToJump );
2604:Middlewares/Third_Party/FreeRTOS/Source/tasks.c **** 	}
2605:Middlewares/Third_Party/FreeRTOS/Source/tasks.c **** 
2606:Middlewares/Third_Party/FreeRTOS/Source/tasks.c **** #endif /* configUSE_TICKLESS_IDLE */
2607:Middlewares/Third_Party/FreeRTOS/Source/tasks.c **** /*----------------------------------------------------------*/
2608:Middlewares/Third_Party/FreeRTOS/Source/tasks.c **** 
2609:Middlewares/Third_Party/FreeRTOS/Source/tasks.c **** BaseType_t xTaskCatchUpTicks( TickType_t xTicksToCatchUp )
2610:Middlewares/Third_Party/FreeRTOS/Source/tasks.c **** {
2611:Middlewares/Third_Party/FreeRTOS/Source/tasks.c **** BaseType_t xYieldRequired = pdFALSE;
2612:Middlewares/Third_Party/FreeRTOS/Source/tasks.c **** 
2613:Middlewares/Third_Party/FreeRTOS/Source/tasks.c **** 	/* Must not be called with the scheduler suspended as the implementation
2614:Middlewares/Third_Party/FreeRTOS/Source/tasks.c **** 	relies on xPendedTicks being wound down to 0 in xTaskResumeAll(). */
2615:Middlewares/Third_Party/FreeRTOS/Source/tasks.c **** 	configASSERT( uxSchedulerSuspended == 0 );
2616:Middlewares/Third_Party/FreeRTOS/Source/tasks.c **** 
2617:Middlewares/Third_Party/FreeRTOS/Source/tasks.c **** 	/* Use xPendedTicks to mimic xTicksToCatchUp number of ticks occurring when
2618:Middlewares/Third_Party/FreeRTOS/Source/tasks.c **** 	the scheduler is suspended so the ticks are executed in xTaskResumeAll(). */
2619:Middlewares/Third_Party/FreeRTOS/Source/tasks.c **** 	vTaskSuspendAll();
2620:Middlewares/Third_Party/FreeRTOS/Source/tasks.c **** 	xPendedTicks += xTicksToCatchUp;
2621:Middlewares/Third_Party/FreeRTOS/Source/tasks.c **** 	xYieldRequired = xTaskResumeAll();
2622:Middlewares/Third_Party/FreeRTOS/Source/tasks.c **** 
2623:Middlewares/Third_Party/FreeRTOS/Source/tasks.c **** 	return xYieldRequired;
2624:Middlewares/Third_Party/FreeRTOS/Source/tasks.c **** }
2625:Middlewares/Third_Party/FreeRTOS/Source/tasks.c **** /*----------------------------------------------------------*/
2626:Middlewares/Third_Party/FreeRTOS/Source/tasks.c **** 
2627:Middlewares/Third_Party/FreeRTOS/Source/tasks.c **** #if ( INCLUDE_xTaskAbortDelay == 1 )
2628:Middlewares/Third_Party/FreeRTOS/Source/tasks.c **** 
2629:Middlewares/Third_Party/FreeRTOS/Source/tasks.c **** 	BaseType_t xTaskAbortDelay( TaskHandle_t xTask )
2630:Middlewares/Third_Party/FreeRTOS/Source/tasks.c **** 	{
2631:Middlewares/Third_Party/FreeRTOS/Source/tasks.c **** 	TCB_t *pxTCB = xTask;
2632:Middlewares/Third_Party/FreeRTOS/Source/tasks.c **** 	BaseType_t xReturn;
2633:Middlewares/Third_Party/FreeRTOS/Source/tasks.c **** 
2634:Middlewares/Third_Party/FreeRTOS/Source/tasks.c **** 		configASSERT( pxTCB );
2635:Middlewares/Third_Party/FreeRTOS/Source/tasks.c **** 
2636:Middlewares/Third_Party/FreeRTOS/Source/tasks.c **** 		vTaskSuspendAll();
2637:Middlewares/Third_Party/FreeRTOS/Source/tasks.c **** 		{
2638:Middlewares/Third_Party/FreeRTOS/Source/tasks.c **** 			/* A task can only be prematurely removed from the Blocked state if
ARM GAS  /tmp/ccV8B7BA.s 			page 53


2639:Middlewares/Third_Party/FreeRTOS/Source/tasks.c **** 			it is actually in the Blocked state. */
2640:Middlewares/Third_Party/FreeRTOS/Source/tasks.c **** 			if( eTaskGetState( xTask ) == eBlocked )
2641:Middlewares/Third_Party/FreeRTOS/Source/tasks.c **** 			{
2642:Middlewares/Third_Party/FreeRTOS/Source/tasks.c **** 				xReturn = pdPASS;
2643:Middlewares/Third_Party/FreeRTOS/Source/tasks.c **** 
2644:Middlewares/Third_Party/FreeRTOS/Source/tasks.c **** 				/* Remove the reference to the task from the blocked list.  An
2645:Middlewares/Third_Party/FreeRTOS/Source/tasks.c **** 				interrupt won't touch the xStateListItem because the
2646:Middlewares/Third_Party/FreeRTOS/Source/tasks.c **** 				scheduler is suspended. */
2647:Middlewares/Third_Party/FreeRTOS/Source/tasks.c **** 				( void ) uxListRemove( &( pxTCB->xStateListItem ) );
2648:Middlewares/Third_Party/FreeRTOS/Source/tasks.c **** 
2649:Middlewares/Third_Party/FreeRTOS/Source/tasks.c **** 				/* Is the task waiting on an event also?  If so remove it from
2650:Middlewares/Third_Party/FreeRTOS/Source/tasks.c **** 				the event list too.  Interrupts can touch the event list item,
2651:Middlewares/Third_Party/FreeRTOS/Source/tasks.c **** 				even though the scheduler is suspended, so a critical section
2652:Middlewares/Third_Party/FreeRTOS/Source/tasks.c **** 				is used. */
2653:Middlewares/Third_Party/FreeRTOS/Source/tasks.c **** 				taskENTER_CRITICAL();
2654:Middlewares/Third_Party/FreeRTOS/Source/tasks.c **** 				{
2655:Middlewares/Third_Party/FreeRTOS/Source/tasks.c **** 					if( listLIST_ITEM_CONTAINER( &( pxTCB->xEventListItem ) ) != NULL )
2656:Middlewares/Third_Party/FreeRTOS/Source/tasks.c **** 					{
2657:Middlewares/Third_Party/FreeRTOS/Source/tasks.c **** 						( void ) uxListRemove( &( pxTCB->xEventListItem ) );
2658:Middlewares/Third_Party/FreeRTOS/Source/tasks.c **** 
2659:Middlewares/Third_Party/FreeRTOS/Source/tasks.c **** 						/* This lets the task know it was forcibly removed from the
2660:Middlewares/Third_Party/FreeRTOS/Source/tasks.c **** 						blocked state so it should not re-evaluate its block time and
2661:Middlewares/Third_Party/FreeRTOS/Source/tasks.c **** 						then block again. */
2662:Middlewares/Third_Party/FreeRTOS/Source/tasks.c **** 						pxTCB->ucDelayAborted = pdTRUE;
2663:Middlewares/Third_Party/FreeRTOS/Source/tasks.c **** 					}
2664:Middlewares/Third_Party/FreeRTOS/Source/tasks.c **** 					else
2665:Middlewares/Third_Party/FreeRTOS/Source/tasks.c **** 					{
2666:Middlewares/Third_Party/FreeRTOS/Source/tasks.c **** 						mtCOVERAGE_TEST_MARKER();
2667:Middlewares/Third_Party/FreeRTOS/Source/tasks.c **** 					}
2668:Middlewares/Third_Party/FreeRTOS/Source/tasks.c **** 				}
2669:Middlewares/Third_Party/FreeRTOS/Source/tasks.c **** 				taskEXIT_CRITICAL();
2670:Middlewares/Third_Party/FreeRTOS/Source/tasks.c **** 
2671:Middlewares/Third_Party/FreeRTOS/Source/tasks.c **** 				/* Place the unblocked task into the appropriate ready list. */
2672:Middlewares/Third_Party/FreeRTOS/Source/tasks.c **** 				prvAddTaskToReadyList( pxTCB );
2673:Middlewares/Third_Party/FreeRTOS/Source/tasks.c **** 
2674:Middlewares/Third_Party/FreeRTOS/Source/tasks.c **** 				/* A task being unblocked cannot cause an immediate context
2675:Middlewares/Third_Party/FreeRTOS/Source/tasks.c **** 				switch if preemption is turned off. */
2676:Middlewares/Third_Party/FreeRTOS/Source/tasks.c **** 				#if (  configUSE_PREEMPTION == 1 )
2677:Middlewares/Third_Party/FreeRTOS/Source/tasks.c **** 				{
2678:Middlewares/Third_Party/FreeRTOS/Source/tasks.c **** 					/* Preemption is on, but a context switch should only be
2679:Middlewares/Third_Party/FreeRTOS/Source/tasks.c **** 					performed if the unblocked task has a priority that is
2680:Middlewares/Third_Party/FreeRTOS/Source/tasks.c **** 					equal to or higher than the currently executing task. */
2681:Middlewares/Third_Party/FreeRTOS/Source/tasks.c **** 					if( pxTCB->uxPriority > pxCurrentTCB->uxPriority )
2682:Middlewares/Third_Party/FreeRTOS/Source/tasks.c **** 					{
2683:Middlewares/Third_Party/FreeRTOS/Source/tasks.c **** 						/* Pend the yield to be performed when the scheduler
2684:Middlewares/Third_Party/FreeRTOS/Source/tasks.c **** 						is unsuspended. */
2685:Middlewares/Third_Party/FreeRTOS/Source/tasks.c **** 						xYieldPending = pdTRUE;
2686:Middlewares/Third_Party/FreeRTOS/Source/tasks.c **** 					}
2687:Middlewares/Third_Party/FreeRTOS/Source/tasks.c **** 					else
2688:Middlewares/Third_Party/FreeRTOS/Source/tasks.c **** 					{
2689:Middlewares/Third_Party/FreeRTOS/Source/tasks.c **** 						mtCOVERAGE_TEST_MARKER();
2690:Middlewares/Third_Party/FreeRTOS/Source/tasks.c **** 					}
2691:Middlewares/Third_Party/FreeRTOS/Source/tasks.c **** 				}
2692:Middlewares/Third_Party/FreeRTOS/Source/tasks.c **** 				#endif /* configUSE_PREEMPTION */
2693:Middlewares/Third_Party/FreeRTOS/Source/tasks.c **** 			}
2694:Middlewares/Third_Party/FreeRTOS/Source/tasks.c **** 			else
2695:Middlewares/Third_Party/FreeRTOS/Source/tasks.c **** 			{
ARM GAS  /tmp/ccV8B7BA.s 			page 54


2696:Middlewares/Third_Party/FreeRTOS/Source/tasks.c **** 				xReturn = pdFAIL;
2697:Middlewares/Third_Party/FreeRTOS/Source/tasks.c **** 			}
2698:Middlewares/Third_Party/FreeRTOS/Source/tasks.c **** 		}
2699:Middlewares/Third_Party/FreeRTOS/Source/tasks.c **** 		( void ) xTaskResumeAll();
2700:Middlewares/Third_Party/FreeRTOS/Source/tasks.c **** 
2701:Middlewares/Third_Party/FreeRTOS/Source/tasks.c **** 		return xReturn;
2702:Middlewares/Third_Party/FreeRTOS/Source/tasks.c **** 	}
2703:Middlewares/Third_Party/FreeRTOS/Source/tasks.c **** 
2704:Middlewares/Third_Party/FreeRTOS/Source/tasks.c **** #endif /* INCLUDE_xTaskAbortDelay */
2705:Middlewares/Third_Party/FreeRTOS/Source/tasks.c **** /*----------------------------------------------------------*/
2706:Middlewares/Third_Party/FreeRTOS/Source/tasks.c **** 
2707:Middlewares/Third_Party/FreeRTOS/Source/tasks.c **** BaseType_t xTaskIncrementTick( void )
2708:Middlewares/Third_Party/FreeRTOS/Source/tasks.c **** {
2709:Middlewares/Third_Party/FreeRTOS/Source/tasks.c **** TCB_t * pxTCB;
2710:Middlewares/Third_Party/FreeRTOS/Source/tasks.c **** TickType_t xItemValue;
2711:Middlewares/Third_Party/FreeRTOS/Source/tasks.c **** BaseType_t xSwitchRequired = pdFALSE;
2712:Middlewares/Third_Party/FreeRTOS/Source/tasks.c **** 
2713:Middlewares/Third_Party/FreeRTOS/Source/tasks.c **** 	/* Called by the portable layer each time a tick interrupt occurs.
2714:Middlewares/Third_Party/FreeRTOS/Source/tasks.c **** 	Increments the tick then checks to see if the new tick value will cause any
2715:Middlewares/Third_Party/FreeRTOS/Source/tasks.c **** 	tasks to be unblocked. */
2716:Middlewares/Third_Party/FreeRTOS/Source/tasks.c **** 	traceTASK_INCREMENT_TICK( xTickCount );
2717:Middlewares/Third_Party/FreeRTOS/Source/tasks.c **** 	if( uxSchedulerSuspended == ( UBaseType_t ) pdFALSE )
2718:Middlewares/Third_Party/FreeRTOS/Source/tasks.c **** 	{
2719:Middlewares/Third_Party/FreeRTOS/Source/tasks.c **** 		/* Minor optimisation.  The tick count cannot change in this
2720:Middlewares/Third_Party/FreeRTOS/Source/tasks.c **** 		block. */
2721:Middlewares/Third_Party/FreeRTOS/Source/tasks.c **** 		const TickType_t xConstTickCount = xTickCount + ( TickType_t ) 1;
2722:Middlewares/Third_Party/FreeRTOS/Source/tasks.c **** 
2723:Middlewares/Third_Party/FreeRTOS/Source/tasks.c **** 		/* Increment the RTOS tick, switching the delayed and overflowed
2724:Middlewares/Third_Party/FreeRTOS/Source/tasks.c **** 		delayed lists if it wraps to 0. */
2725:Middlewares/Third_Party/FreeRTOS/Source/tasks.c **** 		xTickCount = xConstTickCount;
2726:Middlewares/Third_Party/FreeRTOS/Source/tasks.c **** 
2727:Middlewares/Third_Party/FreeRTOS/Source/tasks.c **** 		if( xConstTickCount == ( TickType_t ) 0U ) /*lint !e774 'if' does not always evaluate to false as
2728:Middlewares/Third_Party/FreeRTOS/Source/tasks.c **** 		{
2729:Middlewares/Third_Party/FreeRTOS/Source/tasks.c **** 			taskSWITCH_DELAYED_LISTS();
2730:Middlewares/Third_Party/FreeRTOS/Source/tasks.c **** 		}
2731:Middlewares/Third_Party/FreeRTOS/Source/tasks.c **** 		else
2732:Middlewares/Third_Party/FreeRTOS/Source/tasks.c **** 		{
2733:Middlewares/Third_Party/FreeRTOS/Source/tasks.c **** 			mtCOVERAGE_TEST_MARKER();
2734:Middlewares/Third_Party/FreeRTOS/Source/tasks.c **** 		}
2735:Middlewares/Third_Party/FreeRTOS/Source/tasks.c **** 
2736:Middlewares/Third_Party/FreeRTOS/Source/tasks.c **** 		/* See if this tick has made a timeout expire.  Tasks are stored in
2737:Middlewares/Third_Party/FreeRTOS/Source/tasks.c **** 		the	queue in the order of their wake time - meaning once one task
2738:Middlewares/Third_Party/FreeRTOS/Source/tasks.c **** 		has been found whose block time has not expired there is no need to
2739:Middlewares/Third_Party/FreeRTOS/Source/tasks.c **** 		look any further down the list. */
2740:Middlewares/Third_Party/FreeRTOS/Source/tasks.c **** 		if( xConstTickCount >= xNextTaskUnblockTime )
2741:Middlewares/Third_Party/FreeRTOS/Source/tasks.c **** 		{
2742:Middlewares/Third_Party/FreeRTOS/Source/tasks.c **** 			for( ;; )
2743:Middlewares/Third_Party/FreeRTOS/Source/tasks.c **** 			{
2744:Middlewares/Third_Party/FreeRTOS/Source/tasks.c **** 				if( listLIST_IS_EMPTY( pxDelayedTaskList ) != pdFALSE )
2745:Middlewares/Third_Party/FreeRTOS/Source/tasks.c **** 				{
2746:Middlewares/Third_Party/FreeRTOS/Source/tasks.c **** 					/* The delayed list is empty.  Set xNextTaskUnblockTime
2747:Middlewares/Third_Party/FreeRTOS/Source/tasks.c **** 					to the maximum possible value so it is extremely
2748:Middlewares/Third_Party/FreeRTOS/Source/tasks.c **** 					unlikely that the
2749:Middlewares/Third_Party/FreeRTOS/Source/tasks.c **** 					if( xTickCount >= xNextTaskUnblockTime ) test will pass
2750:Middlewares/Third_Party/FreeRTOS/Source/tasks.c **** 					next time through. */
2751:Middlewares/Third_Party/FreeRTOS/Source/tasks.c **** 					xNextTaskUnblockTime = portMAX_DELAY; /*lint !e961 MISRA exception as the casts are only redun
2752:Middlewares/Third_Party/FreeRTOS/Source/tasks.c **** 					break;
ARM GAS  /tmp/ccV8B7BA.s 			page 55


2753:Middlewares/Third_Party/FreeRTOS/Source/tasks.c **** 				}
2754:Middlewares/Third_Party/FreeRTOS/Source/tasks.c **** 				else
2755:Middlewares/Third_Party/FreeRTOS/Source/tasks.c **** 				{
2756:Middlewares/Third_Party/FreeRTOS/Source/tasks.c **** 					/* The delayed list is not empty, get the value of the
2757:Middlewares/Third_Party/FreeRTOS/Source/tasks.c **** 					item at the head of the delayed list.  This is the time
2758:Middlewares/Third_Party/FreeRTOS/Source/tasks.c **** 					at which the task at the head of the delayed list must
2759:Middlewares/Third_Party/FreeRTOS/Source/tasks.c **** 					be removed from the Blocked state. */
2760:Middlewares/Third_Party/FreeRTOS/Source/tasks.c **** 					pxTCB = listGET_OWNER_OF_HEAD_ENTRY( pxDelayedTaskList ); /*lint !e9079 void * is used as this
2761:Middlewares/Third_Party/FreeRTOS/Source/tasks.c **** 					xItemValue = listGET_LIST_ITEM_VALUE( &( pxTCB->xStateListItem ) );
2762:Middlewares/Third_Party/FreeRTOS/Source/tasks.c **** 
2763:Middlewares/Third_Party/FreeRTOS/Source/tasks.c **** 					if( xConstTickCount < xItemValue )
2764:Middlewares/Third_Party/FreeRTOS/Source/tasks.c **** 					{
2765:Middlewares/Third_Party/FreeRTOS/Source/tasks.c **** 						/* It is not time to unblock this item yet, but the
2766:Middlewares/Third_Party/FreeRTOS/Source/tasks.c **** 						item value is the time at which the task at the head
2767:Middlewares/Third_Party/FreeRTOS/Source/tasks.c **** 						of the blocked list must be removed from the Blocked
2768:Middlewares/Third_Party/FreeRTOS/Source/tasks.c **** 						state -	so record the item value in
2769:Middlewares/Third_Party/FreeRTOS/Source/tasks.c **** 						xNextTaskUnblockTime. */
2770:Middlewares/Third_Party/FreeRTOS/Source/tasks.c **** 						xNextTaskUnblockTime = xItemValue;
2771:Middlewares/Third_Party/FreeRTOS/Source/tasks.c **** 						break; /*lint !e9011 Code structure here is deedmed easier to understand with multiple breaks
2772:Middlewares/Third_Party/FreeRTOS/Source/tasks.c **** 					}
2773:Middlewares/Third_Party/FreeRTOS/Source/tasks.c **** 					else
2774:Middlewares/Third_Party/FreeRTOS/Source/tasks.c **** 					{
2775:Middlewares/Third_Party/FreeRTOS/Source/tasks.c **** 						mtCOVERAGE_TEST_MARKER();
2776:Middlewares/Third_Party/FreeRTOS/Source/tasks.c **** 					}
2777:Middlewares/Third_Party/FreeRTOS/Source/tasks.c **** 
2778:Middlewares/Third_Party/FreeRTOS/Source/tasks.c **** 					/* It is time to remove the item from the Blocked state. */
2779:Middlewares/Third_Party/FreeRTOS/Source/tasks.c **** 					( void ) uxListRemove( &( pxTCB->xStateListItem ) );
2780:Middlewares/Third_Party/FreeRTOS/Source/tasks.c **** 
2781:Middlewares/Third_Party/FreeRTOS/Source/tasks.c **** 					/* Is the task waiting on an event also?  If so remove
2782:Middlewares/Third_Party/FreeRTOS/Source/tasks.c **** 					it from the event list. */
2783:Middlewares/Third_Party/FreeRTOS/Source/tasks.c **** 					if( listLIST_ITEM_CONTAINER( &( pxTCB->xEventListItem ) ) != NULL )
2784:Middlewares/Third_Party/FreeRTOS/Source/tasks.c **** 					{
2785:Middlewares/Third_Party/FreeRTOS/Source/tasks.c **** 						( void ) uxListRemove( &( pxTCB->xEventListItem ) );
2786:Middlewares/Third_Party/FreeRTOS/Source/tasks.c **** 					}
2787:Middlewares/Third_Party/FreeRTOS/Source/tasks.c **** 					else
2788:Middlewares/Third_Party/FreeRTOS/Source/tasks.c **** 					{
2789:Middlewares/Third_Party/FreeRTOS/Source/tasks.c **** 						mtCOVERAGE_TEST_MARKER();
2790:Middlewares/Third_Party/FreeRTOS/Source/tasks.c **** 					}
2791:Middlewares/Third_Party/FreeRTOS/Source/tasks.c **** 
2792:Middlewares/Third_Party/FreeRTOS/Source/tasks.c **** 					/* Place the unblocked task into the appropriate ready
2793:Middlewares/Third_Party/FreeRTOS/Source/tasks.c **** 					list. */
2794:Middlewares/Third_Party/FreeRTOS/Source/tasks.c **** 					prvAddTaskToReadyList( pxTCB );
2795:Middlewares/Third_Party/FreeRTOS/Source/tasks.c **** 
2796:Middlewares/Third_Party/FreeRTOS/Source/tasks.c **** 					/* A task being unblocked cannot cause an immediate
2797:Middlewares/Third_Party/FreeRTOS/Source/tasks.c **** 					context switch if preemption is turned off. */
2798:Middlewares/Third_Party/FreeRTOS/Source/tasks.c **** 					#if (  configUSE_PREEMPTION == 1 )
2799:Middlewares/Third_Party/FreeRTOS/Source/tasks.c **** 					{
2800:Middlewares/Third_Party/FreeRTOS/Source/tasks.c **** 						/* Preemption is on, but a context switch should
2801:Middlewares/Third_Party/FreeRTOS/Source/tasks.c **** 						only be performed if the unblocked task has a
2802:Middlewares/Third_Party/FreeRTOS/Source/tasks.c **** 						priority that is equal to or higher than the
2803:Middlewares/Third_Party/FreeRTOS/Source/tasks.c **** 						currently executing task. */
2804:Middlewares/Third_Party/FreeRTOS/Source/tasks.c **** 						if( pxTCB->uxPriority >= pxCurrentTCB->uxPriority )
2805:Middlewares/Third_Party/FreeRTOS/Source/tasks.c **** 						{
2806:Middlewares/Third_Party/FreeRTOS/Source/tasks.c **** 							xSwitchRequired = pdTRUE;
2807:Middlewares/Third_Party/FreeRTOS/Source/tasks.c **** 						}
2808:Middlewares/Third_Party/FreeRTOS/Source/tasks.c **** 						else
2809:Middlewares/Third_Party/FreeRTOS/Source/tasks.c **** 						{
ARM GAS  /tmp/ccV8B7BA.s 			page 56


2810:Middlewares/Third_Party/FreeRTOS/Source/tasks.c **** 							mtCOVERAGE_TEST_MARKER();
2811:Middlewares/Third_Party/FreeRTOS/Source/tasks.c **** 						}
2812:Middlewares/Third_Party/FreeRTOS/Source/tasks.c **** 					}
2813:Middlewares/Third_Party/FreeRTOS/Source/tasks.c **** 					#endif /* configUSE_PREEMPTION */
2814:Middlewares/Third_Party/FreeRTOS/Source/tasks.c **** 				}
2815:Middlewares/Third_Party/FreeRTOS/Source/tasks.c **** 			}
2816:Middlewares/Third_Party/FreeRTOS/Source/tasks.c **** 		}
2817:Middlewares/Third_Party/FreeRTOS/Source/tasks.c **** 
2818:Middlewares/Third_Party/FreeRTOS/Source/tasks.c **** 		/* Tasks of equal priority to the currently running task will share
2819:Middlewares/Third_Party/FreeRTOS/Source/tasks.c **** 		processing time (time slice) if preemption is on, and the application
2820:Middlewares/Third_Party/FreeRTOS/Source/tasks.c **** 		writer has not explicitly turned time slicing off. */
2821:Middlewares/Third_Party/FreeRTOS/Source/tasks.c **** 		#if ( ( configUSE_PREEMPTION == 1 ) && ( configUSE_TIME_SLICING == 1 ) )
2822:Middlewares/Third_Party/FreeRTOS/Source/tasks.c **** 		{
2823:Middlewares/Third_Party/FreeRTOS/Source/tasks.c **** 			if( listCURRENT_LIST_LENGTH( &( pxReadyTasksLists[ pxCurrentTCB->uxPriority ] ) ) > ( UBaseType_
2824:Middlewares/Third_Party/FreeRTOS/Source/tasks.c **** 			{
2825:Middlewares/Third_Party/FreeRTOS/Source/tasks.c **** 				xSwitchRequired = pdTRUE;
2826:Middlewares/Third_Party/FreeRTOS/Source/tasks.c **** 			}
2827:Middlewares/Third_Party/FreeRTOS/Source/tasks.c **** 			else
2828:Middlewares/Third_Party/FreeRTOS/Source/tasks.c **** 			{
2829:Middlewares/Third_Party/FreeRTOS/Source/tasks.c **** 				mtCOVERAGE_TEST_MARKER();
2830:Middlewares/Third_Party/FreeRTOS/Source/tasks.c **** 			}
2831:Middlewares/Third_Party/FreeRTOS/Source/tasks.c **** 		}
2832:Middlewares/Third_Party/FreeRTOS/Source/tasks.c **** 		#endif /* ( ( configUSE_PREEMPTION == 1 ) && ( configUSE_TIME_SLICING == 1 ) ) */
2833:Middlewares/Third_Party/FreeRTOS/Source/tasks.c **** 
2834:Middlewares/Third_Party/FreeRTOS/Source/tasks.c **** 		#if ( configUSE_TICK_HOOK == 1 )
2835:Middlewares/Third_Party/FreeRTOS/Source/tasks.c **** 		{
2836:Middlewares/Third_Party/FreeRTOS/Source/tasks.c **** 			/* Guard against the tick hook being called when the pended tick
2837:Middlewares/Third_Party/FreeRTOS/Source/tasks.c **** 			count is being unwound (when the scheduler is being unlocked). */
2838:Middlewares/Third_Party/FreeRTOS/Source/tasks.c **** 			if( xPendedTicks == ( TickType_t ) 0 )
2839:Middlewares/Third_Party/FreeRTOS/Source/tasks.c **** 			{
2840:Middlewares/Third_Party/FreeRTOS/Source/tasks.c **** 				vApplicationTickHook();
2841:Middlewares/Third_Party/FreeRTOS/Source/tasks.c **** 			}
2842:Middlewares/Third_Party/FreeRTOS/Source/tasks.c **** 			else
2843:Middlewares/Third_Party/FreeRTOS/Source/tasks.c **** 			{
2844:Middlewares/Third_Party/FreeRTOS/Source/tasks.c **** 				mtCOVERAGE_TEST_MARKER();
2845:Middlewares/Third_Party/FreeRTOS/Source/tasks.c **** 			}
2846:Middlewares/Third_Party/FreeRTOS/Source/tasks.c **** 		}
2847:Middlewares/Third_Party/FreeRTOS/Source/tasks.c **** 		#endif /* configUSE_TICK_HOOK */
2848:Middlewares/Third_Party/FreeRTOS/Source/tasks.c **** 
2849:Middlewares/Third_Party/FreeRTOS/Source/tasks.c **** 		#if ( configUSE_PREEMPTION == 1 )
2850:Middlewares/Third_Party/FreeRTOS/Source/tasks.c **** 		{
2851:Middlewares/Third_Party/FreeRTOS/Source/tasks.c **** 			if( xYieldPending != pdFALSE )
2852:Middlewares/Third_Party/FreeRTOS/Source/tasks.c **** 			{
2853:Middlewares/Third_Party/FreeRTOS/Source/tasks.c **** 				xSwitchRequired = pdTRUE;
2854:Middlewares/Third_Party/FreeRTOS/Source/tasks.c **** 			}
2855:Middlewares/Third_Party/FreeRTOS/Source/tasks.c **** 			else
2856:Middlewares/Third_Party/FreeRTOS/Source/tasks.c **** 			{
2857:Middlewares/Third_Party/FreeRTOS/Source/tasks.c **** 				mtCOVERAGE_TEST_MARKER();
2858:Middlewares/Third_Party/FreeRTOS/Source/tasks.c **** 			}
2859:Middlewares/Third_Party/FreeRTOS/Source/tasks.c **** 		}
2860:Middlewares/Third_Party/FreeRTOS/Source/tasks.c **** 		#endif /* configUSE_PREEMPTION */
2861:Middlewares/Third_Party/FreeRTOS/Source/tasks.c **** 	}
2862:Middlewares/Third_Party/FreeRTOS/Source/tasks.c **** 	else
2863:Middlewares/Third_Party/FreeRTOS/Source/tasks.c **** 	{
2864:Middlewares/Third_Party/FreeRTOS/Source/tasks.c **** 		++xPendedTicks;
2865:Middlewares/Third_Party/FreeRTOS/Source/tasks.c **** 
2866:Middlewares/Third_Party/FreeRTOS/Source/tasks.c **** 		/* The tick hook gets called at regular intervals, even if the
ARM GAS  /tmp/ccV8B7BA.s 			page 57


2867:Middlewares/Third_Party/FreeRTOS/Source/tasks.c **** 		scheduler is locked. */
2868:Middlewares/Third_Party/FreeRTOS/Source/tasks.c **** 		#if ( configUSE_TICK_HOOK == 1 )
2869:Middlewares/Third_Party/FreeRTOS/Source/tasks.c **** 		{
2870:Middlewares/Third_Party/FreeRTOS/Source/tasks.c **** 			vApplicationTickHook();
2871:Middlewares/Third_Party/FreeRTOS/Source/tasks.c **** 		}
2872:Middlewares/Third_Party/FreeRTOS/Source/tasks.c **** 		#endif
2873:Middlewares/Third_Party/FreeRTOS/Source/tasks.c **** 	}
2874:Middlewares/Third_Party/FreeRTOS/Source/tasks.c **** 
2875:Middlewares/Third_Party/FreeRTOS/Source/tasks.c **** 	return xSwitchRequired;
2876:Middlewares/Third_Party/FreeRTOS/Source/tasks.c **** }
2877:Middlewares/Third_Party/FreeRTOS/Source/tasks.c **** /*-----------------------------------------------------------*/
2878:Middlewares/Third_Party/FreeRTOS/Source/tasks.c **** 
2879:Middlewares/Third_Party/FreeRTOS/Source/tasks.c **** #if ( configUSE_APPLICATION_TASK_TAG == 1 )
2880:Middlewares/Third_Party/FreeRTOS/Source/tasks.c **** 
2881:Middlewares/Third_Party/FreeRTOS/Source/tasks.c **** 	void vTaskSetApplicationTaskTag( TaskHandle_t xTask, TaskHookFunction_t pxHookFunction )
2882:Middlewares/Third_Party/FreeRTOS/Source/tasks.c **** 	{
2883:Middlewares/Third_Party/FreeRTOS/Source/tasks.c **** 	TCB_t *xTCB;
2884:Middlewares/Third_Party/FreeRTOS/Source/tasks.c **** 
2885:Middlewares/Third_Party/FreeRTOS/Source/tasks.c **** 		/* If xTask is NULL then it is the task hook of the calling task that is
2886:Middlewares/Third_Party/FreeRTOS/Source/tasks.c **** 		getting set. */
2887:Middlewares/Third_Party/FreeRTOS/Source/tasks.c **** 		if( xTask == NULL )
2888:Middlewares/Third_Party/FreeRTOS/Source/tasks.c **** 		{
2889:Middlewares/Third_Party/FreeRTOS/Source/tasks.c **** 			xTCB = ( TCB_t * ) pxCurrentTCB;
2890:Middlewares/Third_Party/FreeRTOS/Source/tasks.c **** 		}
2891:Middlewares/Third_Party/FreeRTOS/Source/tasks.c **** 		else
2892:Middlewares/Third_Party/FreeRTOS/Source/tasks.c **** 		{
2893:Middlewares/Third_Party/FreeRTOS/Source/tasks.c **** 			xTCB = xTask;
2894:Middlewares/Third_Party/FreeRTOS/Source/tasks.c **** 		}
2895:Middlewares/Third_Party/FreeRTOS/Source/tasks.c **** 
2896:Middlewares/Third_Party/FreeRTOS/Source/tasks.c **** 		/* Save the hook function in the TCB.  A critical section is required as
2897:Middlewares/Third_Party/FreeRTOS/Source/tasks.c **** 		the value can be accessed from an interrupt. */
2898:Middlewares/Third_Party/FreeRTOS/Source/tasks.c **** 		taskENTER_CRITICAL();
2899:Middlewares/Third_Party/FreeRTOS/Source/tasks.c **** 		{
2900:Middlewares/Third_Party/FreeRTOS/Source/tasks.c **** 			xTCB->pxTaskTag = pxHookFunction;
2901:Middlewares/Third_Party/FreeRTOS/Source/tasks.c **** 		}
2902:Middlewares/Third_Party/FreeRTOS/Source/tasks.c **** 		taskEXIT_CRITICAL();
2903:Middlewares/Third_Party/FreeRTOS/Source/tasks.c **** 	}
2904:Middlewares/Third_Party/FreeRTOS/Source/tasks.c **** 
2905:Middlewares/Third_Party/FreeRTOS/Source/tasks.c **** #endif /* configUSE_APPLICATION_TASK_TAG */
2906:Middlewares/Third_Party/FreeRTOS/Source/tasks.c **** /*-----------------------------------------------------------*/
2907:Middlewares/Third_Party/FreeRTOS/Source/tasks.c **** 
2908:Middlewares/Third_Party/FreeRTOS/Source/tasks.c **** #if ( configUSE_APPLICATION_TASK_TAG == 1 )
2909:Middlewares/Third_Party/FreeRTOS/Source/tasks.c **** 
2910:Middlewares/Third_Party/FreeRTOS/Source/tasks.c **** 	TaskHookFunction_t xTaskGetApplicationTaskTag( TaskHandle_t xTask )
2911:Middlewares/Third_Party/FreeRTOS/Source/tasks.c **** 	{
2912:Middlewares/Third_Party/FreeRTOS/Source/tasks.c **** 	TCB_t *pxTCB;
2913:Middlewares/Third_Party/FreeRTOS/Source/tasks.c **** 	TaskHookFunction_t xReturn;
2914:Middlewares/Third_Party/FreeRTOS/Source/tasks.c **** 
2915:Middlewares/Third_Party/FreeRTOS/Source/tasks.c **** 		/* If xTask is NULL then set the calling task's hook. */
2916:Middlewares/Third_Party/FreeRTOS/Source/tasks.c **** 		pxTCB = prvGetTCBFromHandle( xTask );
2917:Middlewares/Third_Party/FreeRTOS/Source/tasks.c **** 
2918:Middlewares/Third_Party/FreeRTOS/Source/tasks.c **** 		/* Save the hook function in the TCB.  A critical section is required as
2919:Middlewares/Third_Party/FreeRTOS/Source/tasks.c **** 		the value can be accessed from an interrupt. */
2920:Middlewares/Third_Party/FreeRTOS/Source/tasks.c **** 		taskENTER_CRITICAL();
2921:Middlewares/Third_Party/FreeRTOS/Source/tasks.c **** 		{
2922:Middlewares/Third_Party/FreeRTOS/Source/tasks.c **** 			xReturn = pxTCB->pxTaskTag;
2923:Middlewares/Third_Party/FreeRTOS/Source/tasks.c **** 		}
ARM GAS  /tmp/ccV8B7BA.s 			page 58


2924:Middlewares/Third_Party/FreeRTOS/Source/tasks.c **** 		taskEXIT_CRITICAL();
2925:Middlewares/Third_Party/FreeRTOS/Source/tasks.c **** 
2926:Middlewares/Third_Party/FreeRTOS/Source/tasks.c **** 		return xReturn;
2927:Middlewares/Third_Party/FreeRTOS/Source/tasks.c **** 	}
2928:Middlewares/Third_Party/FreeRTOS/Source/tasks.c **** 
2929:Middlewares/Third_Party/FreeRTOS/Source/tasks.c **** #endif /* configUSE_APPLICATION_TASK_TAG */
2930:Middlewares/Third_Party/FreeRTOS/Source/tasks.c **** /*-----------------------------------------------------------*/
2931:Middlewares/Third_Party/FreeRTOS/Source/tasks.c **** 
2932:Middlewares/Third_Party/FreeRTOS/Source/tasks.c **** #if ( configUSE_APPLICATION_TASK_TAG == 1 )
2933:Middlewares/Third_Party/FreeRTOS/Source/tasks.c **** 
2934:Middlewares/Third_Party/FreeRTOS/Source/tasks.c **** 	TaskHookFunction_t xTaskGetApplicationTaskTagFromISR( TaskHandle_t xTask )
2935:Middlewares/Third_Party/FreeRTOS/Source/tasks.c **** 	{
2936:Middlewares/Third_Party/FreeRTOS/Source/tasks.c **** 	TCB_t *pxTCB;
2937:Middlewares/Third_Party/FreeRTOS/Source/tasks.c **** 	TaskHookFunction_t xReturn;
2938:Middlewares/Third_Party/FreeRTOS/Source/tasks.c **** 	UBaseType_t uxSavedInterruptStatus;
2939:Middlewares/Third_Party/FreeRTOS/Source/tasks.c **** 
2940:Middlewares/Third_Party/FreeRTOS/Source/tasks.c **** 		/* If xTask is NULL then set the calling task's hook. */
2941:Middlewares/Third_Party/FreeRTOS/Source/tasks.c **** 		pxTCB = prvGetTCBFromHandle( xTask );
2942:Middlewares/Third_Party/FreeRTOS/Source/tasks.c **** 
2943:Middlewares/Third_Party/FreeRTOS/Source/tasks.c **** 		/* Save the hook function in the TCB.  A critical section is required as
2944:Middlewares/Third_Party/FreeRTOS/Source/tasks.c **** 		the value can be accessed from an interrupt. */
2945:Middlewares/Third_Party/FreeRTOS/Source/tasks.c **** 		uxSavedInterruptStatus = portSET_INTERRUPT_MASK_FROM_ISR();
2946:Middlewares/Third_Party/FreeRTOS/Source/tasks.c **** 		{
2947:Middlewares/Third_Party/FreeRTOS/Source/tasks.c **** 			xReturn = pxTCB->pxTaskTag;
2948:Middlewares/Third_Party/FreeRTOS/Source/tasks.c **** 		}
2949:Middlewares/Third_Party/FreeRTOS/Source/tasks.c **** 		portCLEAR_INTERRUPT_MASK_FROM_ISR( uxSavedInterruptStatus );
2950:Middlewares/Third_Party/FreeRTOS/Source/tasks.c **** 
2951:Middlewares/Third_Party/FreeRTOS/Source/tasks.c **** 		return xReturn;
2952:Middlewares/Third_Party/FreeRTOS/Source/tasks.c **** 	}
2953:Middlewares/Third_Party/FreeRTOS/Source/tasks.c **** 
2954:Middlewares/Third_Party/FreeRTOS/Source/tasks.c **** #endif /* configUSE_APPLICATION_TASK_TAG */
2955:Middlewares/Third_Party/FreeRTOS/Source/tasks.c **** /*-----------------------------------------------------------*/
2956:Middlewares/Third_Party/FreeRTOS/Source/tasks.c **** 
2957:Middlewares/Third_Party/FreeRTOS/Source/tasks.c **** #if ( configUSE_APPLICATION_TASK_TAG == 1 )
2958:Middlewares/Third_Party/FreeRTOS/Source/tasks.c **** 
2959:Middlewares/Third_Party/FreeRTOS/Source/tasks.c **** 	BaseType_t xTaskCallApplicationTaskHook( TaskHandle_t xTask, void *pvParameter )
2960:Middlewares/Third_Party/FreeRTOS/Source/tasks.c **** 	{
2961:Middlewares/Third_Party/FreeRTOS/Source/tasks.c **** 	TCB_t *xTCB;
2962:Middlewares/Third_Party/FreeRTOS/Source/tasks.c **** 	BaseType_t xReturn;
2963:Middlewares/Third_Party/FreeRTOS/Source/tasks.c **** 
2964:Middlewares/Third_Party/FreeRTOS/Source/tasks.c **** 		/* If xTask is NULL then we are calling our own task hook. */
2965:Middlewares/Third_Party/FreeRTOS/Source/tasks.c **** 		if( xTask == NULL )
2966:Middlewares/Third_Party/FreeRTOS/Source/tasks.c **** 		{
2967:Middlewares/Third_Party/FreeRTOS/Source/tasks.c **** 			xTCB = pxCurrentTCB;
2968:Middlewares/Third_Party/FreeRTOS/Source/tasks.c **** 		}
2969:Middlewares/Third_Party/FreeRTOS/Source/tasks.c **** 		else
2970:Middlewares/Third_Party/FreeRTOS/Source/tasks.c **** 		{
2971:Middlewares/Third_Party/FreeRTOS/Source/tasks.c **** 			xTCB = xTask;
2972:Middlewares/Third_Party/FreeRTOS/Source/tasks.c **** 		}
2973:Middlewares/Third_Party/FreeRTOS/Source/tasks.c **** 
2974:Middlewares/Third_Party/FreeRTOS/Source/tasks.c **** 		if( xTCB->pxTaskTag != NULL )
2975:Middlewares/Third_Party/FreeRTOS/Source/tasks.c **** 		{
2976:Middlewares/Third_Party/FreeRTOS/Source/tasks.c **** 			xReturn = xTCB->pxTaskTag( pvParameter );
2977:Middlewares/Third_Party/FreeRTOS/Source/tasks.c **** 		}
2978:Middlewares/Third_Party/FreeRTOS/Source/tasks.c **** 		else
2979:Middlewares/Third_Party/FreeRTOS/Source/tasks.c **** 		{
2980:Middlewares/Third_Party/FreeRTOS/Source/tasks.c **** 			xReturn = pdFAIL;
ARM GAS  /tmp/ccV8B7BA.s 			page 59


2981:Middlewares/Third_Party/FreeRTOS/Source/tasks.c **** 		}
2982:Middlewares/Third_Party/FreeRTOS/Source/tasks.c **** 
2983:Middlewares/Third_Party/FreeRTOS/Source/tasks.c **** 		return xReturn;
2984:Middlewares/Third_Party/FreeRTOS/Source/tasks.c **** 	}
2985:Middlewares/Third_Party/FreeRTOS/Source/tasks.c **** 
2986:Middlewares/Third_Party/FreeRTOS/Source/tasks.c **** #endif /* configUSE_APPLICATION_TASK_TAG */
2987:Middlewares/Third_Party/FreeRTOS/Source/tasks.c **** /*-----------------------------------------------------------*/
2988:Middlewares/Third_Party/FreeRTOS/Source/tasks.c **** 
2989:Middlewares/Third_Party/FreeRTOS/Source/tasks.c **** void vTaskSwitchContext( void )
2990:Middlewares/Third_Party/FreeRTOS/Source/tasks.c **** {
2991:Middlewares/Third_Party/FreeRTOS/Source/tasks.c **** 	if( uxSchedulerSuspended != ( UBaseType_t ) pdFALSE )
2992:Middlewares/Third_Party/FreeRTOS/Source/tasks.c **** 	{
2993:Middlewares/Third_Party/FreeRTOS/Source/tasks.c **** 		/* The scheduler is currently suspended - do not allow a context
2994:Middlewares/Third_Party/FreeRTOS/Source/tasks.c **** 		switch. */
2995:Middlewares/Third_Party/FreeRTOS/Source/tasks.c **** 		xYieldPending = pdTRUE;
2996:Middlewares/Third_Party/FreeRTOS/Source/tasks.c **** 	}
2997:Middlewares/Third_Party/FreeRTOS/Source/tasks.c **** 	else
2998:Middlewares/Third_Party/FreeRTOS/Source/tasks.c **** 	{
2999:Middlewares/Third_Party/FreeRTOS/Source/tasks.c **** 		xYieldPending = pdFALSE;
3000:Middlewares/Third_Party/FreeRTOS/Source/tasks.c **** 		traceTASK_SWITCHED_OUT();
3001:Middlewares/Third_Party/FreeRTOS/Source/tasks.c **** 
3002:Middlewares/Third_Party/FreeRTOS/Source/tasks.c **** 		#if ( configGENERATE_RUN_TIME_STATS == 1 )
3003:Middlewares/Third_Party/FreeRTOS/Source/tasks.c **** 		{
3004:Middlewares/Third_Party/FreeRTOS/Source/tasks.c **** 			#ifdef portALT_GET_RUN_TIME_COUNTER_VALUE
3005:Middlewares/Third_Party/FreeRTOS/Source/tasks.c **** 				portALT_GET_RUN_TIME_COUNTER_VALUE( ulTotalRunTime );
3006:Middlewares/Third_Party/FreeRTOS/Source/tasks.c **** 			#else
3007:Middlewares/Third_Party/FreeRTOS/Source/tasks.c **** 				ulTotalRunTime = portGET_RUN_TIME_COUNTER_VALUE();
3008:Middlewares/Third_Party/FreeRTOS/Source/tasks.c **** 			#endif
3009:Middlewares/Third_Party/FreeRTOS/Source/tasks.c **** 
3010:Middlewares/Third_Party/FreeRTOS/Source/tasks.c **** 			/* Add the amount of time the task has been running to the
3011:Middlewares/Third_Party/FreeRTOS/Source/tasks.c **** 			accumulated time so far.  The time the task started running was
3012:Middlewares/Third_Party/FreeRTOS/Source/tasks.c **** 			stored in ulTaskSwitchedInTime.  Note that there is no overflow
3013:Middlewares/Third_Party/FreeRTOS/Source/tasks.c **** 			protection here so count values are only valid until the timer
3014:Middlewares/Third_Party/FreeRTOS/Source/tasks.c **** 			overflows.  The guard against negative values is to protect
3015:Middlewares/Third_Party/FreeRTOS/Source/tasks.c **** 			against suspect run time stat counter implementations - which
3016:Middlewares/Third_Party/FreeRTOS/Source/tasks.c **** 			are provided by the application, not the kernel. */
3017:Middlewares/Third_Party/FreeRTOS/Source/tasks.c **** 			if( ulTotalRunTime > ulTaskSwitchedInTime )
3018:Middlewares/Third_Party/FreeRTOS/Source/tasks.c **** 			{
3019:Middlewares/Third_Party/FreeRTOS/Source/tasks.c **** 				pxCurrentTCB->ulRunTimeCounter += ( ulTotalRunTime - ulTaskSwitchedInTime );
3020:Middlewares/Third_Party/FreeRTOS/Source/tasks.c **** 			}
3021:Middlewares/Third_Party/FreeRTOS/Source/tasks.c **** 			else
3022:Middlewares/Third_Party/FreeRTOS/Source/tasks.c **** 			{
3023:Middlewares/Third_Party/FreeRTOS/Source/tasks.c **** 				mtCOVERAGE_TEST_MARKER();
3024:Middlewares/Third_Party/FreeRTOS/Source/tasks.c **** 			}
3025:Middlewares/Third_Party/FreeRTOS/Source/tasks.c **** 			ulTaskSwitchedInTime = ulTotalRunTime;
3026:Middlewares/Third_Party/FreeRTOS/Source/tasks.c **** 		}
3027:Middlewares/Third_Party/FreeRTOS/Source/tasks.c **** 		#endif /* configGENERATE_RUN_TIME_STATS */
3028:Middlewares/Third_Party/FreeRTOS/Source/tasks.c **** 
3029:Middlewares/Third_Party/FreeRTOS/Source/tasks.c **** 		/* Check for stack overflow, if configured. */
3030:Middlewares/Third_Party/FreeRTOS/Source/tasks.c **** 		taskCHECK_FOR_STACK_OVERFLOW();
3031:Middlewares/Third_Party/FreeRTOS/Source/tasks.c **** 
3032:Middlewares/Third_Party/FreeRTOS/Source/tasks.c **** 		/* Before the currently running task is switched out, save its errno. */
3033:Middlewares/Third_Party/FreeRTOS/Source/tasks.c **** 		#if( configUSE_POSIX_ERRNO == 1 )
3034:Middlewares/Third_Party/FreeRTOS/Source/tasks.c **** 		{
3035:Middlewares/Third_Party/FreeRTOS/Source/tasks.c **** 			pxCurrentTCB->iTaskErrno = FreeRTOS_errno;
3036:Middlewares/Third_Party/FreeRTOS/Source/tasks.c **** 		}
3037:Middlewares/Third_Party/FreeRTOS/Source/tasks.c **** 		#endif
ARM GAS  /tmp/ccV8B7BA.s 			page 60


3038:Middlewares/Third_Party/FreeRTOS/Source/tasks.c **** 
3039:Middlewares/Third_Party/FreeRTOS/Source/tasks.c **** 		/* Select a new task to run using either the generic C or port
3040:Middlewares/Third_Party/FreeRTOS/Source/tasks.c **** 		optimised asm code. */
3041:Middlewares/Third_Party/FreeRTOS/Source/tasks.c **** 		taskSELECT_HIGHEST_PRIORITY_TASK(); /*lint !e9079 void * is used as this macro is used with timer
3042:Middlewares/Third_Party/FreeRTOS/Source/tasks.c **** 		traceTASK_SWITCHED_IN();
3043:Middlewares/Third_Party/FreeRTOS/Source/tasks.c **** 
3044:Middlewares/Third_Party/FreeRTOS/Source/tasks.c **** 		/* After the new task is switched in, update the global errno. */
3045:Middlewares/Third_Party/FreeRTOS/Source/tasks.c **** 		#if( configUSE_POSIX_ERRNO == 1 )
3046:Middlewares/Third_Party/FreeRTOS/Source/tasks.c **** 		{
3047:Middlewares/Third_Party/FreeRTOS/Source/tasks.c **** 			FreeRTOS_errno = pxCurrentTCB->iTaskErrno;
3048:Middlewares/Third_Party/FreeRTOS/Source/tasks.c **** 		}
3049:Middlewares/Third_Party/FreeRTOS/Source/tasks.c **** 		#endif
3050:Middlewares/Third_Party/FreeRTOS/Source/tasks.c **** 
3051:Middlewares/Third_Party/FreeRTOS/Source/tasks.c **** 		#if ( configUSE_NEWLIB_REENTRANT == 1 )
3052:Middlewares/Third_Party/FreeRTOS/Source/tasks.c **** 		{
3053:Middlewares/Third_Party/FreeRTOS/Source/tasks.c **** 			/* Switch Newlib's _impure_ptr variable to point to the _reent
3054:Middlewares/Third_Party/FreeRTOS/Source/tasks.c **** 			structure specific to this task.
3055:Middlewares/Third_Party/FreeRTOS/Source/tasks.c **** 			See the third party link http://www.nadler.com/embedded/newlibAndFreeRTOS.html
3056:Middlewares/Third_Party/FreeRTOS/Source/tasks.c **** 			for additional information. */
3057:Middlewares/Third_Party/FreeRTOS/Source/tasks.c **** 			_impure_ptr = &( pxCurrentTCB->xNewLib_reent );
3058:Middlewares/Third_Party/FreeRTOS/Source/tasks.c **** 		}
3059:Middlewares/Third_Party/FreeRTOS/Source/tasks.c **** 		#endif /* configUSE_NEWLIB_REENTRANT */
3060:Middlewares/Third_Party/FreeRTOS/Source/tasks.c **** 	}
3061:Middlewares/Third_Party/FreeRTOS/Source/tasks.c **** }
3062:Middlewares/Third_Party/FreeRTOS/Source/tasks.c **** /*-----------------------------------------------------------*/
3063:Middlewares/Third_Party/FreeRTOS/Source/tasks.c **** 
3064:Middlewares/Third_Party/FreeRTOS/Source/tasks.c **** void vTaskPlaceOnEventList( List_t * const pxEventList, const TickType_t xTicksToWait )
3065:Middlewares/Third_Party/FreeRTOS/Source/tasks.c **** {
3066:Middlewares/Third_Party/FreeRTOS/Source/tasks.c **** 	configASSERT( pxEventList );
3067:Middlewares/Third_Party/FreeRTOS/Source/tasks.c **** 
3068:Middlewares/Third_Party/FreeRTOS/Source/tasks.c **** 	/* THIS FUNCTION MUST BE CALLED WITH EITHER INTERRUPTS DISABLED OR THE
3069:Middlewares/Third_Party/FreeRTOS/Source/tasks.c **** 	SCHEDULER SUSPENDED AND THE QUEUE BEING ACCESSED LOCKED. */
3070:Middlewares/Third_Party/FreeRTOS/Source/tasks.c **** 
3071:Middlewares/Third_Party/FreeRTOS/Source/tasks.c **** 	/* Place the event list item of the TCB in the appropriate event list.
3072:Middlewares/Third_Party/FreeRTOS/Source/tasks.c **** 	This is placed in the list in priority order so the highest priority task
3073:Middlewares/Third_Party/FreeRTOS/Source/tasks.c **** 	is the first to be woken by the event.  The queue that contains the event
3074:Middlewares/Third_Party/FreeRTOS/Source/tasks.c **** 	list is locked, preventing simultaneous access from interrupts. */
3075:Middlewares/Third_Party/FreeRTOS/Source/tasks.c **** 	vListInsert( pxEventList, &( pxCurrentTCB->xEventListItem ) );
3076:Middlewares/Third_Party/FreeRTOS/Source/tasks.c **** 
3077:Middlewares/Third_Party/FreeRTOS/Source/tasks.c **** 	prvAddCurrentTaskToDelayedList( xTicksToWait, pdTRUE );
3078:Middlewares/Third_Party/FreeRTOS/Source/tasks.c **** }
3079:Middlewares/Third_Party/FreeRTOS/Source/tasks.c **** /*-----------------------------------------------------------*/
3080:Middlewares/Third_Party/FreeRTOS/Source/tasks.c **** 
3081:Middlewares/Third_Party/FreeRTOS/Source/tasks.c **** void vTaskPlaceOnUnorderedEventList( List_t * pxEventList, const TickType_t xItemValue, const TickT
3082:Middlewares/Third_Party/FreeRTOS/Source/tasks.c **** {
3083:Middlewares/Third_Party/FreeRTOS/Source/tasks.c **** 	configASSERT( pxEventList );
3084:Middlewares/Third_Party/FreeRTOS/Source/tasks.c **** 
3085:Middlewares/Third_Party/FreeRTOS/Source/tasks.c **** 	/* THIS FUNCTION MUST BE CALLED WITH THE SCHEDULER SUSPENDED.  It is used by
3086:Middlewares/Third_Party/FreeRTOS/Source/tasks.c **** 	the event groups implementation. */
3087:Middlewares/Third_Party/FreeRTOS/Source/tasks.c **** 	configASSERT( uxSchedulerSuspended != 0 );
3088:Middlewares/Third_Party/FreeRTOS/Source/tasks.c **** 
3089:Middlewares/Third_Party/FreeRTOS/Source/tasks.c **** 	/* Store the item value in the event list item.  It is safe to access the
3090:Middlewares/Third_Party/FreeRTOS/Source/tasks.c **** 	event list item here as interrupts won't access the event list item of a
3091:Middlewares/Third_Party/FreeRTOS/Source/tasks.c **** 	task that is not in the Blocked state. */
3092:Middlewares/Third_Party/FreeRTOS/Source/tasks.c **** 	listSET_LIST_ITEM_VALUE( &( pxCurrentTCB->xEventListItem ), xItemValue | taskEVENT_LIST_ITEM_VALUE
3093:Middlewares/Third_Party/FreeRTOS/Source/tasks.c **** 
3094:Middlewares/Third_Party/FreeRTOS/Source/tasks.c **** 	/* Place the event list item of the TCB at the end of the appropriate event
ARM GAS  /tmp/ccV8B7BA.s 			page 61


3095:Middlewares/Third_Party/FreeRTOS/Source/tasks.c **** 	list.  It is safe to access the event list here because it is part of an
3096:Middlewares/Third_Party/FreeRTOS/Source/tasks.c **** 	event group implementation - and interrupts don't access event groups
3097:Middlewares/Third_Party/FreeRTOS/Source/tasks.c **** 	directly (instead they access them indirectly by pending function calls to
3098:Middlewares/Third_Party/FreeRTOS/Source/tasks.c **** 	the task level). */
3099:Middlewares/Third_Party/FreeRTOS/Source/tasks.c **** 	vListInsertEnd( pxEventList, &( pxCurrentTCB->xEventListItem ) );
3100:Middlewares/Third_Party/FreeRTOS/Source/tasks.c **** 
3101:Middlewares/Third_Party/FreeRTOS/Source/tasks.c **** 	prvAddCurrentTaskToDelayedList( xTicksToWait, pdTRUE );
3102:Middlewares/Third_Party/FreeRTOS/Source/tasks.c **** }
3103:Middlewares/Third_Party/FreeRTOS/Source/tasks.c **** /*-----------------------------------------------------------*/
3104:Middlewares/Third_Party/FreeRTOS/Source/tasks.c **** 
3105:Middlewares/Third_Party/FreeRTOS/Source/tasks.c **** #if( configUSE_TIMERS == 1 )
3106:Middlewares/Third_Party/FreeRTOS/Source/tasks.c **** 
3107:Middlewares/Third_Party/FreeRTOS/Source/tasks.c **** 	void vTaskPlaceOnEventListRestricted( List_t * const pxEventList, TickType_t xTicksToWait, const B
3108:Middlewares/Third_Party/FreeRTOS/Source/tasks.c **** 	{
3109:Middlewares/Third_Party/FreeRTOS/Source/tasks.c **** 		configASSERT( pxEventList );
3110:Middlewares/Third_Party/FreeRTOS/Source/tasks.c **** 
3111:Middlewares/Third_Party/FreeRTOS/Source/tasks.c **** 		/* This function should not be called by application code hence the
3112:Middlewares/Third_Party/FreeRTOS/Source/tasks.c **** 		'Restricted' in its name.  It is not part of the public API.  It is
3113:Middlewares/Third_Party/FreeRTOS/Source/tasks.c **** 		designed for use by kernel code, and has special calling requirements -
3114:Middlewares/Third_Party/FreeRTOS/Source/tasks.c **** 		it should be called with the scheduler suspended. */
3115:Middlewares/Third_Party/FreeRTOS/Source/tasks.c **** 
3116:Middlewares/Third_Party/FreeRTOS/Source/tasks.c **** 
3117:Middlewares/Third_Party/FreeRTOS/Source/tasks.c **** 		/* Place the event list item of the TCB in the appropriate event list.
3118:Middlewares/Third_Party/FreeRTOS/Source/tasks.c **** 		In this case it is assume that this is the only task that is going to
3119:Middlewares/Third_Party/FreeRTOS/Source/tasks.c **** 		be waiting on this event list, so the faster vListInsertEnd() function
3120:Middlewares/Third_Party/FreeRTOS/Source/tasks.c **** 		can be used in place of vListInsert. */
3121:Middlewares/Third_Party/FreeRTOS/Source/tasks.c **** 		vListInsertEnd( pxEventList, &( pxCurrentTCB->xEventListItem ) );
3122:Middlewares/Third_Party/FreeRTOS/Source/tasks.c **** 
3123:Middlewares/Third_Party/FreeRTOS/Source/tasks.c **** 		/* If the task should block indefinitely then set the block time to a
3124:Middlewares/Third_Party/FreeRTOS/Source/tasks.c **** 		value that will be recognised as an indefinite delay inside the
3125:Middlewares/Third_Party/FreeRTOS/Source/tasks.c **** 		prvAddCurrentTaskToDelayedList() function. */
3126:Middlewares/Third_Party/FreeRTOS/Source/tasks.c **** 		if( xWaitIndefinitely != pdFALSE )
3127:Middlewares/Third_Party/FreeRTOS/Source/tasks.c **** 		{
3128:Middlewares/Third_Party/FreeRTOS/Source/tasks.c **** 			xTicksToWait = portMAX_DELAY;
3129:Middlewares/Third_Party/FreeRTOS/Source/tasks.c **** 		}
3130:Middlewares/Third_Party/FreeRTOS/Source/tasks.c **** 
3131:Middlewares/Third_Party/FreeRTOS/Source/tasks.c **** 		traceTASK_DELAY_UNTIL( ( xTickCount + xTicksToWait ) );
3132:Middlewares/Third_Party/FreeRTOS/Source/tasks.c **** 		prvAddCurrentTaskToDelayedList( xTicksToWait, xWaitIndefinitely );
3133:Middlewares/Third_Party/FreeRTOS/Source/tasks.c **** 	}
3134:Middlewares/Third_Party/FreeRTOS/Source/tasks.c **** 
3135:Middlewares/Third_Party/FreeRTOS/Source/tasks.c **** #endif /* configUSE_TIMERS */
3136:Middlewares/Third_Party/FreeRTOS/Source/tasks.c **** /*-----------------------------------------------------------*/
3137:Middlewares/Third_Party/FreeRTOS/Source/tasks.c **** 
3138:Middlewares/Third_Party/FreeRTOS/Source/tasks.c **** BaseType_t xTaskRemoveFromEventList( const List_t * const pxEventList )
3139:Middlewares/Third_Party/FreeRTOS/Source/tasks.c **** {
3140:Middlewares/Third_Party/FreeRTOS/Source/tasks.c **** TCB_t *pxUnblockedTCB;
3141:Middlewares/Third_Party/FreeRTOS/Source/tasks.c **** BaseType_t xReturn;
3142:Middlewares/Third_Party/FreeRTOS/Source/tasks.c **** 
3143:Middlewares/Third_Party/FreeRTOS/Source/tasks.c **** 	/* THIS FUNCTION MUST BE CALLED FROM A CRITICAL SECTION.  It can also be
3144:Middlewares/Third_Party/FreeRTOS/Source/tasks.c **** 	called from a critical section within an ISR. */
3145:Middlewares/Third_Party/FreeRTOS/Source/tasks.c **** 
3146:Middlewares/Third_Party/FreeRTOS/Source/tasks.c **** 	/* The event list is sorted in priority order, so the first in the list can
3147:Middlewares/Third_Party/FreeRTOS/Source/tasks.c **** 	be removed as it is known to be the highest priority.  Remove the TCB from
3148:Middlewares/Third_Party/FreeRTOS/Source/tasks.c **** 	the delayed list, and add it to the ready list.
3149:Middlewares/Third_Party/FreeRTOS/Source/tasks.c **** 
3150:Middlewares/Third_Party/FreeRTOS/Source/tasks.c **** 	If an event is for a queue that is locked then this function will never
3151:Middlewares/Third_Party/FreeRTOS/Source/tasks.c **** 	get called - the lock count on the queue will get modified instead.  This
ARM GAS  /tmp/ccV8B7BA.s 			page 62


3152:Middlewares/Third_Party/FreeRTOS/Source/tasks.c **** 	means exclusive access to the event list is guaranteed here.
3153:Middlewares/Third_Party/FreeRTOS/Source/tasks.c **** 
3154:Middlewares/Third_Party/FreeRTOS/Source/tasks.c **** 	This function assumes that a check has already been made to ensure that
3155:Middlewares/Third_Party/FreeRTOS/Source/tasks.c **** 	pxEventList is not empty. */
3156:Middlewares/Third_Party/FreeRTOS/Source/tasks.c **** 	pxUnblockedTCB = listGET_OWNER_OF_HEAD_ENTRY( pxEventList ); /*lint !e9079 void * is used as this 
3157:Middlewares/Third_Party/FreeRTOS/Source/tasks.c **** 	configASSERT( pxUnblockedTCB );
3158:Middlewares/Third_Party/FreeRTOS/Source/tasks.c **** 	( void ) uxListRemove( &( pxUnblockedTCB->xEventListItem ) );
3159:Middlewares/Third_Party/FreeRTOS/Source/tasks.c **** 
3160:Middlewares/Third_Party/FreeRTOS/Source/tasks.c **** 	if( uxSchedulerSuspended == ( UBaseType_t ) pdFALSE )
3161:Middlewares/Third_Party/FreeRTOS/Source/tasks.c **** 	{
3162:Middlewares/Third_Party/FreeRTOS/Source/tasks.c **** 		( void ) uxListRemove( &( pxUnblockedTCB->xStateListItem ) );
3163:Middlewares/Third_Party/FreeRTOS/Source/tasks.c **** 		prvAddTaskToReadyList( pxUnblockedTCB );
3164:Middlewares/Third_Party/FreeRTOS/Source/tasks.c **** 
3165:Middlewares/Third_Party/FreeRTOS/Source/tasks.c **** 		#if( configUSE_TICKLESS_IDLE != 0 )
3166:Middlewares/Third_Party/FreeRTOS/Source/tasks.c **** 		{
3167:Middlewares/Third_Party/FreeRTOS/Source/tasks.c **** 			/* If a task is blocked on a kernel object then xNextTaskUnblockTime
3168:Middlewares/Third_Party/FreeRTOS/Source/tasks.c **** 			might be set to the blocked task's time out time.  If the task is
3169:Middlewares/Third_Party/FreeRTOS/Source/tasks.c **** 			unblocked for a reason other than a timeout xNextTaskUnblockTime is
3170:Middlewares/Third_Party/FreeRTOS/Source/tasks.c **** 			normally left unchanged, because it is automatically reset to a new
3171:Middlewares/Third_Party/FreeRTOS/Source/tasks.c **** 			value when the tick count equals xNextTaskUnblockTime.  However if
3172:Middlewares/Third_Party/FreeRTOS/Source/tasks.c **** 			tickless idling is used it might be more important to enter sleep mode
3173:Middlewares/Third_Party/FreeRTOS/Source/tasks.c **** 			at the earliest possible time - so reset xNextTaskUnblockTime here to
3174:Middlewares/Third_Party/FreeRTOS/Source/tasks.c **** 			ensure it is updated at the earliest possible time. */
3175:Middlewares/Third_Party/FreeRTOS/Source/tasks.c **** 			prvResetNextTaskUnblockTime();
3176:Middlewares/Third_Party/FreeRTOS/Source/tasks.c **** 		}
3177:Middlewares/Third_Party/FreeRTOS/Source/tasks.c **** 		#endif
3178:Middlewares/Third_Party/FreeRTOS/Source/tasks.c **** 	}
3179:Middlewares/Third_Party/FreeRTOS/Source/tasks.c **** 	else
3180:Middlewares/Third_Party/FreeRTOS/Source/tasks.c **** 	{
3181:Middlewares/Third_Party/FreeRTOS/Source/tasks.c **** 		/* The delayed and ready lists cannot be accessed, so hold this task
3182:Middlewares/Third_Party/FreeRTOS/Source/tasks.c **** 		pending until the scheduler is resumed. */
3183:Middlewares/Third_Party/FreeRTOS/Source/tasks.c **** 		vListInsertEnd( &( xPendingReadyList ), &( pxUnblockedTCB->xEventListItem ) );
3184:Middlewares/Third_Party/FreeRTOS/Source/tasks.c **** 	}
3185:Middlewares/Third_Party/FreeRTOS/Source/tasks.c **** 
3186:Middlewares/Third_Party/FreeRTOS/Source/tasks.c **** 	if( pxUnblockedTCB->uxPriority > pxCurrentTCB->uxPriority )
3187:Middlewares/Third_Party/FreeRTOS/Source/tasks.c **** 	{
3188:Middlewares/Third_Party/FreeRTOS/Source/tasks.c **** 		/* Return true if the task removed from the event list has a higher
3189:Middlewares/Third_Party/FreeRTOS/Source/tasks.c **** 		priority than the calling task.  This allows the calling task to know if
3190:Middlewares/Third_Party/FreeRTOS/Source/tasks.c **** 		it should force a context switch now. */
3191:Middlewares/Third_Party/FreeRTOS/Source/tasks.c **** 		xReturn = pdTRUE;
3192:Middlewares/Third_Party/FreeRTOS/Source/tasks.c **** 
3193:Middlewares/Third_Party/FreeRTOS/Source/tasks.c **** 		/* Mark that a yield is pending in case the user is not using the
3194:Middlewares/Third_Party/FreeRTOS/Source/tasks.c **** 		"xHigherPriorityTaskWoken" parameter to an ISR safe FreeRTOS function. */
3195:Middlewares/Third_Party/FreeRTOS/Source/tasks.c **** 		xYieldPending = pdTRUE;
3196:Middlewares/Third_Party/FreeRTOS/Source/tasks.c **** 	}
3197:Middlewares/Third_Party/FreeRTOS/Source/tasks.c **** 	else
3198:Middlewares/Third_Party/FreeRTOS/Source/tasks.c **** 	{
3199:Middlewares/Third_Party/FreeRTOS/Source/tasks.c **** 		xReturn = pdFALSE;
3200:Middlewares/Third_Party/FreeRTOS/Source/tasks.c **** 	}
3201:Middlewares/Third_Party/FreeRTOS/Source/tasks.c **** 
3202:Middlewares/Third_Party/FreeRTOS/Source/tasks.c **** 	return xReturn;
3203:Middlewares/Third_Party/FreeRTOS/Source/tasks.c **** }
3204:Middlewares/Third_Party/FreeRTOS/Source/tasks.c **** /*-----------------------------------------------------------*/
3205:Middlewares/Third_Party/FreeRTOS/Source/tasks.c **** 
3206:Middlewares/Third_Party/FreeRTOS/Source/tasks.c **** void vTaskRemoveFromUnorderedEventList( ListItem_t * pxEventListItem, const TickType_t xItemValue )
3207:Middlewares/Third_Party/FreeRTOS/Source/tasks.c **** {
3208:Middlewares/Third_Party/FreeRTOS/Source/tasks.c **** TCB_t *pxUnblockedTCB;
ARM GAS  /tmp/ccV8B7BA.s 			page 63


3209:Middlewares/Third_Party/FreeRTOS/Source/tasks.c **** 
3210:Middlewares/Third_Party/FreeRTOS/Source/tasks.c **** 	/* THIS FUNCTION MUST BE CALLED WITH THE SCHEDULER SUSPENDED.  It is used by
3211:Middlewares/Third_Party/FreeRTOS/Source/tasks.c **** 	the event flags implementation. */
3212:Middlewares/Third_Party/FreeRTOS/Source/tasks.c **** 	configASSERT( uxSchedulerSuspended != pdFALSE );
3213:Middlewares/Third_Party/FreeRTOS/Source/tasks.c **** 
3214:Middlewares/Third_Party/FreeRTOS/Source/tasks.c **** 	/* Store the new item value in the event list. */
3215:Middlewares/Third_Party/FreeRTOS/Source/tasks.c **** 	listSET_LIST_ITEM_VALUE( pxEventListItem, xItemValue | taskEVENT_LIST_ITEM_VALUE_IN_USE );
3216:Middlewares/Third_Party/FreeRTOS/Source/tasks.c **** 
3217:Middlewares/Third_Party/FreeRTOS/Source/tasks.c **** 	/* Remove the event list form the event flag.  Interrupts do not access
3218:Middlewares/Third_Party/FreeRTOS/Source/tasks.c **** 	event flags. */
3219:Middlewares/Third_Party/FreeRTOS/Source/tasks.c **** 	pxUnblockedTCB = listGET_LIST_ITEM_OWNER( pxEventListItem ); /*lint !e9079 void * is used as this 
3220:Middlewares/Third_Party/FreeRTOS/Source/tasks.c **** 	configASSERT( pxUnblockedTCB );
3221:Middlewares/Third_Party/FreeRTOS/Source/tasks.c **** 	( void ) uxListRemove( pxEventListItem );
3222:Middlewares/Third_Party/FreeRTOS/Source/tasks.c **** 
3223:Middlewares/Third_Party/FreeRTOS/Source/tasks.c **** 	#if( configUSE_TICKLESS_IDLE != 0 )
3224:Middlewares/Third_Party/FreeRTOS/Source/tasks.c **** 	{
3225:Middlewares/Third_Party/FreeRTOS/Source/tasks.c **** 		/* If a task is blocked on a kernel object then xNextTaskUnblockTime
3226:Middlewares/Third_Party/FreeRTOS/Source/tasks.c **** 		might be set to the blocked task's time out time.  If the task is
3227:Middlewares/Third_Party/FreeRTOS/Source/tasks.c **** 		unblocked for a reason other than a timeout xNextTaskUnblockTime is
3228:Middlewares/Third_Party/FreeRTOS/Source/tasks.c **** 		normally left unchanged, because it is automatically reset to a new
3229:Middlewares/Third_Party/FreeRTOS/Source/tasks.c **** 		value when the tick count equals xNextTaskUnblockTime.  However if
3230:Middlewares/Third_Party/FreeRTOS/Source/tasks.c **** 		tickless idling is used it might be more important to enter sleep mode
3231:Middlewares/Third_Party/FreeRTOS/Source/tasks.c **** 		at the earliest possible time - so reset xNextTaskUnblockTime here to
3232:Middlewares/Third_Party/FreeRTOS/Source/tasks.c **** 		ensure it is updated at the earliest possible time. */
3233:Middlewares/Third_Party/FreeRTOS/Source/tasks.c **** 		prvResetNextTaskUnblockTime();
3234:Middlewares/Third_Party/FreeRTOS/Source/tasks.c **** 	}
3235:Middlewares/Third_Party/FreeRTOS/Source/tasks.c **** 	#endif
3236:Middlewares/Third_Party/FreeRTOS/Source/tasks.c **** 
3237:Middlewares/Third_Party/FreeRTOS/Source/tasks.c **** 	/* Remove the task from the delayed list and add it to the ready list.  The
3238:Middlewares/Third_Party/FreeRTOS/Source/tasks.c **** 	scheduler is suspended so interrupts will not be accessing the ready
3239:Middlewares/Third_Party/FreeRTOS/Source/tasks.c **** 	lists. */
3240:Middlewares/Third_Party/FreeRTOS/Source/tasks.c **** 	( void ) uxListRemove( &( pxUnblockedTCB->xStateListItem ) );
3241:Middlewares/Third_Party/FreeRTOS/Source/tasks.c **** 	prvAddTaskToReadyList( pxUnblockedTCB );
3242:Middlewares/Third_Party/FreeRTOS/Source/tasks.c **** 
3243:Middlewares/Third_Party/FreeRTOS/Source/tasks.c **** 	if( pxUnblockedTCB->uxPriority > pxCurrentTCB->uxPriority )
3244:Middlewares/Third_Party/FreeRTOS/Source/tasks.c **** 	{
3245:Middlewares/Third_Party/FreeRTOS/Source/tasks.c **** 		/* The unblocked task has a priority above that of the calling task, so
3246:Middlewares/Third_Party/FreeRTOS/Source/tasks.c **** 		a context switch is required.  This function is called with the
3247:Middlewares/Third_Party/FreeRTOS/Source/tasks.c **** 		scheduler suspended so xYieldPending is set so the context switch
3248:Middlewares/Third_Party/FreeRTOS/Source/tasks.c **** 		occurs immediately that the scheduler is resumed (unsuspended). */
3249:Middlewares/Third_Party/FreeRTOS/Source/tasks.c **** 		xYieldPending = pdTRUE;
3250:Middlewares/Third_Party/FreeRTOS/Source/tasks.c **** 	}
3251:Middlewares/Third_Party/FreeRTOS/Source/tasks.c **** }
3252:Middlewares/Third_Party/FreeRTOS/Source/tasks.c **** /*-----------------------------------------------------------*/
3253:Middlewares/Third_Party/FreeRTOS/Source/tasks.c **** 
3254:Middlewares/Third_Party/FreeRTOS/Source/tasks.c **** void vTaskSetTimeOutState( TimeOut_t * const pxTimeOut )
3255:Middlewares/Third_Party/FreeRTOS/Source/tasks.c **** {
3256:Middlewares/Third_Party/FreeRTOS/Source/tasks.c **** 	configASSERT( pxTimeOut );
3257:Middlewares/Third_Party/FreeRTOS/Source/tasks.c **** 	taskENTER_CRITICAL();
3258:Middlewares/Third_Party/FreeRTOS/Source/tasks.c **** 	{
3259:Middlewares/Third_Party/FreeRTOS/Source/tasks.c **** 		pxTimeOut->xOverflowCount = xNumOfOverflows;
3260:Middlewares/Third_Party/FreeRTOS/Source/tasks.c **** 		pxTimeOut->xTimeOnEntering = xTickCount;
3261:Middlewares/Third_Party/FreeRTOS/Source/tasks.c **** 	}
3262:Middlewares/Third_Party/FreeRTOS/Source/tasks.c **** 	taskEXIT_CRITICAL();
3263:Middlewares/Third_Party/FreeRTOS/Source/tasks.c **** }
3264:Middlewares/Third_Party/FreeRTOS/Source/tasks.c **** /*-----------------------------------------------------------*/
3265:Middlewares/Third_Party/FreeRTOS/Source/tasks.c **** 
ARM GAS  /tmp/ccV8B7BA.s 			page 64


3266:Middlewares/Third_Party/FreeRTOS/Source/tasks.c **** void vTaskInternalSetTimeOutState( TimeOut_t * const pxTimeOut )
3267:Middlewares/Third_Party/FreeRTOS/Source/tasks.c **** {
3268:Middlewares/Third_Party/FreeRTOS/Source/tasks.c **** 	/* For internal use only as it does not use a critical section. */
3269:Middlewares/Third_Party/FreeRTOS/Source/tasks.c **** 	pxTimeOut->xOverflowCount = xNumOfOverflows;
3270:Middlewares/Third_Party/FreeRTOS/Source/tasks.c **** 	pxTimeOut->xTimeOnEntering = xTickCount;
3271:Middlewares/Third_Party/FreeRTOS/Source/tasks.c **** }
3272:Middlewares/Third_Party/FreeRTOS/Source/tasks.c **** /*-----------------------------------------------------------*/
3273:Middlewares/Third_Party/FreeRTOS/Source/tasks.c **** 
3274:Middlewares/Third_Party/FreeRTOS/Source/tasks.c **** BaseType_t xTaskCheckForTimeOut( TimeOut_t * const pxTimeOut, TickType_t * const pxTicksToWait )
3275:Middlewares/Third_Party/FreeRTOS/Source/tasks.c **** {
3276:Middlewares/Third_Party/FreeRTOS/Source/tasks.c **** BaseType_t xReturn;
3277:Middlewares/Third_Party/FreeRTOS/Source/tasks.c **** 
3278:Middlewares/Third_Party/FreeRTOS/Source/tasks.c **** 	configASSERT( pxTimeOut );
3279:Middlewares/Third_Party/FreeRTOS/Source/tasks.c **** 	configASSERT( pxTicksToWait );
3280:Middlewares/Third_Party/FreeRTOS/Source/tasks.c **** 
3281:Middlewares/Third_Party/FreeRTOS/Source/tasks.c **** 	taskENTER_CRITICAL();
3282:Middlewares/Third_Party/FreeRTOS/Source/tasks.c **** 	{
3283:Middlewares/Third_Party/FreeRTOS/Source/tasks.c **** 		/* Minor optimisation.  The tick count cannot change in this block. */
3284:Middlewares/Third_Party/FreeRTOS/Source/tasks.c **** 		const TickType_t xConstTickCount = xTickCount;
3285:Middlewares/Third_Party/FreeRTOS/Source/tasks.c **** 		const TickType_t xElapsedTime = xConstTickCount - pxTimeOut->xTimeOnEntering;
3286:Middlewares/Third_Party/FreeRTOS/Source/tasks.c **** 
3287:Middlewares/Third_Party/FreeRTOS/Source/tasks.c **** 		#if( INCLUDE_xTaskAbortDelay == 1 )
3288:Middlewares/Third_Party/FreeRTOS/Source/tasks.c **** 			if( pxCurrentTCB->ucDelayAborted != ( uint8_t ) pdFALSE )
3289:Middlewares/Third_Party/FreeRTOS/Source/tasks.c **** 			{
3290:Middlewares/Third_Party/FreeRTOS/Source/tasks.c **** 				/* The delay was aborted, which is not the same as a time out,
3291:Middlewares/Third_Party/FreeRTOS/Source/tasks.c **** 				but has the same result. */
3292:Middlewares/Third_Party/FreeRTOS/Source/tasks.c **** 				pxCurrentTCB->ucDelayAborted = pdFALSE;
3293:Middlewares/Third_Party/FreeRTOS/Source/tasks.c **** 				xReturn = pdTRUE;
3294:Middlewares/Third_Party/FreeRTOS/Source/tasks.c **** 			}
3295:Middlewares/Third_Party/FreeRTOS/Source/tasks.c **** 			else
3296:Middlewares/Third_Party/FreeRTOS/Source/tasks.c **** 		#endif
3297:Middlewares/Third_Party/FreeRTOS/Source/tasks.c **** 
3298:Middlewares/Third_Party/FreeRTOS/Source/tasks.c **** 		#if ( INCLUDE_vTaskSuspend == 1 )
3299:Middlewares/Third_Party/FreeRTOS/Source/tasks.c **** 			if( *pxTicksToWait == portMAX_DELAY )
3300:Middlewares/Third_Party/FreeRTOS/Source/tasks.c **** 			{
3301:Middlewares/Third_Party/FreeRTOS/Source/tasks.c **** 				/* If INCLUDE_vTaskSuspend is set to 1 and the block time
3302:Middlewares/Third_Party/FreeRTOS/Source/tasks.c **** 				specified is the maximum block time then the task should block
3303:Middlewares/Third_Party/FreeRTOS/Source/tasks.c **** 				indefinitely, and therefore never time out. */
3304:Middlewares/Third_Party/FreeRTOS/Source/tasks.c **** 				xReturn = pdFALSE;
3305:Middlewares/Third_Party/FreeRTOS/Source/tasks.c **** 			}
3306:Middlewares/Third_Party/FreeRTOS/Source/tasks.c **** 			else
3307:Middlewares/Third_Party/FreeRTOS/Source/tasks.c **** 		#endif
3308:Middlewares/Third_Party/FreeRTOS/Source/tasks.c **** 
3309:Middlewares/Third_Party/FreeRTOS/Source/tasks.c **** 		if( ( xNumOfOverflows != pxTimeOut->xOverflowCount ) && ( xConstTickCount >= pxTimeOut->xTimeOnEn
3310:Middlewares/Third_Party/FreeRTOS/Source/tasks.c **** 		{
3311:Middlewares/Third_Party/FreeRTOS/Source/tasks.c **** 			/* The tick count is greater than the time at which
3312:Middlewares/Third_Party/FreeRTOS/Source/tasks.c **** 			vTaskSetTimeout() was called, but has also overflowed since
3313:Middlewares/Third_Party/FreeRTOS/Source/tasks.c **** 			vTaskSetTimeOut() was called.  It must have wrapped all the way
3314:Middlewares/Third_Party/FreeRTOS/Source/tasks.c **** 			around and gone past again. This passed since vTaskSetTimeout()
3315:Middlewares/Third_Party/FreeRTOS/Source/tasks.c **** 			was called. */
3316:Middlewares/Third_Party/FreeRTOS/Source/tasks.c **** 			xReturn = pdTRUE;
3317:Middlewares/Third_Party/FreeRTOS/Source/tasks.c **** 		}
3318:Middlewares/Third_Party/FreeRTOS/Source/tasks.c **** 		else if( xElapsedTime < *pxTicksToWait ) /*lint !e961 Explicit casting is only redundant with som
3319:Middlewares/Third_Party/FreeRTOS/Source/tasks.c **** 		{
3320:Middlewares/Third_Party/FreeRTOS/Source/tasks.c **** 			/* Not a genuine timeout. Adjust parameters for time remaining. */
3321:Middlewares/Third_Party/FreeRTOS/Source/tasks.c **** 			*pxTicksToWait -= xElapsedTime;
3322:Middlewares/Third_Party/FreeRTOS/Source/tasks.c **** 			vTaskInternalSetTimeOutState( pxTimeOut );
ARM GAS  /tmp/ccV8B7BA.s 			page 65


3323:Middlewares/Third_Party/FreeRTOS/Source/tasks.c **** 			xReturn = pdFALSE;
3324:Middlewares/Third_Party/FreeRTOS/Source/tasks.c **** 		}
3325:Middlewares/Third_Party/FreeRTOS/Source/tasks.c **** 		else
3326:Middlewares/Third_Party/FreeRTOS/Source/tasks.c **** 		{
3327:Middlewares/Third_Party/FreeRTOS/Source/tasks.c **** 			*pxTicksToWait = 0;
3328:Middlewares/Third_Party/FreeRTOS/Source/tasks.c **** 			xReturn = pdTRUE;
3329:Middlewares/Third_Party/FreeRTOS/Source/tasks.c **** 		}
3330:Middlewares/Third_Party/FreeRTOS/Source/tasks.c **** 	}
3331:Middlewares/Third_Party/FreeRTOS/Source/tasks.c **** 	taskEXIT_CRITICAL();
3332:Middlewares/Third_Party/FreeRTOS/Source/tasks.c **** 
3333:Middlewares/Third_Party/FreeRTOS/Source/tasks.c **** 	return xReturn;
3334:Middlewares/Third_Party/FreeRTOS/Source/tasks.c **** }
3335:Middlewares/Third_Party/FreeRTOS/Source/tasks.c **** /*-----------------------------------------------------------*/
3336:Middlewares/Third_Party/FreeRTOS/Source/tasks.c **** 
3337:Middlewares/Third_Party/FreeRTOS/Source/tasks.c **** void vTaskMissedYield( void )
3338:Middlewares/Third_Party/FreeRTOS/Source/tasks.c **** {
3339:Middlewares/Third_Party/FreeRTOS/Source/tasks.c **** 	xYieldPending = pdTRUE;
3340:Middlewares/Third_Party/FreeRTOS/Source/tasks.c **** }
3341:Middlewares/Third_Party/FreeRTOS/Source/tasks.c **** /*-----------------------------------------------------------*/
3342:Middlewares/Third_Party/FreeRTOS/Source/tasks.c **** 
3343:Middlewares/Third_Party/FreeRTOS/Source/tasks.c **** #if ( configUSE_TRACE_FACILITY == 1 )
3344:Middlewares/Third_Party/FreeRTOS/Source/tasks.c **** 
3345:Middlewares/Third_Party/FreeRTOS/Source/tasks.c **** 	UBaseType_t uxTaskGetTaskNumber( TaskHandle_t xTask )
3346:Middlewares/Third_Party/FreeRTOS/Source/tasks.c **** 	{
3347:Middlewares/Third_Party/FreeRTOS/Source/tasks.c **** 	UBaseType_t uxReturn;
3348:Middlewares/Third_Party/FreeRTOS/Source/tasks.c **** 	TCB_t const *pxTCB;
3349:Middlewares/Third_Party/FreeRTOS/Source/tasks.c **** 
3350:Middlewares/Third_Party/FreeRTOS/Source/tasks.c **** 		if( xTask != NULL )
3351:Middlewares/Third_Party/FreeRTOS/Source/tasks.c **** 		{
3352:Middlewares/Third_Party/FreeRTOS/Source/tasks.c **** 			pxTCB = xTask;
3353:Middlewares/Third_Party/FreeRTOS/Source/tasks.c **** 			uxReturn = pxTCB->uxTaskNumber;
3354:Middlewares/Third_Party/FreeRTOS/Source/tasks.c **** 		}
3355:Middlewares/Third_Party/FreeRTOS/Source/tasks.c **** 		else
3356:Middlewares/Third_Party/FreeRTOS/Source/tasks.c **** 		{
3357:Middlewares/Third_Party/FreeRTOS/Source/tasks.c **** 			uxReturn = 0U;
3358:Middlewares/Third_Party/FreeRTOS/Source/tasks.c **** 		}
3359:Middlewares/Third_Party/FreeRTOS/Source/tasks.c **** 
3360:Middlewares/Third_Party/FreeRTOS/Source/tasks.c **** 		return uxReturn;
3361:Middlewares/Third_Party/FreeRTOS/Source/tasks.c **** 	}
3362:Middlewares/Third_Party/FreeRTOS/Source/tasks.c **** 
3363:Middlewares/Third_Party/FreeRTOS/Source/tasks.c **** #endif /* configUSE_TRACE_FACILITY */
3364:Middlewares/Third_Party/FreeRTOS/Source/tasks.c **** /*-----------------------------------------------------------*/
3365:Middlewares/Third_Party/FreeRTOS/Source/tasks.c **** 
3366:Middlewares/Third_Party/FreeRTOS/Source/tasks.c **** #if ( configUSE_TRACE_FACILITY == 1 )
3367:Middlewares/Third_Party/FreeRTOS/Source/tasks.c **** 
3368:Middlewares/Third_Party/FreeRTOS/Source/tasks.c **** 	void vTaskSetTaskNumber( TaskHandle_t xTask, const UBaseType_t uxHandle )
3369:Middlewares/Third_Party/FreeRTOS/Source/tasks.c **** 	{
3370:Middlewares/Third_Party/FreeRTOS/Source/tasks.c **** 	TCB_t * pxTCB;
3371:Middlewares/Third_Party/FreeRTOS/Source/tasks.c **** 
3372:Middlewares/Third_Party/FreeRTOS/Source/tasks.c **** 		if( xTask != NULL )
3373:Middlewares/Third_Party/FreeRTOS/Source/tasks.c **** 		{
3374:Middlewares/Third_Party/FreeRTOS/Source/tasks.c **** 			pxTCB = xTask;
3375:Middlewares/Third_Party/FreeRTOS/Source/tasks.c **** 			pxTCB->uxTaskNumber = uxHandle;
3376:Middlewares/Third_Party/FreeRTOS/Source/tasks.c **** 		}
3377:Middlewares/Third_Party/FreeRTOS/Source/tasks.c **** 	}
3378:Middlewares/Third_Party/FreeRTOS/Source/tasks.c **** 
3379:Middlewares/Third_Party/FreeRTOS/Source/tasks.c **** #endif /* configUSE_TRACE_FACILITY */
ARM GAS  /tmp/ccV8B7BA.s 			page 66


3380:Middlewares/Third_Party/FreeRTOS/Source/tasks.c **** 
3381:Middlewares/Third_Party/FreeRTOS/Source/tasks.c **** /*
3382:Middlewares/Third_Party/FreeRTOS/Source/tasks.c ****  * -----------------------------------------------------------
3383:Middlewares/Third_Party/FreeRTOS/Source/tasks.c ****  * The Idle task.
3384:Middlewares/Third_Party/FreeRTOS/Source/tasks.c ****  * ----------------------------------------------------------
3385:Middlewares/Third_Party/FreeRTOS/Source/tasks.c ****  *
3386:Middlewares/Third_Party/FreeRTOS/Source/tasks.c ****  * The portTASK_FUNCTION() macro is used to allow port/compiler specific
3387:Middlewares/Third_Party/FreeRTOS/Source/tasks.c ****  * language extensions.  The equivalent prototype for this function is:
3388:Middlewares/Third_Party/FreeRTOS/Source/tasks.c ****  *
3389:Middlewares/Third_Party/FreeRTOS/Source/tasks.c ****  * void prvIdleTask( void *pvParameters );
3390:Middlewares/Third_Party/FreeRTOS/Source/tasks.c ****  *
3391:Middlewares/Third_Party/FreeRTOS/Source/tasks.c ****  */
3392:Middlewares/Third_Party/FreeRTOS/Source/tasks.c **** static portTASK_FUNCTION( prvIdleTask, pvParameters )
3393:Middlewares/Third_Party/FreeRTOS/Source/tasks.c **** {
3394:Middlewares/Third_Party/FreeRTOS/Source/tasks.c **** 	/* Stop warnings. */
3395:Middlewares/Third_Party/FreeRTOS/Source/tasks.c **** 	( void ) pvParameters;
3396:Middlewares/Third_Party/FreeRTOS/Source/tasks.c **** 
3397:Middlewares/Third_Party/FreeRTOS/Source/tasks.c **** 	/** THIS IS THE RTOS IDLE TASK - WHICH IS CREATED AUTOMATICALLY WHEN THE
3398:Middlewares/Third_Party/FreeRTOS/Source/tasks.c **** 	SCHEDULER IS STARTED. **/
3399:Middlewares/Third_Party/FreeRTOS/Source/tasks.c **** 
3400:Middlewares/Third_Party/FreeRTOS/Source/tasks.c **** 	/* In case a task that has a secure context deletes itself, in which case
3401:Middlewares/Third_Party/FreeRTOS/Source/tasks.c **** 	the idle task is responsible for deleting the task's secure context, if
3402:Middlewares/Third_Party/FreeRTOS/Source/tasks.c **** 	any. */
3403:Middlewares/Third_Party/FreeRTOS/Source/tasks.c **** 	portALLOCATE_SECURE_CONTEXT( configMINIMAL_SECURE_STACK_SIZE );
3404:Middlewares/Third_Party/FreeRTOS/Source/tasks.c **** 
3405:Middlewares/Third_Party/FreeRTOS/Source/tasks.c **** 	for( ;; )
3406:Middlewares/Third_Party/FreeRTOS/Source/tasks.c **** 	{
3407:Middlewares/Third_Party/FreeRTOS/Source/tasks.c **** 		/* See if any tasks have deleted themselves - if so then the idle task
3408:Middlewares/Third_Party/FreeRTOS/Source/tasks.c **** 		is responsible for freeing the deleted task's TCB and stack. */
3409:Middlewares/Third_Party/FreeRTOS/Source/tasks.c **** 		prvCheckTasksWaitingTermination();
3410:Middlewares/Third_Party/FreeRTOS/Source/tasks.c **** 
3411:Middlewares/Third_Party/FreeRTOS/Source/tasks.c **** 		#if ( configUSE_PREEMPTION == 0 )
3412:Middlewares/Third_Party/FreeRTOS/Source/tasks.c **** 		{
3413:Middlewares/Third_Party/FreeRTOS/Source/tasks.c **** 			/* If we are not using preemption we keep forcing a task switch to
3414:Middlewares/Third_Party/FreeRTOS/Source/tasks.c **** 			see if any other task has become available.  If we are using
3415:Middlewares/Third_Party/FreeRTOS/Source/tasks.c **** 			preemption we don't need to do this as any task becoming available
3416:Middlewares/Third_Party/FreeRTOS/Source/tasks.c **** 			will automatically get the processor anyway. */
3417:Middlewares/Third_Party/FreeRTOS/Source/tasks.c **** 			taskYIELD();
3418:Middlewares/Third_Party/FreeRTOS/Source/tasks.c **** 		}
3419:Middlewares/Third_Party/FreeRTOS/Source/tasks.c **** 		#endif /* configUSE_PREEMPTION */
3420:Middlewares/Third_Party/FreeRTOS/Source/tasks.c **** 
3421:Middlewares/Third_Party/FreeRTOS/Source/tasks.c **** 		#if ( ( configUSE_PREEMPTION == 1 ) && ( configIDLE_SHOULD_YIELD == 1 ) )
3422:Middlewares/Third_Party/FreeRTOS/Source/tasks.c **** 		{
3423:Middlewares/Third_Party/FreeRTOS/Source/tasks.c **** 			/* When using preemption tasks of equal priority will be
3424:Middlewares/Third_Party/FreeRTOS/Source/tasks.c **** 			timesliced.  If a task that is sharing the idle priority is ready
3425:Middlewares/Third_Party/FreeRTOS/Source/tasks.c **** 			to run then the idle task should yield before the end of the
3426:Middlewares/Third_Party/FreeRTOS/Source/tasks.c **** 			timeslice.
3427:Middlewares/Third_Party/FreeRTOS/Source/tasks.c **** 
3428:Middlewares/Third_Party/FreeRTOS/Source/tasks.c **** 			A critical region is not required here as we are just reading from
3429:Middlewares/Third_Party/FreeRTOS/Source/tasks.c **** 			the list, and an occasional incorrect value will not matter.  If
3430:Middlewares/Third_Party/FreeRTOS/Source/tasks.c **** 			the ready list at the idle priority contains more than one task
3431:Middlewares/Third_Party/FreeRTOS/Source/tasks.c **** 			then a task other than the idle task is ready to execute. */
3432:Middlewares/Third_Party/FreeRTOS/Source/tasks.c **** 			if( listCURRENT_LIST_LENGTH( &( pxReadyTasksLists[ tskIDLE_PRIORITY ] ) ) > ( UBaseType_t ) 1 )
3433:Middlewares/Third_Party/FreeRTOS/Source/tasks.c **** 			{
3434:Middlewares/Third_Party/FreeRTOS/Source/tasks.c **** 				taskYIELD();
3435:Middlewares/Third_Party/FreeRTOS/Source/tasks.c **** 			}
3436:Middlewares/Third_Party/FreeRTOS/Source/tasks.c **** 			else
ARM GAS  /tmp/ccV8B7BA.s 			page 67


3437:Middlewares/Third_Party/FreeRTOS/Source/tasks.c **** 			{
3438:Middlewares/Third_Party/FreeRTOS/Source/tasks.c **** 				mtCOVERAGE_TEST_MARKER();
3439:Middlewares/Third_Party/FreeRTOS/Source/tasks.c **** 			}
3440:Middlewares/Third_Party/FreeRTOS/Source/tasks.c **** 		}
3441:Middlewares/Third_Party/FreeRTOS/Source/tasks.c **** 		#endif /* ( ( configUSE_PREEMPTION == 1 ) && ( configIDLE_SHOULD_YIELD == 1 ) ) */
3442:Middlewares/Third_Party/FreeRTOS/Source/tasks.c **** 
3443:Middlewares/Third_Party/FreeRTOS/Source/tasks.c **** 		#if ( configUSE_IDLE_HOOK == 1 )
3444:Middlewares/Third_Party/FreeRTOS/Source/tasks.c **** 		{
3445:Middlewares/Third_Party/FreeRTOS/Source/tasks.c **** 			extern void vApplicationIdleHook( void );
3446:Middlewares/Third_Party/FreeRTOS/Source/tasks.c **** 
3447:Middlewares/Third_Party/FreeRTOS/Source/tasks.c **** 			/* Call the user defined function from within the idle task.  This
3448:Middlewares/Third_Party/FreeRTOS/Source/tasks.c **** 			allows the application designer to add background functionality
3449:Middlewares/Third_Party/FreeRTOS/Source/tasks.c **** 			without the overhead of a separate task.
3450:Middlewares/Third_Party/FreeRTOS/Source/tasks.c **** 			NOTE: vApplicationIdleHook() MUST NOT, UNDER ANY CIRCUMSTANCES,
3451:Middlewares/Third_Party/FreeRTOS/Source/tasks.c **** 			CALL A FUNCTION THAT MIGHT BLOCK. */
3452:Middlewares/Third_Party/FreeRTOS/Source/tasks.c **** 			vApplicationIdleHook();
3453:Middlewares/Third_Party/FreeRTOS/Source/tasks.c **** 		}
3454:Middlewares/Third_Party/FreeRTOS/Source/tasks.c **** 		#endif /* configUSE_IDLE_HOOK */
3455:Middlewares/Third_Party/FreeRTOS/Source/tasks.c **** 
3456:Middlewares/Third_Party/FreeRTOS/Source/tasks.c **** 		/* This conditional compilation should use inequality to 0, not equality
3457:Middlewares/Third_Party/FreeRTOS/Source/tasks.c **** 		to 1.  This is to ensure portSUPPRESS_TICKS_AND_SLEEP() is called when
3458:Middlewares/Third_Party/FreeRTOS/Source/tasks.c **** 		user defined low power mode	implementations require
3459:Middlewares/Third_Party/FreeRTOS/Source/tasks.c **** 		configUSE_TICKLESS_IDLE to be set to a value other than 1. */
3460:Middlewares/Third_Party/FreeRTOS/Source/tasks.c **** 		#if ( configUSE_TICKLESS_IDLE != 0 )
3461:Middlewares/Third_Party/FreeRTOS/Source/tasks.c **** 		{
3462:Middlewares/Third_Party/FreeRTOS/Source/tasks.c **** 		TickType_t xExpectedIdleTime;
3463:Middlewares/Third_Party/FreeRTOS/Source/tasks.c **** 
3464:Middlewares/Third_Party/FreeRTOS/Source/tasks.c **** 			/* It is not desirable to suspend then resume the scheduler on
3465:Middlewares/Third_Party/FreeRTOS/Source/tasks.c **** 			each iteration of the idle task.  Therefore, a preliminary
3466:Middlewares/Third_Party/FreeRTOS/Source/tasks.c **** 			test of the expected idle time is performed without the
3467:Middlewares/Third_Party/FreeRTOS/Source/tasks.c **** 			scheduler suspended.  The result here is not necessarily
3468:Middlewares/Third_Party/FreeRTOS/Source/tasks.c **** 			valid. */
3469:Middlewares/Third_Party/FreeRTOS/Source/tasks.c **** 			xExpectedIdleTime = prvGetExpectedIdleTime();
3470:Middlewares/Third_Party/FreeRTOS/Source/tasks.c **** 
3471:Middlewares/Third_Party/FreeRTOS/Source/tasks.c **** 			if( xExpectedIdleTime >= configEXPECTED_IDLE_TIME_BEFORE_SLEEP )
3472:Middlewares/Third_Party/FreeRTOS/Source/tasks.c **** 			{
3473:Middlewares/Third_Party/FreeRTOS/Source/tasks.c **** 				vTaskSuspendAll();
3474:Middlewares/Third_Party/FreeRTOS/Source/tasks.c **** 				{
3475:Middlewares/Third_Party/FreeRTOS/Source/tasks.c **** 					/* Now the scheduler is suspended, the expected idle
3476:Middlewares/Third_Party/FreeRTOS/Source/tasks.c **** 					time can be sampled again, and this time its value can
3477:Middlewares/Third_Party/FreeRTOS/Source/tasks.c **** 					be used. */
3478:Middlewares/Third_Party/FreeRTOS/Source/tasks.c **** 					configASSERT( xNextTaskUnblockTime >= xTickCount );
3479:Middlewares/Third_Party/FreeRTOS/Source/tasks.c **** 					xExpectedIdleTime = prvGetExpectedIdleTime();
3480:Middlewares/Third_Party/FreeRTOS/Source/tasks.c **** 
3481:Middlewares/Third_Party/FreeRTOS/Source/tasks.c **** 					/* Define the following macro to set xExpectedIdleTime to 0
3482:Middlewares/Third_Party/FreeRTOS/Source/tasks.c **** 					if the application does not want
3483:Middlewares/Third_Party/FreeRTOS/Source/tasks.c **** 					portSUPPRESS_TICKS_AND_SLEEP() to be called. */
3484:Middlewares/Third_Party/FreeRTOS/Source/tasks.c **** 					configPRE_SUPPRESS_TICKS_AND_SLEEP_PROCESSING( xExpectedIdleTime );
3485:Middlewares/Third_Party/FreeRTOS/Source/tasks.c **** 
3486:Middlewares/Third_Party/FreeRTOS/Source/tasks.c **** 					if( xExpectedIdleTime >= configEXPECTED_IDLE_TIME_BEFORE_SLEEP )
3487:Middlewares/Third_Party/FreeRTOS/Source/tasks.c **** 					{
3488:Middlewares/Third_Party/FreeRTOS/Source/tasks.c **** 						traceLOW_POWER_IDLE_BEGIN();
3489:Middlewares/Third_Party/FreeRTOS/Source/tasks.c **** 						portSUPPRESS_TICKS_AND_SLEEP( xExpectedIdleTime );
3490:Middlewares/Third_Party/FreeRTOS/Source/tasks.c **** 						traceLOW_POWER_IDLE_END();
3491:Middlewares/Third_Party/FreeRTOS/Source/tasks.c **** 					}
3492:Middlewares/Third_Party/FreeRTOS/Source/tasks.c **** 					else
3493:Middlewares/Third_Party/FreeRTOS/Source/tasks.c **** 					{
ARM GAS  /tmp/ccV8B7BA.s 			page 68


3494:Middlewares/Third_Party/FreeRTOS/Source/tasks.c **** 						mtCOVERAGE_TEST_MARKER();
3495:Middlewares/Third_Party/FreeRTOS/Source/tasks.c **** 					}
3496:Middlewares/Third_Party/FreeRTOS/Source/tasks.c **** 				}
3497:Middlewares/Third_Party/FreeRTOS/Source/tasks.c **** 				( void ) xTaskResumeAll();
3498:Middlewares/Third_Party/FreeRTOS/Source/tasks.c **** 			}
3499:Middlewares/Third_Party/FreeRTOS/Source/tasks.c **** 			else
3500:Middlewares/Third_Party/FreeRTOS/Source/tasks.c **** 			{
3501:Middlewares/Third_Party/FreeRTOS/Source/tasks.c **** 				mtCOVERAGE_TEST_MARKER();
3502:Middlewares/Third_Party/FreeRTOS/Source/tasks.c **** 			}
3503:Middlewares/Third_Party/FreeRTOS/Source/tasks.c **** 		}
3504:Middlewares/Third_Party/FreeRTOS/Source/tasks.c **** 		#endif /* configUSE_TICKLESS_IDLE */
3505:Middlewares/Third_Party/FreeRTOS/Source/tasks.c **** 	}
3506:Middlewares/Third_Party/FreeRTOS/Source/tasks.c **** }
3507:Middlewares/Third_Party/FreeRTOS/Source/tasks.c **** /*-----------------------------------------------------------*/
3508:Middlewares/Third_Party/FreeRTOS/Source/tasks.c **** 
3509:Middlewares/Third_Party/FreeRTOS/Source/tasks.c **** #if( configUSE_TICKLESS_IDLE != 0 )
3510:Middlewares/Third_Party/FreeRTOS/Source/tasks.c **** 
3511:Middlewares/Third_Party/FreeRTOS/Source/tasks.c **** 	eSleepModeStatus eTaskConfirmSleepModeStatus( void )
3512:Middlewares/Third_Party/FreeRTOS/Source/tasks.c **** 	{
3513:Middlewares/Third_Party/FreeRTOS/Source/tasks.c **** 	/* The idle task exists in addition to the application tasks. */
3514:Middlewares/Third_Party/FreeRTOS/Source/tasks.c **** 	const UBaseType_t uxNonApplicationTasks = 1;
3515:Middlewares/Third_Party/FreeRTOS/Source/tasks.c **** 	eSleepModeStatus eReturn = eStandardSleep;
3516:Middlewares/Third_Party/FreeRTOS/Source/tasks.c **** 
3517:Middlewares/Third_Party/FreeRTOS/Source/tasks.c **** 		/* This function must be called from a critical section. */
3518:Middlewares/Third_Party/FreeRTOS/Source/tasks.c **** 
3519:Middlewares/Third_Party/FreeRTOS/Source/tasks.c **** 		if( listCURRENT_LIST_LENGTH( &xPendingReadyList ) != 0 )
3520:Middlewares/Third_Party/FreeRTOS/Source/tasks.c **** 		{
3521:Middlewares/Third_Party/FreeRTOS/Source/tasks.c **** 			/* A task was made ready while the scheduler was suspended. */
3522:Middlewares/Third_Party/FreeRTOS/Source/tasks.c **** 			eReturn = eAbortSleep;
3523:Middlewares/Third_Party/FreeRTOS/Source/tasks.c **** 		}
3524:Middlewares/Third_Party/FreeRTOS/Source/tasks.c **** 		else if( xYieldPending != pdFALSE )
3525:Middlewares/Third_Party/FreeRTOS/Source/tasks.c **** 		{
3526:Middlewares/Third_Party/FreeRTOS/Source/tasks.c **** 			/* A yield was pended while the scheduler was suspended. */
3527:Middlewares/Third_Party/FreeRTOS/Source/tasks.c **** 			eReturn = eAbortSleep;
3528:Middlewares/Third_Party/FreeRTOS/Source/tasks.c **** 		}
3529:Middlewares/Third_Party/FreeRTOS/Source/tasks.c **** 		else
3530:Middlewares/Third_Party/FreeRTOS/Source/tasks.c **** 		{
3531:Middlewares/Third_Party/FreeRTOS/Source/tasks.c **** 			/* If all the tasks are in the suspended list (which might mean they
3532:Middlewares/Third_Party/FreeRTOS/Source/tasks.c **** 			have an infinite block time rather than actually being suspended)
3533:Middlewares/Third_Party/FreeRTOS/Source/tasks.c **** 			then it is safe to turn all clocks off and just wait for external
3534:Middlewares/Third_Party/FreeRTOS/Source/tasks.c **** 			interrupts. */
3535:Middlewares/Third_Party/FreeRTOS/Source/tasks.c **** 			if( listCURRENT_LIST_LENGTH( &xSuspendedTaskList ) == ( uxCurrentNumberOfTasks - uxNonApplicatio
3536:Middlewares/Third_Party/FreeRTOS/Source/tasks.c **** 			{
3537:Middlewares/Third_Party/FreeRTOS/Source/tasks.c **** 				eReturn = eNoTasksWaitingTimeout;
3538:Middlewares/Third_Party/FreeRTOS/Source/tasks.c **** 			}
3539:Middlewares/Third_Party/FreeRTOS/Source/tasks.c **** 			else
3540:Middlewares/Third_Party/FreeRTOS/Source/tasks.c **** 			{
3541:Middlewares/Third_Party/FreeRTOS/Source/tasks.c **** 				mtCOVERAGE_TEST_MARKER();
3542:Middlewares/Third_Party/FreeRTOS/Source/tasks.c **** 			}
3543:Middlewares/Third_Party/FreeRTOS/Source/tasks.c **** 		}
3544:Middlewares/Third_Party/FreeRTOS/Source/tasks.c **** 
3545:Middlewares/Third_Party/FreeRTOS/Source/tasks.c **** 		return eReturn;
3546:Middlewares/Third_Party/FreeRTOS/Source/tasks.c **** 	}
3547:Middlewares/Third_Party/FreeRTOS/Source/tasks.c **** 
3548:Middlewares/Third_Party/FreeRTOS/Source/tasks.c **** #endif /* configUSE_TICKLESS_IDLE */
3549:Middlewares/Third_Party/FreeRTOS/Source/tasks.c **** /*-----------------------------------------------------------*/
3550:Middlewares/Third_Party/FreeRTOS/Source/tasks.c **** 
ARM GAS  /tmp/ccV8B7BA.s 			page 69


3551:Middlewares/Third_Party/FreeRTOS/Source/tasks.c **** #if ( configNUM_THREAD_LOCAL_STORAGE_POINTERS != 0 )
3552:Middlewares/Third_Party/FreeRTOS/Source/tasks.c **** 
3553:Middlewares/Third_Party/FreeRTOS/Source/tasks.c **** 	void vTaskSetThreadLocalStoragePointer( TaskHandle_t xTaskToSet, BaseType_t xIndex, void *pvValue 
3554:Middlewares/Third_Party/FreeRTOS/Source/tasks.c **** 	{
3555:Middlewares/Third_Party/FreeRTOS/Source/tasks.c **** 	TCB_t *pxTCB;
3556:Middlewares/Third_Party/FreeRTOS/Source/tasks.c **** 
3557:Middlewares/Third_Party/FreeRTOS/Source/tasks.c **** 		if( xIndex < configNUM_THREAD_LOCAL_STORAGE_POINTERS )
3558:Middlewares/Third_Party/FreeRTOS/Source/tasks.c **** 		{
3559:Middlewares/Third_Party/FreeRTOS/Source/tasks.c **** 			pxTCB = prvGetTCBFromHandle( xTaskToSet );
3560:Middlewares/Third_Party/FreeRTOS/Source/tasks.c **** 			configASSERT( pxTCB != NULL );
3561:Middlewares/Third_Party/FreeRTOS/Source/tasks.c **** 			pxTCB->pvThreadLocalStoragePointers[ xIndex ] = pvValue;
3562:Middlewares/Third_Party/FreeRTOS/Source/tasks.c **** 		}
3563:Middlewares/Third_Party/FreeRTOS/Source/tasks.c **** 	}
3564:Middlewares/Third_Party/FreeRTOS/Source/tasks.c **** 
3565:Middlewares/Third_Party/FreeRTOS/Source/tasks.c **** #endif /* configNUM_THREAD_LOCAL_STORAGE_POINTERS */
3566:Middlewares/Third_Party/FreeRTOS/Source/tasks.c **** /*-----------------------------------------------------------*/
3567:Middlewares/Third_Party/FreeRTOS/Source/tasks.c **** 
3568:Middlewares/Third_Party/FreeRTOS/Source/tasks.c **** #if ( configNUM_THREAD_LOCAL_STORAGE_POINTERS != 0 )
3569:Middlewares/Third_Party/FreeRTOS/Source/tasks.c **** 
3570:Middlewares/Third_Party/FreeRTOS/Source/tasks.c **** 	void *pvTaskGetThreadLocalStoragePointer( TaskHandle_t xTaskToQuery, BaseType_t xIndex )
3571:Middlewares/Third_Party/FreeRTOS/Source/tasks.c **** 	{
3572:Middlewares/Third_Party/FreeRTOS/Source/tasks.c **** 	void *pvReturn = NULL;
3573:Middlewares/Third_Party/FreeRTOS/Source/tasks.c **** 	TCB_t *pxTCB;
3574:Middlewares/Third_Party/FreeRTOS/Source/tasks.c **** 
3575:Middlewares/Third_Party/FreeRTOS/Source/tasks.c **** 		if( xIndex < configNUM_THREAD_LOCAL_STORAGE_POINTERS )
3576:Middlewares/Third_Party/FreeRTOS/Source/tasks.c **** 		{
3577:Middlewares/Third_Party/FreeRTOS/Source/tasks.c **** 			pxTCB = prvGetTCBFromHandle( xTaskToQuery );
3578:Middlewares/Third_Party/FreeRTOS/Source/tasks.c **** 			pvReturn = pxTCB->pvThreadLocalStoragePointers[ xIndex ];
3579:Middlewares/Third_Party/FreeRTOS/Source/tasks.c **** 		}
3580:Middlewares/Third_Party/FreeRTOS/Source/tasks.c **** 		else
3581:Middlewares/Third_Party/FreeRTOS/Source/tasks.c **** 		{
3582:Middlewares/Third_Party/FreeRTOS/Source/tasks.c **** 			pvReturn = NULL;
3583:Middlewares/Third_Party/FreeRTOS/Source/tasks.c **** 		}
3584:Middlewares/Third_Party/FreeRTOS/Source/tasks.c **** 
3585:Middlewares/Third_Party/FreeRTOS/Source/tasks.c **** 		return pvReturn;
3586:Middlewares/Third_Party/FreeRTOS/Source/tasks.c **** 	}
3587:Middlewares/Third_Party/FreeRTOS/Source/tasks.c **** 
3588:Middlewares/Third_Party/FreeRTOS/Source/tasks.c **** #endif /* configNUM_THREAD_LOCAL_STORAGE_POINTERS */
3589:Middlewares/Third_Party/FreeRTOS/Source/tasks.c **** /*-----------------------------------------------------------*/
3590:Middlewares/Third_Party/FreeRTOS/Source/tasks.c **** 
3591:Middlewares/Third_Party/FreeRTOS/Source/tasks.c **** #if ( portUSING_MPU_WRAPPERS == 1 )
3592:Middlewares/Third_Party/FreeRTOS/Source/tasks.c **** 
3593:Middlewares/Third_Party/FreeRTOS/Source/tasks.c **** 	void vTaskAllocateMPURegions( TaskHandle_t xTaskToModify, const MemoryRegion_t * const xRegions )
3594:Middlewares/Third_Party/FreeRTOS/Source/tasks.c **** 	{
3595:Middlewares/Third_Party/FreeRTOS/Source/tasks.c **** 	TCB_t *pxTCB;
3596:Middlewares/Third_Party/FreeRTOS/Source/tasks.c **** 
3597:Middlewares/Third_Party/FreeRTOS/Source/tasks.c **** 		/* If null is passed in here then we are modifying the MPU settings of
3598:Middlewares/Third_Party/FreeRTOS/Source/tasks.c **** 		the calling task. */
3599:Middlewares/Third_Party/FreeRTOS/Source/tasks.c **** 		pxTCB = prvGetTCBFromHandle( xTaskToModify );
3600:Middlewares/Third_Party/FreeRTOS/Source/tasks.c **** 
3601:Middlewares/Third_Party/FreeRTOS/Source/tasks.c **** 		vPortStoreTaskMPUSettings( &( pxTCB->xMPUSettings ), xRegions, NULL, 0 );
3602:Middlewares/Third_Party/FreeRTOS/Source/tasks.c **** 	}
3603:Middlewares/Third_Party/FreeRTOS/Source/tasks.c **** 
3604:Middlewares/Third_Party/FreeRTOS/Source/tasks.c **** #endif /* portUSING_MPU_WRAPPERS */
3605:Middlewares/Third_Party/FreeRTOS/Source/tasks.c **** /*-----------------------------------------------------------*/
3606:Middlewares/Third_Party/FreeRTOS/Source/tasks.c **** 
3607:Middlewares/Third_Party/FreeRTOS/Source/tasks.c **** static void prvInitialiseTaskLists( void )
ARM GAS  /tmp/ccV8B7BA.s 			page 70


3608:Middlewares/Third_Party/FreeRTOS/Source/tasks.c **** {
3609:Middlewares/Third_Party/FreeRTOS/Source/tasks.c **** UBaseType_t uxPriority;
3610:Middlewares/Third_Party/FreeRTOS/Source/tasks.c **** 
3611:Middlewares/Third_Party/FreeRTOS/Source/tasks.c **** 	for( uxPriority = ( UBaseType_t ) 0U; uxPriority < ( UBaseType_t ) configMAX_PRIORITIES; uxPriorit
3612:Middlewares/Third_Party/FreeRTOS/Source/tasks.c **** 	{
3613:Middlewares/Third_Party/FreeRTOS/Source/tasks.c **** 		vListInitialise( &( pxReadyTasksLists[ uxPriority ] ) );
3614:Middlewares/Third_Party/FreeRTOS/Source/tasks.c **** 	}
3615:Middlewares/Third_Party/FreeRTOS/Source/tasks.c **** 
3616:Middlewares/Third_Party/FreeRTOS/Source/tasks.c **** 	vListInitialise( &xDelayedTaskList1 );
3617:Middlewares/Third_Party/FreeRTOS/Source/tasks.c **** 	vListInitialise( &xDelayedTaskList2 );
3618:Middlewares/Third_Party/FreeRTOS/Source/tasks.c **** 	vListInitialise( &xPendingReadyList );
3619:Middlewares/Third_Party/FreeRTOS/Source/tasks.c **** 
3620:Middlewares/Third_Party/FreeRTOS/Source/tasks.c **** 	#if ( INCLUDE_vTaskDelete == 1 )
3621:Middlewares/Third_Party/FreeRTOS/Source/tasks.c **** 	{
3622:Middlewares/Third_Party/FreeRTOS/Source/tasks.c **** 		vListInitialise( &xTasksWaitingTermination );
3623:Middlewares/Third_Party/FreeRTOS/Source/tasks.c **** 	}
3624:Middlewares/Third_Party/FreeRTOS/Source/tasks.c **** 	#endif /* INCLUDE_vTaskDelete */
3625:Middlewares/Third_Party/FreeRTOS/Source/tasks.c **** 
3626:Middlewares/Third_Party/FreeRTOS/Source/tasks.c **** 	#if ( INCLUDE_vTaskSuspend == 1 )
3627:Middlewares/Third_Party/FreeRTOS/Source/tasks.c **** 	{
3628:Middlewares/Third_Party/FreeRTOS/Source/tasks.c **** 		vListInitialise( &xSuspendedTaskList );
3629:Middlewares/Third_Party/FreeRTOS/Source/tasks.c **** 	}
3630:Middlewares/Third_Party/FreeRTOS/Source/tasks.c **** 	#endif /* INCLUDE_vTaskSuspend */
3631:Middlewares/Third_Party/FreeRTOS/Source/tasks.c **** 
3632:Middlewares/Third_Party/FreeRTOS/Source/tasks.c **** 	/* Start with pxDelayedTaskList using list1 and the pxOverflowDelayedTaskList
3633:Middlewares/Third_Party/FreeRTOS/Source/tasks.c **** 	using list2. */
3634:Middlewares/Third_Party/FreeRTOS/Source/tasks.c **** 	pxDelayedTaskList = &xDelayedTaskList1;
3635:Middlewares/Third_Party/FreeRTOS/Source/tasks.c **** 	pxOverflowDelayedTaskList = &xDelayedTaskList2;
3636:Middlewares/Third_Party/FreeRTOS/Source/tasks.c **** }
3637:Middlewares/Third_Party/FreeRTOS/Source/tasks.c **** /*-----------------------------------------------------------*/
3638:Middlewares/Third_Party/FreeRTOS/Source/tasks.c **** 
3639:Middlewares/Third_Party/FreeRTOS/Source/tasks.c **** static void prvCheckTasksWaitingTermination( void )
3640:Middlewares/Third_Party/FreeRTOS/Source/tasks.c **** {
3641:Middlewares/Third_Party/FreeRTOS/Source/tasks.c **** 
3642:Middlewares/Third_Party/FreeRTOS/Source/tasks.c **** 	/** THIS FUNCTION IS CALLED FROM THE RTOS IDLE TASK **/
3643:Middlewares/Third_Party/FreeRTOS/Source/tasks.c **** 
3644:Middlewares/Third_Party/FreeRTOS/Source/tasks.c **** 	#if ( INCLUDE_vTaskDelete == 1 )
3645:Middlewares/Third_Party/FreeRTOS/Source/tasks.c **** 	{
3646:Middlewares/Third_Party/FreeRTOS/Source/tasks.c **** 		TCB_t *pxTCB;
3647:Middlewares/Third_Party/FreeRTOS/Source/tasks.c **** 
3648:Middlewares/Third_Party/FreeRTOS/Source/tasks.c **** 		/* uxDeletedTasksWaitingCleanUp is used to prevent taskENTER_CRITICAL()
3649:Middlewares/Third_Party/FreeRTOS/Source/tasks.c **** 		being called too often in the idle task. */
3650:Middlewares/Third_Party/FreeRTOS/Source/tasks.c **** 		while( uxDeletedTasksWaitingCleanUp > ( UBaseType_t ) 0U )
3651:Middlewares/Third_Party/FreeRTOS/Source/tasks.c **** 		{
3652:Middlewares/Third_Party/FreeRTOS/Source/tasks.c **** 			taskENTER_CRITICAL();
3653:Middlewares/Third_Party/FreeRTOS/Source/tasks.c **** 			{
3654:Middlewares/Third_Party/FreeRTOS/Source/tasks.c **** 				pxTCB = listGET_OWNER_OF_HEAD_ENTRY( ( &xTasksWaitingTermination ) ); /*lint !e9079 void * is u
3655:Middlewares/Third_Party/FreeRTOS/Source/tasks.c **** 				( void ) uxListRemove( &( pxTCB->xStateListItem ) );
3656:Middlewares/Third_Party/FreeRTOS/Source/tasks.c **** 				--uxCurrentNumberOfTasks;
3657:Middlewares/Third_Party/FreeRTOS/Source/tasks.c **** 				--uxDeletedTasksWaitingCleanUp;
3658:Middlewares/Third_Party/FreeRTOS/Source/tasks.c **** 			}
3659:Middlewares/Third_Party/FreeRTOS/Source/tasks.c **** 			taskEXIT_CRITICAL();
3660:Middlewares/Third_Party/FreeRTOS/Source/tasks.c **** 
3661:Middlewares/Third_Party/FreeRTOS/Source/tasks.c **** 			prvDeleteTCB( pxTCB );
3662:Middlewares/Third_Party/FreeRTOS/Source/tasks.c **** 		}
3663:Middlewares/Third_Party/FreeRTOS/Source/tasks.c **** 	}
3664:Middlewares/Third_Party/FreeRTOS/Source/tasks.c **** 	#endif /* INCLUDE_vTaskDelete */
ARM GAS  /tmp/ccV8B7BA.s 			page 71


3665:Middlewares/Third_Party/FreeRTOS/Source/tasks.c **** }
3666:Middlewares/Third_Party/FreeRTOS/Source/tasks.c **** /*-----------------------------------------------------------*/
3667:Middlewares/Third_Party/FreeRTOS/Source/tasks.c **** 
3668:Middlewares/Third_Party/FreeRTOS/Source/tasks.c **** #if( configUSE_TRACE_FACILITY == 1 )
3669:Middlewares/Third_Party/FreeRTOS/Source/tasks.c **** 
3670:Middlewares/Third_Party/FreeRTOS/Source/tasks.c **** 	void vTaskGetInfo( TaskHandle_t xTask, TaskStatus_t *pxTaskStatus, BaseType_t xGetFreeStackSpace, 
3671:Middlewares/Third_Party/FreeRTOS/Source/tasks.c **** 	{
3672:Middlewares/Third_Party/FreeRTOS/Source/tasks.c **** 	TCB_t *pxTCB;
3673:Middlewares/Third_Party/FreeRTOS/Source/tasks.c **** 
3674:Middlewares/Third_Party/FreeRTOS/Source/tasks.c **** 		/* xTask is NULL then get the state of the calling task. */
3675:Middlewares/Third_Party/FreeRTOS/Source/tasks.c **** 		pxTCB = prvGetTCBFromHandle( xTask );
3676:Middlewares/Third_Party/FreeRTOS/Source/tasks.c **** 
3677:Middlewares/Third_Party/FreeRTOS/Source/tasks.c **** 		pxTaskStatus->xHandle = ( TaskHandle_t ) pxTCB;
3678:Middlewares/Third_Party/FreeRTOS/Source/tasks.c **** 		pxTaskStatus->pcTaskName = ( const char * ) &( pxTCB->pcTaskName [ 0 ] );
3679:Middlewares/Third_Party/FreeRTOS/Source/tasks.c **** 		pxTaskStatus->uxCurrentPriority = pxTCB->uxPriority;
3680:Middlewares/Third_Party/FreeRTOS/Source/tasks.c **** 		pxTaskStatus->pxStackBase = pxTCB->pxStack;
3681:Middlewares/Third_Party/FreeRTOS/Source/tasks.c **** 		pxTaskStatus->xTaskNumber = pxTCB->uxTCBNumber;
3682:Middlewares/Third_Party/FreeRTOS/Source/tasks.c **** 
3683:Middlewares/Third_Party/FreeRTOS/Source/tasks.c **** 		#if ( configUSE_MUTEXES == 1 )
3684:Middlewares/Third_Party/FreeRTOS/Source/tasks.c **** 		{
3685:Middlewares/Third_Party/FreeRTOS/Source/tasks.c **** 			pxTaskStatus->uxBasePriority = pxTCB->uxBasePriority;
3686:Middlewares/Third_Party/FreeRTOS/Source/tasks.c **** 		}
3687:Middlewares/Third_Party/FreeRTOS/Source/tasks.c **** 		#else
3688:Middlewares/Third_Party/FreeRTOS/Source/tasks.c **** 		{
3689:Middlewares/Third_Party/FreeRTOS/Source/tasks.c **** 			pxTaskStatus->uxBasePriority = 0;
3690:Middlewares/Third_Party/FreeRTOS/Source/tasks.c **** 		}
3691:Middlewares/Third_Party/FreeRTOS/Source/tasks.c **** 		#endif
3692:Middlewares/Third_Party/FreeRTOS/Source/tasks.c **** 
3693:Middlewares/Third_Party/FreeRTOS/Source/tasks.c **** 		#if ( configGENERATE_RUN_TIME_STATS == 1 )
3694:Middlewares/Third_Party/FreeRTOS/Source/tasks.c **** 		{
3695:Middlewares/Third_Party/FreeRTOS/Source/tasks.c **** 			pxTaskStatus->ulRunTimeCounter = pxTCB->ulRunTimeCounter;
3696:Middlewares/Third_Party/FreeRTOS/Source/tasks.c **** 		}
3697:Middlewares/Third_Party/FreeRTOS/Source/tasks.c **** 		#else
3698:Middlewares/Third_Party/FreeRTOS/Source/tasks.c **** 		{
3699:Middlewares/Third_Party/FreeRTOS/Source/tasks.c **** 			pxTaskStatus->ulRunTimeCounter = 0;
3700:Middlewares/Third_Party/FreeRTOS/Source/tasks.c **** 		}
3701:Middlewares/Third_Party/FreeRTOS/Source/tasks.c **** 		#endif
3702:Middlewares/Third_Party/FreeRTOS/Source/tasks.c **** 
3703:Middlewares/Third_Party/FreeRTOS/Source/tasks.c **** 		/* Obtaining the task state is a little fiddly, so is only done if the
3704:Middlewares/Third_Party/FreeRTOS/Source/tasks.c **** 		value of eState passed into this function is eInvalid - otherwise the
3705:Middlewares/Third_Party/FreeRTOS/Source/tasks.c **** 		state is just set to whatever is passed in. */
3706:Middlewares/Third_Party/FreeRTOS/Source/tasks.c **** 		if( eState != eInvalid )
3707:Middlewares/Third_Party/FreeRTOS/Source/tasks.c **** 		{
3708:Middlewares/Third_Party/FreeRTOS/Source/tasks.c **** 			if( pxTCB == pxCurrentTCB )
3709:Middlewares/Third_Party/FreeRTOS/Source/tasks.c **** 			{
3710:Middlewares/Third_Party/FreeRTOS/Source/tasks.c **** 				pxTaskStatus->eCurrentState = eRunning;
3711:Middlewares/Third_Party/FreeRTOS/Source/tasks.c **** 			}
3712:Middlewares/Third_Party/FreeRTOS/Source/tasks.c **** 			else
3713:Middlewares/Third_Party/FreeRTOS/Source/tasks.c **** 			{
3714:Middlewares/Third_Party/FreeRTOS/Source/tasks.c **** 				pxTaskStatus->eCurrentState = eState;
3715:Middlewares/Third_Party/FreeRTOS/Source/tasks.c **** 
3716:Middlewares/Third_Party/FreeRTOS/Source/tasks.c **** 				#if ( INCLUDE_vTaskSuspend == 1 )
3717:Middlewares/Third_Party/FreeRTOS/Source/tasks.c **** 				{
3718:Middlewares/Third_Party/FreeRTOS/Source/tasks.c **** 					/* If the task is in the suspended list then there is a
3719:Middlewares/Third_Party/FreeRTOS/Source/tasks.c **** 					chance it is actually just blocked indefinitely - so really
3720:Middlewares/Third_Party/FreeRTOS/Source/tasks.c **** 					it should be reported as being in the Blocked state. */
3721:Middlewares/Third_Party/FreeRTOS/Source/tasks.c **** 					if( eState == eSuspended )
ARM GAS  /tmp/ccV8B7BA.s 			page 72


3722:Middlewares/Third_Party/FreeRTOS/Source/tasks.c **** 					{
3723:Middlewares/Third_Party/FreeRTOS/Source/tasks.c **** 						vTaskSuspendAll();
3724:Middlewares/Third_Party/FreeRTOS/Source/tasks.c **** 						{
3725:Middlewares/Third_Party/FreeRTOS/Source/tasks.c **** 							if( listLIST_ITEM_CONTAINER( &( pxTCB->xEventListItem ) ) != NULL )
3726:Middlewares/Third_Party/FreeRTOS/Source/tasks.c **** 							{
3727:Middlewares/Third_Party/FreeRTOS/Source/tasks.c **** 								pxTaskStatus->eCurrentState = eBlocked;
3728:Middlewares/Third_Party/FreeRTOS/Source/tasks.c **** 							}
3729:Middlewares/Third_Party/FreeRTOS/Source/tasks.c **** 						}
3730:Middlewares/Third_Party/FreeRTOS/Source/tasks.c **** 						( void ) xTaskResumeAll();
3731:Middlewares/Third_Party/FreeRTOS/Source/tasks.c **** 					}
3732:Middlewares/Third_Party/FreeRTOS/Source/tasks.c **** 				}
3733:Middlewares/Third_Party/FreeRTOS/Source/tasks.c **** 				#endif /* INCLUDE_vTaskSuspend */
3734:Middlewares/Third_Party/FreeRTOS/Source/tasks.c **** 			}
3735:Middlewares/Third_Party/FreeRTOS/Source/tasks.c **** 		}
3736:Middlewares/Third_Party/FreeRTOS/Source/tasks.c **** 		else
3737:Middlewares/Third_Party/FreeRTOS/Source/tasks.c **** 		{
3738:Middlewares/Third_Party/FreeRTOS/Source/tasks.c **** 			pxTaskStatus->eCurrentState = eTaskGetState( pxTCB );
3739:Middlewares/Third_Party/FreeRTOS/Source/tasks.c **** 		}
3740:Middlewares/Third_Party/FreeRTOS/Source/tasks.c **** 
3741:Middlewares/Third_Party/FreeRTOS/Source/tasks.c **** 		/* Obtaining the stack space takes some time, so the xGetFreeStackSpace
3742:Middlewares/Third_Party/FreeRTOS/Source/tasks.c **** 		parameter is provided to allow it to be skipped. */
3743:Middlewares/Third_Party/FreeRTOS/Source/tasks.c **** 		if( xGetFreeStackSpace != pdFALSE )
3744:Middlewares/Third_Party/FreeRTOS/Source/tasks.c **** 		{
3745:Middlewares/Third_Party/FreeRTOS/Source/tasks.c **** 			#if ( portSTACK_GROWTH > 0 )
3746:Middlewares/Third_Party/FreeRTOS/Source/tasks.c **** 			{
3747:Middlewares/Third_Party/FreeRTOS/Source/tasks.c **** 				pxTaskStatus->usStackHighWaterMark = prvTaskCheckFreeStackSpace( ( uint8_t * ) pxTCB->pxEndOfSt
3748:Middlewares/Third_Party/FreeRTOS/Source/tasks.c **** 			}
3749:Middlewares/Third_Party/FreeRTOS/Source/tasks.c **** 			#else
3750:Middlewares/Third_Party/FreeRTOS/Source/tasks.c **** 			{
3751:Middlewares/Third_Party/FreeRTOS/Source/tasks.c **** 				pxTaskStatus->usStackHighWaterMark = prvTaskCheckFreeStackSpace( ( uint8_t * ) pxTCB->pxStack )
3752:Middlewares/Third_Party/FreeRTOS/Source/tasks.c **** 			}
3753:Middlewares/Third_Party/FreeRTOS/Source/tasks.c **** 			#endif
3754:Middlewares/Third_Party/FreeRTOS/Source/tasks.c **** 		}
3755:Middlewares/Third_Party/FreeRTOS/Source/tasks.c **** 		else
3756:Middlewares/Third_Party/FreeRTOS/Source/tasks.c **** 		{
3757:Middlewares/Third_Party/FreeRTOS/Source/tasks.c **** 			pxTaskStatus->usStackHighWaterMark = 0;
3758:Middlewares/Third_Party/FreeRTOS/Source/tasks.c **** 		}
3759:Middlewares/Third_Party/FreeRTOS/Source/tasks.c **** 	}
3760:Middlewares/Third_Party/FreeRTOS/Source/tasks.c **** 
3761:Middlewares/Third_Party/FreeRTOS/Source/tasks.c **** #endif /* configUSE_TRACE_FACILITY */
3762:Middlewares/Third_Party/FreeRTOS/Source/tasks.c **** /*-----------------------------------------------------------*/
3763:Middlewares/Third_Party/FreeRTOS/Source/tasks.c **** 
3764:Middlewares/Third_Party/FreeRTOS/Source/tasks.c **** #if ( configUSE_TRACE_FACILITY == 1 )
3765:Middlewares/Third_Party/FreeRTOS/Source/tasks.c **** 
3766:Middlewares/Third_Party/FreeRTOS/Source/tasks.c **** 	static UBaseType_t prvListTasksWithinSingleList( TaskStatus_t *pxTaskStatusArray, List_t *pxList, 
3767:Middlewares/Third_Party/FreeRTOS/Source/tasks.c **** 	{
3768:Middlewares/Third_Party/FreeRTOS/Source/tasks.c **** 	configLIST_VOLATILE TCB_t *pxNextTCB, *pxFirstTCB;
3769:Middlewares/Third_Party/FreeRTOS/Source/tasks.c **** 	UBaseType_t uxTask = 0;
3770:Middlewares/Third_Party/FreeRTOS/Source/tasks.c **** 
3771:Middlewares/Third_Party/FreeRTOS/Source/tasks.c **** 		if( listCURRENT_LIST_LENGTH( pxList ) > ( UBaseType_t ) 0 )
3772:Middlewares/Third_Party/FreeRTOS/Source/tasks.c **** 		{
3773:Middlewares/Third_Party/FreeRTOS/Source/tasks.c **** 			listGET_OWNER_OF_NEXT_ENTRY( pxFirstTCB, pxList ); /*lint !e9079 void * is used as this macro is
3774:Middlewares/Third_Party/FreeRTOS/Source/tasks.c **** 
3775:Middlewares/Third_Party/FreeRTOS/Source/tasks.c **** 			/* Populate an TaskStatus_t structure within the
3776:Middlewares/Third_Party/FreeRTOS/Source/tasks.c **** 			pxTaskStatusArray array for each task that is referenced from
3777:Middlewares/Third_Party/FreeRTOS/Source/tasks.c **** 			pxList.  See the definition of TaskStatus_t in task.h for the
3778:Middlewares/Third_Party/FreeRTOS/Source/tasks.c **** 			meaning of each TaskStatus_t structure member. */
ARM GAS  /tmp/ccV8B7BA.s 			page 73


3779:Middlewares/Third_Party/FreeRTOS/Source/tasks.c **** 			do
3780:Middlewares/Third_Party/FreeRTOS/Source/tasks.c **** 			{
3781:Middlewares/Third_Party/FreeRTOS/Source/tasks.c **** 				listGET_OWNER_OF_NEXT_ENTRY( pxNextTCB, pxList ); /*lint !e9079 void * is used as this macro is
3782:Middlewares/Third_Party/FreeRTOS/Source/tasks.c **** 				vTaskGetInfo( ( TaskHandle_t ) pxNextTCB, &( pxTaskStatusArray[ uxTask ] ), pdTRUE, eState );
3783:Middlewares/Third_Party/FreeRTOS/Source/tasks.c **** 				uxTask++;
3784:Middlewares/Third_Party/FreeRTOS/Source/tasks.c **** 			} while( pxNextTCB != pxFirstTCB );
3785:Middlewares/Third_Party/FreeRTOS/Source/tasks.c **** 		}
3786:Middlewares/Third_Party/FreeRTOS/Source/tasks.c **** 		else
3787:Middlewares/Third_Party/FreeRTOS/Source/tasks.c **** 		{
3788:Middlewares/Third_Party/FreeRTOS/Source/tasks.c **** 			mtCOVERAGE_TEST_MARKER();
3789:Middlewares/Third_Party/FreeRTOS/Source/tasks.c **** 		}
3790:Middlewares/Third_Party/FreeRTOS/Source/tasks.c **** 
3791:Middlewares/Third_Party/FreeRTOS/Source/tasks.c **** 		return uxTask;
3792:Middlewares/Third_Party/FreeRTOS/Source/tasks.c **** 	}
3793:Middlewares/Third_Party/FreeRTOS/Source/tasks.c **** 
3794:Middlewares/Third_Party/FreeRTOS/Source/tasks.c **** #endif /* configUSE_TRACE_FACILITY */
3795:Middlewares/Third_Party/FreeRTOS/Source/tasks.c **** /*-----------------------------------------------------------*/
3796:Middlewares/Third_Party/FreeRTOS/Source/tasks.c **** 
3797:Middlewares/Third_Party/FreeRTOS/Source/tasks.c **** #if ( ( configUSE_TRACE_FACILITY == 1 ) || ( INCLUDE_uxTaskGetStackHighWaterMark == 1 ) || ( INCLUD
3798:Middlewares/Third_Party/FreeRTOS/Source/tasks.c **** 
3799:Middlewares/Third_Party/FreeRTOS/Source/tasks.c **** 	static configSTACK_DEPTH_TYPE prvTaskCheckFreeStackSpace( const uint8_t * pucStackByte )
3800:Middlewares/Third_Party/FreeRTOS/Source/tasks.c **** 	{
 124              		.loc 1 3800 2 is_stmt 1 view -0
 125              		.cfi_startproc
 126              		@ args = 0, pretend = 0, frame = 0
 127              		@ frame_needed = 0, uses_anonymous_args = 0
 128              		@ link register save eliminated.
3801:Middlewares/Third_Party/FreeRTOS/Source/tasks.c **** 	uint32_t ulCount = 0U;
 129              		.loc 1 3801 2 view .LVU30
3802:Middlewares/Third_Party/FreeRTOS/Source/tasks.c **** 
3803:Middlewares/Third_Party/FreeRTOS/Source/tasks.c **** 		while( *pucStackByte == ( uint8_t ) tskSTACK_FILL_BYTE )
 130              		.loc 1 3803 3 view .LVU31
3801:Middlewares/Third_Party/FreeRTOS/Source/tasks.c **** 	uint32_t ulCount = 0U;
 131              		.loc 1 3801 11 is_stmt 0 view .LVU32
 132 0000 0023     		movs	r3, #0
 133              		.loc 1 3803 8 view .LVU33
 134 0002 01E0     		b	.L13
 135              	.LVL9:
 136              	.L14:
3804:Middlewares/Third_Party/FreeRTOS/Source/tasks.c **** 		{
3805:Middlewares/Third_Party/FreeRTOS/Source/tasks.c **** 			pucStackByte -= portSTACK_GROWTH;
 137              		.loc 1 3805 4 is_stmt 1 view .LVU34
 138              		.loc 1 3805 17 is_stmt 0 view .LVU35
 139 0004 0130     		adds	r0, r0, #1
 140              	.LVL10:
3806:Middlewares/Third_Party/FreeRTOS/Source/tasks.c **** 			ulCount++;
 141              		.loc 1 3806 4 is_stmt 1 view .LVU36
 142              		.loc 1 3806 11 is_stmt 0 view .LVU37
 143 0006 0133     		adds	r3, r3, #1
 144              	.LVL11:
 145              	.L13:
3803:Middlewares/Third_Party/FreeRTOS/Source/tasks.c **** 		{
 146              		.loc 1 3803 24 is_stmt 1 view .LVU38
3803:Middlewares/Third_Party/FreeRTOS/Source/tasks.c **** 		{
 147              		.loc 1 3803 10 is_stmt 0 view .LVU39
 148 0008 0278     		ldrb	r2, [r0]	@ zero_extendqisi2
3803:Middlewares/Third_Party/FreeRTOS/Source/tasks.c **** 		{
ARM GAS  /tmp/ccV8B7BA.s 			page 74


 149              		.loc 1 3803 24 view .LVU40
 150 000a A52A     		cmp	r2, #165
 151 000c FAD0     		beq	.L14
3807:Middlewares/Third_Party/FreeRTOS/Source/tasks.c **** 		}
3808:Middlewares/Third_Party/FreeRTOS/Source/tasks.c **** 
3809:Middlewares/Third_Party/FreeRTOS/Source/tasks.c **** 		ulCount /= ( uint32_t ) sizeof( StackType_t ); /*lint !e961 Casting is not redundant on smaller a
 152              		.loc 1 3809 3 is_stmt 1 view .LVU41
 153              	.LVL12:
3810:Middlewares/Third_Party/FreeRTOS/Source/tasks.c **** 
3811:Middlewares/Third_Party/FreeRTOS/Source/tasks.c **** 		return ( configSTACK_DEPTH_TYPE ) ulCount;
 154              		.loc 1 3811 3 view .LVU42
3812:Middlewares/Third_Party/FreeRTOS/Source/tasks.c **** 	}
 155              		.loc 1 3812 2 is_stmt 0 view .LVU43
 156 000e C3F38F00 		ubfx	r0, r3, #2, #16
 157              	.LVL13:
 158              		.loc 1 3812 2 view .LVU44
 159 0012 7047     		bx	lr
 160              		.cfi_endproc
 161              	.LFE47:
 163              		.section	.text.prvResetNextTaskUnblockTime,"ax",%progbits
 164              		.align	1
 165              		.syntax unified
 166              		.thumb
 167              		.thumb_func
 169              	prvResetNextTaskUnblockTime:
 170              	.LFB50:
3813:Middlewares/Third_Party/FreeRTOS/Source/tasks.c **** 
3814:Middlewares/Third_Party/FreeRTOS/Source/tasks.c **** #endif /* ( ( configUSE_TRACE_FACILITY == 1 ) || ( INCLUDE_uxTaskGetStackHighWaterMark == 1 ) || ( 
3815:Middlewares/Third_Party/FreeRTOS/Source/tasks.c **** /*-----------------------------------------------------------*/
3816:Middlewares/Third_Party/FreeRTOS/Source/tasks.c **** 
3817:Middlewares/Third_Party/FreeRTOS/Source/tasks.c **** #if ( INCLUDE_uxTaskGetStackHighWaterMark2 == 1 )
3818:Middlewares/Third_Party/FreeRTOS/Source/tasks.c **** 
3819:Middlewares/Third_Party/FreeRTOS/Source/tasks.c **** 	/* uxTaskGetStackHighWaterMark() and uxTaskGetStackHighWaterMark2() are the
3820:Middlewares/Third_Party/FreeRTOS/Source/tasks.c **** 	same except for their return type.  Using configSTACK_DEPTH_TYPE allows the
3821:Middlewares/Third_Party/FreeRTOS/Source/tasks.c **** 	user to determine the return type.  It gets around the problem of the value
3822:Middlewares/Third_Party/FreeRTOS/Source/tasks.c **** 	overflowing on 8-bit types without breaking backward compatibility for
3823:Middlewares/Third_Party/FreeRTOS/Source/tasks.c **** 	applications that expect an 8-bit return type. */
3824:Middlewares/Third_Party/FreeRTOS/Source/tasks.c **** 	configSTACK_DEPTH_TYPE uxTaskGetStackHighWaterMark2( TaskHandle_t xTask )
3825:Middlewares/Third_Party/FreeRTOS/Source/tasks.c **** 	{
3826:Middlewares/Third_Party/FreeRTOS/Source/tasks.c **** 	TCB_t *pxTCB;
3827:Middlewares/Third_Party/FreeRTOS/Source/tasks.c **** 	uint8_t *pucEndOfStack;
3828:Middlewares/Third_Party/FreeRTOS/Source/tasks.c **** 	configSTACK_DEPTH_TYPE uxReturn;
3829:Middlewares/Third_Party/FreeRTOS/Source/tasks.c **** 
3830:Middlewares/Third_Party/FreeRTOS/Source/tasks.c **** 		/* uxTaskGetStackHighWaterMark() and uxTaskGetStackHighWaterMark2() are
3831:Middlewares/Third_Party/FreeRTOS/Source/tasks.c **** 		the same except for their return type.  Using configSTACK_DEPTH_TYPE
3832:Middlewares/Third_Party/FreeRTOS/Source/tasks.c **** 		allows the user to determine the return type.  It gets around the
3833:Middlewares/Third_Party/FreeRTOS/Source/tasks.c **** 		problem of the value overflowing on 8-bit types without breaking
3834:Middlewares/Third_Party/FreeRTOS/Source/tasks.c **** 		backward compatibility for applications that expect an 8-bit return
3835:Middlewares/Third_Party/FreeRTOS/Source/tasks.c **** 		type. */
3836:Middlewares/Third_Party/FreeRTOS/Source/tasks.c **** 
3837:Middlewares/Third_Party/FreeRTOS/Source/tasks.c **** 		pxTCB = prvGetTCBFromHandle( xTask );
3838:Middlewares/Third_Party/FreeRTOS/Source/tasks.c **** 
3839:Middlewares/Third_Party/FreeRTOS/Source/tasks.c **** 		#if portSTACK_GROWTH < 0
3840:Middlewares/Third_Party/FreeRTOS/Source/tasks.c **** 		{
3841:Middlewares/Third_Party/FreeRTOS/Source/tasks.c **** 			pucEndOfStack = ( uint8_t * ) pxTCB->pxStack;
3842:Middlewares/Third_Party/FreeRTOS/Source/tasks.c **** 		}
3843:Middlewares/Third_Party/FreeRTOS/Source/tasks.c **** 		#else
ARM GAS  /tmp/ccV8B7BA.s 			page 75


3844:Middlewares/Third_Party/FreeRTOS/Source/tasks.c **** 		{
3845:Middlewares/Third_Party/FreeRTOS/Source/tasks.c **** 			pucEndOfStack = ( uint8_t * ) pxTCB->pxEndOfStack;
3846:Middlewares/Third_Party/FreeRTOS/Source/tasks.c **** 		}
3847:Middlewares/Third_Party/FreeRTOS/Source/tasks.c **** 		#endif
3848:Middlewares/Third_Party/FreeRTOS/Source/tasks.c **** 
3849:Middlewares/Third_Party/FreeRTOS/Source/tasks.c **** 		uxReturn = prvTaskCheckFreeStackSpace( pucEndOfStack );
3850:Middlewares/Third_Party/FreeRTOS/Source/tasks.c **** 
3851:Middlewares/Third_Party/FreeRTOS/Source/tasks.c **** 		return uxReturn;
3852:Middlewares/Third_Party/FreeRTOS/Source/tasks.c **** 	}
3853:Middlewares/Third_Party/FreeRTOS/Source/tasks.c **** 
3854:Middlewares/Third_Party/FreeRTOS/Source/tasks.c **** #endif /* INCLUDE_uxTaskGetStackHighWaterMark2 */
3855:Middlewares/Third_Party/FreeRTOS/Source/tasks.c **** /*-----------------------------------------------------------*/
3856:Middlewares/Third_Party/FreeRTOS/Source/tasks.c **** 
3857:Middlewares/Third_Party/FreeRTOS/Source/tasks.c **** #if ( INCLUDE_uxTaskGetStackHighWaterMark == 1 )
3858:Middlewares/Third_Party/FreeRTOS/Source/tasks.c **** 
3859:Middlewares/Third_Party/FreeRTOS/Source/tasks.c **** 	UBaseType_t uxTaskGetStackHighWaterMark( TaskHandle_t xTask )
3860:Middlewares/Third_Party/FreeRTOS/Source/tasks.c **** 	{
3861:Middlewares/Third_Party/FreeRTOS/Source/tasks.c **** 	TCB_t *pxTCB;
3862:Middlewares/Third_Party/FreeRTOS/Source/tasks.c **** 	uint8_t *pucEndOfStack;
3863:Middlewares/Third_Party/FreeRTOS/Source/tasks.c **** 	UBaseType_t uxReturn;
3864:Middlewares/Third_Party/FreeRTOS/Source/tasks.c **** 
3865:Middlewares/Third_Party/FreeRTOS/Source/tasks.c **** 		pxTCB = prvGetTCBFromHandle( xTask );
3866:Middlewares/Third_Party/FreeRTOS/Source/tasks.c **** 
3867:Middlewares/Third_Party/FreeRTOS/Source/tasks.c **** 		#if portSTACK_GROWTH < 0
3868:Middlewares/Third_Party/FreeRTOS/Source/tasks.c **** 		{
3869:Middlewares/Third_Party/FreeRTOS/Source/tasks.c **** 			pucEndOfStack = ( uint8_t * ) pxTCB->pxStack;
3870:Middlewares/Third_Party/FreeRTOS/Source/tasks.c **** 		}
3871:Middlewares/Third_Party/FreeRTOS/Source/tasks.c **** 		#else
3872:Middlewares/Third_Party/FreeRTOS/Source/tasks.c **** 		{
3873:Middlewares/Third_Party/FreeRTOS/Source/tasks.c **** 			pucEndOfStack = ( uint8_t * ) pxTCB->pxEndOfStack;
3874:Middlewares/Third_Party/FreeRTOS/Source/tasks.c **** 		}
3875:Middlewares/Third_Party/FreeRTOS/Source/tasks.c **** 		#endif
3876:Middlewares/Third_Party/FreeRTOS/Source/tasks.c **** 
3877:Middlewares/Third_Party/FreeRTOS/Source/tasks.c **** 		uxReturn = ( UBaseType_t ) prvTaskCheckFreeStackSpace( pucEndOfStack );
3878:Middlewares/Third_Party/FreeRTOS/Source/tasks.c **** 
3879:Middlewares/Third_Party/FreeRTOS/Source/tasks.c **** 		return uxReturn;
3880:Middlewares/Third_Party/FreeRTOS/Source/tasks.c **** 	}
3881:Middlewares/Third_Party/FreeRTOS/Source/tasks.c **** 
3882:Middlewares/Third_Party/FreeRTOS/Source/tasks.c **** #endif /* INCLUDE_uxTaskGetStackHighWaterMark */
3883:Middlewares/Third_Party/FreeRTOS/Source/tasks.c **** /*-----------------------------------------------------------*/
3884:Middlewares/Third_Party/FreeRTOS/Source/tasks.c **** 
3885:Middlewares/Third_Party/FreeRTOS/Source/tasks.c **** #if ( INCLUDE_vTaskDelete == 1 )
3886:Middlewares/Third_Party/FreeRTOS/Source/tasks.c **** 
3887:Middlewares/Third_Party/FreeRTOS/Source/tasks.c **** 	static void prvDeleteTCB( TCB_t *pxTCB )
3888:Middlewares/Third_Party/FreeRTOS/Source/tasks.c **** 	{
3889:Middlewares/Third_Party/FreeRTOS/Source/tasks.c **** 		/* This call is required specifically for the TriCore port.  It must be
3890:Middlewares/Third_Party/FreeRTOS/Source/tasks.c **** 		above the vPortFree() calls.  The call is also used by ports/demos that
3891:Middlewares/Third_Party/FreeRTOS/Source/tasks.c **** 		want to allocate and clean RAM statically. */
3892:Middlewares/Third_Party/FreeRTOS/Source/tasks.c **** 		portCLEAN_UP_TCB( pxTCB );
3893:Middlewares/Third_Party/FreeRTOS/Source/tasks.c **** 
3894:Middlewares/Third_Party/FreeRTOS/Source/tasks.c **** 		/* Free up the memory allocated by the scheduler for the task.  It is up
3895:Middlewares/Third_Party/FreeRTOS/Source/tasks.c **** 		to the task to free any memory allocated at the application level.
3896:Middlewares/Third_Party/FreeRTOS/Source/tasks.c **** 		See the third party link http://www.nadler.com/embedded/newlibAndFreeRTOS.html
3897:Middlewares/Third_Party/FreeRTOS/Source/tasks.c **** 		for additional information. */
3898:Middlewares/Third_Party/FreeRTOS/Source/tasks.c **** 		#if ( configUSE_NEWLIB_REENTRANT == 1 )
3899:Middlewares/Third_Party/FreeRTOS/Source/tasks.c **** 		{
3900:Middlewares/Third_Party/FreeRTOS/Source/tasks.c **** 			_reclaim_reent( &( pxTCB->xNewLib_reent ) );
ARM GAS  /tmp/ccV8B7BA.s 			page 76


3901:Middlewares/Third_Party/FreeRTOS/Source/tasks.c **** 		}
3902:Middlewares/Third_Party/FreeRTOS/Source/tasks.c **** 		#endif /* configUSE_NEWLIB_REENTRANT */
3903:Middlewares/Third_Party/FreeRTOS/Source/tasks.c **** 
3904:Middlewares/Third_Party/FreeRTOS/Source/tasks.c **** 		#if( ( configSUPPORT_DYNAMIC_ALLOCATION == 1 ) && ( configSUPPORT_STATIC_ALLOCATION == 0 ) && ( p
3905:Middlewares/Third_Party/FreeRTOS/Source/tasks.c **** 		{
3906:Middlewares/Third_Party/FreeRTOS/Source/tasks.c **** 			/* The task can only have been allocated dynamically - free both
3907:Middlewares/Third_Party/FreeRTOS/Source/tasks.c **** 			the stack and TCB. */
3908:Middlewares/Third_Party/FreeRTOS/Source/tasks.c **** 			vPortFree( pxTCB->pxStack );
3909:Middlewares/Third_Party/FreeRTOS/Source/tasks.c **** 			vPortFree( pxTCB );
3910:Middlewares/Third_Party/FreeRTOS/Source/tasks.c **** 		}
3911:Middlewares/Third_Party/FreeRTOS/Source/tasks.c **** 		#elif( tskSTATIC_AND_DYNAMIC_ALLOCATION_POSSIBLE != 0 ) /*lint !e731 !e9029 Macro has been consol
3912:Middlewares/Third_Party/FreeRTOS/Source/tasks.c **** 		{
3913:Middlewares/Third_Party/FreeRTOS/Source/tasks.c **** 			/* The task could have been allocated statically or dynamically, so
3914:Middlewares/Third_Party/FreeRTOS/Source/tasks.c **** 			check what was statically allocated before trying to free the
3915:Middlewares/Third_Party/FreeRTOS/Source/tasks.c **** 			memory. */
3916:Middlewares/Third_Party/FreeRTOS/Source/tasks.c **** 			if( pxTCB->ucStaticallyAllocated == tskDYNAMICALLY_ALLOCATED_STACK_AND_TCB )
3917:Middlewares/Third_Party/FreeRTOS/Source/tasks.c **** 			{
3918:Middlewares/Third_Party/FreeRTOS/Source/tasks.c **** 				/* Both the stack and TCB were allocated dynamically, so both
3919:Middlewares/Third_Party/FreeRTOS/Source/tasks.c **** 				must be freed. */
3920:Middlewares/Third_Party/FreeRTOS/Source/tasks.c **** 				vPortFree( pxTCB->pxStack );
3921:Middlewares/Third_Party/FreeRTOS/Source/tasks.c **** 				vPortFree( pxTCB );
3922:Middlewares/Third_Party/FreeRTOS/Source/tasks.c **** 			}
3923:Middlewares/Third_Party/FreeRTOS/Source/tasks.c **** 			else if( pxTCB->ucStaticallyAllocated == tskSTATICALLY_ALLOCATED_STACK_ONLY )
3924:Middlewares/Third_Party/FreeRTOS/Source/tasks.c **** 			{
3925:Middlewares/Third_Party/FreeRTOS/Source/tasks.c **** 				/* Only the stack was statically allocated, so the TCB is the
3926:Middlewares/Third_Party/FreeRTOS/Source/tasks.c **** 				only memory that must be freed. */
3927:Middlewares/Third_Party/FreeRTOS/Source/tasks.c **** 				vPortFree( pxTCB );
3928:Middlewares/Third_Party/FreeRTOS/Source/tasks.c **** 			}
3929:Middlewares/Third_Party/FreeRTOS/Source/tasks.c **** 			else
3930:Middlewares/Third_Party/FreeRTOS/Source/tasks.c **** 			{
3931:Middlewares/Third_Party/FreeRTOS/Source/tasks.c **** 				/* Neither the stack nor the TCB were allocated dynamically, so
3932:Middlewares/Third_Party/FreeRTOS/Source/tasks.c **** 				nothing needs to be freed. */
3933:Middlewares/Third_Party/FreeRTOS/Source/tasks.c **** 				configASSERT( pxTCB->ucStaticallyAllocated == tskSTATICALLY_ALLOCATED_STACK_AND_TCB	);
3934:Middlewares/Third_Party/FreeRTOS/Source/tasks.c **** 				mtCOVERAGE_TEST_MARKER();
3935:Middlewares/Third_Party/FreeRTOS/Source/tasks.c **** 			}
3936:Middlewares/Third_Party/FreeRTOS/Source/tasks.c **** 		}
3937:Middlewares/Third_Party/FreeRTOS/Source/tasks.c **** 		#endif /* configSUPPORT_DYNAMIC_ALLOCATION */
3938:Middlewares/Third_Party/FreeRTOS/Source/tasks.c **** 	}
3939:Middlewares/Third_Party/FreeRTOS/Source/tasks.c **** 
3940:Middlewares/Third_Party/FreeRTOS/Source/tasks.c **** #endif /* INCLUDE_vTaskDelete */
3941:Middlewares/Third_Party/FreeRTOS/Source/tasks.c **** /*-----------------------------------------------------------*/
3942:Middlewares/Third_Party/FreeRTOS/Source/tasks.c **** 
3943:Middlewares/Third_Party/FreeRTOS/Source/tasks.c **** static void prvResetNextTaskUnblockTime( void )
3944:Middlewares/Third_Party/FreeRTOS/Source/tasks.c **** {
 171              		.loc 1 3944 1 is_stmt 1 view -0
 172              		.cfi_startproc
 173              		@ args = 0, pretend = 0, frame = 0
 174              		@ frame_needed = 0, uses_anonymous_args = 0
 175              		@ link register save eliminated.
3945:Middlewares/Third_Party/FreeRTOS/Source/tasks.c **** TCB_t *pxTCB;
 176              		.loc 1 3945 1 view .LVU46
3946:Middlewares/Third_Party/FreeRTOS/Source/tasks.c **** 
3947:Middlewares/Third_Party/FreeRTOS/Source/tasks.c **** 	if( listLIST_IS_EMPTY( pxDelayedTaskList ) != pdFALSE )
 177              		.loc 1 3947 2 view .LVU47
 178              		.loc 1 3947 6 is_stmt 0 view .LVU48
 179 0000 084B     		ldr	r3, .L18
 180 0002 1B68     		ldr	r3, [r3]
ARM GAS  /tmp/ccV8B7BA.s 			page 77


 181 0004 1B68     		ldr	r3, [r3]
 182              		.loc 1 3947 4 view .LVU49
 183 0006 23B9     		cbnz	r3, .L16
3948:Middlewares/Third_Party/FreeRTOS/Source/tasks.c **** 	{
3949:Middlewares/Third_Party/FreeRTOS/Source/tasks.c **** 		/* The new current delayed list is empty.  Set xNextTaskUnblockTime to
3950:Middlewares/Third_Party/FreeRTOS/Source/tasks.c **** 		the maximum possible value so it is	extremely unlikely that the
3951:Middlewares/Third_Party/FreeRTOS/Source/tasks.c **** 		if( xTickCount >= xNextTaskUnblockTime ) test will pass until
3952:Middlewares/Third_Party/FreeRTOS/Source/tasks.c **** 		there is an item in the delayed list. */
3953:Middlewares/Third_Party/FreeRTOS/Source/tasks.c **** 		xNextTaskUnblockTime = portMAX_DELAY;
 184              		.loc 1 3953 3 is_stmt 1 view .LVU50
 185              		.loc 1 3953 24 is_stmt 0 view .LVU51
 186 0008 074B     		ldr	r3, .L18+4
 187 000a 4FF0FF32 		mov	r2, #-1
 188 000e 1A60     		str	r2, [r3]
 189 0010 7047     		bx	lr
 190              	.L16:
3954:Middlewares/Third_Party/FreeRTOS/Source/tasks.c **** 	}
3955:Middlewares/Third_Party/FreeRTOS/Source/tasks.c **** 	else
3956:Middlewares/Third_Party/FreeRTOS/Source/tasks.c **** 	{
3957:Middlewares/Third_Party/FreeRTOS/Source/tasks.c **** 		/* The new current delayed list is not empty, get the value of
3958:Middlewares/Third_Party/FreeRTOS/Source/tasks.c **** 		the item at the head of the delayed list.  This is the time at
3959:Middlewares/Third_Party/FreeRTOS/Source/tasks.c **** 		which the task at the head of the delayed list should be removed
3960:Middlewares/Third_Party/FreeRTOS/Source/tasks.c **** 		from the Blocked state. */
3961:Middlewares/Third_Party/FreeRTOS/Source/tasks.c **** 		( pxTCB ) = listGET_OWNER_OF_HEAD_ENTRY( pxDelayedTaskList ); /*lint !e9079 void * is used as thi
 191              		.loc 1 3961 3 is_stmt 1 view .LVU52
 192              		.loc 1 3961 15 is_stmt 0 view .LVU53
 193 0012 044B     		ldr	r3, .L18
 194 0014 1B68     		ldr	r3, [r3]
 195 0016 DB68     		ldr	r3, [r3, #12]
 196              		.loc 1 3961 13 view .LVU54
 197 0018 DB68     		ldr	r3, [r3, #12]
 198              	.LVL14:
3962:Middlewares/Third_Party/FreeRTOS/Source/tasks.c **** 		xNextTaskUnblockTime = listGET_LIST_ITEM_VALUE( &( ( pxTCB )->xStateListItem ) );
 199              		.loc 1 3962 3 is_stmt 1 view .LVU55
 200              		.loc 1 3962 26 is_stmt 0 view .LVU56
 201 001a 5A68     		ldr	r2, [r3, #4]
 202              		.loc 1 3962 24 view .LVU57
 203 001c 024B     		ldr	r3, .L18+4
 204              	.LVL15:
 205              		.loc 1 3962 24 view .LVU58
 206 001e 1A60     		str	r2, [r3]
3963:Middlewares/Third_Party/FreeRTOS/Source/tasks.c **** 	}
3964:Middlewares/Third_Party/FreeRTOS/Source/tasks.c **** }
 207              		.loc 1 3964 1 view .LVU59
 208 0020 7047     		bx	lr
 209              	.L19:
 210 0022 00BF     		.align	2
 211              	.L18:
 212 0024 00000000 		.word	pxDelayedTaskList
 213 0028 00000000 		.word	xNextTaskUnblockTime
 214              		.cfi_endproc
 215              	.LFE50:
 217              		.section	.text.prvInitialiseNewTask,"ax",%progbits
 218              		.align	1
 219              		.syntax unified
 220              		.thumb
 221              		.thumb_func
ARM GAS  /tmp/ccV8B7BA.s 			page 78


 223              	prvInitialiseNewTask:
 224              	.LVL16:
 225              	.LFB6:
 832:Middlewares/Third_Party/FreeRTOS/Source/tasks.c **** StackType_t *pxTopOfStack;
 226              		.loc 1 832 1 is_stmt 1 view -0
 227              		.cfi_startproc
 228              		@ args = 16, pretend = 0, frame = 0
 229              		@ frame_needed = 0, uses_anonymous_args = 0
 832:Middlewares/Third_Party/FreeRTOS/Source/tasks.c **** StackType_t *pxTopOfStack;
 230              		.loc 1 832 1 is_stmt 0 view .LVU61
 231 0000 2DE9F047 		push	{r4, r5, r6, r7, r8, r9, r10, lr}
 232              	.LCFI0:
 233              		.cfi_def_cfa_offset 32
 234              		.cfi_offset 4, -32
 235              		.cfi_offset 5, -28
 236              		.cfi_offset 6, -24
 237              		.cfi_offset 7, -20
 238              		.cfi_offset 8, -16
 239              		.cfi_offset 9, -12
 240              		.cfi_offset 10, -8
 241              		.cfi_offset 14, -4
 242 0004 8046     		mov	r8, r0
 243 0006 0D46     		mov	r5, r1
 244 0008 1746     		mov	r7, r2
 245 000a 9946     		mov	r9, r3
 246 000c 089E     		ldr	r6, [sp, #32]
 247 000e DDF824A0 		ldr	r10, [sp, #36]
 248 0012 0A9C     		ldr	r4, [sp, #40]
 833:Middlewares/Third_Party/FreeRTOS/Source/tasks.c **** UBaseType_t x;
 249              		.loc 1 833 1 is_stmt 1 view .LVU62
 834:Middlewares/Third_Party/FreeRTOS/Source/tasks.c **** 
 250              		.loc 1 834 1 view .LVU63
 854:Middlewares/Third_Party/FreeRTOS/Source/tasks.c **** 	}
 251              		.loc 1 854 3 view .LVU64
 854:Middlewares/Third_Party/FreeRTOS/Source/tasks.c **** 	}
 252              		.loc 1 854 12 is_stmt 0 view .LVU65
 253 0014 9200     		lsls	r2, r2, #2
 254              	.LVL17:
 854:Middlewares/Third_Party/FreeRTOS/Source/tasks.c **** 	}
 255              		.loc 1 854 12 view .LVU66
 256 0016 A521     		movs	r1, #165
 257              	.LVL18:
 854:Middlewares/Third_Party/FreeRTOS/Source/tasks.c **** 	}
 258              		.loc 1 854 12 view .LVU67
 259 0018 206B     		ldr	r0, [r4, #48]
 260              	.LVL19:
 854:Middlewares/Third_Party/FreeRTOS/Source/tasks.c **** 	}
 261              		.loc 1 854 12 view .LVU68
 262 001a FFF7FEFF 		bl	memset
 263              	.LVL20:
 864:Middlewares/Third_Party/FreeRTOS/Source/tasks.c **** 		pxTopOfStack = ( StackType_t * ) ( ( ( portPOINTER_SIZE_TYPE ) pxTopOfStack ) & ( ~( ( portPOINTE
 264              		.loc 1 864 3 is_stmt 1 view .LVU69
 864:Middlewares/Third_Party/FreeRTOS/Source/tasks.c **** 		pxTopOfStack = ( StackType_t * ) ( ( ( portPOINTER_SIZE_TYPE ) pxTopOfStack ) & ( ~( ( portPOINTE
 265              		.loc 1 864 29 is_stmt 0 view .LVU70
 266 001e 236B     		ldr	r3, [r4, #48]
 864:Middlewares/Third_Party/FreeRTOS/Source/tasks.c **** 		pxTopOfStack = ( StackType_t * ) ( ( ( portPOINTER_SIZE_TYPE ) pxTopOfStack ) & ( ~( ( portPOINTE
 267              		.loc 1 864 38 view .LVU71
ARM GAS  /tmp/ccV8B7BA.s 			page 79


 268 0020 07F18042 		add	r2, r7, #1073741824
 269 0024 013A     		subs	r2, r2, #1
 864:Middlewares/Third_Party/FreeRTOS/Source/tasks.c **** 		pxTopOfStack = ( StackType_t * ) ( ( ( portPOINTER_SIZE_TYPE ) pxTopOfStack ) & ( ~( ( portPOINTE
 270              		.loc 1 864 16 view .LVU72
 271 0026 03EB8207 		add	r7, r3, r2, lsl #2
 272              	.LVL21:
 865:Middlewares/Third_Party/FreeRTOS/Source/tasks.c **** 
 273              		.loc 1 865 3 is_stmt 1 view .LVU73
 865:Middlewares/Third_Party/FreeRTOS/Source/tasks.c **** 
 274              		.loc 1 865 81 is_stmt 0 view .LVU74
 275 002a 27F00707 		bic	r7, r7, #7
 276              	.LVL22:
 868:Middlewares/Third_Party/FreeRTOS/Source/tasks.c **** 
 277              		.loc 1 868 3 is_stmt 1 view .LVU75
 868:Middlewares/Third_Party/FreeRTOS/Source/tasks.c **** 
 278              		.loc 1 868 124 discriminator 2 view .LVU76
 892:Middlewares/Third_Party/FreeRTOS/Source/tasks.c **** 	{
 279              		.loc 1 892 2 view .LVU77
 892:Middlewares/Third_Party/FreeRTOS/Source/tasks.c **** 	{
 280              		.loc 1 892 4 is_stmt 0 view .LVU78
 281 002e A5B3     		cbz	r5, .L32
 894:Middlewares/Third_Party/FreeRTOS/Source/tasks.c **** 		{
 282              		.loc 1 894 10 view .LVU79
 283 0030 4FF0000C 		mov	ip, #0
 284              	.LVL23:
 285              	.L21:
 894:Middlewares/Third_Party/FreeRTOS/Source/tasks.c **** 		{
 286              		.loc 1 894 33 is_stmt 1 discriminator 1 view .LVU80
 287 0034 BCF10F0F 		cmp	ip, #15
 288 0038 09D8     		bhi	.L23
 896:Middlewares/Third_Party/FreeRTOS/Source/tasks.c **** 
 289              		.loc 1 896 4 view .LVU81
 896:Middlewares/Third_Party/FreeRTOS/Source/tasks.c **** 
 290              		.loc 1 896 38 is_stmt 0 view .LVU82
 291 003a 15F80C30 		ldrb	r3, [r5, ip]	@ zero_extendqisi2
 896:Middlewares/Third_Party/FreeRTOS/Source/tasks.c **** 
 292              		.loc 1 896 30 view .LVU83
 293 003e 04EB0C02 		add	r2, r4, ip
 294 0042 82F83430 		strb	r3, [r2, #52]
 901:Middlewares/Third_Party/FreeRTOS/Source/tasks.c **** 			{
 295              		.loc 1 901 4 is_stmt 1 view .LVU84
 901:Middlewares/Third_Party/FreeRTOS/Source/tasks.c **** 			{
 296              		.loc 1 901 6 is_stmt 0 view .LVU85
 297 0046 13B1     		cbz	r3, .L23
 907:Middlewares/Third_Party/FreeRTOS/Source/tasks.c **** 			}
 298              		.loc 1 907 29 is_stmt 1 view .LVU86
 894:Middlewares/Third_Party/FreeRTOS/Source/tasks.c **** 		{
 299              		.loc 1 894 77 discriminator 2 view .LVU87
 300 0048 0CF1010C 		add	ip, ip, #1
 301              	.LVL24:
 894:Middlewares/Third_Party/FreeRTOS/Source/tasks.c **** 		{
 302              		.loc 1 894 77 is_stmt 0 discriminator 2 view .LVU88
 303 004c F2E7     		b	.L21
 304              	.L23:
 913:Middlewares/Third_Party/FreeRTOS/Source/tasks.c **** 	}
 305              		.loc 1 913 3 is_stmt 1 view .LVU89
 913:Middlewares/Third_Party/FreeRTOS/Source/tasks.c **** 	}
ARM GAS  /tmp/ccV8B7BA.s 			page 80


 306              		.loc 1 913 55 is_stmt 0 view .LVU90
 307 004e 0023     		movs	r3, #0
 308 0050 84F84330 		strb	r3, [r4, #67]
 309              	.LVL25:
 310              	.L25:
 924:Middlewares/Third_Party/FreeRTOS/Source/tasks.c **** 	{
 311              		.loc 1 924 2 is_stmt 1 view .LVU91
 924:Middlewares/Third_Party/FreeRTOS/Source/tasks.c **** 	{
 312              		.loc 1 924 4 is_stmt 0 view .LVU92
 313 0054 372E     		cmp	r6, #55
 314 0056 00D9     		bls	.L26
 926:Middlewares/Third_Party/FreeRTOS/Source/tasks.c **** 	}
 315              		.loc 1 926 14 view .LVU93
 316 0058 3726     		movs	r6, #55
 317              	.L26:
 318              	.LVL26:
 930:Middlewares/Third_Party/FreeRTOS/Source/tasks.c **** 	}
 319              		.loc 1 930 27 is_stmt 1 view .LVU94
 933:Middlewares/Third_Party/FreeRTOS/Source/tasks.c **** 	#if ( configUSE_MUTEXES == 1 )
 320              		.loc 1 933 2 view .LVU95
 933:Middlewares/Third_Party/FreeRTOS/Source/tasks.c **** 	#if ( configUSE_MUTEXES == 1 )
 321              		.loc 1 933 23 is_stmt 0 view .LVU96
 322 005a E662     		str	r6, [r4, #44]
 936:Middlewares/Third_Party/FreeRTOS/Source/tasks.c **** 		pxNewTCB->uxMutexesHeld = 0;
 323              		.loc 1 936 3 is_stmt 1 view .LVU97
 936:Middlewares/Third_Party/FreeRTOS/Source/tasks.c **** 		pxNewTCB->uxMutexesHeld = 0;
 324              		.loc 1 936 28 is_stmt 0 view .LVU98
 325 005c E664     		str	r6, [r4, #76]
 937:Middlewares/Third_Party/FreeRTOS/Source/tasks.c **** 	}
 326              		.loc 1 937 3 is_stmt 1 view .LVU99
 937:Middlewares/Third_Party/FreeRTOS/Source/tasks.c **** 	}
 327              		.loc 1 937 27 is_stmt 0 view .LVU100
 328 005e 0025     		movs	r5, #0
 329              	.LVL27:
 937:Middlewares/Third_Party/FreeRTOS/Source/tasks.c **** 	}
 330              		.loc 1 937 27 view .LVU101
 331 0060 2565     		str	r5, [r4, #80]
 941:Middlewares/Third_Party/FreeRTOS/Source/tasks.c **** 	vListInitialiseItem( &( pxNewTCB->xEventListItem ) );
 332              		.loc 1 941 2 is_stmt 1 view .LVU102
 333 0062 201D     		adds	r0, r4, #4
 334 0064 FFF7FEFF 		bl	vListInitialiseItem
 335              	.LVL28:
 942:Middlewares/Third_Party/FreeRTOS/Source/tasks.c **** 
 336              		.loc 1 942 2 view .LVU103
 337 0068 04F11800 		add	r0, r4, #24
 338 006c FFF7FEFF 		bl	vListInitialiseItem
 339              	.LVL29:
 946:Middlewares/Third_Party/FreeRTOS/Source/tasks.c **** 
 340              		.loc 1 946 2 view .LVU104
 341 0070 2461     		str	r4, [r4, #16]
 949:Middlewares/Third_Party/FreeRTOS/Source/tasks.c **** 	listSET_LIST_ITEM_OWNER( &( pxNewTCB->xEventListItem ), pxNewTCB );
 342              		.loc 1 949 2 view .LVU105
 343 0072 C6F13806 		rsb	r6, r6, #56
 344              	.LVL30:
 949:Middlewares/Third_Party/FreeRTOS/Source/tasks.c **** 	listSET_LIST_ITEM_OWNER( &( pxNewTCB->xEventListItem ), pxNewTCB );
 345              		.loc 1 949 2 is_stmt 0 view .LVU106
 346 0076 A661     		str	r6, [r4, #24]
ARM GAS  /tmp/ccV8B7BA.s 			page 81


 950:Middlewares/Third_Party/FreeRTOS/Source/tasks.c **** 
 347              		.loc 1 950 2 is_stmt 1 view .LVU107
 348 0078 6462     		str	r4, [r4, #36]
 977:Middlewares/Third_Party/FreeRTOS/Source/tasks.c **** 	}
 349              		.loc 1 977 3 view .LVU108
 992:Middlewares/Third_Party/FreeRTOS/Source/tasks.c **** 		pxNewTCB->ucNotifyState = taskNOT_WAITING_NOTIFICATION;
 350              		.loc 1 992 3 view .LVU109
 992:Middlewares/Third_Party/FreeRTOS/Source/tasks.c **** 		pxNewTCB->ucNotifyState = taskNOT_WAITING_NOTIFICATION;
 351              		.loc 1 992 29 is_stmt 0 view .LVU110
 352 007a 6565     		str	r5, [r4, #84]
 993:Middlewares/Third_Party/FreeRTOS/Source/tasks.c **** 	}
 353              		.loc 1 993 3 is_stmt 1 view .LVU111
 993:Middlewares/Third_Party/FreeRTOS/Source/tasks.c **** 	}
 354              		.loc 1 993 27 is_stmt 0 view .LVU112
 355 007c 84F85850 		strb	r5, [r4, #88]
1058:Middlewares/Third_Party/FreeRTOS/Source/tasks.c **** 		}
 356              		.loc 1 1058 4 is_stmt 1 view .LVU113
1058:Middlewares/Third_Party/FreeRTOS/Source/tasks.c **** 		}
 357              		.loc 1 1058 29 is_stmt 0 view .LVU114
 358 0080 4A46     		mov	r2, r9
 359 0082 4146     		mov	r1, r8
 360 0084 3846     		mov	r0, r7
 361 0086 FFF7FEFF 		bl	pxPortInitialiseStack
 362              	.LVL31:
1058:Middlewares/Third_Party/FreeRTOS/Source/tasks.c **** 		}
 363              		.loc 1 1058 27 discriminator 1 view .LVU115
 364 008a 2060     		str	r0, [r4]
1064:Middlewares/Third_Party/FreeRTOS/Source/tasks.c **** 	{
 365              		.loc 1 1064 2 is_stmt 1 view .LVU116
1064:Middlewares/Third_Party/FreeRTOS/Source/tasks.c **** 	{
 366              		.loc 1 1064 4 is_stmt 0 view .LVU117
 367 008c BAF1000F 		cmp	r10, #0
 368 0090 01D0     		beq	.L20
1068:Middlewares/Third_Party/FreeRTOS/Source/tasks.c **** 	}
 369              		.loc 1 1068 3 is_stmt 1 view .LVU118
1068:Middlewares/Third_Party/FreeRTOS/Source/tasks.c **** 	}
 370              		.loc 1 1068 18 is_stmt 0 view .LVU119
 371 0092 CAF80040 		str	r4, [r10]
1072:Middlewares/Third_Party/FreeRTOS/Source/tasks.c **** 	}
 372              		.loc 1 1072 27 is_stmt 1 view .LVU120
 373              	.L20:
1074:Middlewares/Third_Party/FreeRTOS/Source/tasks.c **** /*-----------------------------------------------------------*/
 374              		.loc 1 1074 1 is_stmt 0 view .LVU121
 375 0096 BDE8F087 		pop	{r4, r5, r6, r7, r8, r9, r10, pc}
 376              	.LVL32:
 377              	.L32:
 919:Middlewares/Third_Party/FreeRTOS/Source/tasks.c **** 	}
 378              		.loc 1 919 3 is_stmt 1 view .LVU122
 919:Middlewares/Third_Party/FreeRTOS/Source/tasks.c **** 	}
 379              		.loc 1 919 29 is_stmt 0 view .LVU123
 380 009a 0023     		movs	r3, #0
 381 009c 84F83430 		strb	r3, [r4, #52]
 382 00a0 D8E7     		b	.L25
 383              		.cfi_endproc
 384              	.LFE6:
 386              		.section	.text.prvInitialiseTaskLists,"ax",%progbits
 387              		.align	1
ARM GAS  /tmp/ccV8B7BA.s 			page 82


 388              		.syntax unified
 389              		.thumb
 390              		.thumb_func
 392              	prvInitialiseTaskLists:
 393              	.LFB43:
3608:Middlewares/Third_Party/FreeRTOS/Source/tasks.c **** UBaseType_t uxPriority;
 394              		.loc 1 3608 1 is_stmt 1 view -0
 395              		.cfi_startproc
 396              		@ args = 0, pretend = 0, frame = 0
 397              		@ frame_needed = 0, uses_anonymous_args = 0
 398 0000 38B5     		push	{r3, r4, r5, lr}
 399              	.LCFI1:
 400              		.cfi_def_cfa_offset 16
 401              		.cfi_offset 3, -16
 402              		.cfi_offset 4, -12
 403              		.cfi_offset 5, -8
 404              		.cfi_offset 14, -4
3609:Middlewares/Third_Party/FreeRTOS/Source/tasks.c **** 
 405              		.loc 1 3609 1 view .LVU125
3611:Middlewares/Third_Party/FreeRTOS/Source/tasks.c **** 	{
 406              		.loc 1 3611 2 view .LVU126
 407              	.LVL33:
3611:Middlewares/Third_Party/FreeRTOS/Source/tasks.c **** 	{
 408              		.loc 1 3611 18 is_stmt 0 view .LVU127
 409 0002 0024     		movs	r4, #0
3611:Middlewares/Third_Party/FreeRTOS/Source/tasks.c **** 	{
 410              		.loc 1 3611 2 view .LVU128
 411 0004 07E0     		b	.L34
 412              	.LVL34:
 413              	.L35:
3613:Middlewares/Third_Party/FreeRTOS/Source/tasks.c **** 	}
 414              		.loc 1 3613 3 is_stmt 1 view .LVU129
 415 0006 04EB8402 		add	r2, r4, r4, lsl #2
 416 000a 9300     		lsls	r3, r2, #2
 417 000c 0E48     		ldr	r0, .L37
 418 000e 1844     		add	r0, r0, r3
 419 0010 FFF7FEFF 		bl	vListInitialise
 420              	.LVL35:
3611:Middlewares/Third_Party/FreeRTOS/Source/tasks.c **** 	{
 421              		.loc 1 3611 101 discriminator 3 view .LVU130
 422 0014 0134     		adds	r4, r4, #1
 423              	.LVL36:
 424              	.L34:
3611:Middlewares/Third_Party/FreeRTOS/Source/tasks.c **** 	{
 425              		.loc 1 3611 51 discriminator 1 view .LVU131
 426 0016 372C     		cmp	r4, #55
 427 0018 F5D9     		bls	.L35
3616:Middlewares/Third_Party/FreeRTOS/Source/tasks.c **** 	vListInitialise( &xDelayedTaskList2 );
 428              		.loc 1 3616 2 view .LVU132
 429 001a 0C4D     		ldr	r5, .L37+4
 430 001c 2846     		mov	r0, r5
 431 001e FFF7FEFF 		bl	vListInitialise
 432              	.LVL37:
3617:Middlewares/Third_Party/FreeRTOS/Source/tasks.c **** 	vListInitialise( &xPendingReadyList );
 433              		.loc 1 3617 2 view .LVU133
 434 0022 0B4C     		ldr	r4, .L37+8
 435              	.LVL38:
ARM GAS  /tmp/ccV8B7BA.s 			page 83


3617:Middlewares/Third_Party/FreeRTOS/Source/tasks.c **** 	vListInitialise( &xPendingReadyList );
 436              		.loc 1 3617 2 is_stmt 0 view .LVU134
 437 0024 2046     		mov	r0, r4
 438 0026 FFF7FEFF 		bl	vListInitialise
 439              	.LVL39:
3618:Middlewares/Third_Party/FreeRTOS/Source/tasks.c **** 
 440              		.loc 1 3618 2 is_stmt 1 view .LVU135
 441 002a 0A48     		ldr	r0, .L37+12
 442 002c FFF7FEFF 		bl	vListInitialise
 443              	.LVL40:
3622:Middlewares/Third_Party/FreeRTOS/Source/tasks.c **** 	}
 444              		.loc 1 3622 3 view .LVU136
 445 0030 0948     		ldr	r0, .L37+16
 446 0032 FFF7FEFF 		bl	vListInitialise
 447              	.LVL41:
3628:Middlewares/Third_Party/FreeRTOS/Source/tasks.c **** 	}
 448              		.loc 1 3628 3 view .LVU137
 449 0036 0948     		ldr	r0, .L37+20
 450 0038 FFF7FEFF 		bl	vListInitialise
 451              	.LVL42:
3634:Middlewares/Third_Party/FreeRTOS/Source/tasks.c **** 	pxOverflowDelayedTaskList = &xDelayedTaskList2;
 452              		.loc 1 3634 2 view .LVU138
3634:Middlewares/Third_Party/FreeRTOS/Source/tasks.c **** 	pxOverflowDelayedTaskList = &xDelayedTaskList2;
 453              		.loc 1 3634 20 is_stmt 0 view .LVU139
 454 003c 084B     		ldr	r3, .L37+24
 455 003e 1D60     		str	r5, [r3]
3635:Middlewares/Third_Party/FreeRTOS/Source/tasks.c **** }
 456              		.loc 1 3635 2 is_stmt 1 view .LVU140
3635:Middlewares/Third_Party/FreeRTOS/Source/tasks.c **** }
 457              		.loc 1 3635 28 is_stmt 0 view .LVU141
 458 0040 084B     		ldr	r3, .L37+28
 459 0042 1C60     		str	r4, [r3]
3636:Middlewares/Third_Party/FreeRTOS/Source/tasks.c **** /*-----------------------------------------------------------*/
 460              		.loc 1 3636 1 view .LVU142
 461 0044 38BD     		pop	{r3, r4, r5, pc}
 462              	.L38:
 463 0046 00BF     		.align	2
 464              	.L37:
 465 0048 00000000 		.word	pxReadyTasksLists
 466 004c 00000000 		.word	xDelayedTaskList1
 467 0050 00000000 		.word	xDelayedTaskList2
 468 0054 00000000 		.word	xPendingReadyList
 469 0058 00000000 		.word	xTasksWaitingTermination
 470 005c 00000000 		.word	xSuspendedTaskList
 471 0060 00000000 		.word	pxDelayedTaskList
 472 0064 00000000 		.word	pxOverflowDelayedTaskList
 473              		.cfi_endproc
 474              	.LFE43:
 476              		.section	.text.prvAddNewTaskToReadyList,"ax",%progbits
 477              		.align	1
 478              		.syntax unified
 479              		.thumb
 480              		.thumb_func
 482              	prvAddNewTaskToReadyList:
 483              	.LVL43:
 484              	.LFB7:
1078:Middlewares/Third_Party/FreeRTOS/Source/tasks.c **** 	/* Ensure interrupts don't access the task lists while the lists are being
ARM GAS  /tmp/ccV8B7BA.s 			page 84


 485              		.loc 1 1078 1 is_stmt 1 view -0
 486              		.cfi_startproc
 487              		@ args = 0, pretend = 0, frame = 0
 488              		@ frame_needed = 0, uses_anonymous_args = 0
1078:Middlewares/Third_Party/FreeRTOS/Source/tasks.c **** 	/* Ensure interrupts don't access the task lists while the lists are being
 489              		.loc 1 1078 1 is_stmt 0 view .LVU144
 490 0000 10B5     		push	{r4, lr}
 491              	.LCFI2:
 492              		.cfi_def_cfa_offset 8
 493              		.cfi_offset 4, -8
 494              		.cfi_offset 14, -4
 495 0002 0446     		mov	r4, r0
1081:Middlewares/Third_Party/FreeRTOS/Source/tasks.c **** 	{
 496              		.loc 1 1081 2 is_stmt 1 view .LVU145
 497 0004 FFF7FEFF 		bl	vPortEnterCritical
 498              	.LVL44:
1083:Middlewares/Third_Party/FreeRTOS/Source/tasks.c **** 		if( pxCurrentTCB == NULL )
 499              		.loc 1 1083 3 view .LVU146
1083:Middlewares/Third_Party/FreeRTOS/Source/tasks.c **** 		if( pxCurrentTCB == NULL )
 500              		.loc 1 1083 25 is_stmt 0 view .LVU147
 501 0008 224A     		ldr	r2, .L47
 502 000a 1368     		ldr	r3, [r2]
 503 000c 0133     		adds	r3, r3, #1
 504 000e 1360     		str	r3, [r2]
1084:Middlewares/Third_Party/FreeRTOS/Source/tasks.c **** 		{
 505              		.loc 1 1084 3 is_stmt 1 view .LVU148
1084:Middlewares/Third_Party/FreeRTOS/Source/tasks.c **** 		{
 506              		.loc 1 1084 20 is_stmt 0 view .LVU149
 507 0010 214B     		ldr	r3, .L47+4
 508 0012 1B68     		ldr	r3, [r3]
1084:Middlewares/Third_Party/FreeRTOS/Source/tasks.c **** 		{
 509              		.loc 1 1084 5 view .LVU150
 510 0014 5BB1     		cbz	r3, .L45
1107:Middlewares/Third_Party/FreeRTOS/Source/tasks.c **** 			{
 511              		.loc 1 1107 4 is_stmt 1 view .LVU151
1107:Middlewares/Third_Party/FreeRTOS/Source/tasks.c **** 			{
 512              		.loc 1 1107 26 is_stmt 0 view .LVU152
 513 0016 214B     		ldr	r3, .L47+8
 514 0018 1B68     		ldr	r3, [r3]
1107:Middlewares/Third_Party/FreeRTOS/Source/tasks.c **** 			{
 515              		.loc 1 1107 6 view .LVU153
 516 001a 6BB9     		cbnz	r3, .L41
1109:Middlewares/Third_Party/FreeRTOS/Source/tasks.c **** 				{
 517              		.loc 1 1109 5 is_stmt 1 view .LVU154
1109:Middlewares/Third_Party/FreeRTOS/Source/tasks.c **** 				{
 518              		.loc 1 1109 21 is_stmt 0 view .LVU155
 519 001c 1E4B     		ldr	r3, .L47+4
 520 001e 1B68     		ldr	r3, [r3]
 521 0020 DA6A     		ldr	r2, [r3, #44]
1109:Middlewares/Third_Party/FreeRTOS/Source/tasks.c **** 				{
 522              		.loc 1 1109 45 view .LVU156
 523 0022 E36A     		ldr	r3, [r4, #44]
1109:Middlewares/Third_Party/FreeRTOS/Source/tasks.c **** 				{
 524              		.loc 1 1109 7 view .LVU157
 525 0024 9A42     		cmp	r2, r3
 526 0026 07D8     		bhi	.L41
1111:Middlewares/Third_Party/FreeRTOS/Source/tasks.c **** 				}
ARM GAS  /tmp/ccV8B7BA.s 			page 85


 527              		.loc 1 1111 6 is_stmt 1 view .LVU158
1111:Middlewares/Third_Party/FreeRTOS/Source/tasks.c **** 				}
 528              		.loc 1 1111 19 is_stmt 0 view .LVU159
 529 0028 1B4B     		ldr	r3, .L47+4
 530 002a 1C60     		str	r4, [r3]
 531 002c 04E0     		b	.L41
 532              	.L45:
1088:Middlewares/Third_Party/FreeRTOS/Source/tasks.c **** 
 533              		.loc 1 1088 4 is_stmt 1 view .LVU160
1088:Middlewares/Third_Party/FreeRTOS/Source/tasks.c **** 
 534              		.loc 1 1088 17 is_stmt 0 view .LVU161
 535 002e 1A4B     		ldr	r3, .L47+4
 536 0030 1C60     		str	r4, [r3]
1090:Middlewares/Third_Party/FreeRTOS/Source/tasks.c **** 			{
 537              		.loc 1 1090 4 is_stmt 1 view .LVU162
1090:Middlewares/Third_Party/FreeRTOS/Source/tasks.c **** 			{
 538              		.loc 1 1090 31 is_stmt 0 view .LVU163
 539 0032 1368     		ldr	r3, [r2]
1090:Middlewares/Third_Party/FreeRTOS/Source/tasks.c **** 			{
 540              		.loc 1 1090 6 view .LVU164
 541 0034 012B     		cmp	r3, #1
 542 0036 29D0     		beq	.L46
 543              	.L41:
1120:Middlewares/Third_Party/FreeRTOS/Source/tasks.c **** 			}
 544              		.loc 1 1120 29 is_stmt 1 view .LVU165
1124:Middlewares/Third_Party/FreeRTOS/Source/tasks.c **** 
 545              		.loc 1 1124 3 view .LVU166
1124:Middlewares/Third_Party/FreeRTOS/Source/tasks.c **** 
 546              		.loc 1 1124 15 is_stmt 0 view .LVU167
 547 0038 194A     		ldr	r2, .L47+12
 548 003a 1368     		ldr	r3, [r2]
 549 003c 0133     		adds	r3, r3, #1
 550 003e 1360     		str	r3, [r2]
1129:Middlewares/Third_Party/FreeRTOS/Source/tasks.c **** 		}
 551              		.loc 1 1129 4 is_stmt 1 view .LVU168
1129:Middlewares/Third_Party/FreeRTOS/Source/tasks.c **** 		}
 552              		.loc 1 1129 26 is_stmt 0 view .LVU169
 553 0040 6364     		str	r3, [r4, #68]
1132:Middlewares/Third_Party/FreeRTOS/Source/tasks.c **** 
 554              		.loc 1 1132 31 is_stmt 1 view .LVU170
1134:Middlewares/Third_Party/FreeRTOS/Source/tasks.c **** 
 555              		.loc 1 1134 3 view .LVU171
1134:Middlewares/Third_Party/FreeRTOS/Source/tasks.c **** 
 556              		.loc 1 1134 3 view .LVU172
 557 0042 E06A     		ldr	r0, [r4, #44]
 558 0044 174B     		ldr	r3, .L47+16
 559 0046 1B68     		ldr	r3, [r3]
 560 0048 9842     		cmp	r0, r3
 561 004a 01D9     		bls	.L42
1134:Middlewares/Third_Party/FreeRTOS/Source/tasks.c **** 
 562              		.loc 1 1134 3 discriminator 1 view .LVU173
 563 004c 154B     		ldr	r3, .L47+16
 564 004e 1860     		str	r0, [r3]
 565              	.L42:
1134:Middlewares/Third_Party/FreeRTOS/Source/tasks.c **** 
 566              		.loc 1 1134 3 discriminator 3 view .LVU174
1134:Middlewares/Third_Party/FreeRTOS/Source/tasks.c **** 
ARM GAS  /tmp/ccV8B7BA.s 			page 86


 567              		.loc 1 1134 3 discriminator 3 view .LVU175
 568 0050 00EB8000 		add	r0, r0, r0, lsl #2
 569 0054 211D     		adds	r1, r4, #4
 570 0056 144B     		ldr	r3, .L47+20
 571 0058 03EB8000 		add	r0, r3, r0, lsl #2
 572 005c FFF7FEFF 		bl	vListInsertEnd
 573              	.LVL45:
1134:Middlewares/Third_Party/FreeRTOS/Source/tasks.c **** 
 574              		.loc 1 1134 36 discriminator 1 view .LVU176
1136:Middlewares/Third_Party/FreeRTOS/Source/tasks.c **** 	}
 575              		.loc 1 1136 3 view .LVU177
1138:Middlewares/Third_Party/FreeRTOS/Source/tasks.c **** 
 576              		.loc 1 1138 2 view .LVU178
 577 0060 FFF7FEFF 		bl	vPortExitCritical
 578              	.LVL46:
1140:Middlewares/Third_Party/FreeRTOS/Source/tasks.c **** 	{
 579              		.loc 1 1140 2 view .LVU179
1140:Middlewares/Third_Party/FreeRTOS/Source/tasks.c **** 	{
 580              		.loc 1 1140 24 is_stmt 0 view .LVU180
 581 0064 0D4B     		ldr	r3, .L47+8
 582 0066 1B68     		ldr	r3, [r3]
1140:Middlewares/Third_Party/FreeRTOS/Source/tasks.c **** 	{
 583              		.loc 1 1140 4 view .LVU181
 584 0068 7BB1     		cbz	r3, .L39
1144:Middlewares/Third_Party/FreeRTOS/Source/tasks.c **** 		{
 585              		.loc 1 1144 3 is_stmt 1 view .LVU182
1144:Middlewares/Third_Party/FreeRTOS/Source/tasks.c **** 		{
 586              		.loc 1 1144 19 is_stmt 0 view .LVU183
 587 006a 0B4B     		ldr	r3, .L47+4
 588 006c 1B68     		ldr	r3, [r3]
 589 006e DA6A     		ldr	r2, [r3, #44]
1144:Middlewares/Third_Party/FreeRTOS/Source/tasks.c **** 		{
 590              		.loc 1 1144 42 view .LVU184
 591 0070 E36A     		ldr	r3, [r4, #44]
1144:Middlewares/Third_Party/FreeRTOS/Source/tasks.c **** 		{
 592              		.loc 1 1144 5 view .LVU185
 593 0072 9A42     		cmp	r2, r3
 594 0074 09D2     		bcs	.L39
1146:Middlewares/Third_Party/FreeRTOS/Source/tasks.c **** 		}
 595              		.loc 1 1146 4 is_stmt 1 view .LVU186
 596 0076 4FF0E023 		mov	r3, #-536813568
 597 007a 4FF08052 		mov	r2, #268435456
 598 007e C3F8042D 		str	r2, [r3, #3332]
1146:Middlewares/Third_Party/FreeRTOS/Source/tasks.c **** 		}
 599              		.loc 1 1146 4 view .LVU187
 600              		.syntax unified
 601              	@ 1146 "Middlewares/Third_Party/FreeRTOS/Source/tasks.c" 1
 602 0082 BFF34F8F 		dsb
 603              	@ 0 "" 2
1146:Middlewares/Third_Party/FreeRTOS/Source/tasks.c **** 		}
 604              		.loc 1 1146 4 view .LVU188
 605              	@ 1146 "Middlewares/Third_Party/FreeRTOS/Source/tasks.c" 1
 606 0086 BFF36F8F 		isb
 607              	@ 0 "" 2
1146:Middlewares/Third_Party/FreeRTOS/Source/tasks.c **** 		}
 608              		.loc 1 1146 35 view .LVU189
1155:Middlewares/Third_Party/FreeRTOS/Source/tasks.c **** 	}
ARM GAS  /tmp/ccV8B7BA.s 			page 87


 609              		.loc 1 1155 27 view .LVU190
 610              		.thumb
 611              		.syntax unified
 612              	.L39:
1157:Middlewares/Third_Party/FreeRTOS/Source/tasks.c **** /*-----------------------------------------------------------*/
 613              		.loc 1 1157 1 is_stmt 0 view .LVU191
 614 008a 10BD     		pop	{r4, pc}
 615              	.LVL47:
 616              	.L46:
1095:Middlewares/Third_Party/FreeRTOS/Source/tasks.c **** 			}
 617              		.loc 1 1095 5 is_stmt 1 view .LVU192
 618 008c FFF7FEFF 		bl	prvInitialiseTaskLists
 619              	.LVL48:
 620 0090 D2E7     		b	.L41
 621              	.L48:
 622 0092 00BF     		.align	2
 623              	.L47:
 624 0094 00000000 		.word	uxCurrentNumberOfTasks
 625 0098 00000000 		.word	pxCurrentTCB
 626 009c 00000000 		.word	xSchedulerRunning
 627 00a0 00000000 		.word	uxTaskNumber
 628 00a4 00000000 		.word	uxTopReadyPriority
 629 00a8 00000000 		.word	pxReadyTasksLists
 630              		.cfi_endproc
 631              	.LFE7:
 633              		.section	.text.prvDeleteTCB,"ax",%progbits
 634              		.align	1
 635              		.syntax unified
 636              		.thumb
 637              		.thumb_func
 639              	prvDeleteTCB:
 640              	.LVL49:
 641              	.LFB49:
3888:Middlewares/Third_Party/FreeRTOS/Source/tasks.c **** 		/* This call is required specifically for the TriCore port.  It must be
 642              		.loc 1 3888 2 view -0
 643              		.cfi_startproc
 644              		@ args = 0, pretend = 0, frame = 0
 645              		@ frame_needed = 0, uses_anonymous_args = 0
3888:Middlewares/Third_Party/FreeRTOS/Source/tasks.c **** 		/* This call is required specifically for the TriCore port.  It must be
 646              		.loc 1 3888 2 is_stmt 0 view .LVU194
 647 0000 10B5     		push	{r4, lr}
 648              	.LCFI3:
 649              		.cfi_def_cfa_offset 8
 650              		.cfi_offset 4, -8
 651              		.cfi_offset 14, -4
 652 0002 0446     		mov	r4, r0
3892:Middlewares/Third_Party/FreeRTOS/Source/tasks.c **** 
 653              		.loc 1 3892 3 is_stmt 1 view .LVU195
3916:Middlewares/Third_Party/FreeRTOS/Source/tasks.c **** 			{
 654              		.loc 1 3916 4 view .LVU196
3916:Middlewares/Third_Party/FreeRTOS/Source/tasks.c **** 			{
 655              		.loc 1 3916 13 is_stmt 0 view .LVU197
 656 0004 90F85930 		ldrb	r3, [r0, #89]	@ zero_extendqisi2
3916:Middlewares/Third_Party/FreeRTOS/Source/tasks.c **** 			{
 657              		.loc 1 3916 6 view .LVU198
 658 0008 63B1     		cbz	r3, .L55
3923:Middlewares/Third_Party/FreeRTOS/Source/tasks.c **** 			{
ARM GAS  /tmp/ccV8B7BA.s 			page 88


 659              		.loc 1 3923 9 is_stmt 1 view .LVU199
3923:Middlewares/Third_Party/FreeRTOS/Source/tasks.c **** 			{
 660              		.loc 1 3923 11 is_stmt 0 view .LVU200
 661 000a 012B     		cmp	r3, #1
 662 000c 11D0     		beq	.L56
3933:Middlewares/Third_Party/FreeRTOS/Source/tasks.c **** 				mtCOVERAGE_TEST_MARKER();
 663              		.loc 1 3933 5 is_stmt 1 view .LVU201
 664 000e 022B     		cmp	r3, #2
 665 0010 0ED0     		beq	.L49
3933:Middlewares/Third_Party/FreeRTOS/Source/tasks.c **** 				mtCOVERAGE_TEST_MARKER();
 666              		.loc 1 3933 5 discriminator 1 view .LVU202
 667              	.LBB121:
 668              	.LBI121:
 193:Middlewares/Third_Party/FreeRTOS/Source/portable/GCC/ARM_CM3/portmacro.h **** {
 669              		.loc 2 193 30 view .LVU203
 670              	.LBB122:
 195:Middlewares/Third_Party/FreeRTOS/Source/portable/GCC/ARM_CM3/portmacro.h **** 
 671              		.loc 2 195 1 view .LVU204
 672              		.loc 2 197 2 view .LVU205
 673              		.syntax unified
 674              	@ 197 "Middlewares/Third_Party/FreeRTOS/Source/portable/GCC/ARM_CM3/portmacro.h" 1
 675 0012 4FF05003 			mov r3, #80												
 676 0016 83F31188 		msr basepri, r3											
 677 001a BFF36F8F 		isb														
 678 001e BFF34F8F 		dsb														
 679              	
 680              	@ 0 "" 2
 681              		.thumb
 682              		.syntax unified
 683              	.L53:
 684              	.LBE122:
 685              	.LBE121:
3933:Middlewares/Third_Party/FreeRTOS/Source/tasks.c **** 				mtCOVERAGE_TEST_MARKER();
 686              		.loc 1 3933 5 discriminator 3 view .LVU206
3933:Middlewares/Third_Party/FreeRTOS/Source/tasks.c **** 				mtCOVERAGE_TEST_MARKER();
 687              		.loc 1 3933 5 discriminator 3 view .LVU207
 688 0022 FEE7     		b	.L53
 689              	.L55:
3920:Middlewares/Third_Party/FreeRTOS/Source/tasks.c **** 				vPortFree( pxTCB );
 690              		.loc 1 3920 5 view .LVU208
 691 0024 006B     		ldr	r0, [r0, #48]
 692              	.LVL50:
3920:Middlewares/Third_Party/FreeRTOS/Source/tasks.c **** 				vPortFree( pxTCB );
 693              		.loc 1 3920 5 is_stmt 0 view .LVU209
 694 0026 FFF7FEFF 		bl	vPortFree
 695              	.LVL51:
3921:Middlewares/Third_Party/FreeRTOS/Source/tasks.c **** 			}
 696              		.loc 1 3921 5 is_stmt 1 view .LVU210
 697 002a 2046     		mov	r0, r4
 698 002c FFF7FEFF 		bl	vPortFree
 699              	.LVL52:
 700              	.L49:
3938:Middlewares/Third_Party/FreeRTOS/Source/tasks.c **** 
 701              		.loc 1 3938 2 is_stmt 0 view .LVU211
 702 0030 10BD     		pop	{r4, pc}
 703              	.LVL53:
 704              	.L56:
ARM GAS  /tmp/ccV8B7BA.s 			page 89


3927:Middlewares/Third_Party/FreeRTOS/Source/tasks.c **** 			}
 705              		.loc 1 3927 5 is_stmt 1 view .LVU212
 706 0032 FFF7FEFF 		bl	vPortFree
 707              	.LVL54:
3927:Middlewares/Third_Party/FreeRTOS/Source/tasks.c **** 			}
 708              		.loc 1 3927 5 is_stmt 0 view .LVU213
 709 0036 FBE7     		b	.L49
 710              		.cfi_endproc
 711              	.LFE49:
 713              		.section	.text.prvCheckTasksWaitingTermination,"ax",%progbits
 714              		.align	1
 715              		.syntax unified
 716              		.thumb
 717              		.thumb_func
 719              	prvCheckTasksWaitingTermination:
 720              	.LFB44:
3640:Middlewares/Third_Party/FreeRTOS/Source/tasks.c **** 
 721              		.loc 1 3640 1 is_stmt 1 view -0
 722              		.cfi_startproc
 723              		@ args = 0, pretend = 0, frame = 0
 724              		@ frame_needed = 0, uses_anonymous_args = 0
 725              	.LBB123:
3646:Middlewares/Third_Party/FreeRTOS/Source/tasks.c **** 
 726              		.loc 1 3646 3 view .LVU215
3650:Middlewares/Third_Party/FreeRTOS/Source/tasks.c **** 		{
 727              		.loc 1 3650 3 view .LVU216
3650:Middlewares/Third_Party/FreeRTOS/Source/tasks.c **** 		{
 728              		.loc 1 3650 39 view .LVU217
 729 0000 0F4B     		ldr	r3, .L64
 730 0002 1B68     		ldr	r3, [r3]
 731 0004 D3B1     		cbz	r3, .L63
 732              	.LBE123:
3640:Middlewares/Third_Party/FreeRTOS/Source/tasks.c **** 
 733              		.loc 1 3640 1 is_stmt 0 view .LVU218
 734 0006 10B5     		push	{r4, lr}
 735              	.LCFI4:
 736              		.cfi_def_cfa_offset 8
 737              		.cfi_offset 4, -8
 738              		.cfi_offset 14, -4
 739              	.L59:
 740              	.LBB124:
3652:Middlewares/Third_Party/FreeRTOS/Source/tasks.c **** 			{
 741              		.loc 1 3652 4 is_stmt 1 view .LVU219
 742 0008 FFF7FEFF 		bl	vPortEnterCritical
 743              	.LVL55:
3654:Middlewares/Third_Party/FreeRTOS/Source/tasks.c **** 				( void ) uxListRemove( &( pxTCB->xStateListItem ) );
 744              		.loc 1 3654 5 view .LVU220
3654:Middlewares/Third_Party/FreeRTOS/Source/tasks.c **** 				( void ) uxListRemove( &( pxTCB->xStateListItem ) );
 745              		.loc 1 3654 13 is_stmt 0 view .LVU221
 746 000c 0D4B     		ldr	r3, .L64+4
 747 000e DB68     		ldr	r3, [r3, #12]
3654:Middlewares/Third_Party/FreeRTOS/Source/tasks.c **** 				( void ) uxListRemove( &( pxTCB->xStateListItem ) );
 748              		.loc 1 3654 11 view .LVU222
 749 0010 DC68     		ldr	r4, [r3, #12]
 750              	.LVL56:
3655:Middlewares/Third_Party/FreeRTOS/Source/tasks.c **** 				--uxCurrentNumberOfTasks;
 751              		.loc 1 3655 5 is_stmt 1 view .LVU223
ARM GAS  /tmp/ccV8B7BA.s 			page 90


3655:Middlewares/Third_Party/FreeRTOS/Source/tasks.c **** 				--uxCurrentNumberOfTasks;
 752              		.loc 1 3655 14 is_stmt 0 view .LVU224
 753 0012 201D     		adds	r0, r4, #4
 754 0014 FFF7FEFF 		bl	uxListRemove
 755              	.LVL57:
3656:Middlewares/Third_Party/FreeRTOS/Source/tasks.c **** 				--uxDeletedTasksWaitingCleanUp;
 756              		.loc 1 3656 5 is_stmt 1 view .LVU225
 757 0018 0B4A     		ldr	r2, .L64+8
 758 001a 1368     		ldr	r3, [r2]
 759 001c 013B     		subs	r3, r3, #1
 760 001e 1360     		str	r3, [r2]
3657:Middlewares/Third_Party/FreeRTOS/Source/tasks.c **** 			}
 761              		.loc 1 3657 5 view .LVU226
 762 0020 074A     		ldr	r2, .L64
 763 0022 1368     		ldr	r3, [r2]
 764 0024 013B     		subs	r3, r3, #1
 765 0026 1360     		str	r3, [r2]
3659:Middlewares/Third_Party/FreeRTOS/Source/tasks.c **** 
 766              		.loc 1 3659 4 view .LVU227
 767 0028 FFF7FEFF 		bl	vPortExitCritical
 768              	.LVL58:
3661:Middlewares/Third_Party/FreeRTOS/Source/tasks.c **** 		}
 769              		.loc 1 3661 4 view .LVU228
 770 002c 2046     		mov	r0, r4
 771 002e FFF7FEFF 		bl	prvDeleteTCB
 772              	.LVL59:
3650:Middlewares/Third_Party/FreeRTOS/Source/tasks.c **** 		{
 773              		.loc 1 3650 39 view .LVU229
 774 0032 034B     		ldr	r3, .L64
 775 0034 1B68     		ldr	r3, [r3]
 776 0036 002B     		cmp	r3, #0
 777 0038 E6D1     		bne	.L59
 778              	.LBE124:
3665:Middlewares/Third_Party/FreeRTOS/Source/tasks.c **** /*-----------------------------------------------------------*/
 779              		.loc 1 3665 1 is_stmt 0 view .LVU230
 780 003a 10BD     		pop	{r4, pc}
 781              	.LVL60:
 782              	.L63:
 783              	.LCFI5:
 784              		.cfi_def_cfa_offset 0
 785              		.cfi_restore 4
 786              		.cfi_restore 14
3665:Middlewares/Third_Party/FreeRTOS/Source/tasks.c **** /*-----------------------------------------------------------*/
 787              		.loc 1 3665 1 view .LVU231
 788 003c 7047     		bx	lr
 789              	.L65:
 790 003e 00BF     		.align	2
 791              	.L64:
 792 0040 00000000 		.word	uxDeletedTasksWaitingCleanUp
 793 0044 00000000 		.word	xTasksWaitingTermination
 794 0048 00000000 		.word	uxCurrentNumberOfTasks
 795              		.cfi_endproc
 796              	.LFE44:
 798              		.section	.text.prvIdleTask,"ax",%progbits
 799              		.align	1
 800              		.syntax unified
 801              		.thumb
ARM GAS  /tmp/ccV8B7BA.s 			page 91


 802              		.thumb_func
 804              	prvIdleTask:
 805              	.LFB42:
3393:Middlewares/Third_Party/FreeRTOS/Source/tasks.c **** 	/* Stop warnings. */
 806              		.loc 1 3393 1 is_stmt 1 view -0
 807              		.cfi_startproc
 808              		@ Volatile: function does not return.
 809              		@ args = 0, pretend = 0, frame = 0
 810              		@ frame_needed = 0, uses_anonymous_args = 0
 811              	.LVL61:
3393:Middlewares/Third_Party/FreeRTOS/Source/tasks.c **** 	/* Stop warnings. */
 812              		.loc 1 3393 1 is_stmt 0 view .LVU233
 813 0000 08B5     		push	{r3, lr}
 814              	.LCFI6:
 815              		.cfi_def_cfa_offset 8
 816              		.cfi_offset 3, -8
 817              		.cfi_offset 14, -4
 818              	.LVL62:
 819              	.L67:
3395:Middlewares/Third_Party/FreeRTOS/Source/tasks.c **** 
 820              		.loc 1 3395 2 is_stmt 1 view .LVU234
3403:Middlewares/Third_Party/FreeRTOS/Source/tasks.c **** 
 821              		.loc 1 3403 64 view .LVU235
3405:Middlewares/Third_Party/FreeRTOS/Source/tasks.c **** 	{
 822              		.loc 1 3405 2 view .LVU236
3409:Middlewares/Third_Party/FreeRTOS/Source/tasks.c **** 
 823              		.loc 1 3409 3 view .LVU237
 824 0002 FFF7FEFF 		bl	prvCheckTasksWaitingTermination
 825              	.LVL63:
3432:Middlewares/Third_Party/FreeRTOS/Source/tasks.c **** 			{
 826              		.loc 1 3432 4 view .LVU238
3432:Middlewares/Third_Party/FreeRTOS/Source/tasks.c **** 			{
 827              		.loc 1 3432 8 is_stmt 0 view .LVU239
 828 0006 074B     		ldr	r3, .L70
 829 0008 1B68     		ldr	r3, [r3]
3432:Middlewares/Third_Party/FreeRTOS/Source/tasks.c **** 			{
 830              		.loc 1 3432 6 view .LVU240
 831 000a 012B     		cmp	r3, #1
 832 000c F9D9     		bls	.L67
3434:Middlewares/Third_Party/FreeRTOS/Source/tasks.c **** 			}
 833              		.loc 1 3434 5 is_stmt 1 view .LVU241
 834 000e 4FF0E023 		mov	r3, #-536813568
 835 0012 4FF08052 		mov	r2, #268435456
 836 0016 C3F8042D 		str	r2, [r3, #3332]
3434:Middlewares/Third_Party/FreeRTOS/Source/tasks.c **** 			}
 837              		.loc 1 3434 5 view .LVU242
 838              		.syntax unified
 839              	@ 3434 "Middlewares/Third_Party/FreeRTOS/Source/tasks.c" 1
 840 001a BFF34F8F 		dsb
 841              	@ 0 "" 2
3434:Middlewares/Third_Party/FreeRTOS/Source/tasks.c **** 			}
 842              		.loc 1 3434 5 view .LVU243
 843              	@ 3434 "Middlewares/Third_Party/FreeRTOS/Source/tasks.c" 1
 844 001e BFF36F8F 		isb
 845              	@ 0 "" 2
3434:Middlewares/Third_Party/FreeRTOS/Source/tasks.c **** 			}
 846              		.loc 1 3434 16 view .LVU244
ARM GAS  /tmp/ccV8B7BA.s 			page 92


 847              		.thumb
 848              		.syntax unified
 849 0022 EEE7     		b	.L67
 850              	.L71:
 851              		.align	2
 852              	.L70:
 853 0024 00000000 		.word	pxReadyTasksLists
 854              		.cfi_endproc
 855              	.LFE42:
 857              		.section	.text.prvAddCurrentTaskToDelayedList,"ax",%progbits
 858              		.align	1
 859              		.syntax unified
 860              		.thumb
 861              		.thumb_func
 863              	prvAddCurrentTaskToDelayedList:
 864              	.LVL64:
 865              	.LFB65:
3965:Middlewares/Third_Party/FreeRTOS/Source/tasks.c **** /*-----------------------------------------------------------*/
3966:Middlewares/Third_Party/FreeRTOS/Source/tasks.c **** 
3967:Middlewares/Third_Party/FreeRTOS/Source/tasks.c **** #if ( ( INCLUDE_xTaskGetCurrentTaskHandle == 1 ) || ( configUSE_MUTEXES == 1 ) )
3968:Middlewares/Third_Party/FreeRTOS/Source/tasks.c **** 
3969:Middlewares/Third_Party/FreeRTOS/Source/tasks.c **** 	TaskHandle_t xTaskGetCurrentTaskHandle( void )
3970:Middlewares/Third_Party/FreeRTOS/Source/tasks.c **** 	{
3971:Middlewares/Third_Party/FreeRTOS/Source/tasks.c **** 	TaskHandle_t xReturn;
3972:Middlewares/Third_Party/FreeRTOS/Source/tasks.c **** 
3973:Middlewares/Third_Party/FreeRTOS/Source/tasks.c **** 		/* A critical section is not required as this is not called from
3974:Middlewares/Third_Party/FreeRTOS/Source/tasks.c **** 		an interrupt and the current TCB will always be the same for any
3975:Middlewares/Third_Party/FreeRTOS/Source/tasks.c **** 		individual execution thread. */
3976:Middlewares/Third_Party/FreeRTOS/Source/tasks.c **** 		xReturn = pxCurrentTCB;
3977:Middlewares/Third_Party/FreeRTOS/Source/tasks.c **** 
3978:Middlewares/Third_Party/FreeRTOS/Source/tasks.c **** 		return xReturn;
3979:Middlewares/Third_Party/FreeRTOS/Source/tasks.c **** 	}
3980:Middlewares/Third_Party/FreeRTOS/Source/tasks.c **** 
3981:Middlewares/Third_Party/FreeRTOS/Source/tasks.c **** #endif /* ( ( INCLUDE_xTaskGetCurrentTaskHandle == 1 ) || ( configUSE_MUTEXES == 1 ) ) */
3982:Middlewares/Third_Party/FreeRTOS/Source/tasks.c **** /*-----------------------------------------------------------*/
3983:Middlewares/Third_Party/FreeRTOS/Source/tasks.c **** 
3984:Middlewares/Third_Party/FreeRTOS/Source/tasks.c **** #if ( ( INCLUDE_xTaskGetSchedulerState == 1 ) || ( configUSE_TIMERS == 1 ) )
3985:Middlewares/Third_Party/FreeRTOS/Source/tasks.c **** 
3986:Middlewares/Third_Party/FreeRTOS/Source/tasks.c **** 	BaseType_t xTaskGetSchedulerState( void )
3987:Middlewares/Third_Party/FreeRTOS/Source/tasks.c **** 	{
3988:Middlewares/Third_Party/FreeRTOS/Source/tasks.c **** 	BaseType_t xReturn;
3989:Middlewares/Third_Party/FreeRTOS/Source/tasks.c **** 
3990:Middlewares/Third_Party/FreeRTOS/Source/tasks.c **** 		if( xSchedulerRunning == pdFALSE )
3991:Middlewares/Third_Party/FreeRTOS/Source/tasks.c **** 		{
3992:Middlewares/Third_Party/FreeRTOS/Source/tasks.c **** 			xReturn = taskSCHEDULER_NOT_STARTED;
3993:Middlewares/Third_Party/FreeRTOS/Source/tasks.c **** 		}
3994:Middlewares/Third_Party/FreeRTOS/Source/tasks.c **** 		else
3995:Middlewares/Third_Party/FreeRTOS/Source/tasks.c **** 		{
3996:Middlewares/Third_Party/FreeRTOS/Source/tasks.c **** 			if( uxSchedulerSuspended == ( UBaseType_t ) pdFALSE )
3997:Middlewares/Third_Party/FreeRTOS/Source/tasks.c **** 			{
3998:Middlewares/Third_Party/FreeRTOS/Source/tasks.c **** 				xReturn = taskSCHEDULER_RUNNING;
3999:Middlewares/Third_Party/FreeRTOS/Source/tasks.c **** 			}
4000:Middlewares/Third_Party/FreeRTOS/Source/tasks.c **** 			else
4001:Middlewares/Third_Party/FreeRTOS/Source/tasks.c **** 			{
4002:Middlewares/Third_Party/FreeRTOS/Source/tasks.c **** 				xReturn = taskSCHEDULER_SUSPENDED;
4003:Middlewares/Third_Party/FreeRTOS/Source/tasks.c **** 			}
4004:Middlewares/Third_Party/FreeRTOS/Source/tasks.c **** 		}
ARM GAS  /tmp/ccV8B7BA.s 			page 93


4005:Middlewares/Third_Party/FreeRTOS/Source/tasks.c **** 
4006:Middlewares/Third_Party/FreeRTOS/Source/tasks.c **** 		return xReturn;
4007:Middlewares/Third_Party/FreeRTOS/Source/tasks.c **** 	}
4008:Middlewares/Third_Party/FreeRTOS/Source/tasks.c **** 
4009:Middlewares/Third_Party/FreeRTOS/Source/tasks.c **** #endif /* ( ( INCLUDE_xTaskGetSchedulerState == 1 ) || ( configUSE_TIMERS == 1 ) ) */
4010:Middlewares/Third_Party/FreeRTOS/Source/tasks.c **** /*-----------------------------------------------------------*/
4011:Middlewares/Third_Party/FreeRTOS/Source/tasks.c **** 
4012:Middlewares/Third_Party/FreeRTOS/Source/tasks.c **** #if ( configUSE_MUTEXES == 1 )
4013:Middlewares/Third_Party/FreeRTOS/Source/tasks.c **** 
4014:Middlewares/Third_Party/FreeRTOS/Source/tasks.c **** 	BaseType_t xTaskPriorityInherit( TaskHandle_t const pxMutexHolder )
4015:Middlewares/Third_Party/FreeRTOS/Source/tasks.c **** 	{
4016:Middlewares/Third_Party/FreeRTOS/Source/tasks.c **** 	TCB_t * const pxMutexHolderTCB = pxMutexHolder;
4017:Middlewares/Third_Party/FreeRTOS/Source/tasks.c **** 	BaseType_t xReturn = pdFALSE;
4018:Middlewares/Third_Party/FreeRTOS/Source/tasks.c **** 
4019:Middlewares/Third_Party/FreeRTOS/Source/tasks.c **** 		/* If the mutex was given back by an interrupt while the queue was
4020:Middlewares/Third_Party/FreeRTOS/Source/tasks.c **** 		locked then the mutex holder might now be NULL.  _RB_ Is this still
4021:Middlewares/Third_Party/FreeRTOS/Source/tasks.c **** 		needed as interrupts can no longer use mutexes? */
4022:Middlewares/Third_Party/FreeRTOS/Source/tasks.c **** 		if( pxMutexHolder != NULL )
4023:Middlewares/Third_Party/FreeRTOS/Source/tasks.c **** 		{
4024:Middlewares/Third_Party/FreeRTOS/Source/tasks.c **** 			/* If the holder of the mutex has a priority below the priority of
4025:Middlewares/Third_Party/FreeRTOS/Source/tasks.c **** 			the task attempting to obtain the mutex then it will temporarily
4026:Middlewares/Third_Party/FreeRTOS/Source/tasks.c **** 			inherit the priority of the task attempting to obtain the mutex. */
4027:Middlewares/Third_Party/FreeRTOS/Source/tasks.c **** 			if( pxMutexHolderTCB->uxPriority < pxCurrentTCB->uxPriority )
4028:Middlewares/Third_Party/FreeRTOS/Source/tasks.c **** 			{
4029:Middlewares/Third_Party/FreeRTOS/Source/tasks.c **** 				/* Adjust the mutex holder state to account for its new
4030:Middlewares/Third_Party/FreeRTOS/Source/tasks.c **** 				priority.  Only reset the event list item value if the value is
4031:Middlewares/Third_Party/FreeRTOS/Source/tasks.c **** 				not being used for anything else. */
4032:Middlewares/Third_Party/FreeRTOS/Source/tasks.c **** 				if( ( listGET_LIST_ITEM_VALUE( &( pxMutexHolderTCB->xEventListItem ) ) & taskEVENT_LIST_ITEM_VA
4033:Middlewares/Third_Party/FreeRTOS/Source/tasks.c **** 				{
4034:Middlewares/Third_Party/FreeRTOS/Source/tasks.c **** 					listSET_LIST_ITEM_VALUE( &( pxMutexHolderTCB->xEventListItem ), ( TickType_t ) configMAX_PRIOR
4035:Middlewares/Third_Party/FreeRTOS/Source/tasks.c **** 				}
4036:Middlewares/Third_Party/FreeRTOS/Source/tasks.c **** 				else
4037:Middlewares/Third_Party/FreeRTOS/Source/tasks.c **** 				{
4038:Middlewares/Third_Party/FreeRTOS/Source/tasks.c **** 					mtCOVERAGE_TEST_MARKER();
4039:Middlewares/Third_Party/FreeRTOS/Source/tasks.c **** 				}
4040:Middlewares/Third_Party/FreeRTOS/Source/tasks.c **** 
4041:Middlewares/Third_Party/FreeRTOS/Source/tasks.c **** 				/* If the task being modified is in the ready state it will need
4042:Middlewares/Third_Party/FreeRTOS/Source/tasks.c **** 				to be moved into a new list. */
4043:Middlewares/Third_Party/FreeRTOS/Source/tasks.c **** 				if( listIS_CONTAINED_WITHIN( &( pxReadyTasksLists[ pxMutexHolderTCB->uxPriority ] ), &( pxMutex
4044:Middlewares/Third_Party/FreeRTOS/Source/tasks.c **** 				{
4045:Middlewares/Third_Party/FreeRTOS/Source/tasks.c **** 					if( uxListRemove( &( pxMutexHolderTCB->xStateListItem ) ) == ( UBaseType_t ) 0 )
4046:Middlewares/Third_Party/FreeRTOS/Source/tasks.c **** 					{
4047:Middlewares/Third_Party/FreeRTOS/Source/tasks.c **** 						/* It is known that the task is in its ready list so
4048:Middlewares/Third_Party/FreeRTOS/Source/tasks.c **** 						there is no need to check again and the port level
4049:Middlewares/Third_Party/FreeRTOS/Source/tasks.c **** 						reset macro can be called directly. */
4050:Middlewares/Third_Party/FreeRTOS/Source/tasks.c **** 						portRESET_READY_PRIORITY( pxMutexHolderTCB->uxPriority, uxTopReadyPriority );
4051:Middlewares/Third_Party/FreeRTOS/Source/tasks.c **** 					}
4052:Middlewares/Third_Party/FreeRTOS/Source/tasks.c **** 					else
4053:Middlewares/Third_Party/FreeRTOS/Source/tasks.c **** 					{
4054:Middlewares/Third_Party/FreeRTOS/Source/tasks.c **** 						mtCOVERAGE_TEST_MARKER();
4055:Middlewares/Third_Party/FreeRTOS/Source/tasks.c **** 					}
4056:Middlewares/Third_Party/FreeRTOS/Source/tasks.c **** 
4057:Middlewares/Third_Party/FreeRTOS/Source/tasks.c **** 					/* Inherit the priority before being moved into the new list. */
4058:Middlewares/Third_Party/FreeRTOS/Source/tasks.c **** 					pxMutexHolderTCB->uxPriority = pxCurrentTCB->uxPriority;
4059:Middlewares/Third_Party/FreeRTOS/Source/tasks.c **** 					prvAddTaskToReadyList( pxMutexHolderTCB );
4060:Middlewares/Third_Party/FreeRTOS/Source/tasks.c **** 				}
4061:Middlewares/Third_Party/FreeRTOS/Source/tasks.c **** 				else
ARM GAS  /tmp/ccV8B7BA.s 			page 94


4062:Middlewares/Third_Party/FreeRTOS/Source/tasks.c **** 				{
4063:Middlewares/Third_Party/FreeRTOS/Source/tasks.c **** 					/* Just inherit the priority. */
4064:Middlewares/Third_Party/FreeRTOS/Source/tasks.c **** 					pxMutexHolderTCB->uxPriority = pxCurrentTCB->uxPriority;
4065:Middlewares/Third_Party/FreeRTOS/Source/tasks.c **** 				}
4066:Middlewares/Third_Party/FreeRTOS/Source/tasks.c **** 
4067:Middlewares/Third_Party/FreeRTOS/Source/tasks.c **** 				traceTASK_PRIORITY_INHERIT( pxMutexHolderTCB, pxCurrentTCB->uxPriority );
4068:Middlewares/Third_Party/FreeRTOS/Source/tasks.c **** 
4069:Middlewares/Third_Party/FreeRTOS/Source/tasks.c **** 				/* Inheritance occurred. */
4070:Middlewares/Third_Party/FreeRTOS/Source/tasks.c **** 				xReturn = pdTRUE;
4071:Middlewares/Third_Party/FreeRTOS/Source/tasks.c **** 			}
4072:Middlewares/Third_Party/FreeRTOS/Source/tasks.c **** 			else
4073:Middlewares/Third_Party/FreeRTOS/Source/tasks.c **** 			{
4074:Middlewares/Third_Party/FreeRTOS/Source/tasks.c **** 				if( pxMutexHolderTCB->uxBasePriority < pxCurrentTCB->uxPriority )
4075:Middlewares/Third_Party/FreeRTOS/Source/tasks.c **** 				{
4076:Middlewares/Third_Party/FreeRTOS/Source/tasks.c **** 					/* The base priority of the mutex holder is lower than the
4077:Middlewares/Third_Party/FreeRTOS/Source/tasks.c **** 					priority of the task attempting to take the mutex, but the
4078:Middlewares/Third_Party/FreeRTOS/Source/tasks.c **** 					current priority of the mutex holder is not lower than the
4079:Middlewares/Third_Party/FreeRTOS/Source/tasks.c **** 					priority of the task attempting to take the mutex.
4080:Middlewares/Third_Party/FreeRTOS/Source/tasks.c **** 					Therefore the mutex holder must have already inherited a
4081:Middlewares/Third_Party/FreeRTOS/Source/tasks.c **** 					priority, but inheritance would have occurred if that had
4082:Middlewares/Third_Party/FreeRTOS/Source/tasks.c **** 					not been the case. */
4083:Middlewares/Third_Party/FreeRTOS/Source/tasks.c **** 					xReturn = pdTRUE;
4084:Middlewares/Third_Party/FreeRTOS/Source/tasks.c **** 				}
4085:Middlewares/Third_Party/FreeRTOS/Source/tasks.c **** 				else
4086:Middlewares/Third_Party/FreeRTOS/Source/tasks.c **** 				{
4087:Middlewares/Third_Party/FreeRTOS/Source/tasks.c **** 					mtCOVERAGE_TEST_MARKER();
4088:Middlewares/Third_Party/FreeRTOS/Source/tasks.c **** 				}
4089:Middlewares/Third_Party/FreeRTOS/Source/tasks.c **** 			}
4090:Middlewares/Third_Party/FreeRTOS/Source/tasks.c **** 		}
4091:Middlewares/Third_Party/FreeRTOS/Source/tasks.c **** 		else
4092:Middlewares/Third_Party/FreeRTOS/Source/tasks.c **** 		{
4093:Middlewares/Third_Party/FreeRTOS/Source/tasks.c **** 			mtCOVERAGE_TEST_MARKER();
4094:Middlewares/Third_Party/FreeRTOS/Source/tasks.c **** 		}
4095:Middlewares/Third_Party/FreeRTOS/Source/tasks.c **** 
4096:Middlewares/Third_Party/FreeRTOS/Source/tasks.c **** 		return xReturn;
4097:Middlewares/Third_Party/FreeRTOS/Source/tasks.c **** 	}
4098:Middlewares/Third_Party/FreeRTOS/Source/tasks.c **** 
4099:Middlewares/Third_Party/FreeRTOS/Source/tasks.c **** #endif /* configUSE_MUTEXES */
4100:Middlewares/Third_Party/FreeRTOS/Source/tasks.c **** /*-----------------------------------------------------------*/
4101:Middlewares/Third_Party/FreeRTOS/Source/tasks.c **** 
4102:Middlewares/Third_Party/FreeRTOS/Source/tasks.c **** #if ( configUSE_MUTEXES == 1 )
4103:Middlewares/Third_Party/FreeRTOS/Source/tasks.c **** 
4104:Middlewares/Third_Party/FreeRTOS/Source/tasks.c **** 	BaseType_t xTaskPriorityDisinherit( TaskHandle_t const pxMutexHolder )
4105:Middlewares/Third_Party/FreeRTOS/Source/tasks.c **** 	{
4106:Middlewares/Third_Party/FreeRTOS/Source/tasks.c **** 	TCB_t * const pxTCB = pxMutexHolder;
4107:Middlewares/Third_Party/FreeRTOS/Source/tasks.c **** 	BaseType_t xReturn = pdFALSE;
4108:Middlewares/Third_Party/FreeRTOS/Source/tasks.c **** 
4109:Middlewares/Third_Party/FreeRTOS/Source/tasks.c **** 		if( pxMutexHolder != NULL )
4110:Middlewares/Third_Party/FreeRTOS/Source/tasks.c **** 		{
4111:Middlewares/Third_Party/FreeRTOS/Source/tasks.c **** 			/* A task can only have an inherited priority if it holds the mutex.
4112:Middlewares/Third_Party/FreeRTOS/Source/tasks.c **** 			If the mutex is held by a task then it cannot be given from an
4113:Middlewares/Third_Party/FreeRTOS/Source/tasks.c **** 			interrupt, and if a mutex is given by the holding task then it must
4114:Middlewares/Third_Party/FreeRTOS/Source/tasks.c **** 			be the running state task. */
4115:Middlewares/Third_Party/FreeRTOS/Source/tasks.c **** 			configASSERT( pxTCB == pxCurrentTCB );
4116:Middlewares/Third_Party/FreeRTOS/Source/tasks.c **** 			configASSERT( pxTCB->uxMutexesHeld );
4117:Middlewares/Third_Party/FreeRTOS/Source/tasks.c **** 			( pxTCB->uxMutexesHeld )--;
4118:Middlewares/Third_Party/FreeRTOS/Source/tasks.c **** 
ARM GAS  /tmp/ccV8B7BA.s 			page 95


4119:Middlewares/Third_Party/FreeRTOS/Source/tasks.c **** 			/* Has the holder of the mutex inherited the priority of another
4120:Middlewares/Third_Party/FreeRTOS/Source/tasks.c **** 			task? */
4121:Middlewares/Third_Party/FreeRTOS/Source/tasks.c **** 			if( pxTCB->uxPriority != pxTCB->uxBasePriority )
4122:Middlewares/Third_Party/FreeRTOS/Source/tasks.c **** 			{
4123:Middlewares/Third_Party/FreeRTOS/Source/tasks.c **** 				/* Only disinherit if no other mutexes are held. */
4124:Middlewares/Third_Party/FreeRTOS/Source/tasks.c **** 				if( pxTCB->uxMutexesHeld == ( UBaseType_t ) 0 )
4125:Middlewares/Third_Party/FreeRTOS/Source/tasks.c **** 				{
4126:Middlewares/Third_Party/FreeRTOS/Source/tasks.c **** 					/* A task can only have an inherited priority if it holds
4127:Middlewares/Third_Party/FreeRTOS/Source/tasks.c **** 					the mutex.  If the mutex is held by a task then it cannot be
4128:Middlewares/Third_Party/FreeRTOS/Source/tasks.c **** 					given from an interrupt, and if a mutex is given by the
4129:Middlewares/Third_Party/FreeRTOS/Source/tasks.c **** 					holding task then it must be the running state task.  Remove
4130:Middlewares/Third_Party/FreeRTOS/Source/tasks.c **** 					the holding task from the ready/delayed list. */
4131:Middlewares/Third_Party/FreeRTOS/Source/tasks.c **** 					if( uxListRemove( &( pxTCB->xStateListItem ) ) == ( UBaseType_t ) 0 )
4132:Middlewares/Third_Party/FreeRTOS/Source/tasks.c **** 					{
4133:Middlewares/Third_Party/FreeRTOS/Source/tasks.c **** 						taskRESET_READY_PRIORITY( pxTCB->uxPriority );
4134:Middlewares/Third_Party/FreeRTOS/Source/tasks.c **** 					}
4135:Middlewares/Third_Party/FreeRTOS/Source/tasks.c **** 					else
4136:Middlewares/Third_Party/FreeRTOS/Source/tasks.c **** 					{
4137:Middlewares/Third_Party/FreeRTOS/Source/tasks.c **** 						mtCOVERAGE_TEST_MARKER();
4138:Middlewares/Third_Party/FreeRTOS/Source/tasks.c **** 					}
4139:Middlewares/Third_Party/FreeRTOS/Source/tasks.c **** 
4140:Middlewares/Third_Party/FreeRTOS/Source/tasks.c **** 					/* Disinherit the priority before adding the task into the
4141:Middlewares/Third_Party/FreeRTOS/Source/tasks.c **** 					new	ready list. */
4142:Middlewares/Third_Party/FreeRTOS/Source/tasks.c **** 					traceTASK_PRIORITY_DISINHERIT( pxTCB, pxTCB->uxBasePriority );
4143:Middlewares/Third_Party/FreeRTOS/Source/tasks.c **** 					pxTCB->uxPriority = pxTCB->uxBasePriority;
4144:Middlewares/Third_Party/FreeRTOS/Source/tasks.c **** 
4145:Middlewares/Third_Party/FreeRTOS/Source/tasks.c **** 					/* Reset the event list item value.  It cannot be in use for
4146:Middlewares/Third_Party/FreeRTOS/Source/tasks.c **** 					any other purpose if this task is running, and it must be
4147:Middlewares/Third_Party/FreeRTOS/Source/tasks.c **** 					running to give back the mutex. */
4148:Middlewares/Third_Party/FreeRTOS/Source/tasks.c **** 					listSET_LIST_ITEM_VALUE( &( pxTCB->xEventListItem ), ( TickType_t ) configMAX_PRIORITIES - ( T
4149:Middlewares/Third_Party/FreeRTOS/Source/tasks.c **** 					prvAddTaskToReadyList( pxTCB );
4150:Middlewares/Third_Party/FreeRTOS/Source/tasks.c **** 
4151:Middlewares/Third_Party/FreeRTOS/Source/tasks.c **** 					/* Return true to indicate that a context switch is required.
4152:Middlewares/Third_Party/FreeRTOS/Source/tasks.c **** 					This is only actually required in the corner case whereby
4153:Middlewares/Third_Party/FreeRTOS/Source/tasks.c **** 					multiple mutexes were held and the mutexes were given back
4154:Middlewares/Third_Party/FreeRTOS/Source/tasks.c **** 					in an order different to that in which they were taken.
4155:Middlewares/Third_Party/FreeRTOS/Source/tasks.c **** 					If a context switch did not occur when the first mutex was
4156:Middlewares/Third_Party/FreeRTOS/Source/tasks.c **** 					returned, even if a task was waiting on it, then a context
4157:Middlewares/Third_Party/FreeRTOS/Source/tasks.c **** 					switch should occur when the last mutex is returned whether
4158:Middlewares/Third_Party/FreeRTOS/Source/tasks.c **** 					a task is waiting on it or not. */
4159:Middlewares/Third_Party/FreeRTOS/Source/tasks.c **** 					xReturn = pdTRUE;
4160:Middlewares/Third_Party/FreeRTOS/Source/tasks.c **** 				}
4161:Middlewares/Third_Party/FreeRTOS/Source/tasks.c **** 				else
4162:Middlewares/Third_Party/FreeRTOS/Source/tasks.c **** 				{
4163:Middlewares/Third_Party/FreeRTOS/Source/tasks.c **** 					mtCOVERAGE_TEST_MARKER();
4164:Middlewares/Third_Party/FreeRTOS/Source/tasks.c **** 				}
4165:Middlewares/Third_Party/FreeRTOS/Source/tasks.c **** 			}
4166:Middlewares/Third_Party/FreeRTOS/Source/tasks.c **** 			else
4167:Middlewares/Third_Party/FreeRTOS/Source/tasks.c **** 			{
4168:Middlewares/Third_Party/FreeRTOS/Source/tasks.c **** 				mtCOVERAGE_TEST_MARKER();
4169:Middlewares/Third_Party/FreeRTOS/Source/tasks.c **** 			}
4170:Middlewares/Third_Party/FreeRTOS/Source/tasks.c **** 		}
4171:Middlewares/Third_Party/FreeRTOS/Source/tasks.c **** 		else
4172:Middlewares/Third_Party/FreeRTOS/Source/tasks.c **** 		{
4173:Middlewares/Third_Party/FreeRTOS/Source/tasks.c **** 			mtCOVERAGE_TEST_MARKER();
4174:Middlewares/Third_Party/FreeRTOS/Source/tasks.c **** 		}
4175:Middlewares/Third_Party/FreeRTOS/Source/tasks.c **** 
ARM GAS  /tmp/ccV8B7BA.s 			page 96


4176:Middlewares/Third_Party/FreeRTOS/Source/tasks.c **** 		return xReturn;
4177:Middlewares/Third_Party/FreeRTOS/Source/tasks.c **** 	}
4178:Middlewares/Third_Party/FreeRTOS/Source/tasks.c **** 
4179:Middlewares/Third_Party/FreeRTOS/Source/tasks.c **** #endif /* configUSE_MUTEXES */
4180:Middlewares/Third_Party/FreeRTOS/Source/tasks.c **** /*-----------------------------------------------------------*/
4181:Middlewares/Third_Party/FreeRTOS/Source/tasks.c **** 
4182:Middlewares/Third_Party/FreeRTOS/Source/tasks.c **** #if ( configUSE_MUTEXES == 1 )
4183:Middlewares/Third_Party/FreeRTOS/Source/tasks.c **** 
4184:Middlewares/Third_Party/FreeRTOS/Source/tasks.c **** 	void vTaskPriorityDisinheritAfterTimeout( TaskHandle_t const pxMutexHolder, UBaseType_t uxHighestP
4185:Middlewares/Third_Party/FreeRTOS/Source/tasks.c **** 	{
4186:Middlewares/Third_Party/FreeRTOS/Source/tasks.c **** 	TCB_t * const pxTCB = pxMutexHolder;
4187:Middlewares/Third_Party/FreeRTOS/Source/tasks.c **** 	UBaseType_t uxPriorityUsedOnEntry, uxPriorityToUse;
4188:Middlewares/Third_Party/FreeRTOS/Source/tasks.c **** 	const UBaseType_t uxOnlyOneMutexHeld = ( UBaseType_t ) 1;
4189:Middlewares/Third_Party/FreeRTOS/Source/tasks.c **** 
4190:Middlewares/Third_Party/FreeRTOS/Source/tasks.c **** 		if( pxMutexHolder != NULL )
4191:Middlewares/Third_Party/FreeRTOS/Source/tasks.c **** 		{
4192:Middlewares/Third_Party/FreeRTOS/Source/tasks.c **** 			/* If pxMutexHolder is not NULL then the holder must hold at least
4193:Middlewares/Third_Party/FreeRTOS/Source/tasks.c **** 			one mutex. */
4194:Middlewares/Third_Party/FreeRTOS/Source/tasks.c **** 			configASSERT( pxTCB->uxMutexesHeld );
4195:Middlewares/Third_Party/FreeRTOS/Source/tasks.c **** 
4196:Middlewares/Third_Party/FreeRTOS/Source/tasks.c **** 			/* Determine the priority to which the priority of the task that
4197:Middlewares/Third_Party/FreeRTOS/Source/tasks.c **** 			holds the mutex should be set.  This will be the greater of the
4198:Middlewares/Third_Party/FreeRTOS/Source/tasks.c **** 			holding task's base priority and the priority of the highest
4199:Middlewares/Third_Party/FreeRTOS/Source/tasks.c **** 			priority task that is waiting to obtain the mutex. */
4200:Middlewares/Third_Party/FreeRTOS/Source/tasks.c **** 			if( pxTCB->uxBasePriority < uxHighestPriorityWaitingTask )
4201:Middlewares/Third_Party/FreeRTOS/Source/tasks.c **** 			{
4202:Middlewares/Third_Party/FreeRTOS/Source/tasks.c **** 				uxPriorityToUse = uxHighestPriorityWaitingTask;
4203:Middlewares/Third_Party/FreeRTOS/Source/tasks.c **** 			}
4204:Middlewares/Third_Party/FreeRTOS/Source/tasks.c **** 			else
4205:Middlewares/Third_Party/FreeRTOS/Source/tasks.c **** 			{
4206:Middlewares/Third_Party/FreeRTOS/Source/tasks.c **** 				uxPriorityToUse = pxTCB->uxBasePriority;
4207:Middlewares/Third_Party/FreeRTOS/Source/tasks.c **** 			}
4208:Middlewares/Third_Party/FreeRTOS/Source/tasks.c **** 
4209:Middlewares/Third_Party/FreeRTOS/Source/tasks.c **** 			/* Does the priority need to change? */
4210:Middlewares/Third_Party/FreeRTOS/Source/tasks.c **** 			if( pxTCB->uxPriority != uxPriorityToUse )
4211:Middlewares/Third_Party/FreeRTOS/Source/tasks.c **** 			{
4212:Middlewares/Third_Party/FreeRTOS/Source/tasks.c **** 				/* Only disinherit if no other mutexes are held.  This is a
4213:Middlewares/Third_Party/FreeRTOS/Source/tasks.c **** 				simplification in the priority inheritance implementation.  If
4214:Middlewares/Third_Party/FreeRTOS/Source/tasks.c **** 				the task that holds the mutex is also holding other mutexes then
4215:Middlewares/Third_Party/FreeRTOS/Source/tasks.c **** 				the other mutexes may have caused the priority inheritance. */
4216:Middlewares/Third_Party/FreeRTOS/Source/tasks.c **** 				if( pxTCB->uxMutexesHeld == uxOnlyOneMutexHeld )
4217:Middlewares/Third_Party/FreeRTOS/Source/tasks.c **** 				{
4218:Middlewares/Third_Party/FreeRTOS/Source/tasks.c **** 					/* If a task has timed out because it already holds the
4219:Middlewares/Third_Party/FreeRTOS/Source/tasks.c **** 					mutex it was trying to obtain then it cannot of inherited
4220:Middlewares/Third_Party/FreeRTOS/Source/tasks.c **** 					its own priority. */
4221:Middlewares/Third_Party/FreeRTOS/Source/tasks.c **** 					configASSERT( pxTCB != pxCurrentTCB );
4222:Middlewares/Third_Party/FreeRTOS/Source/tasks.c **** 
4223:Middlewares/Third_Party/FreeRTOS/Source/tasks.c **** 					/* Disinherit the priority, remembering the previous
4224:Middlewares/Third_Party/FreeRTOS/Source/tasks.c **** 					priority to facilitate determining the subject task's
4225:Middlewares/Third_Party/FreeRTOS/Source/tasks.c **** 					state. */
4226:Middlewares/Third_Party/FreeRTOS/Source/tasks.c **** 					traceTASK_PRIORITY_DISINHERIT( pxTCB, pxTCB->uxBasePriority );
4227:Middlewares/Third_Party/FreeRTOS/Source/tasks.c **** 					uxPriorityUsedOnEntry = pxTCB->uxPriority;
4228:Middlewares/Third_Party/FreeRTOS/Source/tasks.c **** 					pxTCB->uxPriority = uxPriorityToUse;
4229:Middlewares/Third_Party/FreeRTOS/Source/tasks.c **** 
4230:Middlewares/Third_Party/FreeRTOS/Source/tasks.c **** 					/* Only reset the event list item value if the value is not
4231:Middlewares/Third_Party/FreeRTOS/Source/tasks.c **** 					being used for anything else. */
4232:Middlewares/Third_Party/FreeRTOS/Source/tasks.c **** 					if( ( listGET_LIST_ITEM_VALUE( &( pxTCB->xEventListItem ) ) & taskEVENT_LIST_ITEM_VALUE_IN_USE
ARM GAS  /tmp/ccV8B7BA.s 			page 97


4233:Middlewares/Third_Party/FreeRTOS/Source/tasks.c **** 					{
4234:Middlewares/Third_Party/FreeRTOS/Source/tasks.c **** 						listSET_LIST_ITEM_VALUE( &( pxTCB->xEventListItem ), ( TickType_t ) configMAX_PRIORITIES - ( 
4235:Middlewares/Third_Party/FreeRTOS/Source/tasks.c **** 					}
4236:Middlewares/Third_Party/FreeRTOS/Source/tasks.c **** 					else
4237:Middlewares/Third_Party/FreeRTOS/Source/tasks.c **** 					{
4238:Middlewares/Third_Party/FreeRTOS/Source/tasks.c **** 						mtCOVERAGE_TEST_MARKER();
4239:Middlewares/Third_Party/FreeRTOS/Source/tasks.c **** 					}
4240:Middlewares/Third_Party/FreeRTOS/Source/tasks.c **** 
4241:Middlewares/Third_Party/FreeRTOS/Source/tasks.c **** 					/* If the running task is not the task that holds the mutex
4242:Middlewares/Third_Party/FreeRTOS/Source/tasks.c **** 					then the task that holds the mutex could be in either the
4243:Middlewares/Third_Party/FreeRTOS/Source/tasks.c **** 					Ready, Blocked or Suspended states.  Only remove the task
4244:Middlewares/Third_Party/FreeRTOS/Source/tasks.c **** 					from its current state list if it is in the Ready state as
4245:Middlewares/Third_Party/FreeRTOS/Source/tasks.c **** 					the task's priority is going to change and there is one
4246:Middlewares/Third_Party/FreeRTOS/Source/tasks.c **** 					Ready list per priority. */
4247:Middlewares/Third_Party/FreeRTOS/Source/tasks.c **** 					if( listIS_CONTAINED_WITHIN( &( pxReadyTasksLists[ uxPriorityUsedOnEntry ] ), &( pxTCB->xState
4248:Middlewares/Third_Party/FreeRTOS/Source/tasks.c **** 					{
4249:Middlewares/Third_Party/FreeRTOS/Source/tasks.c **** 						if( uxListRemove( &( pxTCB->xStateListItem ) ) == ( UBaseType_t ) 0 )
4250:Middlewares/Third_Party/FreeRTOS/Source/tasks.c **** 						{
4251:Middlewares/Third_Party/FreeRTOS/Source/tasks.c **** 							/* It is known that the task is in its ready list so
4252:Middlewares/Third_Party/FreeRTOS/Source/tasks.c **** 							there is no need to check again and the port level
4253:Middlewares/Third_Party/FreeRTOS/Source/tasks.c **** 							reset macro can be called directly. */
4254:Middlewares/Third_Party/FreeRTOS/Source/tasks.c **** 							portRESET_READY_PRIORITY( pxTCB->uxPriority, uxTopReadyPriority );
4255:Middlewares/Third_Party/FreeRTOS/Source/tasks.c **** 						}
4256:Middlewares/Third_Party/FreeRTOS/Source/tasks.c **** 						else
4257:Middlewares/Third_Party/FreeRTOS/Source/tasks.c **** 						{
4258:Middlewares/Third_Party/FreeRTOS/Source/tasks.c **** 							mtCOVERAGE_TEST_MARKER();
4259:Middlewares/Third_Party/FreeRTOS/Source/tasks.c **** 						}
4260:Middlewares/Third_Party/FreeRTOS/Source/tasks.c **** 
4261:Middlewares/Third_Party/FreeRTOS/Source/tasks.c **** 						prvAddTaskToReadyList( pxTCB );
4262:Middlewares/Third_Party/FreeRTOS/Source/tasks.c **** 					}
4263:Middlewares/Third_Party/FreeRTOS/Source/tasks.c **** 					else
4264:Middlewares/Third_Party/FreeRTOS/Source/tasks.c **** 					{
4265:Middlewares/Third_Party/FreeRTOS/Source/tasks.c **** 						mtCOVERAGE_TEST_MARKER();
4266:Middlewares/Third_Party/FreeRTOS/Source/tasks.c **** 					}
4267:Middlewares/Third_Party/FreeRTOS/Source/tasks.c **** 				}
4268:Middlewares/Third_Party/FreeRTOS/Source/tasks.c **** 				else
4269:Middlewares/Third_Party/FreeRTOS/Source/tasks.c **** 				{
4270:Middlewares/Third_Party/FreeRTOS/Source/tasks.c **** 					mtCOVERAGE_TEST_MARKER();
4271:Middlewares/Third_Party/FreeRTOS/Source/tasks.c **** 				}
4272:Middlewares/Third_Party/FreeRTOS/Source/tasks.c **** 			}
4273:Middlewares/Third_Party/FreeRTOS/Source/tasks.c **** 			else
4274:Middlewares/Third_Party/FreeRTOS/Source/tasks.c **** 			{
4275:Middlewares/Third_Party/FreeRTOS/Source/tasks.c **** 				mtCOVERAGE_TEST_MARKER();
4276:Middlewares/Third_Party/FreeRTOS/Source/tasks.c **** 			}
4277:Middlewares/Third_Party/FreeRTOS/Source/tasks.c **** 		}
4278:Middlewares/Third_Party/FreeRTOS/Source/tasks.c **** 		else
4279:Middlewares/Third_Party/FreeRTOS/Source/tasks.c **** 		{
4280:Middlewares/Third_Party/FreeRTOS/Source/tasks.c **** 			mtCOVERAGE_TEST_MARKER();
4281:Middlewares/Third_Party/FreeRTOS/Source/tasks.c **** 		}
4282:Middlewares/Third_Party/FreeRTOS/Source/tasks.c **** 	}
4283:Middlewares/Third_Party/FreeRTOS/Source/tasks.c **** 
4284:Middlewares/Third_Party/FreeRTOS/Source/tasks.c **** #endif /* configUSE_MUTEXES */
4285:Middlewares/Third_Party/FreeRTOS/Source/tasks.c **** /*-----------------------------------------------------------*/
4286:Middlewares/Third_Party/FreeRTOS/Source/tasks.c **** 
4287:Middlewares/Third_Party/FreeRTOS/Source/tasks.c **** #if ( portCRITICAL_NESTING_IN_TCB == 1 )
4288:Middlewares/Third_Party/FreeRTOS/Source/tasks.c **** 
4289:Middlewares/Third_Party/FreeRTOS/Source/tasks.c **** 	void vTaskEnterCritical( void )
ARM GAS  /tmp/ccV8B7BA.s 			page 98


4290:Middlewares/Third_Party/FreeRTOS/Source/tasks.c **** 	{
4291:Middlewares/Third_Party/FreeRTOS/Source/tasks.c **** 		portDISABLE_INTERRUPTS();
4292:Middlewares/Third_Party/FreeRTOS/Source/tasks.c **** 
4293:Middlewares/Third_Party/FreeRTOS/Source/tasks.c **** 		if( xSchedulerRunning != pdFALSE )
4294:Middlewares/Third_Party/FreeRTOS/Source/tasks.c **** 		{
4295:Middlewares/Third_Party/FreeRTOS/Source/tasks.c **** 			( pxCurrentTCB->uxCriticalNesting )++;
4296:Middlewares/Third_Party/FreeRTOS/Source/tasks.c **** 
4297:Middlewares/Third_Party/FreeRTOS/Source/tasks.c **** 			/* This is not the interrupt safe version of the enter critical
4298:Middlewares/Third_Party/FreeRTOS/Source/tasks.c **** 			function so	assert() if it is being called from an interrupt
4299:Middlewares/Third_Party/FreeRTOS/Source/tasks.c **** 			context.  Only API functions that end in "FromISR" can be used in an
4300:Middlewares/Third_Party/FreeRTOS/Source/tasks.c **** 			interrupt.  Only assert if the critical nesting count is 1 to
4301:Middlewares/Third_Party/FreeRTOS/Source/tasks.c **** 			protect against recursive calls if the assert function also uses a
4302:Middlewares/Third_Party/FreeRTOS/Source/tasks.c **** 			critical section. */
4303:Middlewares/Third_Party/FreeRTOS/Source/tasks.c **** 			if( pxCurrentTCB->uxCriticalNesting == 1 )
4304:Middlewares/Third_Party/FreeRTOS/Source/tasks.c **** 			{
4305:Middlewares/Third_Party/FreeRTOS/Source/tasks.c **** 				portASSERT_IF_IN_ISR();
4306:Middlewares/Third_Party/FreeRTOS/Source/tasks.c **** 			}
4307:Middlewares/Third_Party/FreeRTOS/Source/tasks.c **** 		}
4308:Middlewares/Third_Party/FreeRTOS/Source/tasks.c **** 		else
4309:Middlewares/Third_Party/FreeRTOS/Source/tasks.c **** 		{
4310:Middlewares/Third_Party/FreeRTOS/Source/tasks.c **** 			mtCOVERAGE_TEST_MARKER();
4311:Middlewares/Third_Party/FreeRTOS/Source/tasks.c **** 		}
4312:Middlewares/Third_Party/FreeRTOS/Source/tasks.c **** 	}
4313:Middlewares/Third_Party/FreeRTOS/Source/tasks.c **** 
4314:Middlewares/Third_Party/FreeRTOS/Source/tasks.c **** #endif /* portCRITICAL_NESTING_IN_TCB */
4315:Middlewares/Third_Party/FreeRTOS/Source/tasks.c **** /*-----------------------------------------------------------*/
4316:Middlewares/Third_Party/FreeRTOS/Source/tasks.c **** 
4317:Middlewares/Third_Party/FreeRTOS/Source/tasks.c **** #if ( portCRITICAL_NESTING_IN_TCB == 1 )
4318:Middlewares/Third_Party/FreeRTOS/Source/tasks.c **** 
4319:Middlewares/Third_Party/FreeRTOS/Source/tasks.c **** 	void vTaskExitCritical( void )
4320:Middlewares/Third_Party/FreeRTOS/Source/tasks.c **** 	{
4321:Middlewares/Third_Party/FreeRTOS/Source/tasks.c **** 		if( xSchedulerRunning != pdFALSE )
4322:Middlewares/Third_Party/FreeRTOS/Source/tasks.c **** 		{
4323:Middlewares/Third_Party/FreeRTOS/Source/tasks.c **** 			if( pxCurrentTCB->uxCriticalNesting > 0U )
4324:Middlewares/Third_Party/FreeRTOS/Source/tasks.c **** 			{
4325:Middlewares/Third_Party/FreeRTOS/Source/tasks.c **** 				( pxCurrentTCB->uxCriticalNesting )--;
4326:Middlewares/Third_Party/FreeRTOS/Source/tasks.c **** 
4327:Middlewares/Third_Party/FreeRTOS/Source/tasks.c **** 				if( pxCurrentTCB->uxCriticalNesting == 0U )
4328:Middlewares/Third_Party/FreeRTOS/Source/tasks.c **** 				{
4329:Middlewares/Third_Party/FreeRTOS/Source/tasks.c **** 					portENABLE_INTERRUPTS();
4330:Middlewares/Third_Party/FreeRTOS/Source/tasks.c **** 				}
4331:Middlewares/Third_Party/FreeRTOS/Source/tasks.c **** 				else
4332:Middlewares/Third_Party/FreeRTOS/Source/tasks.c **** 				{
4333:Middlewares/Third_Party/FreeRTOS/Source/tasks.c **** 					mtCOVERAGE_TEST_MARKER();
4334:Middlewares/Third_Party/FreeRTOS/Source/tasks.c **** 				}
4335:Middlewares/Third_Party/FreeRTOS/Source/tasks.c **** 			}
4336:Middlewares/Third_Party/FreeRTOS/Source/tasks.c **** 			else
4337:Middlewares/Third_Party/FreeRTOS/Source/tasks.c **** 			{
4338:Middlewares/Third_Party/FreeRTOS/Source/tasks.c **** 				mtCOVERAGE_TEST_MARKER();
4339:Middlewares/Third_Party/FreeRTOS/Source/tasks.c **** 			}
4340:Middlewares/Third_Party/FreeRTOS/Source/tasks.c **** 		}
4341:Middlewares/Third_Party/FreeRTOS/Source/tasks.c **** 		else
4342:Middlewares/Third_Party/FreeRTOS/Source/tasks.c **** 		{
4343:Middlewares/Third_Party/FreeRTOS/Source/tasks.c **** 			mtCOVERAGE_TEST_MARKER();
4344:Middlewares/Third_Party/FreeRTOS/Source/tasks.c **** 		}
4345:Middlewares/Third_Party/FreeRTOS/Source/tasks.c **** 	}
4346:Middlewares/Third_Party/FreeRTOS/Source/tasks.c **** 
ARM GAS  /tmp/ccV8B7BA.s 			page 99


4347:Middlewares/Third_Party/FreeRTOS/Source/tasks.c **** #endif /* portCRITICAL_NESTING_IN_TCB */
4348:Middlewares/Third_Party/FreeRTOS/Source/tasks.c **** /*-----------------------------------------------------------*/
4349:Middlewares/Third_Party/FreeRTOS/Source/tasks.c **** 
4350:Middlewares/Third_Party/FreeRTOS/Source/tasks.c **** #if ( ( configUSE_TRACE_FACILITY == 1 ) && ( configUSE_STATS_FORMATTING_FUNCTIONS > 0 ) )
4351:Middlewares/Third_Party/FreeRTOS/Source/tasks.c **** 
4352:Middlewares/Third_Party/FreeRTOS/Source/tasks.c **** 	static char *prvWriteNameToBuffer( char *pcBuffer, const char *pcTaskName )
4353:Middlewares/Third_Party/FreeRTOS/Source/tasks.c **** 	{
4354:Middlewares/Third_Party/FreeRTOS/Source/tasks.c **** 	size_t x;
4355:Middlewares/Third_Party/FreeRTOS/Source/tasks.c **** 
4356:Middlewares/Third_Party/FreeRTOS/Source/tasks.c **** 		/* Start by copying the entire string. */
4357:Middlewares/Third_Party/FreeRTOS/Source/tasks.c **** 		strcpy( pcBuffer, pcTaskName );
4358:Middlewares/Third_Party/FreeRTOS/Source/tasks.c **** 
4359:Middlewares/Third_Party/FreeRTOS/Source/tasks.c **** 		/* Pad the end of the string with spaces to ensure columns line up when
4360:Middlewares/Third_Party/FreeRTOS/Source/tasks.c **** 		printed out. */
4361:Middlewares/Third_Party/FreeRTOS/Source/tasks.c **** 		for( x = strlen( pcBuffer ); x < ( size_t ) ( configMAX_TASK_NAME_LEN - 1 ); x++ )
4362:Middlewares/Third_Party/FreeRTOS/Source/tasks.c **** 		{
4363:Middlewares/Third_Party/FreeRTOS/Source/tasks.c **** 			pcBuffer[ x ] = ' ';
4364:Middlewares/Third_Party/FreeRTOS/Source/tasks.c **** 		}
4365:Middlewares/Third_Party/FreeRTOS/Source/tasks.c **** 
4366:Middlewares/Third_Party/FreeRTOS/Source/tasks.c **** 		/* Terminate. */
4367:Middlewares/Third_Party/FreeRTOS/Source/tasks.c **** 		pcBuffer[ x ] = ( char ) 0x00;
4368:Middlewares/Third_Party/FreeRTOS/Source/tasks.c **** 
4369:Middlewares/Third_Party/FreeRTOS/Source/tasks.c **** 		/* Return the new end of string. */
4370:Middlewares/Third_Party/FreeRTOS/Source/tasks.c **** 		return &( pcBuffer[ x ] );
4371:Middlewares/Third_Party/FreeRTOS/Source/tasks.c **** 	}
4372:Middlewares/Third_Party/FreeRTOS/Source/tasks.c **** 
4373:Middlewares/Third_Party/FreeRTOS/Source/tasks.c **** #endif /* ( configUSE_TRACE_FACILITY == 1 ) && ( configUSE_STATS_FORMATTING_FUNCTIONS > 0 ) */
4374:Middlewares/Third_Party/FreeRTOS/Source/tasks.c **** /*-----------------------------------------------------------*/
4375:Middlewares/Third_Party/FreeRTOS/Source/tasks.c **** 
4376:Middlewares/Third_Party/FreeRTOS/Source/tasks.c **** #if ( ( configUSE_TRACE_FACILITY == 1 ) && ( configUSE_STATS_FORMATTING_FUNCTIONS > 0 ) && ( config
4377:Middlewares/Third_Party/FreeRTOS/Source/tasks.c **** 
4378:Middlewares/Third_Party/FreeRTOS/Source/tasks.c **** 	void vTaskList( char * pcWriteBuffer )
4379:Middlewares/Third_Party/FreeRTOS/Source/tasks.c **** 	{
4380:Middlewares/Third_Party/FreeRTOS/Source/tasks.c **** 	TaskStatus_t *pxTaskStatusArray;
4381:Middlewares/Third_Party/FreeRTOS/Source/tasks.c **** 	UBaseType_t uxArraySize, x;
4382:Middlewares/Third_Party/FreeRTOS/Source/tasks.c **** 	char cStatus;
4383:Middlewares/Third_Party/FreeRTOS/Source/tasks.c **** 
4384:Middlewares/Third_Party/FreeRTOS/Source/tasks.c **** 		/*
4385:Middlewares/Third_Party/FreeRTOS/Source/tasks.c **** 		 * PLEASE NOTE:
4386:Middlewares/Third_Party/FreeRTOS/Source/tasks.c **** 		 *
4387:Middlewares/Third_Party/FreeRTOS/Source/tasks.c **** 		 * This function is provided for convenience only, and is used by many
4388:Middlewares/Third_Party/FreeRTOS/Source/tasks.c **** 		 * of the demo applications.  Do not consider it to be part of the
4389:Middlewares/Third_Party/FreeRTOS/Source/tasks.c **** 		 * scheduler.
4390:Middlewares/Third_Party/FreeRTOS/Source/tasks.c **** 		 *
4391:Middlewares/Third_Party/FreeRTOS/Source/tasks.c **** 		 * vTaskList() calls uxTaskGetSystemState(), then formats part of the
4392:Middlewares/Third_Party/FreeRTOS/Source/tasks.c **** 		 * uxTaskGetSystemState() output into a human readable table that
4393:Middlewares/Third_Party/FreeRTOS/Source/tasks.c **** 		 * displays task names, states and stack usage.
4394:Middlewares/Third_Party/FreeRTOS/Source/tasks.c **** 		 *
4395:Middlewares/Third_Party/FreeRTOS/Source/tasks.c **** 		 * vTaskList() has a dependency on the sprintf() C library function that
4396:Middlewares/Third_Party/FreeRTOS/Source/tasks.c **** 		 * might bloat the code size, use a lot of stack, and provide different
4397:Middlewares/Third_Party/FreeRTOS/Source/tasks.c **** 		 * results on different platforms.  An alternative, tiny, third party,
4398:Middlewares/Third_Party/FreeRTOS/Source/tasks.c **** 		 * and limited functionality implementation of sprintf() is provided in
4399:Middlewares/Third_Party/FreeRTOS/Source/tasks.c **** 		 * many of the FreeRTOS/Demo sub-directories in a file called
4400:Middlewares/Third_Party/FreeRTOS/Source/tasks.c **** 		 * printf-stdarg.c (note printf-stdarg.c does not provide a full
4401:Middlewares/Third_Party/FreeRTOS/Source/tasks.c **** 		 * snprintf() implementation!).
4402:Middlewares/Third_Party/FreeRTOS/Source/tasks.c **** 		 *
4403:Middlewares/Third_Party/FreeRTOS/Source/tasks.c **** 		 * It is recommended that production systems call uxTaskGetSystemState()
ARM GAS  /tmp/ccV8B7BA.s 			page 100


4404:Middlewares/Third_Party/FreeRTOS/Source/tasks.c **** 		 * directly to get access to raw stats data, rather than indirectly
4405:Middlewares/Third_Party/FreeRTOS/Source/tasks.c **** 		 * through a call to vTaskList().
4406:Middlewares/Third_Party/FreeRTOS/Source/tasks.c **** 		 */
4407:Middlewares/Third_Party/FreeRTOS/Source/tasks.c **** 
4408:Middlewares/Third_Party/FreeRTOS/Source/tasks.c **** 
4409:Middlewares/Third_Party/FreeRTOS/Source/tasks.c **** 		/* Make sure the write buffer does not contain a string. */
4410:Middlewares/Third_Party/FreeRTOS/Source/tasks.c **** 		*pcWriteBuffer = ( char ) 0x00;
4411:Middlewares/Third_Party/FreeRTOS/Source/tasks.c **** 
4412:Middlewares/Third_Party/FreeRTOS/Source/tasks.c **** 		/* Take a snapshot of the number of tasks in case it changes while this
4413:Middlewares/Third_Party/FreeRTOS/Source/tasks.c **** 		function is executing. */
4414:Middlewares/Third_Party/FreeRTOS/Source/tasks.c **** 		uxArraySize = uxCurrentNumberOfTasks;
4415:Middlewares/Third_Party/FreeRTOS/Source/tasks.c **** 
4416:Middlewares/Third_Party/FreeRTOS/Source/tasks.c **** 		/* Allocate an array index for each task.  NOTE!  if
4417:Middlewares/Third_Party/FreeRTOS/Source/tasks.c **** 		configSUPPORT_DYNAMIC_ALLOCATION is set to 0 then pvPortMalloc() will
4418:Middlewares/Third_Party/FreeRTOS/Source/tasks.c **** 		equate to NULL. */
4419:Middlewares/Third_Party/FreeRTOS/Source/tasks.c **** 		pxTaskStatusArray = pvPortMalloc( uxCurrentNumberOfTasks * sizeof( TaskStatus_t ) ); /*lint !e907
4420:Middlewares/Third_Party/FreeRTOS/Source/tasks.c **** 
4421:Middlewares/Third_Party/FreeRTOS/Source/tasks.c **** 		if( pxTaskStatusArray != NULL )
4422:Middlewares/Third_Party/FreeRTOS/Source/tasks.c **** 		{
4423:Middlewares/Third_Party/FreeRTOS/Source/tasks.c **** 			/* Generate the (binary) data. */
4424:Middlewares/Third_Party/FreeRTOS/Source/tasks.c **** 			uxArraySize = uxTaskGetSystemState( pxTaskStatusArray, uxArraySize, NULL );
4425:Middlewares/Third_Party/FreeRTOS/Source/tasks.c **** 
4426:Middlewares/Third_Party/FreeRTOS/Source/tasks.c **** 			/* Create a human readable table from the binary data. */
4427:Middlewares/Third_Party/FreeRTOS/Source/tasks.c **** 			for( x = 0; x < uxArraySize; x++ )
4428:Middlewares/Third_Party/FreeRTOS/Source/tasks.c **** 			{
4429:Middlewares/Third_Party/FreeRTOS/Source/tasks.c **** 				switch( pxTaskStatusArray[ x ].eCurrentState )
4430:Middlewares/Third_Party/FreeRTOS/Source/tasks.c **** 				{
4431:Middlewares/Third_Party/FreeRTOS/Source/tasks.c **** 					case eRunning:		cStatus = tskRUNNING_CHAR;
4432:Middlewares/Third_Party/FreeRTOS/Source/tasks.c **** 										break;
4433:Middlewares/Third_Party/FreeRTOS/Source/tasks.c **** 
4434:Middlewares/Third_Party/FreeRTOS/Source/tasks.c **** 					case eReady:		cStatus = tskREADY_CHAR;
4435:Middlewares/Third_Party/FreeRTOS/Source/tasks.c **** 										break;
4436:Middlewares/Third_Party/FreeRTOS/Source/tasks.c **** 
4437:Middlewares/Third_Party/FreeRTOS/Source/tasks.c **** 					case eBlocked:		cStatus = tskBLOCKED_CHAR;
4438:Middlewares/Third_Party/FreeRTOS/Source/tasks.c **** 										break;
4439:Middlewares/Third_Party/FreeRTOS/Source/tasks.c **** 
4440:Middlewares/Third_Party/FreeRTOS/Source/tasks.c **** 					case eSuspended:	cStatus = tskSUSPENDED_CHAR;
4441:Middlewares/Third_Party/FreeRTOS/Source/tasks.c **** 										break;
4442:Middlewares/Third_Party/FreeRTOS/Source/tasks.c **** 
4443:Middlewares/Third_Party/FreeRTOS/Source/tasks.c **** 					case eDeleted:		cStatus = tskDELETED_CHAR;
4444:Middlewares/Third_Party/FreeRTOS/Source/tasks.c **** 										break;
4445:Middlewares/Third_Party/FreeRTOS/Source/tasks.c **** 
4446:Middlewares/Third_Party/FreeRTOS/Source/tasks.c **** 					case eInvalid:		/* Fall through. */
4447:Middlewares/Third_Party/FreeRTOS/Source/tasks.c **** 					default:			/* Should not get here, but it is included
4448:Middlewares/Third_Party/FreeRTOS/Source/tasks.c **** 										to prevent static checking errors. */
4449:Middlewares/Third_Party/FreeRTOS/Source/tasks.c **** 										cStatus = ( char ) 0x00;
4450:Middlewares/Third_Party/FreeRTOS/Source/tasks.c **** 										break;
4451:Middlewares/Third_Party/FreeRTOS/Source/tasks.c **** 				}
4452:Middlewares/Third_Party/FreeRTOS/Source/tasks.c **** 
4453:Middlewares/Third_Party/FreeRTOS/Source/tasks.c **** 				/* Write the task name to the string, padding with spaces so it
4454:Middlewares/Third_Party/FreeRTOS/Source/tasks.c **** 				can be printed in tabular form more easily. */
4455:Middlewares/Third_Party/FreeRTOS/Source/tasks.c **** 				pcWriteBuffer = prvWriteNameToBuffer( pcWriteBuffer, pxTaskStatusArray[ x ].pcTaskName );
4456:Middlewares/Third_Party/FreeRTOS/Source/tasks.c **** 
4457:Middlewares/Third_Party/FreeRTOS/Source/tasks.c **** 				/* Write the rest of the string. */
4458:Middlewares/Third_Party/FreeRTOS/Source/tasks.c **** 				sprintf( pcWriteBuffer, "\t%c\t%u\t%u\t%u\r\n", cStatus, ( unsigned int ) pxTaskStatusArray[ x 
4459:Middlewares/Third_Party/FreeRTOS/Source/tasks.c **** 				pcWriteBuffer += strlen( pcWriteBuffer ); /*lint !e9016 Pointer arithmetic ok on char pointers 
4460:Middlewares/Third_Party/FreeRTOS/Source/tasks.c **** 			}
ARM GAS  /tmp/ccV8B7BA.s 			page 101


4461:Middlewares/Third_Party/FreeRTOS/Source/tasks.c **** 
4462:Middlewares/Third_Party/FreeRTOS/Source/tasks.c **** 			/* Free the array again.  NOTE!  If configSUPPORT_DYNAMIC_ALLOCATION
4463:Middlewares/Third_Party/FreeRTOS/Source/tasks.c **** 			is 0 then vPortFree() will be #defined to nothing. */
4464:Middlewares/Third_Party/FreeRTOS/Source/tasks.c **** 			vPortFree( pxTaskStatusArray );
4465:Middlewares/Third_Party/FreeRTOS/Source/tasks.c **** 		}
4466:Middlewares/Third_Party/FreeRTOS/Source/tasks.c **** 		else
4467:Middlewares/Third_Party/FreeRTOS/Source/tasks.c **** 		{
4468:Middlewares/Third_Party/FreeRTOS/Source/tasks.c **** 			mtCOVERAGE_TEST_MARKER();
4469:Middlewares/Third_Party/FreeRTOS/Source/tasks.c **** 		}
4470:Middlewares/Third_Party/FreeRTOS/Source/tasks.c **** 	}
4471:Middlewares/Third_Party/FreeRTOS/Source/tasks.c **** 
4472:Middlewares/Third_Party/FreeRTOS/Source/tasks.c **** #endif /* ( ( configUSE_TRACE_FACILITY == 1 ) && ( configUSE_STATS_FORMATTING_FUNCTIONS > 0 ) && ( 
4473:Middlewares/Third_Party/FreeRTOS/Source/tasks.c **** /*----------------------------------------------------------*/
4474:Middlewares/Third_Party/FreeRTOS/Source/tasks.c **** 
4475:Middlewares/Third_Party/FreeRTOS/Source/tasks.c **** #if ( ( configGENERATE_RUN_TIME_STATS == 1 ) && ( configUSE_STATS_FORMATTING_FUNCTIONS > 0 ) && ( c
4476:Middlewares/Third_Party/FreeRTOS/Source/tasks.c **** 
4477:Middlewares/Third_Party/FreeRTOS/Source/tasks.c **** 	void vTaskGetRunTimeStats( char *pcWriteBuffer )
4478:Middlewares/Third_Party/FreeRTOS/Source/tasks.c **** 	{
4479:Middlewares/Third_Party/FreeRTOS/Source/tasks.c **** 	TaskStatus_t *pxTaskStatusArray;
4480:Middlewares/Third_Party/FreeRTOS/Source/tasks.c **** 	UBaseType_t uxArraySize, x;
4481:Middlewares/Third_Party/FreeRTOS/Source/tasks.c **** 	uint32_t ulTotalTime, ulStatsAsPercentage;
4482:Middlewares/Third_Party/FreeRTOS/Source/tasks.c **** 
4483:Middlewares/Third_Party/FreeRTOS/Source/tasks.c **** 		#if( configUSE_TRACE_FACILITY != 1 )
4484:Middlewares/Third_Party/FreeRTOS/Source/tasks.c **** 		{
4485:Middlewares/Third_Party/FreeRTOS/Source/tasks.c **** 			#error configUSE_TRACE_FACILITY must also be set to 1 in FreeRTOSConfig.h to use vTaskGetRunTime
4486:Middlewares/Third_Party/FreeRTOS/Source/tasks.c **** 		}
4487:Middlewares/Third_Party/FreeRTOS/Source/tasks.c **** 		#endif
4488:Middlewares/Third_Party/FreeRTOS/Source/tasks.c **** 
4489:Middlewares/Third_Party/FreeRTOS/Source/tasks.c **** 		/*
4490:Middlewares/Third_Party/FreeRTOS/Source/tasks.c **** 		 * PLEASE NOTE:
4491:Middlewares/Third_Party/FreeRTOS/Source/tasks.c **** 		 *
4492:Middlewares/Third_Party/FreeRTOS/Source/tasks.c **** 		 * This function is provided for convenience only, and is used by many
4493:Middlewares/Third_Party/FreeRTOS/Source/tasks.c **** 		 * of the demo applications.  Do not consider it to be part of the
4494:Middlewares/Third_Party/FreeRTOS/Source/tasks.c **** 		 * scheduler.
4495:Middlewares/Third_Party/FreeRTOS/Source/tasks.c **** 		 *
4496:Middlewares/Third_Party/FreeRTOS/Source/tasks.c **** 		 * vTaskGetRunTimeStats() calls uxTaskGetSystemState(), then formats part
4497:Middlewares/Third_Party/FreeRTOS/Source/tasks.c **** 		 * of the uxTaskGetSystemState() output into a human readable table that
4498:Middlewares/Third_Party/FreeRTOS/Source/tasks.c **** 		 * displays the amount of time each task has spent in the Running state
4499:Middlewares/Third_Party/FreeRTOS/Source/tasks.c **** 		 * in both absolute and percentage terms.
4500:Middlewares/Third_Party/FreeRTOS/Source/tasks.c **** 		 *
4501:Middlewares/Third_Party/FreeRTOS/Source/tasks.c **** 		 * vTaskGetRunTimeStats() has a dependency on the sprintf() C library
4502:Middlewares/Third_Party/FreeRTOS/Source/tasks.c **** 		 * function that might bloat the code size, use a lot of stack, and
4503:Middlewares/Third_Party/FreeRTOS/Source/tasks.c **** 		 * provide different results on different platforms.  An alternative,
4504:Middlewares/Third_Party/FreeRTOS/Source/tasks.c **** 		 * tiny, third party, and limited functionality implementation of
4505:Middlewares/Third_Party/FreeRTOS/Source/tasks.c **** 		 * sprintf() is provided in many of the FreeRTOS/Demo sub-directories in
4506:Middlewares/Third_Party/FreeRTOS/Source/tasks.c **** 		 * a file called printf-stdarg.c (note printf-stdarg.c does not provide
4507:Middlewares/Third_Party/FreeRTOS/Source/tasks.c **** 		 * a full snprintf() implementation!).
4508:Middlewares/Third_Party/FreeRTOS/Source/tasks.c **** 		 *
4509:Middlewares/Third_Party/FreeRTOS/Source/tasks.c **** 		 * It is recommended that production systems call uxTaskGetSystemState()
4510:Middlewares/Third_Party/FreeRTOS/Source/tasks.c **** 		 * directly to get access to raw stats data, rather than indirectly
4511:Middlewares/Third_Party/FreeRTOS/Source/tasks.c **** 		 * through a call to vTaskGetRunTimeStats().
4512:Middlewares/Third_Party/FreeRTOS/Source/tasks.c **** 		 */
4513:Middlewares/Third_Party/FreeRTOS/Source/tasks.c **** 
4514:Middlewares/Third_Party/FreeRTOS/Source/tasks.c **** 		/* Make sure the write buffer does not contain a string. */
4515:Middlewares/Third_Party/FreeRTOS/Source/tasks.c **** 		*pcWriteBuffer = ( char ) 0x00;
4516:Middlewares/Third_Party/FreeRTOS/Source/tasks.c **** 
4517:Middlewares/Third_Party/FreeRTOS/Source/tasks.c **** 		/* Take a snapshot of the number of tasks in case it changes while this
ARM GAS  /tmp/ccV8B7BA.s 			page 102


4518:Middlewares/Third_Party/FreeRTOS/Source/tasks.c **** 		function is executing. */
4519:Middlewares/Third_Party/FreeRTOS/Source/tasks.c **** 		uxArraySize = uxCurrentNumberOfTasks;
4520:Middlewares/Third_Party/FreeRTOS/Source/tasks.c **** 
4521:Middlewares/Third_Party/FreeRTOS/Source/tasks.c **** 		/* Allocate an array index for each task.  NOTE!  If
4522:Middlewares/Third_Party/FreeRTOS/Source/tasks.c **** 		configSUPPORT_DYNAMIC_ALLOCATION is set to 0 then pvPortMalloc() will
4523:Middlewares/Third_Party/FreeRTOS/Source/tasks.c **** 		equate to NULL. */
4524:Middlewares/Third_Party/FreeRTOS/Source/tasks.c **** 		pxTaskStatusArray = pvPortMalloc( uxCurrentNumberOfTasks * sizeof( TaskStatus_t ) ); /*lint !e907
4525:Middlewares/Third_Party/FreeRTOS/Source/tasks.c **** 
4526:Middlewares/Third_Party/FreeRTOS/Source/tasks.c **** 		if( pxTaskStatusArray != NULL )
4527:Middlewares/Third_Party/FreeRTOS/Source/tasks.c **** 		{
4528:Middlewares/Third_Party/FreeRTOS/Source/tasks.c **** 			/* Generate the (binary) data. */
4529:Middlewares/Third_Party/FreeRTOS/Source/tasks.c **** 			uxArraySize = uxTaskGetSystemState( pxTaskStatusArray, uxArraySize, &ulTotalTime );
4530:Middlewares/Third_Party/FreeRTOS/Source/tasks.c **** 
4531:Middlewares/Third_Party/FreeRTOS/Source/tasks.c **** 			/* For percentage calculations. */
4532:Middlewares/Third_Party/FreeRTOS/Source/tasks.c **** 			ulTotalTime /= 100UL;
4533:Middlewares/Third_Party/FreeRTOS/Source/tasks.c **** 
4534:Middlewares/Third_Party/FreeRTOS/Source/tasks.c **** 			/* Avoid divide by zero errors. */
4535:Middlewares/Third_Party/FreeRTOS/Source/tasks.c **** 			if( ulTotalTime > 0UL )
4536:Middlewares/Third_Party/FreeRTOS/Source/tasks.c **** 			{
4537:Middlewares/Third_Party/FreeRTOS/Source/tasks.c **** 				/* Create a human readable table from the binary data. */
4538:Middlewares/Third_Party/FreeRTOS/Source/tasks.c **** 				for( x = 0; x < uxArraySize; x++ )
4539:Middlewares/Third_Party/FreeRTOS/Source/tasks.c **** 				{
4540:Middlewares/Third_Party/FreeRTOS/Source/tasks.c **** 					/* What percentage of the total run time has the task used?
4541:Middlewares/Third_Party/FreeRTOS/Source/tasks.c **** 					This will always be rounded down to the nearest integer.
4542:Middlewares/Third_Party/FreeRTOS/Source/tasks.c **** 					ulTotalRunTimeDiv100 has already been divided by 100. */
4543:Middlewares/Third_Party/FreeRTOS/Source/tasks.c **** 					ulStatsAsPercentage = pxTaskStatusArray[ x ].ulRunTimeCounter / ulTotalTime;
4544:Middlewares/Third_Party/FreeRTOS/Source/tasks.c **** 
4545:Middlewares/Third_Party/FreeRTOS/Source/tasks.c **** 					/* Write the task name to the string, padding with
4546:Middlewares/Third_Party/FreeRTOS/Source/tasks.c **** 					spaces so it can be printed in tabular form more
4547:Middlewares/Third_Party/FreeRTOS/Source/tasks.c **** 					easily. */
4548:Middlewares/Third_Party/FreeRTOS/Source/tasks.c **** 					pcWriteBuffer = prvWriteNameToBuffer( pcWriteBuffer, pxTaskStatusArray[ x ].pcTaskName );
4549:Middlewares/Third_Party/FreeRTOS/Source/tasks.c **** 
4550:Middlewares/Third_Party/FreeRTOS/Source/tasks.c **** 					if( ulStatsAsPercentage > 0UL )
4551:Middlewares/Third_Party/FreeRTOS/Source/tasks.c **** 					{
4552:Middlewares/Third_Party/FreeRTOS/Source/tasks.c **** 						#ifdef portLU_PRINTF_SPECIFIER_REQUIRED
4553:Middlewares/Third_Party/FreeRTOS/Source/tasks.c **** 						{
4554:Middlewares/Third_Party/FreeRTOS/Source/tasks.c **** 							sprintf( pcWriteBuffer, "\t%lu\t\t%lu%%\r\n", pxTaskStatusArray[ x ].ulRunTimeCounter, ulSta
4555:Middlewares/Third_Party/FreeRTOS/Source/tasks.c **** 						}
4556:Middlewares/Third_Party/FreeRTOS/Source/tasks.c **** 						#else
4557:Middlewares/Third_Party/FreeRTOS/Source/tasks.c **** 						{
4558:Middlewares/Third_Party/FreeRTOS/Source/tasks.c **** 							/* sizeof( int ) == sizeof( long ) so a smaller
4559:Middlewares/Third_Party/FreeRTOS/Source/tasks.c **** 							printf() library can be used. */
4560:Middlewares/Third_Party/FreeRTOS/Source/tasks.c **** 							sprintf( pcWriteBuffer, "\t%u\t\t%u%%\r\n", ( unsigned int ) pxTaskStatusArray[ x ].ulRunTim
4561:Middlewares/Third_Party/FreeRTOS/Source/tasks.c **** 						}
4562:Middlewares/Third_Party/FreeRTOS/Source/tasks.c **** 						#endif
4563:Middlewares/Third_Party/FreeRTOS/Source/tasks.c **** 					}
4564:Middlewares/Third_Party/FreeRTOS/Source/tasks.c **** 					else
4565:Middlewares/Third_Party/FreeRTOS/Source/tasks.c **** 					{
4566:Middlewares/Third_Party/FreeRTOS/Source/tasks.c **** 						/* If the percentage is zero here then the task has
4567:Middlewares/Third_Party/FreeRTOS/Source/tasks.c **** 						consumed less than 1% of the total run time. */
4568:Middlewares/Third_Party/FreeRTOS/Source/tasks.c **** 						#ifdef portLU_PRINTF_SPECIFIER_REQUIRED
4569:Middlewares/Third_Party/FreeRTOS/Source/tasks.c **** 						{
4570:Middlewares/Third_Party/FreeRTOS/Source/tasks.c **** 							sprintf( pcWriteBuffer, "\t%lu\t\t<1%%\r\n", pxTaskStatusArray[ x ].ulRunTimeCounter );
4571:Middlewares/Third_Party/FreeRTOS/Source/tasks.c **** 						}
4572:Middlewares/Third_Party/FreeRTOS/Source/tasks.c **** 						#else
4573:Middlewares/Third_Party/FreeRTOS/Source/tasks.c **** 						{
4574:Middlewares/Third_Party/FreeRTOS/Source/tasks.c **** 							/* sizeof( int ) == sizeof( long ) so a smaller
ARM GAS  /tmp/ccV8B7BA.s 			page 103


4575:Middlewares/Third_Party/FreeRTOS/Source/tasks.c **** 							printf() library can be used. */
4576:Middlewares/Third_Party/FreeRTOS/Source/tasks.c **** 							sprintf( pcWriteBuffer, "\t%u\t\t<1%%\r\n", ( unsigned int ) pxTaskStatusArray[ x ].ulRunTim
4577:Middlewares/Third_Party/FreeRTOS/Source/tasks.c **** 						}
4578:Middlewares/Third_Party/FreeRTOS/Source/tasks.c **** 						#endif
4579:Middlewares/Third_Party/FreeRTOS/Source/tasks.c **** 					}
4580:Middlewares/Third_Party/FreeRTOS/Source/tasks.c **** 
4581:Middlewares/Third_Party/FreeRTOS/Source/tasks.c **** 					pcWriteBuffer += strlen( pcWriteBuffer ); /*lint !e9016 Pointer arithmetic ok on char pointers
4582:Middlewares/Third_Party/FreeRTOS/Source/tasks.c **** 				}
4583:Middlewares/Third_Party/FreeRTOS/Source/tasks.c **** 			}
4584:Middlewares/Third_Party/FreeRTOS/Source/tasks.c **** 			else
4585:Middlewares/Third_Party/FreeRTOS/Source/tasks.c **** 			{
4586:Middlewares/Third_Party/FreeRTOS/Source/tasks.c **** 				mtCOVERAGE_TEST_MARKER();
4587:Middlewares/Third_Party/FreeRTOS/Source/tasks.c **** 			}
4588:Middlewares/Third_Party/FreeRTOS/Source/tasks.c **** 
4589:Middlewares/Third_Party/FreeRTOS/Source/tasks.c **** 			/* Free the array again.  NOTE!  If configSUPPORT_DYNAMIC_ALLOCATION
4590:Middlewares/Third_Party/FreeRTOS/Source/tasks.c **** 			is 0 then vPortFree() will be #defined to nothing. */
4591:Middlewares/Third_Party/FreeRTOS/Source/tasks.c **** 			vPortFree( pxTaskStatusArray );
4592:Middlewares/Third_Party/FreeRTOS/Source/tasks.c **** 		}
4593:Middlewares/Third_Party/FreeRTOS/Source/tasks.c **** 		else
4594:Middlewares/Third_Party/FreeRTOS/Source/tasks.c **** 		{
4595:Middlewares/Third_Party/FreeRTOS/Source/tasks.c **** 			mtCOVERAGE_TEST_MARKER();
4596:Middlewares/Third_Party/FreeRTOS/Source/tasks.c **** 		}
4597:Middlewares/Third_Party/FreeRTOS/Source/tasks.c **** 	}
4598:Middlewares/Third_Party/FreeRTOS/Source/tasks.c **** 
4599:Middlewares/Third_Party/FreeRTOS/Source/tasks.c **** #endif /* ( ( configGENERATE_RUN_TIME_STATS == 1 ) && ( configUSE_STATS_FORMATTING_FUNCTIONS > 0 ) 
4600:Middlewares/Third_Party/FreeRTOS/Source/tasks.c **** /*-----------------------------------------------------------*/
4601:Middlewares/Third_Party/FreeRTOS/Source/tasks.c **** 
4602:Middlewares/Third_Party/FreeRTOS/Source/tasks.c **** TickType_t uxTaskResetEventItemValue( void )
4603:Middlewares/Third_Party/FreeRTOS/Source/tasks.c **** {
4604:Middlewares/Third_Party/FreeRTOS/Source/tasks.c **** TickType_t uxReturn;
4605:Middlewares/Third_Party/FreeRTOS/Source/tasks.c **** 
4606:Middlewares/Third_Party/FreeRTOS/Source/tasks.c **** 	uxReturn = listGET_LIST_ITEM_VALUE( &( pxCurrentTCB->xEventListItem ) );
4607:Middlewares/Third_Party/FreeRTOS/Source/tasks.c **** 
4608:Middlewares/Third_Party/FreeRTOS/Source/tasks.c **** 	/* Reset the event list item to its normal value - so it can be used with
4609:Middlewares/Third_Party/FreeRTOS/Source/tasks.c **** 	queues and semaphores. */
4610:Middlewares/Third_Party/FreeRTOS/Source/tasks.c **** 	listSET_LIST_ITEM_VALUE( &( pxCurrentTCB->xEventListItem ), ( ( TickType_t ) configMAX_PRIORITIES 
4611:Middlewares/Third_Party/FreeRTOS/Source/tasks.c **** 
4612:Middlewares/Third_Party/FreeRTOS/Source/tasks.c **** 	return uxReturn;
4613:Middlewares/Third_Party/FreeRTOS/Source/tasks.c **** }
4614:Middlewares/Third_Party/FreeRTOS/Source/tasks.c **** /*-----------------------------------------------------------*/
4615:Middlewares/Third_Party/FreeRTOS/Source/tasks.c **** 
4616:Middlewares/Third_Party/FreeRTOS/Source/tasks.c **** #if ( configUSE_MUTEXES == 1 )
4617:Middlewares/Third_Party/FreeRTOS/Source/tasks.c **** 
4618:Middlewares/Third_Party/FreeRTOS/Source/tasks.c **** 	TaskHandle_t pvTaskIncrementMutexHeldCount( void )
4619:Middlewares/Third_Party/FreeRTOS/Source/tasks.c **** 	{
4620:Middlewares/Third_Party/FreeRTOS/Source/tasks.c **** 		/* If xSemaphoreCreateMutex() is called before any tasks have been created
4621:Middlewares/Third_Party/FreeRTOS/Source/tasks.c **** 		then pxCurrentTCB will be NULL. */
4622:Middlewares/Third_Party/FreeRTOS/Source/tasks.c **** 		if( pxCurrentTCB != NULL )
4623:Middlewares/Third_Party/FreeRTOS/Source/tasks.c **** 		{
4624:Middlewares/Third_Party/FreeRTOS/Source/tasks.c **** 			( pxCurrentTCB->uxMutexesHeld )++;
4625:Middlewares/Third_Party/FreeRTOS/Source/tasks.c **** 		}
4626:Middlewares/Third_Party/FreeRTOS/Source/tasks.c **** 
4627:Middlewares/Third_Party/FreeRTOS/Source/tasks.c **** 		return pxCurrentTCB;
4628:Middlewares/Third_Party/FreeRTOS/Source/tasks.c **** 	}
4629:Middlewares/Third_Party/FreeRTOS/Source/tasks.c **** 
4630:Middlewares/Third_Party/FreeRTOS/Source/tasks.c **** #endif /* configUSE_MUTEXES */
4631:Middlewares/Third_Party/FreeRTOS/Source/tasks.c **** /*-----------------------------------------------------------*/
ARM GAS  /tmp/ccV8B7BA.s 			page 104


4632:Middlewares/Third_Party/FreeRTOS/Source/tasks.c **** 
4633:Middlewares/Third_Party/FreeRTOS/Source/tasks.c **** #if( configUSE_TASK_NOTIFICATIONS == 1 )
4634:Middlewares/Third_Party/FreeRTOS/Source/tasks.c **** 
4635:Middlewares/Third_Party/FreeRTOS/Source/tasks.c **** 	uint32_t ulTaskNotifyTake( BaseType_t xClearCountOnExit, TickType_t xTicksToWait )
4636:Middlewares/Third_Party/FreeRTOS/Source/tasks.c **** 	{
4637:Middlewares/Third_Party/FreeRTOS/Source/tasks.c **** 	uint32_t ulReturn;
4638:Middlewares/Third_Party/FreeRTOS/Source/tasks.c **** 
4639:Middlewares/Third_Party/FreeRTOS/Source/tasks.c **** 		taskENTER_CRITICAL();
4640:Middlewares/Third_Party/FreeRTOS/Source/tasks.c **** 		{
4641:Middlewares/Third_Party/FreeRTOS/Source/tasks.c **** 			/* Only block if the notification count is not already non-zero. */
4642:Middlewares/Third_Party/FreeRTOS/Source/tasks.c **** 			if( pxCurrentTCB->ulNotifiedValue == 0UL )
4643:Middlewares/Third_Party/FreeRTOS/Source/tasks.c **** 			{
4644:Middlewares/Third_Party/FreeRTOS/Source/tasks.c **** 				/* Mark this task as waiting for a notification. */
4645:Middlewares/Third_Party/FreeRTOS/Source/tasks.c **** 				pxCurrentTCB->ucNotifyState = taskWAITING_NOTIFICATION;
4646:Middlewares/Third_Party/FreeRTOS/Source/tasks.c **** 
4647:Middlewares/Third_Party/FreeRTOS/Source/tasks.c **** 				if( xTicksToWait > ( TickType_t ) 0 )
4648:Middlewares/Third_Party/FreeRTOS/Source/tasks.c **** 				{
4649:Middlewares/Third_Party/FreeRTOS/Source/tasks.c **** 					prvAddCurrentTaskToDelayedList( xTicksToWait, pdTRUE );
4650:Middlewares/Third_Party/FreeRTOS/Source/tasks.c **** 					traceTASK_NOTIFY_TAKE_BLOCK();
4651:Middlewares/Third_Party/FreeRTOS/Source/tasks.c **** 
4652:Middlewares/Third_Party/FreeRTOS/Source/tasks.c **** 					/* All ports are written to allow a yield in a critical
4653:Middlewares/Third_Party/FreeRTOS/Source/tasks.c **** 					section (some will yield immediately, others wait until the
4654:Middlewares/Third_Party/FreeRTOS/Source/tasks.c **** 					critical section exits) - but it is not something that
4655:Middlewares/Third_Party/FreeRTOS/Source/tasks.c **** 					application code should ever do. */
4656:Middlewares/Third_Party/FreeRTOS/Source/tasks.c **** 					portYIELD_WITHIN_API();
4657:Middlewares/Third_Party/FreeRTOS/Source/tasks.c **** 				}
4658:Middlewares/Third_Party/FreeRTOS/Source/tasks.c **** 				else
4659:Middlewares/Third_Party/FreeRTOS/Source/tasks.c **** 				{
4660:Middlewares/Third_Party/FreeRTOS/Source/tasks.c **** 					mtCOVERAGE_TEST_MARKER();
4661:Middlewares/Third_Party/FreeRTOS/Source/tasks.c **** 				}
4662:Middlewares/Third_Party/FreeRTOS/Source/tasks.c **** 			}
4663:Middlewares/Third_Party/FreeRTOS/Source/tasks.c **** 			else
4664:Middlewares/Third_Party/FreeRTOS/Source/tasks.c **** 			{
4665:Middlewares/Third_Party/FreeRTOS/Source/tasks.c **** 				mtCOVERAGE_TEST_MARKER();
4666:Middlewares/Third_Party/FreeRTOS/Source/tasks.c **** 			}
4667:Middlewares/Third_Party/FreeRTOS/Source/tasks.c **** 		}
4668:Middlewares/Third_Party/FreeRTOS/Source/tasks.c **** 		taskEXIT_CRITICAL();
4669:Middlewares/Third_Party/FreeRTOS/Source/tasks.c **** 
4670:Middlewares/Third_Party/FreeRTOS/Source/tasks.c **** 		taskENTER_CRITICAL();
4671:Middlewares/Third_Party/FreeRTOS/Source/tasks.c **** 		{
4672:Middlewares/Third_Party/FreeRTOS/Source/tasks.c **** 			traceTASK_NOTIFY_TAKE();
4673:Middlewares/Third_Party/FreeRTOS/Source/tasks.c **** 			ulReturn = pxCurrentTCB->ulNotifiedValue;
4674:Middlewares/Third_Party/FreeRTOS/Source/tasks.c **** 
4675:Middlewares/Third_Party/FreeRTOS/Source/tasks.c **** 			if( ulReturn != 0UL )
4676:Middlewares/Third_Party/FreeRTOS/Source/tasks.c **** 			{
4677:Middlewares/Third_Party/FreeRTOS/Source/tasks.c **** 				if( xClearCountOnExit != pdFALSE )
4678:Middlewares/Third_Party/FreeRTOS/Source/tasks.c **** 				{
4679:Middlewares/Third_Party/FreeRTOS/Source/tasks.c **** 					pxCurrentTCB->ulNotifiedValue = 0UL;
4680:Middlewares/Third_Party/FreeRTOS/Source/tasks.c **** 				}
4681:Middlewares/Third_Party/FreeRTOS/Source/tasks.c **** 				else
4682:Middlewares/Third_Party/FreeRTOS/Source/tasks.c **** 				{
4683:Middlewares/Third_Party/FreeRTOS/Source/tasks.c **** 					pxCurrentTCB->ulNotifiedValue = ulReturn - ( uint32_t ) 1;
4684:Middlewares/Third_Party/FreeRTOS/Source/tasks.c **** 				}
4685:Middlewares/Third_Party/FreeRTOS/Source/tasks.c **** 			}
4686:Middlewares/Third_Party/FreeRTOS/Source/tasks.c **** 			else
4687:Middlewares/Third_Party/FreeRTOS/Source/tasks.c **** 			{
4688:Middlewares/Third_Party/FreeRTOS/Source/tasks.c **** 				mtCOVERAGE_TEST_MARKER();
ARM GAS  /tmp/ccV8B7BA.s 			page 105


4689:Middlewares/Third_Party/FreeRTOS/Source/tasks.c **** 			}
4690:Middlewares/Third_Party/FreeRTOS/Source/tasks.c **** 
4691:Middlewares/Third_Party/FreeRTOS/Source/tasks.c **** 			pxCurrentTCB->ucNotifyState = taskNOT_WAITING_NOTIFICATION;
4692:Middlewares/Third_Party/FreeRTOS/Source/tasks.c **** 		}
4693:Middlewares/Third_Party/FreeRTOS/Source/tasks.c **** 		taskEXIT_CRITICAL();
4694:Middlewares/Third_Party/FreeRTOS/Source/tasks.c **** 
4695:Middlewares/Third_Party/FreeRTOS/Source/tasks.c **** 		return ulReturn;
4696:Middlewares/Third_Party/FreeRTOS/Source/tasks.c **** 	}
4697:Middlewares/Third_Party/FreeRTOS/Source/tasks.c **** 
4698:Middlewares/Third_Party/FreeRTOS/Source/tasks.c **** #endif /* configUSE_TASK_NOTIFICATIONS */
4699:Middlewares/Third_Party/FreeRTOS/Source/tasks.c **** /*-----------------------------------------------------------*/
4700:Middlewares/Third_Party/FreeRTOS/Source/tasks.c **** 
4701:Middlewares/Third_Party/FreeRTOS/Source/tasks.c **** #if( configUSE_TASK_NOTIFICATIONS == 1 )
4702:Middlewares/Third_Party/FreeRTOS/Source/tasks.c **** 
4703:Middlewares/Third_Party/FreeRTOS/Source/tasks.c **** 	BaseType_t xTaskNotifyWait( uint32_t ulBitsToClearOnEntry, uint32_t ulBitsToClearOnExit, uint32_t 
4704:Middlewares/Third_Party/FreeRTOS/Source/tasks.c **** 	{
4705:Middlewares/Third_Party/FreeRTOS/Source/tasks.c **** 	BaseType_t xReturn;
4706:Middlewares/Third_Party/FreeRTOS/Source/tasks.c **** 
4707:Middlewares/Third_Party/FreeRTOS/Source/tasks.c **** 		taskENTER_CRITICAL();
4708:Middlewares/Third_Party/FreeRTOS/Source/tasks.c **** 		{
4709:Middlewares/Third_Party/FreeRTOS/Source/tasks.c **** 			/* Only block if a notification is not already pending. */
4710:Middlewares/Third_Party/FreeRTOS/Source/tasks.c **** 			if( pxCurrentTCB->ucNotifyState != taskNOTIFICATION_RECEIVED )
4711:Middlewares/Third_Party/FreeRTOS/Source/tasks.c **** 			{
4712:Middlewares/Third_Party/FreeRTOS/Source/tasks.c **** 				/* Clear bits in the task's notification value as bits may get
4713:Middlewares/Third_Party/FreeRTOS/Source/tasks.c **** 				set	by the notifying task or interrupt.  This can be used to
4714:Middlewares/Third_Party/FreeRTOS/Source/tasks.c **** 				clear the value to zero. */
4715:Middlewares/Third_Party/FreeRTOS/Source/tasks.c **** 				pxCurrentTCB->ulNotifiedValue &= ~ulBitsToClearOnEntry;
4716:Middlewares/Third_Party/FreeRTOS/Source/tasks.c **** 
4717:Middlewares/Third_Party/FreeRTOS/Source/tasks.c **** 				/* Mark this task as waiting for a notification. */
4718:Middlewares/Third_Party/FreeRTOS/Source/tasks.c **** 				pxCurrentTCB->ucNotifyState = taskWAITING_NOTIFICATION;
4719:Middlewares/Third_Party/FreeRTOS/Source/tasks.c **** 
4720:Middlewares/Third_Party/FreeRTOS/Source/tasks.c **** 				if( xTicksToWait > ( TickType_t ) 0 )
4721:Middlewares/Third_Party/FreeRTOS/Source/tasks.c **** 				{
4722:Middlewares/Third_Party/FreeRTOS/Source/tasks.c **** 					prvAddCurrentTaskToDelayedList( xTicksToWait, pdTRUE );
4723:Middlewares/Third_Party/FreeRTOS/Source/tasks.c **** 					traceTASK_NOTIFY_WAIT_BLOCK();
4724:Middlewares/Third_Party/FreeRTOS/Source/tasks.c **** 
4725:Middlewares/Third_Party/FreeRTOS/Source/tasks.c **** 					/* All ports are written to allow a yield in a critical
4726:Middlewares/Third_Party/FreeRTOS/Source/tasks.c **** 					section (some will yield immediately, others wait until the
4727:Middlewares/Third_Party/FreeRTOS/Source/tasks.c **** 					critical section exits) - but it is not something that
4728:Middlewares/Third_Party/FreeRTOS/Source/tasks.c **** 					application code should ever do. */
4729:Middlewares/Third_Party/FreeRTOS/Source/tasks.c **** 					portYIELD_WITHIN_API();
4730:Middlewares/Third_Party/FreeRTOS/Source/tasks.c **** 				}
4731:Middlewares/Third_Party/FreeRTOS/Source/tasks.c **** 				else
4732:Middlewares/Third_Party/FreeRTOS/Source/tasks.c **** 				{
4733:Middlewares/Third_Party/FreeRTOS/Source/tasks.c **** 					mtCOVERAGE_TEST_MARKER();
4734:Middlewares/Third_Party/FreeRTOS/Source/tasks.c **** 				}
4735:Middlewares/Third_Party/FreeRTOS/Source/tasks.c **** 			}
4736:Middlewares/Third_Party/FreeRTOS/Source/tasks.c **** 			else
4737:Middlewares/Third_Party/FreeRTOS/Source/tasks.c **** 			{
4738:Middlewares/Third_Party/FreeRTOS/Source/tasks.c **** 				mtCOVERAGE_TEST_MARKER();
4739:Middlewares/Third_Party/FreeRTOS/Source/tasks.c **** 			}
4740:Middlewares/Third_Party/FreeRTOS/Source/tasks.c **** 		}
4741:Middlewares/Third_Party/FreeRTOS/Source/tasks.c **** 		taskEXIT_CRITICAL();
4742:Middlewares/Third_Party/FreeRTOS/Source/tasks.c **** 
4743:Middlewares/Third_Party/FreeRTOS/Source/tasks.c **** 		taskENTER_CRITICAL();
4744:Middlewares/Third_Party/FreeRTOS/Source/tasks.c **** 		{
4745:Middlewares/Third_Party/FreeRTOS/Source/tasks.c **** 			traceTASK_NOTIFY_WAIT();
ARM GAS  /tmp/ccV8B7BA.s 			page 106


4746:Middlewares/Third_Party/FreeRTOS/Source/tasks.c **** 
4747:Middlewares/Third_Party/FreeRTOS/Source/tasks.c **** 			if( pulNotificationValue != NULL )
4748:Middlewares/Third_Party/FreeRTOS/Source/tasks.c **** 			{
4749:Middlewares/Third_Party/FreeRTOS/Source/tasks.c **** 				/* Output the current notification value, which may or may not
4750:Middlewares/Third_Party/FreeRTOS/Source/tasks.c **** 				have changed. */
4751:Middlewares/Third_Party/FreeRTOS/Source/tasks.c **** 				*pulNotificationValue = pxCurrentTCB->ulNotifiedValue;
4752:Middlewares/Third_Party/FreeRTOS/Source/tasks.c **** 			}
4753:Middlewares/Third_Party/FreeRTOS/Source/tasks.c **** 
4754:Middlewares/Third_Party/FreeRTOS/Source/tasks.c **** 			/* If ucNotifyValue is set then either the task never entered the
4755:Middlewares/Third_Party/FreeRTOS/Source/tasks.c **** 			blocked state (because a notification was already pending) or the
4756:Middlewares/Third_Party/FreeRTOS/Source/tasks.c **** 			task unblocked because of a notification.  Otherwise the task
4757:Middlewares/Third_Party/FreeRTOS/Source/tasks.c **** 			unblocked because of a timeout. */
4758:Middlewares/Third_Party/FreeRTOS/Source/tasks.c **** 			if( pxCurrentTCB->ucNotifyState != taskNOTIFICATION_RECEIVED )
4759:Middlewares/Third_Party/FreeRTOS/Source/tasks.c **** 			{
4760:Middlewares/Third_Party/FreeRTOS/Source/tasks.c **** 				/* A notification was not received. */
4761:Middlewares/Third_Party/FreeRTOS/Source/tasks.c **** 				xReturn = pdFALSE;
4762:Middlewares/Third_Party/FreeRTOS/Source/tasks.c **** 			}
4763:Middlewares/Third_Party/FreeRTOS/Source/tasks.c **** 			else
4764:Middlewares/Third_Party/FreeRTOS/Source/tasks.c **** 			{
4765:Middlewares/Third_Party/FreeRTOS/Source/tasks.c **** 				/* A notification was already pending or a notification was
4766:Middlewares/Third_Party/FreeRTOS/Source/tasks.c **** 				received while the task was waiting. */
4767:Middlewares/Third_Party/FreeRTOS/Source/tasks.c **** 				pxCurrentTCB->ulNotifiedValue &= ~ulBitsToClearOnExit;
4768:Middlewares/Third_Party/FreeRTOS/Source/tasks.c **** 				xReturn = pdTRUE;
4769:Middlewares/Third_Party/FreeRTOS/Source/tasks.c **** 			}
4770:Middlewares/Third_Party/FreeRTOS/Source/tasks.c **** 
4771:Middlewares/Third_Party/FreeRTOS/Source/tasks.c **** 			pxCurrentTCB->ucNotifyState = taskNOT_WAITING_NOTIFICATION;
4772:Middlewares/Third_Party/FreeRTOS/Source/tasks.c **** 		}
4773:Middlewares/Third_Party/FreeRTOS/Source/tasks.c **** 		taskEXIT_CRITICAL();
4774:Middlewares/Third_Party/FreeRTOS/Source/tasks.c **** 
4775:Middlewares/Third_Party/FreeRTOS/Source/tasks.c **** 		return xReturn;
4776:Middlewares/Third_Party/FreeRTOS/Source/tasks.c **** 	}
4777:Middlewares/Third_Party/FreeRTOS/Source/tasks.c **** 
4778:Middlewares/Third_Party/FreeRTOS/Source/tasks.c **** #endif /* configUSE_TASK_NOTIFICATIONS */
4779:Middlewares/Third_Party/FreeRTOS/Source/tasks.c **** /*-----------------------------------------------------------*/
4780:Middlewares/Third_Party/FreeRTOS/Source/tasks.c **** 
4781:Middlewares/Third_Party/FreeRTOS/Source/tasks.c **** #if( configUSE_TASK_NOTIFICATIONS == 1 )
4782:Middlewares/Third_Party/FreeRTOS/Source/tasks.c **** 
4783:Middlewares/Third_Party/FreeRTOS/Source/tasks.c **** 	BaseType_t xTaskGenericNotify( TaskHandle_t xTaskToNotify, uint32_t ulValue, eNotifyAction eAction
4784:Middlewares/Third_Party/FreeRTOS/Source/tasks.c **** 	{
4785:Middlewares/Third_Party/FreeRTOS/Source/tasks.c **** 	TCB_t * pxTCB;
4786:Middlewares/Third_Party/FreeRTOS/Source/tasks.c **** 	BaseType_t xReturn = pdPASS;
4787:Middlewares/Third_Party/FreeRTOS/Source/tasks.c **** 	uint8_t ucOriginalNotifyState;
4788:Middlewares/Third_Party/FreeRTOS/Source/tasks.c **** 
4789:Middlewares/Third_Party/FreeRTOS/Source/tasks.c **** 		configASSERT( xTaskToNotify );
4790:Middlewares/Third_Party/FreeRTOS/Source/tasks.c **** 		pxTCB = xTaskToNotify;
4791:Middlewares/Third_Party/FreeRTOS/Source/tasks.c **** 
4792:Middlewares/Third_Party/FreeRTOS/Source/tasks.c **** 		taskENTER_CRITICAL();
4793:Middlewares/Third_Party/FreeRTOS/Source/tasks.c **** 		{
4794:Middlewares/Third_Party/FreeRTOS/Source/tasks.c **** 			if( pulPreviousNotificationValue != NULL )
4795:Middlewares/Third_Party/FreeRTOS/Source/tasks.c **** 			{
4796:Middlewares/Third_Party/FreeRTOS/Source/tasks.c **** 				*pulPreviousNotificationValue = pxTCB->ulNotifiedValue;
4797:Middlewares/Third_Party/FreeRTOS/Source/tasks.c **** 			}
4798:Middlewares/Third_Party/FreeRTOS/Source/tasks.c **** 
4799:Middlewares/Third_Party/FreeRTOS/Source/tasks.c **** 			ucOriginalNotifyState = pxTCB->ucNotifyState;
4800:Middlewares/Third_Party/FreeRTOS/Source/tasks.c **** 
4801:Middlewares/Third_Party/FreeRTOS/Source/tasks.c **** 			pxTCB->ucNotifyState = taskNOTIFICATION_RECEIVED;
4802:Middlewares/Third_Party/FreeRTOS/Source/tasks.c **** 
ARM GAS  /tmp/ccV8B7BA.s 			page 107


4803:Middlewares/Third_Party/FreeRTOS/Source/tasks.c **** 			switch( eAction )
4804:Middlewares/Third_Party/FreeRTOS/Source/tasks.c **** 			{
4805:Middlewares/Third_Party/FreeRTOS/Source/tasks.c **** 				case eSetBits	:
4806:Middlewares/Third_Party/FreeRTOS/Source/tasks.c **** 					pxTCB->ulNotifiedValue |= ulValue;
4807:Middlewares/Third_Party/FreeRTOS/Source/tasks.c **** 					break;
4808:Middlewares/Third_Party/FreeRTOS/Source/tasks.c **** 
4809:Middlewares/Third_Party/FreeRTOS/Source/tasks.c **** 				case eIncrement	:
4810:Middlewares/Third_Party/FreeRTOS/Source/tasks.c **** 					( pxTCB->ulNotifiedValue )++;
4811:Middlewares/Third_Party/FreeRTOS/Source/tasks.c **** 					break;
4812:Middlewares/Third_Party/FreeRTOS/Source/tasks.c **** 
4813:Middlewares/Third_Party/FreeRTOS/Source/tasks.c **** 				case eSetValueWithOverwrite	:
4814:Middlewares/Third_Party/FreeRTOS/Source/tasks.c **** 					pxTCB->ulNotifiedValue = ulValue;
4815:Middlewares/Third_Party/FreeRTOS/Source/tasks.c **** 					break;
4816:Middlewares/Third_Party/FreeRTOS/Source/tasks.c **** 
4817:Middlewares/Third_Party/FreeRTOS/Source/tasks.c **** 				case eSetValueWithoutOverwrite :
4818:Middlewares/Third_Party/FreeRTOS/Source/tasks.c **** 					if( ucOriginalNotifyState != taskNOTIFICATION_RECEIVED )
4819:Middlewares/Third_Party/FreeRTOS/Source/tasks.c **** 					{
4820:Middlewares/Third_Party/FreeRTOS/Source/tasks.c **** 						pxTCB->ulNotifiedValue = ulValue;
4821:Middlewares/Third_Party/FreeRTOS/Source/tasks.c **** 					}
4822:Middlewares/Third_Party/FreeRTOS/Source/tasks.c **** 					else
4823:Middlewares/Third_Party/FreeRTOS/Source/tasks.c **** 					{
4824:Middlewares/Third_Party/FreeRTOS/Source/tasks.c **** 						/* The value could not be written to the task. */
4825:Middlewares/Third_Party/FreeRTOS/Source/tasks.c **** 						xReturn = pdFAIL;
4826:Middlewares/Third_Party/FreeRTOS/Source/tasks.c **** 					}
4827:Middlewares/Third_Party/FreeRTOS/Source/tasks.c **** 					break;
4828:Middlewares/Third_Party/FreeRTOS/Source/tasks.c **** 
4829:Middlewares/Third_Party/FreeRTOS/Source/tasks.c **** 				case eNoAction:
4830:Middlewares/Third_Party/FreeRTOS/Source/tasks.c **** 					/* The task is being notified without its notify value being
4831:Middlewares/Third_Party/FreeRTOS/Source/tasks.c **** 					updated. */
4832:Middlewares/Third_Party/FreeRTOS/Source/tasks.c **** 					break;
4833:Middlewares/Third_Party/FreeRTOS/Source/tasks.c **** 
4834:Middlewares/Third_Party/FreeRTOS/Source/tasks.c **** 				default:
4835:Middlewares/Third_Party/FreeRTOS/Source/tasks.c **** 					/* Should not get here if all enums are handled.
4836:Middlewares/Third_Party/FreeRTOS/Source/tasks.c **** 					Artificially force an assert by testing a value the
4837:Middlewares/Third_Party/FreeRTOS/Source/tasks.c **** 					compiler can't assume is const. */
4838:Middlewares/Third_Party/FreeRTOS/Source/tasks.c **** 					configASSERT( pxTCB->ulNotifiedValue == ~0UL );
4839:Middlewares/Third_Party/FreeRTOS/Source/tasks.c **** 
4840:Middlewares/Third_Party/FreeRTOS/Source/tasks.c **** 					break;
4841:Middlewares/Third_Party/FreeRTOS/Source/tasks.c **** 			}
4842:Middlewares/Third_Party/FreeRTOS/Source/tasks.c **** 
4843:Middlewares/Third_Party/FreeRTOS/Source/tasks.c **** 			traceTASK_NOTIFY();
4844:Middlewares/Third_Party/FreeRTOS/Source/tasks.c **** 
4845:Middlewares/Third_Party/FreeRTOS/Source/tasks.c **** 			/* If the task is in the blocked state specifically to wait for a
4846:Middlewares/Third_Party/FreeRTOS/Source/tasks.c **** 			notification then unblock it now. */
4847:Middlewares/Third_Party/FreeRTOS/Source/tasks.c **** 			if( ucOriginalNotifyState == taskWAITING_NOTIFICATION )
4848:Middlewares/Third_Party/FreeRTOS/Source/tasks.c **** 			{
4849:Middlewares/Third_Party/FreeRTOS/Source/tasks.c **** 				( void ) uxListRemove( &( pxTCB->xStateListItem ) );
4850:Middlewares/Third_Party/FreeRTOS/Source/tasks.c **** 				prvAddTaskToReadyList( pxTCB );
4851:Middlewares/Third_Party/FreeRTOS/Source/tasks.c **** 
4852:Middlewares/Third_Party/FreeRTOS/Source/tasks.c **** 				/* The task should not have been on an event list. */
4853:Middlewares/Third_Party/FreeRTOS/Source/tasks.c **** 				configASSERT( listLIST_ITEM_CONTAINER( &( pxTCB->xEventListItem ) ) == NULL );
4854:Middlewares/Third_Party/FreeRTOS/Source/tasks.c **** 
4855:Middlewares/Third_Party/FreeRTOS/Source/tasks.c **** 				#if( configUSE_TICKLESS_IDLE != 0 )
4856:Middlewares/Third_Party/FreeRTOS/Source/tasks.c **** 				{
4857:Middlewares/Third_Party/FreeRTOS/Source/tasks.c **** 					/* If a task is blocked waiting for a notification then
4858:Middlewares/Third_Party/FreeRTOS/Source/tasks.c **** 					xNextTaskUnblockTime might be set to the blocked task's time
4859:Middlewares/Third_Party/FreeRTOS/Source/tasks.c **** 					out time.  If the task is unblocked for a reason other than
ARM GAS  /tmp/ccV8B7BA.s 			page 108


4860:Middlewares/Third_Party/FreeRTOS/Source/tasks.c **** 					a timeout xNextTaskUnblockTime is normally left unchanged,
4861:Middlewares/Third_Party/FreeRTOS/Source/tasks.c **** 					because it will automatically get reset to a new value when
4862:Middlewares/Third_Party/FreeRTOS/Source/tasks.c **** 					the tick count equals xNextTaskUnblockTime.  However if
4863:Middlewares/Third_Party/FreeRTOS/Source/tasks.c **** 					tickless idling is used it might be more important to enter
4864:Middlewares/Third_Party/FreeRTOS/Source/tasks.c **** 					sleep mode at the earliest possible time - so reset
4865:Middlewares/Third_Party/FreeRTOS/Source/tasks.c **** 					xNextTaskUnblockTime here to ensure it is updated at the
4866:Middlewares/Third_Party/FreeRTOS/Source/tasks.c **** 					earliest possible time. */
4867:Middlewares/Third_Party/FreeRTOS/Source/tasks.c **** 					prvResetNextTaskUnblockTime();
4868:Middlewares/Third_Party/FreeRTOS/Source/tasks.c **** 				}
4869:Middlewares/Third_Party/FreeRTOS/Source/tasks.c **** 				#endif
4870:Middlewares/Third_Party/FreeRTOS/Source/tasks.c **** 
4871:Middlewares/Third_Party/FreeRTOS/Source/tasks.c **** 				if( pxTCB->uxPriority > pxCurrentTCB->uxPriority )
4872:Middlewares/Third_Party/FreeRTOS/Source/tasks.c **** 				{
4873:Middlewares/Third_Party/FreeRTOS/Source/tasks.c **** 					/* The notified task has a priority above the currently
4874:Middlewares/Third_Party/FreeRTOS/Source/tasks.c **** 					executing task so a yield is required. */
4875:Middlewares/Third_Party/FreeRTOS/Source/tasks.c **** 					taskYIELD_IF_USING_PREEMPTION();
4876:Middlewares/Third_Party/FreeRTOS/Source/tasks.c **** 				}
4877:Middlewares/Third_Party/FreeRTOS/Source/tasks.c **** 				else
4878:Middlewares/Third_Party/FreeRTOS/Source/tasks.c **** 				{
4879:Middlewares/Third_Party/FreeRTOS/Source/tasks.c **** 					mtCOVERAGE_TEST_MARKER();
4880:Middlewares/Third_Party/FreeRTOS/Source/tasks.c **** 				}
4881:Middlewares/Third_Party/FreeRTOS/Source/tasks.c **** 			}
4882:Middlewares/Third_Party/FreeRTOS/Source/tasks.c **** 			else
4883:Middlewares/Third_Party/FreeRTOS/Source/tasks.c **** 			{
4884:Middlewares/Third_Party/FreeRTOS/Source/tasks.c **** 				mtCOVERAGE_TEST_MARKER();
4885:Middlewares/Third_Party/FreeRTOS/Source/tasks.c **** 			}
4886:Middlewares/Third_Party/FreeRTOS/Source/tasks.c **** 		}
4887:Middlewares/Third_Party/FreeRTOS/Source/tasks.c **** 		taskEXIT_CRITICAL();
4888:Middlewares/Third_Party/FreeRTOS/Source/tasks.c **** 
4889:Middlewares/Third_Party/FreeRTOS/Source/tasks.c **** 		return xReturn;
4890:Middlewares/Third_Party/FreeRTOS/Source/tasks.c **** 	}
4891:Middlewares/Third_Party/FreeRTOS/Source/tasks.c **** 
4892:Middlewares/Third_Party/FreeRTOS/Source/tasks.c **** #endif /* configUSE_TASK_NOTIFICATIONS */
4893:Middlewares/Third_Party/FreeRTOS/Source/tasks.c **** /*-----------------------------------------------------------*/
4894:Middlewares/Third_Party/FreeRTOS/Source/tasks.c **** 
4895:Middlewares/Third_Party/FreeRTOS/Source/tasks.c **** #if( configUSE_TASK_NOTIFICATIONS == 1 )
4896:Middlewares/Third_Party/FreeRTOS/Source/tasks.c **** 
4897:Middlewares/Third_Party/FreeRTOS/Source/tasks.c **** 	BaseType_t xTaskGenericNotifyFromISR( TaskHandle_t xTaskToNotify, uint32_t ulValue, eNotifyAction 
4898:Middlewares/Third_Party/FreeRTOS/Source/tasks.c **** 	{
4899:Middlewares/Third_Party/FreeRTOS/Source/tasks.c **** 	TCB_t * pxTCB;
4900:Middlewares/Third_Party/FreeRTOS/Source/tasks.c **** 	uint8_t ucOriginalNotifyState;
4901:Middlewares/Third_Party/FreeRTOS/Source/tasks.c **** 	BaseType_t xReturn = pdPASS;
4902:Middlewares/Third_Party/FreeRTOS/Source/tasks.c **** 	UBaseType_t uxSavedInterruptStatus;
4903:Middlewares/Third_Party/FreeRTOS/Source/tasks.c **** 
4904:Middlewares/Third_Party/FreeRTOS/Source/tasks.c **** 		configASSERT( xTaskToNotify );
4905:Middlewares/Third_Party/FreeRTOS/Source/tasks.c **** 
4906:Middlewares/Third_Party/FreeRTOS/Source/tasks.c **** 		/* RTOS ports that support interrupt nesting have the concept of a
4907:Middlewares/Third_Party/FreeRTOS/Source/tasks.c **** 		maximum	system call (or maximum API call) interrupt priority.
4908:Middlewares/Third_Party/FreeRTOS/Source/tasks.c **** 		Interrupts that are	above the maximum system call priority are keep
4909:Middlewares/Third_Party/FreeRTOS/Source/tasks.c **** 		permanently enabled, even when the RTOS kernel is in a critical section,
4910:Middlewares/Third_Party/FreeRTOS/Source/tasks.c **** 		but cannot make any calls to FreeRTOS API functions.  If configASSERT()
4911:Middlewares/Third_Party/FreeRTOS/Source/tasks.c **** 		is defined in FreeRTOSConfig.h then
4912:Middlewares/Third_Party/FreeRTOS/Source/tasks.c **** 		portASSERT_IF_INTERRUPT_PRIORITY_INVALID() will result in an assertion
4913:Middlewares/Third_Party/FreeRTOS/Source/tasks.c **** 		failure if a FreeRTOS API function is called from an interrupt that has
4914:Middlewares/Third_Party/FreeRTOS/Source/tasks.c **** 		been assigned a priority above the configured maximum system call
4915:Middlewares/Third_Party/FreeRTOS/Source/tasks.c **** 		priority.  Only FreeRTOS functions that end in FromISR can be called
4916:Middlewares/Third_Party/FreeRTOS/Source/tasks.c **** 		from interrupts	that have been assigned a priority at or (logically)
ARM GAS  /tmp/ccV8B7BA.s 			page 109


4917:Middlewares/Third_Party/FreeRTOS/Source/tasks.c **** 		below the maximum system call interrupt priority.  FreeRTOS maintains a
4918:Middlewares/Third_Party/FreeRTOS/Source/tasks.c **** 		separate interrupt safe API to ensure interrupt entry is as fast and as
4919:Middlewares/Third_Party/FreeRTOS/Source/tasks.c **** 		simple as possible.  More information (albeit Cortex-M specific) is
4920:Middlewares/Third_Party/FreeRTOS/Source/tasks.c **** 		provided on the following link:
4921:Middlewares/Third_Party/FreeRTOS/Source/tasks.c **** 		http://www.freertos.org/RTOS-Cortex-M3-M4.html */
4922:Middlewares/Third_Party/FreeRTOS/Source/tasks.c **** 		portASSERT_IF_INTERRUPT_PRIORITY_INVALID();
4923:Middlewares/Third_Party/FreeRTOS/Source/tasks.c **** 
4924:Middlewares/Third_Party/FreeRTOS/Source/tasks.c **** 		pxTCB = xTaskToNotify;
4925:Middlewares/Third_Party/FreeRTOS/Source/tasks.c **** 
4926:Middlewares/Third_Party/FreeRTOS/Source/tasks.c **** 		uxSavedInterruptStatus = portSET_INTERRUPT_MASK_FROM_ISR();
4927:Middlewares/Third_Party/FreeRTOS/Source/tasks.c **** 		{
4928:Middlewares/Third_Party/FreeRTOS/Source/tasks.c **** 			if( pulPreviousNotificationValue != NULL )
4929:Middlewares/Third_Party/FreeRTOS/Source/tasks.c **** 			{
4930:Middlewares/Third_Party/FreeRTOS/Source/tasks.c **** 				*pulPreviousNotificationValue = pxTCB->ulNotifiedValue;
4931:Middlewares/Third_Party/FreeRTOS/Source/tasks.c **** 			}
4932:Middlewares/Third_Party/FreeRTOS/Source/tasks.c **** 
4933:Middlewares/Third_Party/FreeRTOS/Source/tasks.c **** 			ucOriginalNotifyState = pxTCB->ucNotifyState;
4934:Middlewares/Third_Party/FreeRTOS/Source/tasks.c **** 			pxTCB->ucNotifyState = taskNOTIFICATION_RECEIVED;
4935:Middlewares/Third_Party/FreeRTOS/Source/tasks.c **** 
4936:Middlewares/Third_Party/FreeRTOS/Source/tasks.c **** 			switch( eAction )
4937:Middlewares/Third_Party/FreeRTOS/Source/tasks.c **** 			{
4938:Middlewares/Third_Party/FreeRTOS/Source/tasks.c **** 				case eSetBits	:
4939:Middlewares/Third_Party/FreeRTOS/Source/tasks.c **** 					pxTCB->ulNotifiedValue |= ulValue;
4940:Middlewares/Third_Party/FreeRTOS/Source/tasks.c **** 					break;
4941:Middlewares/Third_Party/FreeRTOS/Source/tasks.c **** 
4942:Middlewares/Third_Party/FreeRTOS/Source/tasks.c **** 				case eIncrement	:
4943:Middlewares/Third_Party/FreeRTOS/Source/tasks.c **** 					( pxTCB->ulNotifiedValue )++;
4944:Middlewares/Third_Party/FreeRTOS/Source/tasks.c **** 					break;
4945:Middlewares/Third_Party/FreeRTOS/Source/tasks.c **** 
4946:Middlewares/Third_Party/FreeRTOS/Source/tasks.c **** 				case eSetValueWithOverwrite	:
4947:Middlewares/Third_Party/FreeRTOS/Source/tasks.c **** 					pxTCB->ulNotifiedValue = ulValue;
4948:Middlewares/Third_Party/FreeRTOS/Source/tasks.c **** 					break;
4949:Middlewares/Third_Party/FreeRTOS/Source/tasks.c **** 
4950:Middlewares/Third_Party/FreeRTOS/Source/tasks.c **** 				case eSetValueWithoutOverwrite :
4951:Middlewares/Third_Party/FreeRTOS/Source/tasks.c **** 					if( ucOriginalNotifyState != taskNOTIFICATION_RECEIVED )
4952:Middlewares/Third_Party/FreeRTOS/Source/tasks.c **** 					{
4953:Middlewares/Third_Party/FreeRTOS/Source/tasks.c **** 						pxTCB->ulNotifiedValue = ulValue;
4954:Middlewares/Third_Party/FreeRTOS/Source/tasks.c **** 					}
4955:Middlewares/Third_Party/FreeRTOS/Source/tasks.c **** 					else
4956:Middlewares/Third_Party/FreeRTOS/Source/tasks.c **** 					{
4957:Middlewares/Third_Party/FreeRTOS/Source/tasks.c **** 						/* The value could not be written to the task. */
4958:Middlewares/Third_Party/FreeRTOS/Source/tasks.c **** 						xReturn = pdFAIL;
4959:Middlewares/Third_Party/FreeRTOS/Source/tasks.c **** 					}
4960:Middlewares/Third_Party/FreeRTOS/Source/tasks.c **** 					break;
4961:Middlewares/Third_Party/FreeRTOS/Source/tasks.c **** 
4962:Middlewares/Third_Party/FreeRTOS/Source/tasks.c **** 				case eNoAction :
4963:Middlewares/Third_Party/FreeRTOS/Source/tasks.c **** 					/* The task is being notified without its notify value being
4964:Middlewares/Third_Party/FreeRTOS/Source/tasks.c **** 					updated. */
4965:Middlewares/Third_Party/FreeRTOS/Source/tasks.c **** 					break;
4966:Middlewares/Third_Party/FreeRTOS/Source/tasks.c **** 
4967:Middlewares/Third_Party/FreeRTOS/Source/tasks.c **** 				default:
4968:Middlewares/Third_Party/FreeRTOS/Source/tasks.c **** 					/* Should not get here if all enums are handled.
4969:Middlewares/Third_Party/FreeRTOS/Source/tasks.c **** 					Artificially force an assert by testing a value the
4970:Middlewares/Third_Party/FreeRTOS/Source/tasks.c **** 					compiler can't assume is const. */
4971:Middlewares/Third_Party/FreeRTOS/Source/tasks.c **** 					configASSERT( pxTCB->ulNotifiedValue == ~0UL );
4972:Middlewares/Third_Party/FreeRTOS/Source/tasks.c **** 					break;
4973:Middlewares/Third_Party/FreeRTOS/Source/tasks.c **** 			}
ARM GAS  /tmp/ccV8B7BA.s 			page 110


4974:Middlewares/Third_Party/FreeRTOS/Source/tasks.c **** 
4975:Middlewares/Third_Party/FreeRTOS/Source/tasks.c **** 			traceTASK_NOTIFY_FROM_ISR();
4976:Middlewares/Third_Party/FreeRTOS/Source/tasks.c **** 
4977:Middlewares/Third_Party/FreeRTOS/Source/tasks.c **** 			/* If the task is in the blocked state specifically to wait for a
4978:Middlewares/Third_Party/FreeRTOS/Source/tasks.c **** 			notification then unblock it now. */
4979:Middlewares/Third_Party/FreeRTOS/Source/tasks.c **** 			if( ucOriginalNotifyState == taskWAITING_NOTIFICATION )
4980:Middlewares/Third_Party/FreeRTOS/Source/tasks.c **** 			{
4981:Middlewares/Third_Party/FreeRTOS/Source/tasks.c **** 				/* The task should not have been on an event list. */
4982:Middlewares/Third_Party/FreeRTOS/Source/tasks.c **** 				configASSERT( listLIST_ITEM_CONTAINER( &( pxTCB->xEventListItem ) ) == NULL );
4983:Middlewares/Third_Party/FreeRTOS/Source/tasks.c **** 
4984:Middlewares/Third_Party/FreeRTOS/Source/tasks.c **** 				if( uxSchedulerSuspended == ( UBaseType_t ) pdFALSE )
4985:Middlewares/Third_Party/FreeRTOS/Source/tasks.c **** 				{
4986:Middlewares/Third_Party/FreeRTOS/Source/tasks.c **** 					( void ) uxListRemove( &( pxTCB->xStateListItem ) );
4987:Middlewares/Third_Party/FreeRTOS/Source/tasks.c **** 					prvAddTaskToReadyList( pxTCB );
4988:Middlewares/Third_Party/FreeRTOS/Source/tasks.c **** 				}
4989:Middlewares/Third_Party/FreeRTOS/Source/tasks.c **** 				else
4990:Middlewares/Third_Party/FreeRTOS/Source/tasks.c **** 				{
4991:Middlewares/Third_Party/FreeRTOS/Source/tasks.c **** 					/* The delayed and ready lists cannot be accessed, so hold
4992:Middlewares/Third_Party/FreeRTOS/Source/tasks.c **** 					this task pending until the scheduler is resumed. */
4993:Middlewares/Third_Party/FreeRTOS/Source/tasks.c **** 					vListInsertEnd( &( xPendingReadyList ), &( pxTCB->xEventListItem ) );
4994:Middlewares/Third_Party/FreeRTOS/Source/tasks.c **** 				}
4995:Middlewares/Third_Party/FreeRTOS/Source/tasks.c **** 
4996:Middlewares/Third_Party/FreeRTOS/Source/tasks.c **** 				if( pxTCB->uxPriority > pxCurrentTCB->uxPriority )
4997:Middlewares/Third_Party/FreeRTOS/Source/tasks.c **** 				{
4998:Middlewares/Third_Party/FreeRTOS/Source/tasks.c **** 					/* The notified task has a priority above the currently
4999:Middlewares/Third_Party/FreeRTOS/Source/tasks.c **** 					executing task so a yield is required. */
5000:Middlewares/Third_Party/FreeRTOS/Source/tasks.c **** 					if( pxHigherPriorityTaskWoken != NULL )
5001:Middlewares/Third_Party/FreeRTOS/Source/tasks.c **** 					{
5002:Middlewares/Third_Party/FreeRTOS/Source/tasks.c **** 						*pxHigherPriorityTaskWoken = pdTRUE;
5003:Middlewares/Third_Party/FreeRTOS/Source/tasks.c **** 					}
5004:Middlewares/Third_Party/FreeRTOS/Source/tasks.c **** 
5005:Middlewares/Third_Party/FreeRTOS/Source/tasks.c **** 					/* Mark that a yield is pending in case the user is not
5006:Middlewares/Third_Party/FreeRTOS/Source/tasks.c **** 					using the "xHigherPriorityTaskWoken" parameter to an ISR
5007:Middlewares/Third_Party/FreeRTOS/Source/tasks.c **** 					safe FreeRTOS function. */
5008:Middlewares/Third_Party/FreeRTOS/Source/tasks.c **** 					xYieldPending = pdTRUE;
5009:Middlewares/Third_Party/FreeRTOS/Source/tasks.c **** 				}
5010:Middlewares/Third_Party/FreeRTOS/Source/tasks.c **** 				else
5011:Middlewares/Third_Party/FreeRTOS/Source/tasks.c **** 				{
5012:Middlewares/Third_Party/FreeRTOS/Source/tasks.c **** 					mtCOVERAGE_TEST_MARKER();
5013:Middlewares/Third_Party/FreeRTOS/Source/tasks.c **** 				}
5014:Middlewares/Third_Party/FreeRTOS/Source/tasks.c **** 			}
5015:Middlewares/Third_Party/FreeRTOS/Source/tasks.c **** 		}
5016:Middlewares/Third_Party/FreeRTOS/Source/tasks.c **** 		portCLEAR_INTERRUPT_MASK_FROM_ISR( uxSavedInterruptStatus );
5017:Middlewares/Third_Party/FreeRTOS/Source/tasks.c **** 
5018:Middlewares/Third_Party/FreeRTOS/Source/tasks.c **** 		return xReturn;
5019:Middlewares/Third_Party/FreeRTOS/Source/tasks.c **** 	}
5020:Middlewares/Third_Party/FreeRTOS/Source/tasks.c **** 
5021:Middlewares/Third_Party/FreeRTOS/Source/tasks.c **** #endif /* configUSE_TASK_NOTIFICATIONS */
5022:Middlewares/Third_Party/FreeRTOS/Source/tasks.c **** /*-----------------------------------------------------------*/
5023:Middlewares/Third_Party/FreeRTOS/Source/tasks.c **** 
5024:Middlewares/Third_Party/FreeRTOS/Source/tasks.c **** #if( configUSE_TASK_NOTIFICATIONS == 1 )
5025:Middlewares/Third_Party/FreeRTOS/Source/tasks.c **** 
5026:Middlewares/Third_Party/FreeRTOS/Source/tasks.c **** 	void vTaskNotifyGiveFromISR( TaskHandle_t xTaskToNotify, BaseType_t *pxHigherPriorityTaskWoken )
5027:Middlewares/Third_Party/FreeRTOS/Source/tasks.c **** 	{
5028:Middlewares/Third_Party/FreeRTOS/Source/tasks.c **** 	TCB_t * pxTCB;
5029:Middlewares/Third_Party/FreeRTOS/Source/tasks.c **** 	uint8_t ucOriginalNotifyState;
5030:Middlewares/Third_Party/FreeRTOS/Source/tasks.c **** 	UBaseType_t uxSavedInterruptStatus;
ARM GAS  /tmp/ccV8B7BA.s 			page 111


5031:Middlewares/Third_Party/FreeRTOS/Source/tasks.c **** 
5032:Middlewares/Third_Party/FreeRTOS/Source/tasks.c **** 		configASSERT( xTaskToNotify );
5033:Middlewares/Third_Party/FreeRTOS/Source/tasks.c **** 
5034:Middlewares/Third_Party/FreeRTOS/Source/tasks.c **** 		/* RTOS ports that support interrupt nesting have the concept of a
5035:Middlewares/Third_Party/FreeRTOS/Source/tasks.c **** 		maximum	system call (or maximum API call) interrupt priority.
5036:Middlewares/Third_Party/FreeRTOS/Source/tasks.c **** 		Interrupts that are	above the maximum system call priority are keep
5037:Middlewares/Third_Party/FreeRTOS/Source/tasks.c **** 		permanently enabled, even when the RTOS kernel is in a critical section,
5038:Middlewares/Third_Party/FreeRTOS/Source/tasks.c **** 		but cannot make any calls to FreeRTOS API functions.  If configASSERT()
5039:Middlewares/Third_Party/FreeRTOS/Source/tasks.c **** 		is defined in FreeRTOSConfig.h then
5040:Middlewares/Third_Party/FreeRTOS/Source/tasks.c **** 		portASSERT_IF_INTERRUPT_PRIORITY_INVALID() will result in an assertion
5041:Middlewares/Third_Party/FreeRTOS/Source/tasks.c **** 		failure if a FreeRTOS API function is called from an interrupt that has
5042:Middlewares/Third_Party/FreeRTOS/Source/tasks.c **** 		been assigned a priority above the configured maximum system call
5043:Middlewares/Third_Party/FreeRTOS/Source/tasks.c **** 		priority.  Only FreeRTOS functions that end in FromISR can be called
5044:Middlewares/Third_Party/FreeRTOS/Source/tasks.c **** 		from interrupts	that have been assigned a priority at or (logically)
5045:Middlewares/Third_Party/FreeRTOS/Source/tasks.c **** 		below the maximum system call interrupt priority.  FreeRTOS maintains a
5046:Middlewares/Third_Party/FreeRTOS/Source/tasks.c **** 		separate interrupt safe API to ensure interrupt entry is as fast and as
5047:Middlewares/Third_Party/FreeRTOS/Source/tasks.c **** 		simple as possible.  More information (albeit Cortex-M specific) is
5048:Middlewares/Third_Party/FreeRTOS/Source/tasks.c **** 		provided on the following link:
5049:Middlewares/Third_Party/FreeRTOS/Source/tasks.c **** 		http://www.freertos.org/RTOS-Cortex-M3-M4.html */
5050:Middlewares/Third_Party/FreeRTOS/Source/tasks.c **** 		portASSERT_IF_INTERRUPT_PRIORITY_INVALID();
5051:Middlewares/Third_Party/FreeRTOS/Source/tasks.c **** 
5052:Middlewares/Third_Party/FreeRTOS/Source/tasks.c **** 		pxTCB = xTaskToNotify;
5053:Middlewares/Third_Party/FreeRTOS/Source/tasks.c **** 
5054:Middlewares/Third_Party/FreeRTOS/Source/tasks.c **** 		uxSavedInterruptStatus = portSET_INTERRUPT_MASK_FROM_ISR();
5055:Middlewares/Third_Party/FreeRTOS/Source/tasks.c **** 		{
5056:Middlewares/Third_Party/FreeRTOS/Source/tasks.c **** 			ucOriginalNotifyState = pxTCB->ucNotifyState;
5057:Middlewares/Third_Party/FreeRTOS/Source/tasks.c **** 			pxTCB->ucNotifyState = taskNOTIFICATION_RECEIVED;
5058:Middlewares/Third_Party/FreeRTOS/Source/tasks.c **** 
5059:Middlewares/Third_Party/FreeRTOS/Source/tasks.c **** 			/* 'Giving' is equivalent to incrementing a count in a counting
5060:Middlewares/Third_Party/FreeRTOS/Source/tasks.c **** 			semaphore. */
5061:Middlewares/Third_Party/FreeRTOS/Source/tasks.c **** 			( pxTCB->ulNotifiedValue )++;
5062:Middlewares/Third_Party/FreeRTOS/Source/tasks.c **** 
5063:Middlewares/Third_Party/FreeRTOS/Source/tasks.c **** 			traceTASK_NOTIFY_GIVE_FROM_ISR();
5064:Middlewares/Third_Party/FreeRTOS/Source/tasks.c **** 
5065:Middlewares/Third_Party/FreeRTOS/Source/tasks.c **** 			/* If the task is in the blocked state specifically to wait for a
5066:Middlewares/Third_Party/FreeRTOS/Source/tasks.c **** 			notification then unblock it now. */
5067:Middlewares/Third_Party/FreeRTOS/Source/tasks.c **** 			if( ucOriginalNotifyState == taskWAITING_NOTIFICATION )
5068:Middlewares/Third_Party/FreeRTOS/Source/tasks.c **** 			{
5069:Middlewares/Third_Party/FreeRTOS/Source/tasks.c **** 				/* The task should not have been on an event list. */
5070:Middlewares/Third_Party/FreeRTOS/Source/tasks.c **** 				configASSERT( listLIST_ITEM_CONTAINER( &( pxTCB->xEventListItem ) ) == NULL );
5071:Middlewares/Third_Party/FreeRTOS/Source/tasks.c **** 
5072:Middlewares/Third_Party/FreeRTOS/Source/tasks.c **** 				if( uxSchedulerSuspended == ( UBaseType_t ) pdFALSE )
5073:Middlewares/Third_Party/FreeRTOS/Source/tasks.c **** 				{
5074:Middlewares/Third_Party/FreeRTOS/Source/tasks.c **** 					( void ) uxListRemove( &( pxTCB->xStateListItem ) );
5075:Middlewares/Third_Party/FreeRTOS/Source/tasks.c **** 					prvAddTaskToReadyList( pxTCB );
5076:Middlewares/Third_Party/FreeRTOS/Source/tasks.c **** 				}
5077:Middlewares/Third_Party/FreeRTOS/Source/tasks.c **** 				else
5078:Middlewares/Third_Party/FreeRTOS/Source/tasks.c **** 				{
5079:Middlewares/Third_Party/FreeRTOS/Source/tasks.c **** 					/* The delayed and ready lists cannot be accessed, so hold
5080:Middlewares/Third_Party/FreeRTOS/Source/tasks.c **** 					this task pending until the scheduler is resumed. */
5081:Middlewares/Third_Party/FreeRTOS/Source/tasks.c **** 					vListInsertEnd( &( xPendingReadyList ), &( pxTCB->xEventListItem ) );
5082:Middlewares/Third_Party/FreeRTOS/Source/tasks.c **** 				}
5083:Middlewares/Third_Party/FreeRTOS/Source/tasks.c **** 
5084:Middlewares/Third_Party/FreeRTOS/Source/tasks.c **** 				if( pxTCB->uxPriority > pxCurrentTCB->uxPriority )
5085:Middlewares/Third_Party/FreeRTOS/Source/tasks.c **** 				{
5086:Middlewares/Third_Party/FreeRTOS/Source/tasks.c **** 					/* The notified task has a priority above the currently
5087:Middlewares/Third_Party/FreeRTOS/Source/tasks.c **** 					executing task so a yield is required. */
ARM GAS  /tmp/ccV8B7BA.s 			page 112


5088:Middlewares/Third_Party/FreeRTOS/Source/tasks.c **** 					if( pxHigherPriorityTaskWoken != NULL )
5089:Middlewares/Third_Party/FreeRTOS/Source/tasks.c **** 					{
5090:Middlewares/Third_Party/FreeRTOS/Source/tasks.c **** 						*pxHigherPriorityTaskWoken = pdTRUE;
5091:Middlewares/Third_Party/FreeRTOS/Source/tasks.c **** 					}
5092:Middlewares/Third_Party/FreeRTOS/Source/tasks.c **** 
5093:Middlewares/Third_Party/FreeRTOS/Source/tasks.c **** 					/* Mark that a yield is pending in case the user is not
5094:Middlewares/Third_Party/FreeRTOS/Source/tasks.c **** 					using the "xHigherPriorityTaskWoken" parameter in an ISR
5095:Middlewares/Third_Party/FreeRTOS/Source/tasks.c **** 					safe FreeRTOS function. */
5096:Middlewares/Third_Party/FreeRTOS/Source/tasks.c **** 					xYieldPending = pdTRUE;
5097:Middlewares/Third_Party/FreeRTOS/Source/tasks.c **** 				}
5098:Middlewares/Third_Party/FreeRTOS/Source/tasks.c **** 				else
5099:Middlewares/Third_Party/FreeRTOS/Source/tasks.c **** 				{
5100:Middlewares/Third_Party/FreeRTOS/Source/tasks.c **** 					mtCOVERAGE_TEST_MARKER();
5101:Middlewares/Third_Party/FreeRTOS/Source/tasks.c **** 				}
5102:Middlewares/Third_Party/FreeRTOS/Source/tasks.c **** 			}
5103:Middlewares/Third_Party/FreeRTOS/Source/tasks.c **** 		}
5104:Middlewares/Third_Party/FreeRTOS/Source/tasks.c **** 		portCLEAR_INTERRUPT_MASK_FROM_ISR( uxSavedInterruptStatus );
5105:Middlewares/Third_Party/FreeRTOS/Source/tasks.c **** 	}
5106:Middlewares/Third_Party/FreeRTOS/Source/tasks.c **** 
5107:Middlewares/Third_Party/FreeRTOS/Source/tasks.c **** #endif /* configUSE_TASK_NOTIFICATIONS */
5108:Middlewares/Third_Party/FreeRTOS/Source/tasks.c **** /*-----------------------------------------------------------*/
5109:Middlewares/Third_Party/FreeRTOS/Source/tasks.c **** 
5110:Middlewares/Third_Party/FreeRTOS/Source/tasks.c **** #if( configUSE_TASK_NOTIFICATIONS == 1 )
5111:Middlewares/Third_Party/FreeRTOS/Source/tasks.c **** 
5112:Middlewares/Third_Party/FreeRTOS/Source/tasks.c **** 	BaseType_t xTaskNotifyStateClear( TaskHandle_t xTask )
5113:Middlewares/Third_Party/FreeRTOS/Source/tasks.c **** 	{
5114:Middlewares/Third_Party/FreeRTOS/Source/tasks.c **** 	TCB_t *pxTCB;
5115:Middlewares/Third_Party/FreeRTOS/Source/tasks.c **** 	BaseType_t xReturn;
5116:Middlewares/Third_Party/FreeRTOS/Source/tasks.c **** 
5117:Middlewares/Third_Party/FreeRTOS/Source/tasks.c **** 		/* If null is passed in here then it is the calling task that is having
5118:Middlewares/Third_Party/FreeRTOS/Source/tasks.c **** 		its notification state cleared. */
5119:Middlewares/Third_Party/FreeRTOS/Source/tasks.c **** 		pxTCB = prvGetTCBFromHandle( xTask );
5120:Middlewares/Third_Party/FreeRTOS/Source/tasks.c **** 
5121:Middlewares/Third_Party/FreeRTOS/Source/tasks.c **** 		taskENTER_CRITICAL();
5122:Middlewares/Third_Party/FreeRTOS/Source/tasks.c **** 		{
5123:Middlewares/Third_Party/FreeRTOS/Source/tasks.c **** 			if( pxTCB->ucNotifyState == taskNOTIFICATION_RECEIVED )
5124:Middlewares/Third_Party/FreeRTOS/Source/tasks.c **** 			{
5125:Middlewares/Third_Party/FreeRTOS/Source/tasks.c **** 				pxTCB->ucNotifyState = taskNOT_WAITING_NOTIFICATION;
5126:Middlewares/Third_Party/FreeRTOS/Source/tasks.c **** 				xReturn = pdPASS;
5127:Middlewares/Third_Party/FreeRTOS/Source/tasks.c **** 			}
5128:Middlewares/Third_Party/FreeRTOS/Source/tasks.c **** 			else
5129:Middlewares/Third_Party/FreeRTOS/Source/tasks.c **** 			{
5130:Middlewares/Third_Party/FreeRTOS/Source/tasks.c **** 				xReturn = pdFAIL;
5131:Middlewares/Third_Party/FreeRTOS/Source/tasks.c **** 			}
5132:Middlewares/Third_Party/FreeRTOS/Source/tasks.c **** 		}
5133:Middlewares/Third_Party/FreeRTOS/Source/tasks.c **** 		taskEXIT_CRITICAL();
5134:Middlewares/Third_Party/FreeRTOS/Source/tasks.c **** 
5135:Middlewares/Third_Party/FreeRTOS/Source/tasks.c **** 		return xReturn;
5136:Middlewares/Third_Party/FreeRTOS/Source/tasks.c **** 	}
5137:Middlewares/Third_Party/FreeRTOS/Source/tasks.c **** 
5138:Middlewares/Third_Party/FreeRTOS/Source/tasks.c **** #endif /* configUSE_TASK_NOTIFICATIONS */
5139:Middlewares/Third_Party/FreeRTOS/Source/tasks.c **** /*-----------------------------------------------------------*/
5140:Middlewares/Third_Party/FreeRTOS/Source/tasks.c **** 
5141:Middlewares/Third_Party/FreeRTOS/Source/tasks.c **** #if( configUSE_TASK_NOTIFICATIONS == 1 )
5142:Middlewares/Third_Party/FreeRTOS/Source/tasks.c **** 
5143:Middlewares/Third_Party/FreeRTOS/Source/tasks.c **** 	uint32_t ulTaskNotifyValueClear( TaskHandle_t xTask, uint32_t ulBitsToClear )
5144:Middlewares/Third_Party/FreeRTOS/Source/tasks.c **** 	{
ARM GAS  /tmp/ccV8B7BA.s 			page 113


5145:Middlewares/Third_Party/FreeRTOS/Source/tasks.c **** 	TCB_t *pxTCB;
5146:Middlewares/Third_Party/FreeRTOS/Source/tasks.c **** 	uint32_t ulReturn;
5147:Middlewares/Third_Party/FreeRTOS/Source/tasks.c **** 
5148:Middlewares/Third_Party/FreeRTOS/Source/tasks.c **** 		/* If null is passed in here then it is the calling task that is having
5149:Middlewares/Third_Party/FreeRTOS/Source/tasks.c **** 		its notification state cleared. */
5150:Middlewares/Third_Party/FreeRTOS/Source/tasks.c **** 		pxTCB = prvGetTCBFromHandle( xTask );
5151:Middlewares/Third_Party/FreeRTOS/Source/tasks.c **** 
5152:Middlewares/Third_Party/FreeRTOS/Source/tasks.c **** 		taskENTER_CRITICAL();
5153:Middlewares/Third_Party/FreeRTOS/Source/tasks.c **** 		{
5154:Middlewares/Third_Party/FreeRTOS/Source/tasks.c **** 			/* Return the notification as it was before the bits were cleared,
5155:Middlewares/Third_Party/FreeRTOS/Source/tasks.c **** 			then clear the bit mask. */
5156:Middlewares/Third_Party/FreeRTOS/Source/tasks.c **** 			ulReturn = pxCurrentTCB->ulNotifiedValue;
5157:Middlewares/Third_Party/FreeRTOS/Source/tasks.c **** 			pxTCB->ulNotifiedValue &= ~ulBitsToClear;
5158:Middlewares/Third_Party/FreeRTOS/Source/tasks.c **** 		}
5159:Middlewares/Third_Party/FreeRTOS/Source/tasks.c **** 		taskEXIT_CRITICAL();
5160:Middlewares/Third_Party/FreeRTOS/Source/tasks.c **** 
5161:Middlewares/Third_Party/FreeRTOS/Source/tasks.c **** 		return ulReturn;
5162:Middlewares/Third_Party/FreeRTOS/Source/tasks.c **** 	}
5163:Middlewares/Third_Party/FreeRTOS/Source/tasks.c **** 
5164:Middlewares/Third_Party/FreeRTOS/Source/tasks.c **** #endif /* configUSE_TASK_NOTIFICATIONS */
5165:Middlewares/Third_Party/FreeRTOS/Source/tasks.c **** /*-----------------------------------------------------------*/
5166:Middlewares/Third_Party/FreeRTOS/Source/tasks.c **** 
5167:Middlewares/Third_Party/FreeRTOS/Source/tasks.c **** #if( ( configGENERATE_RUN_TIME_STATS == 1 ) && ( INCLUDE_xTaskGetIdleTaskHandle == 1 ) )
5168:Middlewares/Third_Party/FreeRTOS/Source/tasks.c **** 
5169:Middlewares/Third_Party/FreeRTOS/Source/tasks.c **** 	uint32_t ulTaskGetIdleRunTimeCounter( void )
5170:Middlewares/Third_Party/FreeRTOS/Source/tasks.c **** 	{
5171:Middlewares/Third_Party/FreeRTOS/Source/tasks.c **** 		return xIdleTaskHandle->ulRunTimeCounter;
5172:Middlewares/Third_Party/FreeRTOS/Source/tasks.c **** 	}
5173:Middlewares/Third_Party/FreeRTOS/Source/tasks.c **** 
5174:Middlewares/Third_Party/FreeRTOS/Source/tasks.c **** #endif
5175:Middlewares/Third_Party/FreeRTOS/Source/tasks.c **** /*-----------------------------------------------------------*/
5176:Middlewares/Third_Party/FreeRTOS/Source/tasks.c **** 
5177:Middlewares/Third_Party/FreeRTOS/Source/tasks.c **** static void prvAddCurrentTaskToDelayedList( TickType_t xTicksToWait, const BaseType_t xCanBlockInde
5178:Middlewares/Third_Party/FreeRTOS/Source/tasks.c **** {
 866              		.loc 1 5178 1 view -0
 867              		.cfi_startproc
 868              		@ args = 0, pretend = 0, frame = 0
 869              		@ frame_needed = 0, uses_anonymous_args = 0
 870              		.loc 1 5178 1 is_stmt 0 view .LVU246
 871 0000 70B5     		push	{r4, r5, r6, lr}
 872              	.LCFI7:
 873              		.cfi_def_cfa_offset 16
 874              		.cfi_offset 4, -16
 875              		.cfi_offset 5, -12
 876              		.cfi_offset 6, -8
 877              		.cfi_offset 14, -4
 878 0002 0446     		mov	r4, r0
 879 0004 0D46     		mov	r5, r1
5179:Middlewares/Third_Party/FreeRTOS/Source/tasks.c **** TickType_t xTimeToWake;
 880              		.loc 1 5179 1 is_stmt 1 view .LVU247
5180:Middlewares/Third_Party/FreeRTOS/Source/tasks.c **** const TickType_t xConstTickCount = xTickCount;
 881              		.loc 1 5180 1 view .LVU248
 882              		.loc 1 5180 18 is_stmt 0 view .LVU249
 883 0006 174B     		ldr	r3, .L78
 884 0008 1E68     		ldr	r6, [r3]
 885              	.LVL65:
5181:Middlewares/Third_Party/FreeRTOS/Source/tasks.c **** 
ARM GAS  /tmp/ccV8B7BA.s 			page 114


5182:Middlewares/Third_Party/FreeRTOS/Source/tasks.c **** 	#if( INCLUDE_xTaskAbortDelay == 1 )
5183:Middlewares/Third_Party/FreeRTOS/Source/tasks.c **** 	{
5184:Middlewares/Third_Party/FreeRTOS/Source/tasks.c **** 		/* About to enter a delayed list, so ensure the ucDelayAborted flag is
5185:Middlewares/Third_Party/FreeRTOS/Source/tasks.c **** 		reset to pdFALSE so it can be detected as having been set to pdTRUE
5186:Middlewares/Third_Party/FreeRTOS/Source/tasks.c **** 		when the task leaves the Blocked state. */
5187:Middlewares/Third_Party/FreeRTOS/Source/tasks.c **** 		pxCurrentTCB->ucDelayAborted = pdFALSE;
5188:Middlewares/Third_Party/FreeRTOS/Source/tasks.c **** 	}
5189:Middlewares/Third_Party/FreeRTOS/Source/tasks.c **** 	#endif
5190:Middlewares/Third_Party/FreeRTOS/Source/tasks.c **** 
5191:Middlewares/Third_Party/FreeRTOS/Source/tasks.c **** 	/* Remove the task from the ready list before adding it to the blocked list
5192:Middlewares/Third_Party/FreeRTOS/Source/tasks.c **** 	as the same list item is used for both lists. */
5193:Middlewares/Third_Party/FreeRTOS/Source/tasks.c **** 	if( uxListRemove( &( pxCurrentTCB->xStateListItem ) ) == ( UBaseType_t ) 0 )
 886              		.loc 1 5193 2 is_stmt 1 view .LVU250
 887              		.loc 1 5193 35 is_stmt 0 view .LVU251
 888 000a 174B     		ldr	r3, .L78+4
 889 000c 1868     		ldr	r0, [r3]
 890              	.LVL66:
 891              		.loc 1 5193 6 view .LVU252
 892 000e 0430     		adds	r0, r0, #4
 893 0010 FFF7FEFF 		bl	uxListRemove
 894              	.LVL67:
5194:Middlewares/Third_Party/FreeRTOS/Source/tasks.c **** 	{
5195:Middlewares/Third_Party/FreeRTOS/Source/tasks.c **** 		/* The current task must be in a ready list, so there is no need to
5196:Middlewares/Third_Party/FreeRTOS/Source/tasks.c **** 		check, and the port reset macro can be called directly. */
5197:Middlewares/Third_Party/FreeRTOS/Source/tasks.c **** 		portRESET_READY_PRIORITY( pxCurrentTCB->uxPriority, uxTopReadyPriority ); /*lint !e931 pxCurrentT
 895              		.loc 1 5197 75 is_stmt 1 view .LVU253
5198:Middlewares/Third_Party/FreeRTOS/Source/tasks.c **** 	}
5199:Middlewares/Third_Party/FreeRTOS/Source/tasks.c **** 	else
5200:Middlewares/Third_Party/FreeRTOS/Source/tasks.c **** 	{
5201:Middlewares/Third_Party/FreeRTOS/Source/tasks.c **** 		mtCOVERAGE_TEST_MARKER();
 896              		.loc 1 5201 27 view .LVU254
5202:Middlewares/Third_Party/FreeRTOS/Source/tasks.c **** 	}
5203:Middlewares/Third_Party/FreeRTOS/Source/tasks.c **** 
5204:Middlewares/Third_Party/FreeRTOS/Source/tasks.c **** 	#if ( INCLUDE_vTaskSuspend == 1 )
5205:Middlewares/Third_Party/FreeRTOS/Source/tasks.c **** 	{
5206:Middlewares/Third_Party/FreeRTOS/Source/tasks.c **** 		if( ( xTicksToWait == portMAX_DELAY ) && ( xCanBlockIndefinitely != pdFALSE ) )
 897              		.loc 1 5206 3 view .LVU255
 898              		.loc 1 5206 5 is_stmt 0 view .LVU256
 899 0014 B4F1FF3F 		cmp	r4, #-1
 900 0018 0DD0     		beq	.L77
 901              	.L73:
5207:Middlewares/Third_Party/FreeRTOS/Source/tasks.c **** 		{
5208:Middlewares/Third_Party/FreeRTOS/Source/tasks.c **** 			/* Add the task to the suspended task list instead of a delayed task
5209:Middlewares/Third_Party/FreeRTOS/Source/tasks.c **** 			list to ensure it is not woken by a timing event.  It will block
5210:Middlewares/Third_Party/FreeRTOS/Source/tasks.c **** 			indefinitely. */
5211:Middlewares/Third_Party/FreeRTOS/Source/tasks.c **** 			vListInsertEnd( &xSuspendedTaskList, &( pxCurrentTCB->xStateListItem ) );
5212:Middlewares/Third_Party/FreeRTOS/Source/tasks.c **** 		}
5213:Middlewares/Third_Party/FreeRTOS/Source/tasks.c **** 		else
5214:Middlewares/Third_Party/FreeRTOS/Source/tasks.c **** 		{
5215:Middlewares/Third_Party/FreeRTOS/Source/tasks.c **** 			/* Calculate the time at which the task should be woken if the event
5216:Middlewares/Third_Party/FreeRTOS/Source/tasks.c **** 			does not occur.  This may overflow but this doesn't matter, the
5217:Middlewares/Third_Party/FreeRTOS/Source/tasks.c **** 			kernel will manage it correctly. */
5218:Middlewares/Third_Party/FreeRTOS/Source/tasks.c **** 			xTimeToWake = xConstTickCount + xTicksToWait;
 902              		.loc 1 5218 4 is_stmt 1 view .LVU257
 903              		.loc 1 5218 16 is_stmt 0 view .LVU258
 904 001a 3444     		add	r4, r4, r6
 905              	.LVL68:
ARM GAS  /tmp/ccV8B7BA.s 			page 115


5219:Middlewares/Third_Party/FreeRTOS/Source/tasks.c **** 
5220:Middlewares/Third_Party/FreeRTOS/Source/tasks.c **** 			/* The list item will be inserted in wake time order. */
5221:Middlewares/Third_Party/FreeRTOS/Source/tasks.c **** 			listSET_LIST_ITEM_VALUE( &( pxCurrentTCB->xStateListItem ), xTimeToWake );
 906              		.loc 1 5221 4 is_stmt 1 view .LVU259
 907 001c 124B     		ldr	r3, .L78+4
 908 001e 1B68     		ldr	r3, [r3]
 909 0020 5C60     		str	r4, [r3, #4]
5222:Middlewares/Third_Party/FreeRTOS/Source/tasks.c **** 
5223:Middlewares/Third_Party/FreeRTOS/Source/tasks.c **** 			if( xTimeToWake < xConstTickCount )
 910              		.loc 1 5223 4 view .LVU260
 911              		.loc 1 5223 6 is_stmt 0 view .LVU261
 912 0022 A642     		cmp	r6, r4
 913 0024 10D9     		bls	.L75
5224:Middlewares/Third_Party/FreeRTOS/Source/tasks.c **** 			{
5225:Middlewares/Third_Party/FreeRTOS/Source/tasks.c **** 				/* Wake time has overflowed.  Place this item in the overflow
5226:Middlewares/Third_Party/FreeRTOS/Source/tasks.c **** 				list. */
5227:Middlewares/Third_Party/FreeRTOS/Source/tasks.c **** 				vListInsert( pxOverflowDelayedTaskList, &( pxCurrentTCB->xStateListItem ) );
 914              		.loc 1 5227 5 is_stmt 1 view .LVU262
 915 0026 114B     		ldr	r3, .L78+8
 916 0028 1868     		ldr	r0, [r3]
 917              		.loc 1 5227 60 is_stmt 0 view .LVU263
 918 002a 0F4B     		ldr	r3, .L78+4
 919 002c 1968     		ldr	r1, [r3]
 920              		.loc 1 5227 5 view .LVU264
 921 002e 0431     		adds	r1, r1, #4
 922 0030 FFF7FEFF 		bl	vListInsert
 923              	.LVL69:
 924              	.L72:
5228:Middlewares/Third_Party/FreeRTOS/Source/tasks.c **** 			}
5229:Middlewares/Third_Party/FreeRTOS/Source/tasks.c **** 			else
5230:Middlewares/Third_Party/FreeRTOS/Source/tasks.c **** 			{
5231:Middlewares/Third_Party/FreeRTOS/Source/tasks.c **** 				/* The wake time has not overflowed, so the current block list
5232:Middlewares/Third_Party/FreeRTOS/Source/tasks.c **** 				is used. */
5233:Middlewares/Third_Party/FreeRTOS/Source/tasks.c **** 				vListInsert( pxDelayedTaskList, &( pxCurrentTCB->xStateListItem ) );
5234:Middlewares/Third_Party/FreeRTOS/Source/tasks.c **** 
5235:Middlewares/Third_Party/FreeRTOS/Source/tasks.c **** 				/* If the task entering the blocked state was placed at the
5236:Middlewares/Third_Party/FreeRTOS/Source/tasks.c **** 				head of the list of blocked tasks then xNextTaskUnblockTime
5237:Middlewares/Third_Party/FreeRTOS/Source/tasks.c **** 				needs to be updated too. */
5238:Middlewares/Third_Party/FreeRTOS/Source/tasks.c **** 				if( xTimeToWake < xNextTaskUnblockTime )
5239:Middlewares/Third_Party/FreeRTOS/Source/tasks.c **** 				{
5240:Middlewares/Third_Party/FreeRTOS/Source/tasks.c **** 					xNextTaskUnblockTime = xTimeToWake;
5241:Middlewares/Third_Party/FreeRTOS/Source/tasks.c **** 				}
5242:Middlewares/Third_Party/FreeRTOS/Source/tasks.c **** 				else
5243:Middlewares/Third_Party/FreeRTOS/Source/tasks.c **** 				{
5244:Middlewares/Third_Party/FreeRTOS/Source/tasks.c **** 					mtCOVERAGE_TEST_MARKER();
5245:Middlewares/Third_Party/FreeRTOS/Source/tasks.c **** 				}
5246:Middlewares/Third_Party/FreeRTOS/Source/tasks.c **** 			}
5247:Middlewares/Third_Party/FreeRTOS/Source/tasks.c **** 		}
5248:Middlewares/Third_Party/FreeRTOS/Source/tasks.c **** 	}
5249:Middlewares/Third_Party/FreeRTOS/Source/tasks.c **** 	#else /* INCLUDE_vTaskSuspend */
5250:Middlewares/Third_Party/FreeRTOS/Source/tasks.c **** 	{
5251:Middlewares/Third_Party/FreeRTOS/Source/tasks.c **** 		/* Calculate the time at which the task should be woken if the event
5252:Middlewares/Third_Party/FreeRTOS/Source/tasks.c **** 		does not occur.  This may overflow but this doesn't matter, the kernel
5253:Middlewares/Third_Party/FreeRTOS/Source/tasks.c **** 		will manage it correctly. */
5254:Middlewares/Third_Party/FreeRTOS/Source/tasks.c **** 		xTimeToWake = xConstTickCount + xTicksToWait;
5255:Middlewares/Third_Party/FreeRTOS/Source/tasks.c **** 
5256:Middlewares/Third_Party/FreeRTOS/Source/tasks.c **** 		/* The list item will be inserted in wake time order. */
ARM GAS  /tmp/ccV8B7BA.s 			page 116


5257:Middlewares/Third_Party/FreeRTOS/Source/tasks.c **** 		listSET_LIST_ITEM_VALUE( &( pxCurrentTCB->xStateListItem ), xTimeToWake );
5258:Middlewares/Third_Party/FreeRTOS/Source/tasks.c **** 
5259:Middlewares/Third_Party/FreeRTOS/Source/tasks.c **** 		if( xTimeToWake < xConstTickCount )
5260:Middlewares/Third_Party/FreeRTOS/Source/tasks.c **** 		{
5261:Middlewares/Third_Party/FreeRTOS/Source/tasks.c **** 			/* Wake time has overflowed.  Place this item in the overflow list. */
5262:Middlewares/Third_Party/FreeRTOS/Source/tasks.c **** 			vListInsert( pxOverflowDelayedTaskList, &( pxCurrentTCB->xStateListItem ) );
5263:Middlewares/Third_Party/FreeRTOS/Source/tasks.c **** 		}
5264:Middlewares/Third_Party/FreeRTOS/Source/tasks.c **** 		else
5265:Middlewares/Third_Party/FreeRTOS/Source/tasks.c **** 		{
5266:Middlewares/Third_Party/FreeRTOS/Source/tasks.c **** 			/* The wake time has not overflowed, so the current block list is used. */
5267:Middlewares/Third_Party/FreeRTOS/Source/tasks.c **** 			vListInsert( pxDelayedTaskList, &( pxCurrentTCB->xStateListItem ) );
5268:Middlewares/Third_Party/FreeRTOS/Source/tasks.c **** 
5269:Middlewares/Third_Party/FreeRTOS/Source/tasks.c **** 			/* If the task entering the blocked state was placed at the head of the
5270:Middlewares/Third_Party/FreeRTOS/Source/tasks.c **** 			list of blocked tasks then xNextTaskUnblockTime needs to be updated
5271:Middlewares/Third_Party/FreeRTOS/Source/tasks.c **** 			too. */
5272:Middlewares/Third_Party/FreeRTOS/Source/tasks.c **** 			if( xTimeToWake < xNextTaskUnblockTime )
5273:Middlewares/Third_Party/FreeRTOS/Source/tasks.c **** 			{
5274:Middlewares/Third_Party/FreeRTOS/Source/tasks.c **** 				xNextTaskUnblockTime = xTimeToWake;
5275:Middlewares/Third_Party/FreeRTOS/Source/tasks.c **** 			}
5276:Middlewares/Third_Party/FreeRTOS/Source/tasks.c **** 			else
5277:Middlewares/Third_Party/FreeRTOS/Source/tasks.c **** 			{
5278:Middlewares/Third_Party/FreeRTOS/Source/tasks.c **** 				mtCOVERAGE_TEST_MARKER();
5279:Middlewares/Third_Party/FreeRTOS/Source/tasks.c **** 			}
5280:Middlewares/Third_Party/FreeRTOS/Source/tasks.c **** 		}
5281:Middlewares/Third_Party/FreeRTOS/Source/tasks.c **** 
5282:Middlewares/Third_Party/FreeRTOS/Source/tasks.c **** 		/* Avoid compiler warning when INCLUDE_vTaskSuspend is not 1. */
5283:Middlewares/Third_Party/FreeRTOS/Source/tasks.c **** 		( void ) xCanBlockIndefinitely;
5284:Middlewares/Third_Party/FreeRTOS/Source/tasks.c **** 	}
5285:Middlewares/Third_Party/FreeRTOS/Source/tasks.c **** 	#endif /* INCLUDE_vTaskSuspend */
5286:Middlewares/Third_Party/FreeRTOS/Source/tasks.c **** }
 925              		.loc 1 5286 1 view .LVU265
 926 0034 70BD     		pop	{r4, r5, r6, pc}
 927              	.LVL70:
 928              	.L77:
5206:Middlewares/Third_Party/FreeRTOS/Source/tasks.c **** 		{
 929              		.loc 1 5206 41 discriminator 1 view .LVU266
 930 0036 002D     		cmp	r5, #0
 931 0038 EFD0     		beq	.L73
5211:Middlewares/Third_Party/FreeRTOS/Source/tasks.c **** 		}
 932              		.loc 1 5211 4 is_stmt 1 view .LVU267
5211:Middlewares/Third_Party/FreeRTOS/Source/tasks.c **** 		}
 933              		.loc 1 5211 56 is_stmt 0 view .LVU268
 934 003a 0B4B     		ldr	r3, .L78+4
 935 003c 1968     		ldr	r1, [r3]
5211:Middlewares/Third_Party/FreeRTOS/Source/tasks.c **** 		}
 936              		.loc 1 5211 4 view .LVU269
 937 003e 0431     		adds	r1, r1, #4
 938 0040 0B48     		ldr	r0, .L78+12
 939 0042 FFF7FEFF 		bl	vListInsertEnd
 940              	.LVL71:
 941 0046 F5E7     		b	.L72
 942              	.LVL72:
 943              	.L75:
5233:Middlewares/Third_Party/FreeRTOS/Source/tasks.c **** 
 944              		.loc 1 5233 5 is_stmt 1 view .LVU270
 945 0048 0A4B     		ldr	r3, .L78+16
 946 004a 1868     		ldr	r0, [r3]
ARM GAS  /tmp/ccV8B7BA.s 			page 117


5233:Middlewares/Third_Party/FreeRTOS/Source/tasks.c **** 
 947              		.loc 1 5233 52 is_stmt 0 view .LVU271
 948 004c 064B     		ldr	r3, .L78+4
 949 004e 1968     		ldr	r1, [r3]
5233:Middlewares/Third_Party/FreeRTOS/Source/tasks.c **** 
 950              		.loc 1 5233 5 view .LVU272
 951 0050 0431     		adds	r1, r1, #4
 952 0052 FFF7FEFF 		bl	vListInsert
 953              	.LVL73:
5238:Middlewares/Third_Party/FreeRTOS/Source/tasks.c **** 				{
 954              		.loc 1 5238 5 is_stmt 1 view .LVU273
5238:Middlewares/Third_Party/FreeRTOS/Source/tasks.c **** 				{
 955              		.loc 1 5238 21 is_stmt 0 view .LVU274
 956 0056 084B     		ldr	r3, .L78+20
 957 0058 1B68     		ldr	r3, [r3]
5238:Middlewares/Third_Party/FreeRTOS/Source/tasks.c **** 				{
 958              		.loc 1 5238 7 view .LVU275
 959 005a A342     		cmp	r3, r4
 960 005c EAD9     		bls	.L72
5240:Middlewares/Third_Party/FreeRTOS/Source/tasks.c **** 				}
 961              		.loc 1 5240 6 is_stmt 1 view .LVU276
5240:Middlewares/Third_Party/FreeRTOS/Source/tasks.c **** 				}
 962              		.loc 1 5240 27 is_stmt 0 view .LVU277
 963 005e 064B     		ldr	r3, .L78+20
 964 0060 1C60     		str	r4, [r3]
5244:Middlewares/Third_Party/FreeRTOS/Source/tasks.c **** 				}
 965              		.loc 1 5244 30 is_stmt 1 view .LVU278
 966              		.loc 1 5286 1 is_stmt 0 view .LVU279
 967 0062 E7E7     		b	.L72
 968              	.L79:
 969              		.align	2
 970              	.L78:
 971 0064 00000000 		.word	xTickCount
 972 0068 00000000 		.word	pxCurrentTCB
 973 006c 00000000 		.word	pxOverflowDelayedTaskList
 974 0070 00000000 		.word	xSuspendedTaskList
 975 0074 00000000 		.word	pxDelayedTaskList
 976 0078 00000000 		.word	xNextTaskUnblockTime
 977              		.cfi_endproc
 978              	.LFE65:
 980              		.section	.text.xTaskCreateStatic,"ax",%progbits
 981              		.align	1
 982              		.global	xTaskCreateStatic
 983              		.syntax unified
 984              		.thumb
 985              		.thumb_func
 987              	xTaskCreateStatic:
 988              	.LVL74:
 989              	.LFB4:
 588:Middlewares/Third_Party/FreeRTOS/Source/tasks.c **** 	TCB_t *pxNewTCB;
 990              		.loc 1 588 2 is_stmt 1 view -0
 991              		.cfi_startproc
 992              		@ args = 12, pretend = 0, frame = 8
 993              		@ frame_needed = 0, uses_anonymous_args = 0
 588:Middlewares/Third_Party/FreeRTOS/Source/tasks.c **** 	TCB_t *pxNewTCB;
 994              		.loc 1 588 2 is_stmt 0 view .LVU281
 995 0000 30B5     		push	{r4, r5, lr}
ARM GAS  /tmp/ccV8B7BA.s 			page 118


 996              	.LCFI8:
 997              		.cfi_def_cfa_offset 12
 998              		.cfi_offset 4, -12
 999              		.cfi_offset 5, -8
 1000              		.cfi_offset 14, -4
 1001 0002 87B0     		sub	sp, sp, #28
 1002              	.LCFI9:
 1003              		.cfi_def_cfa_offset 40
 1004 0004 0B9C     		ldr	r4, [sp, #44]
 589:Middlewares/Third_Party/FreeRTOS/Source/tasks.c **** 	TaskHandle_t xReturn;
 1005              		.loc 1 589 2 is_stmt 1 view .LVU282
 590:Middlewares/Third_Party/FreeRTOS/Source/tasks.c **** 
 1006              		.loc 1 590 2 view .LVU283
 592:Middlewares/Third_Party/FreeRTOS/Source/tasks.c **** 		configASSERT( pxTaskBuffer != NULL );
 1007              		.loc 1 592 3 view .LVU284
 1008 0006 7CB1     		cbz	r4, .L88
 592:Middlewares/Third_Party/FreeRTOS/Source/tasks.c **** 		configASSERT( pxTaskBuffer != NULL );
 1009              		.loc 1 592 41 discriminator 2 view .LVU285
 593:Middlewares/Third_Party/FreeRTOS/Source/tasks.c **** 
 1010              		.loc 1 593 3 view .LVU286
 1011 0008 0C9D     		ldr	r5, [sp, #48]
 1012 000a B5B1     		cbz	r5, .L89
 593:Middlewares/Third_Party/FreeRTOS/Source/tasks.c **** 
 1013              		.loc 1 593 39 discriminator 2 view .LVU287
 1014              	.LBB125:
 600:Middlewares/Third_Party/FreeRTOS/Source/tasks.c **** 			configASSERT( xSize == sizeof( TCB_t ) );
 1015              		.loc 1 600 4 view .LVU288
 600:Middlewares/Third_Party/FreeRTOS/Source/tasks.c **** 			configASSERT( xSize == sizeof( TCB_t ) );
 1016              		.loc 1 600 20 is_stmt 0 view .LVU289
 1017 000c 5C25     		movs	r5, #92
 1018 000e 0495     		str	r5, [sp, #16]
 601:Middlewares/Third_Party/FreeRTOS/Source/tasks.c **** 			( void ) xSize; /* Prevent lint warning when configASSERT() is not used. */
 1019              		.loc 1 601 4 is_stmt 1 view .LVU290
 1020 0010 049D     		ldr	r5, [sp, #16]
 1021 0012 5C2D     		cmp	r5, #92
 1022 0014 1AD0     		beq	.L85
 601:Middlewares/Third_Party/FreeRTOS/Source/tasks.c **** 			( void ) xSize; /* Prevent lint warning when configASSERT() is not used. */
 1023              		.loc 1 601 4 discriminator 1 view .LVU291
 1024              	.LBB126:
 1025              	.LBI126:
 193:Middlewares/Third_Party/FreeRTOS/Source/portable/GCC/ARM_CM3/portmacro.h **** {
 1026              		.loc 2 193 30 view .LVU292
 1027              	.LBB127:
 195:Middlewares/Third_Party/FreeRTOS/Source/portable/GCC/ARM_CM3/portmacro.h **** 
 1028              		.loc 2 195 1 view .LVU293
 1029              		.loc 2 197 2 view .LVU294
 1030              		.syntax unified
 1031              	@ 197 "Middlewares/Third_Party/FreeRTOS/Source/portable/GCC/ARM_CM3/portmacro.h" 1
 1032 0016 4FF05003 			mov r3, #80												
 1033 001a 83F31188 		msr basepri, r3											
 1034 001e BFF36F8F 		isb														
 1035 0022 BFF34F8F 		dsb														
 1036              	
 1037              	@ 0 "" 2
 1038              	.LVL75:
 1039              		.thumb
 1040              		.syntax unified
ARM GAS  /tmp/ccV8B7BA.s 			page 119


 1041              	.L86:
 1042              		.loc 2 197 2 is_stmt 0 view .LVU295
 1043              	.LBE127:
 1044              	.LBE126:
 601:Middlewares/Third_Party/FreeRTOS/Source/tasks.c **** 			( void ) xSize; /* Prevent lint warning when configASSERT() is not used. */
 1045              		.loc 1 601 4 is_stmt 1 discriminator 3 view .LVU296
 601:Middlewares/Third_Party/FreeRTOS/Source/tasks.c **** 			( void ) xSize; /* Prevent lint warning when configASSERT() is not used. */
 1046              		.loc 1 601 4 discriminator 3 view .LVU297
 1047 0026 FEE7     		b	.L86
 1048              	.LVL76:
 1049              	.L88:
 601:Middlewares/Third_Party/FreeRTOS/Source/tasks.c **** 			( void ) xSize; /* Prevent lint warning when configASSERT() is not used. */
 1050              		.loc 1 601 4 is_stmt 0 discriminator 3 view .LVU298
 1051              	.LBE125:
 592:Middlewares/Third_Party/FreeRTOS/Source/tasks.c **** 		configASSERT( pxTaskBuffer != NULL );
 1052              		.loc 1 592 3 is_stmt 1 discriminator 1 view .LVU299
 1053              	.LBB128:
 1054              	.LBI128:
 193:Middlewares/Third_Party/FreeRTOS/Source/portable/GCC/ARM_CM3/portmacro.h **** {
 1055              		.loc 2 193 30 view .LVU300
 1056              	.LBB129:
 195:Middlewares/Third_Party/FreeRTOS/Source/portable/GCC/ARM_CM3/portmacro.h **** 
 1057              		.loc 2 195 1 view .LVU301
 1058              		.loc 2 197 2 view .LVU302
 1059              		.syntax unified
 1060              	@ 197 "Middlewares/Third_Party/FreeRTOS/Source/portable/GCC/ARM_CM3/portmacro.h" 1
 1061 0028 4FF05003 			mov r3, #80												
 1062 002c 83F31188 		msr basepri, r3											
 1063 0030 BFF36F8F 		isb														
 1064 0034 BFF34F8F 		dsb														
 1065              	
 1066              	@ 0 "" 2
 1067              	.LVL77:
 1068              		.thumb
 1069              		.syntax unified
 1070              	.L82:
 1071              		.loc 2 197 2 is_stmt 0 view .LVU303
 1072              	.LBE129:
 1073              	.LBE128:
 592:Middlewares/Third_Party/FreeRTOS/Source/tasks.c **** 		configASSERT( pxTaskBuffer != NULL );
 1074              		.loc 1 592 3 is_stmt 1 discriminator 3 view .LVU304
 592:Middlewares/Third_Party/FreeRTOS/Source/tasks.c **** 		configASSERT( pxTaskBuffer != NULL );
 1075              		.loc 1 592 3 discriminator 3 view .LVU305
 1076 0038 FEE7     		b	.L82
 1077              	.LVL78:
 1078              	.L89:
 593:Middlewares/Third_Party/FreeRTOS/Source/tasks.c **** 
 1079              		.loc 1 593 3 discriminator 1 view .LVU306
 1080              	.LBB130:
 1081              	.LBI130:
 193:Middlewares/Third_Party/FreeRTOS/Source/portable/GCC/ARM_CM3/portmacro.h **** {
 1082              		.loc 2 193 30 view .LVU307
 1083              	.LBB131:
 195:Middlewares/Third_Party/FreeRTOS/Source/portable/GCC/ARM_CM3/portmacro.h **** 
 1084              		.loc 2 195 1 view .LVU308
 1085              		.loc 2 197 2 view .LVU309
 1086              		.syntax unified
ARM GAS  /tmp/ccV8B7BA.s 			page 120


 1087              	@ 197 "Middlewares/Third_Party/FreeRTOS/Source/portable/GCC/ARM_CM3/portmacro.h" 1
 1088 003a 4FF05003 			mov r3, #80												
 1089 003e 83F31188 		msr basepri, r3											
 1090 0042 BFF36F8F 		isb														
 1091 0046 BFF34F8F 		dsb														
 1092              	
 1093              	@ 0 "" 2
 1094              	.LVL79:
 1095              		.thumb
 1096              		.syntax unified
 1097              	.L84:
 1098              		.loc 2 197 2 is_stmt 0 view .LVU310
 1099              	.LBE131:
 1100              	.LBE130:
 593:Middlewares/Third_Party/FreeRTOS/Source/tasks.c **** 
 1101              		.loc 1 593 3 is_stmt 1 discriminator 3 view .LVU311
 593:Middlewares/Third_Party/FreeRTOS/Source/tasks.c **** 
 1102              		.loc 1 593 3 discriminator 3 view .LVU312
 1103 004a FEE7     		b	.L84
 1104              	.LVL80:
 1105              	.L85:
 1106              	.LBB132:
 601:Middlewares/Third_Party/FreeRTOS/Source/tasks.c **** 			( void ) xSize; /* Prevent lint warning when configASSERT() is not used. */
 1107              		.loc 1 601 44 discriminator 2 view .LVU313
 602:Middlewares/Third_Party/FreeRTOS/Source/tasks.c **** 		}
 1108              		.loc 1 602 4 view .LVU314
 1109 004c 049D     		ldr	r5, [sp, #16]
 1110              	.LBE132:
 607:Middlewares/Third_Party/FreeRTOS/Source/tasks.c **** 		{
 1111              		.loc 1 607 3 view .LVU315
 611:Middlewares/Third_Party/FreeRTOS/Source/tasks.c **** 			pxNewTCB->pxStack = ( StackType_t * ) puxStackBuffer;
 1112              		.loc 1 611 4 view .LVU316
 1113              	.LVL81:
 612:Middlewares/Third_Party/FreeRTOS/Source/tasks.c **** 
 1114              		.loc 1 612 4 view .LVU317
 612:Middlewares/Third_Party/FreeRTOS/Source/tasks.c **** 
 1115              		.loc 1 612 22 is_stmt 0 view .LVU318
 1116 004e 0C9D     		ldr	r5, [sp, #48]
 1117 0050 2C63     		str	r4, [r5, #48]
 618:Middlewares/Third_Party/FreeRTOS/Source/tasks.c **** 			}
 1118              		.loc 1 618 5 is_stmt 1 view .LVU319
 618:Middlewares/Third_Party/FreeRTOS/Source/tasks.c **** 			}
 1119              		.loc 1 618 37 is_stmt 0 view .LVU320
 1120 0052 0224     		movs	r4, #2
 1121 0054 85F85940 		strb	r4, [r5, #89]
 622:Middlewares/Third_Party/FreeRTOS/Source/tasks.c **** 			prvAddNewTaskToReadyList( pxNewTCB );
 1122              		.loc 1 622 4 is_stmt 1 view .LVU321
 1123 0058 0024     		movs	r4, #0
 1124 005a 0394     		str	r4, [sp, #12]
 1125 005c 0295     		str	r5, [sp, #8]
 1126 005e 05AC     		add	r4, sp, #20
 1127 0060 0194     		str	r4, [sp, #4]
 1128 0062 0A9C     		ldr	r4, [sp, #40]
 1129 0064 0094     		str	r4, [sp]
 1130 0066 FFF7FEFF 		bl	prvInitialiseNewTask
 1131              	.LVL82:
 623:Middlewares/Third_Party/FreeRTOS/Source/tasks.c **** 		}
ARM GAS  /tmp/ccV8B7BA.s 			page 121


 1132              		.loc 1 623 4 view .LVU322
 1133 006a 0C98     		ldr	r0, [sp, #48]
 1134 006c FFF7FEFF 		bl	prvAddNewTaskToReadyList
 1135              	.LVL83:
 630:Middlewares/Third_Party/FreeRTOS/Source/tasks.c **** 	}
 1136              		.loc 1 630 3 view .LVU323
 631:Middlewares/Third_Party/FreeRTOS/Source/tasks.c **** 
 1137              		.loc 1 631 2 is_stmt 0 view .LVU324
 1138 0070 0598     		ldr	r0, [sp, #20]
 1139 0072 07B0     		add	sp, sp, #28
 1140              	.LCFI10:
 1141              		.cfi_def_cfa_offset 12
 1142              		@ sp needed
 1143 0074 30BD     		pop	{r4, r5, pc}
 631:Middlewares/Third_Party/FreeRTOS/Source/tasks.c **** 
 1144              		.loc 1 631 2 view .LVU325
 1145              		.cfi_endproc
 1146              	.LFE4:
 1148              		.section	.text.xTaskCreate,"ax",%progbits
 1149              		.align	1
 1150              		.global	xTaskCreate
 1151              		.syntax unified
 1152              		.thumb
 1153              		.thumb_func
 1155              	xTaskCreate:
 1156              	.LVL84:
 1157              	.LFB5:
 739:Middlewares/Third_Party/FreeRTOS/Source/tasks.c **** 	TCB_t *pxNewTCB;
 1158              		.loc 1 739 2 is_stmt 1 view -0
 1159              		.cfi_startproc
 1160              		@ args = 8, pretend = 0, frame = 0
 1161              		@ frame_needed = 0, uses_anonymous_args = 0
 739:Middlewares/Third_Party/FreeRTOS/Source/tasks.c **** 	TCB_t *pxNewTCB;
 1162              		.loc 1 739 2 is_stmt 0 view .LVU327
 1163 0000 2DE9F043 		push	{r4, r5, r6, r7, r8, r9, lr}
 1164              	.LCFI11:
 1165              		.cfi_def_cfa_offset 28
 1166              		.cfi_offset 4, -28
 1167              		.cfi_offset 5, -24
 1168              		.cfi_offset 6, -20
 1169              		.cfi_offset 7, -16
 1170              		.cfi_offset 8, -12
 1171              		.cfi_offset 9, -8
 1172              		.cfi_offset 14, -4
 1173 0004 85B0     		sub	sp, sp, #20
 1174              	.LCFI12:
 1175              		.cfi_def_cfa_offset 48
 1176 0006 0746     		mov	r7, r0
 1177 0008 8846     		mov	r8, r1
 1178 000a 1446     		mov	r4, r2
 1179 000c 1E46     		mov	r6, r3
 740:Middlewares/Third_Party/FreeRTOS/Source/tasks.c **** 	BaseType_t xReturn;
 1180              		.loc 1 740 2 is_stmt 1 view .LVU328
 741:Middlewares/Third_Party/FreeRTOS/Source/tasks.c **** 
 1181              		.loc 1 741 2 view .LVU329
 1182              	.LBB133:
 770:Middlewares/Third_Party/FreeRTOS/Source/tasks.c **** 
ARM GAS  /tmp/ccV8B7BA.s 			page 122


 1183              		.loc 1 770 3 view .LVU330
 773:Middlewares/Third_Party/FreeRTOS/Source/tasks.c **** 
 1184              		.loc 1 773 4 view .LVU331
 773:Middlewares/Third_Party/FreeRTOS/Source/tasks.c **** 
 1185              		.loc 1 773 14 is_stmt 0 view .LVU332
 1186 000e 9000     		lsls	r0, r2, #2
 1187              	.LVL85:
 773:Middlewares/Third_Party/FreeRTOS/Source/tasks.c **** 
 1188              		.loc 1 773 14 view .LVU333
 1189 0010 FFF7FEFF 		bl	pvPortMalloc
 1190              	.LVL86:
 775:Middlewares/Third_Party/FreeRTOS/Source/tasks.c **** 			{
 1191              		.loc 1 775 4 is_stmt 1 view .LVU334
 775:Middlewares/Third_Party/FreeRTOS/Source/tasks.c **** 			{
 1192              		.loc 1 775 6 is_stmt 0 view .LVU335
 1193 0014 08B3     		cbz	r0, .L93
 1194 0016 8146     		mov	r9, r0
 778:Middlewares/Third_Party/FreeRTOS/Source/tasks.c **** 
 1195              		.loc 1 778 5 is_stmt 1 view .LVU336
 778:Middlewares/Third_Party/FreeRTOS/Source/tasks.c **** 
 1196              		.loc 1 778 28 is_stmt 0 view .LVU337
 1197 0018 5C20     		movs	r0, #92
 1198              	.LVL87:
 778:Middlewares/Third_Party/FreeRTOS/Source/tasks.c **** 
 1199              		.loc 1 778 28 view .LVU338
 1200 001a FFF7FEFF 		bl	pvPortMalloc
 1201              	.LVL88:
 780:Middlewares/Third_Party/FreeRTOS/Source/tasks.c **** 				{
 1202              		.loc 1 780 5 is_stmt 1 view .LVU339
 780:Middlewares/Third_Party/FreeRTOS/Source/tasks.c **** 				{
 1203              		.loc 1 780 7 is_stmt 0 view .LVU340
 1204 001e 0546     		mov	r5, r0
 1205 0020 A8B1     		cbz	r0, .L92
 783:Middlewares/Third_Party/FreeRTOS/Source/tasks.c **** 				}
 1206              		.loc 1 783 6 is_stmt 1 view .LVU341
 783:Middlewares/Third_Party/FreeRTOS/Source/tasks.c **** 				}
 1207              		.loc 1 783 24 is_stmt 0 view .LVU342
 1208 0022 C0F83090 		str	r9, [r0, #48]
 783:Middlewares/Third_Party/FreeRTOS/Source/tasks.c **** 				}
 1209              		.loc 1 783 24 view .LVU343
 1210              	.LBE133:
 799:Middlewares/Third_Party/FreeRTOS/Source/tasks.c **** 		{
 1211              		.loc 1 799 3 is_stmt 1 view .LVU344
 805:Middlewares/Third_Party/FreeRTOS/Source/tasks.c **** 			}
 1212              		.loc 1 805 5 view .LVU345
 805:Middlewares/Third_Party/FreeRTOS/Source/tasks.c **** 			}
 1213              		.loc 1 805 37 is_stmt 0 view .LVU346
 1214 0026 0023     		movs	r3, #0
 1215 0028 80F85930 		strb	r3, [r0, #89]
 809:Middlewares/Third_Party/FreeRTOS/Source/tasks.c **** 			prvAddNewTaskToReadyList( pxNewTCB );
 1216              		.loc 1 809 4 is_stmt 1 view .LVU347
 1217 002c 0393     		str	r3, [sp, #12]
 1218 002e 0290     		str	r0, [sp, #8]
 1219 0030 0D9B     		ldr	r3, [sp, #52]
 1220 0032 0193     		str	r3, [sp, #4]
 1221 0034 0C9B     		ldr	r3, [sp, #48]
 1222 0036 0093     		str	r3, [sp]
ARM GAS  /tmp/ccV8B7BA.s 			page 123


 1223 0038 3346     		mov	r3, r6
 1224 003a 2246     		mov	r2, r4
 1225 003c 4146     		mov	r1, r8
 1226 003e 3846     		mov	r0, r7
 1227              	.LVL89:
 809:Middlewares/Third_Party/FreeRTOS/Source/tasks.c **** 			prvAddNewTaskToReadyList( pxNewTCB );
 1228              		.loc 1 809 4 is_stmt 0 view .LVU348
 1229 0040 FFF7FEFF 		bl	prvInitialiseNewTask
 1230              	.LVL90:
 810:Middlewares/Third_Party/FreeRTOS/Source/tasks.c **** 			xReturn = pdPASS;
 1231              		.loc 1 810 4 is_stmt 1 view .LVU349
 1232 0044 2846     		mov	r0, r5
 1233 0046 FFF7FEFF 		bl	prvAddNewTaskToReadyList
 1234              	.LVL91:
 811:Middlewares/Third_Party/FreeRTOS/Source/tasks.c **** 		}
 1235              		.loc 1 811 4 view .LVU350
 811:Middlewares/Third_Party/FreeRTOS/Source/tasks.c **** 		}
 1236              		.loc 1 811 12 is_stmt 0 view .LVU351
 1237 004a 0120     		movs	r0, #1
 1238 004c 07E0     		b	.L90
 1239              	.LVL92:
 1240              	.L92:
 1241              	.LBB134:
 789:Middlewares/Third_Party/FreeRTOS/Source/tasks.c **** 				}
 1242              		.loc 1 789 6 is_stmt 1 view .LVU352
 1243 004e 4846     		mov	r0, r9
 1244              	.LVL93:
 789:Middlewares/Third_Party/FreeRTOS/Source/tasks.c **** 				}
 1245              		.loc 1 789 6 is_stmt 0 view .LVU353
 1246 0050 FFF7FEFF 		bl	vPortFree
 1247              	.LVL94:
 789:Middlewares/Third_Party/FreeRTOS/Source/tasks.c **** 				}
 1248              		.loc 1 789 6 view .LVU354
 1249              	.LBE134:
 799:Middlewares/Third_Party/FreeRTOS/Source/tasks.c **** 		{
 1250              		.loc 1 799 3 is_stmt 1 view .LVU355
 815:Middlewares/Third_Party/FreeRTOS/Source/tasks.c **** 		}
 1251              		.loc 1 815 12 is_stmt 0 view .LVU356
 1252 0054 4FF0FF30 		mov	r0, #-1
 1253 0058 01E0     		b	.L90
 1254              	.LVL95:
 1255              	.L93:
 815:Middlewares/Third_Party/FreeRTOS/Source/tasks.c **** 		}
 1256              		.loc 1 815 12 view .LVU357
 1257 005a 4FF0FF30 		mov	r0, #-1
 1258              	.LVL96:
 818:Middlewares/Third_Party/FreeRTOS/Source/tasks.c **** 	}
 1259              		.loc 1 818 3 is_stmt 1 view .LVU358
 1260              	.L90:
 819:Middlewares/Third_Party/FreeRTOS/Source/tasks.c **** 
 1261              		.loc 1 819 2 is_stmt 0 view .LVU359
 1262 005e 05B0     		add	sp, sp, #20
 1263              	.LCFI13:
 1264              		.cfi_def_cfa_offset 28
 1265              		@ sp needed
 1266 0060 BDE8F083 		pop	{r4, r5, r6, r7, r8, r9, pc}
 819:Middlewares/Third_Party/FreeRTOS/Source/tasks.c **** 
ARM GAS  /tmp/ccV8B7BA.s 			page 124


 1267              		.loc 1 819 2 view .LVU360
 1268              		.cfi_endproc
 1269              	.LFE5:
 1271              		.section	.text.vTaskDelete,"ax",%progbits
 1272              		.align	1
 1273              		.global	vTaskDelete
 1274              		.syntax unified
 1275              		.thumb
 1276              		.thumb_func
 1278              	vTaskDelete:
 1279              	.LVL97:
 1280              	.LFB8:
1163:Middlewares/Third_Party/FreeRTOS/Source/tasks.c **** 	TCB_t *pxTCB;
 1281              		.loc 1 1163 2 is_stmt 1 view -0
 1282              		.cfi_startproc
 1283              		@ args = 0, pretend = 0, frame = 0
 1284              		@ frame_needed = 0, uses_anonymous_args = 0
1163:Middlewares/Third_Party/FreeRTOS/Source/tasks.c **** 	TCB_t *pxTCB;
 1285              		.loc 1 1163 2 is_stmt 0 view .LVU362
 1286 0000 38B5     		push	{r3, r4, r5, lr}
 1287              	.LCFI14:
 1288              		.cfi_def_cfa_offset 16
 1289              		.cfi_offset 3, -16
 1290              		.cfi_offset 4, -12
 1291              		.cfi_offset 5, -8
 1292              		.cfi_offset 14, -4
 1293 0002 0446     		mov	r4, r0
1164:Middlewares/Third_Party/FreeRTOS/Source/tasks.c **** 
 1294              		.loc 1 1164 2 is_stmt 1 view .LVU363
1166:Middlewares/Third_Party/FreeRTOS/Source/tasks.c **** 		{
 1295              		.loc 1 1166 3 view .LVU364
 1296 0004 FFF7FEFF 		bl	vPortEnterCritical
 1297              	.LVL98:
1170:Middlewares/Third_Party/FreeRTOS/Source/tasks.c **** 
 1298              		.loc 1 1170 4 view .LVU365
1170:Middlewares/Third_Party/FreeRTOS/Source/tasks.c **** 
 1299              		.loc 1 1170 12 is_stmt 0 view .LVU366
 1300 0008 24B3     		cbz	r4, .L104
 1301              	.LVL99:
 1302              	.L96:
1173:Middlewares/Third_Party/FreeRTOS/Source/tasks.c **** 			{
 1303              		.loc 1 1173 4 is_stmt 1 view .LVU367
1173:Middlewares/Third_Party/FreeRTOS/Source/tasks.c **** 			{
 1304              		.loc 1 1173 8 is_stmt 0 view .LVU368
 1305 000a 251D     		adds	r5, r4, #4
 1306 000c 2846     		mov	r0, r5
 1307 000e FFF7FEFF 		bl	uxListRemove
 1308              	.LVL100:
1175:Middlewares/Third_Party/FreeRTOS/Source/tasks.c **** 			}
 1309              		.loc 1 1175 50 is_stmt 1 view .LVU369
1179:Middlewares/Third_Party/FreeRTOS/Source/tasks.c **** 			}
 1310              		.loc 1 1179 29 view .LVU370
1183:Middlewares/Third_Party/FreeRTOS/Source/tasks.c **** 			{
 1311              		.loc 1 1183 4 view .LVU371
1183:Middlewares/Third_Party/FreeRTOS/Source/tasks.c **** 			{
 1312              		.loc 1 1183 8 is_stmt 0 view .LVU372
 1313 0012 A36A     		ldr	r3, [r4, #40]
ARM GAS  /tmp/ccV8B7BA.s 			page 125


1183:Middlewares/Third_Party/FreeRTOS/Source/tasks.c **** 			{
 1314              		.loc 1 1183 6 view .LVU373
 1315 0014 1BB1     		cbz	r3, .L97
1185:Middlewares/Third_Party/FreeRTOS/Source/tasks.c **** 			}
 1316              		.loc 1 1185 5 is_stmt 1 view .LVU374
1185:Middlewares/Third_Party/FreeRTOS/Source/tasks.c **** 			}
 1317              		.loc 1 1185 14 is_stmt 0 view .LVU375
 1318 0016 04F11800 		add	r0, r4, #24
 1319 001a FFF7FEFF 		bl	uxListRemove
 1320              	.LVL101:
 1321              	.L97:
1189:Middlewares/Third_Party/FreeRTOS/Source/tasks.c **** 			}
 1322              		.loc 1 1189 29 is_stmt 1 view .LVU376
1196:Middlewares/Third_Party/FreeRTOS/Source/tasks.c **** 
 1323              		.loc 1 1196 4 view .LVU377
1196:Middlewares/Third_Party/FreeRTOS/Source/tasks.c **** 
 1324              		.loc 1 1196 16 is_stmt 0 view .LVU378
 1325 001e 1F4A     		ldr	r2, .L107
 1326 0020 1368     		ldr	r3, [r2]
 1327 0022 0133     		adds	r3, r3, #1
 1328 0024 1360     		str	r3, [r2]
1198:Middlewares/Third_Party/FreeRTOS/Source/tasks.c **** 			{
 1329              		.loc 1 1198 4 is_stmt 1 view .LVU379
1198:Middlewares/Third_Party/FreeRTOS/Source/tasks.c **** 			{
 1330              		.loc 1 1198 14 is_stmt 0 view .LVU380
 1331 0026 1E4B     		ldr	r3, .L107+4
 1332 0028 1B68     		ldr	r3, [r3]
1198:Middlewares/Third_Party/FreeRTOS/Source/tasks.c **** 			{
 1333              		.loc 1 1198 6 view .LVU381
 1334 002a A342     		cmp	r3, r4
 1335 002c 15D0     		beq	.L105
1225:Middlewares/Third_Party/FreeRTOS/Source/tasks.c **** 				traceTASK_DELETE( pxTCB );
 1336              		.loc 1 1225 5 is_stmt 1 view .LVU382
 1337 002e 1D4A     		ldr	r2, .L107+8
 1338 0030 1368     		ldr	r3, [r2]
 1339 0032 013B     		subs	r3, r3, #1
 1340 0034 1360     		str	r3, [r2]
1226:Middlewares/Third_Party/FreeRTOS/Source/tasks.c **** 				prvDeleteTCB( pxTCB );
 1341              		.loc 1 1226 30 view .LVU383
1227:Middlewares/Third_Party/FreeRTOS/Source/tasks.c **** 
 1342              		.loc 1 1227 5 view .LVU384
 1343 0036 2046     		mov	r0, r4
 1344 0038 FFF7FEFF 		bl	prvDeleteTCB
 1345              	.LVL102:
1231:Middlewares/Third_Party/FreeRTOS/Source/tasks.c **** 			}
 1346              		.loc 1 1231 5 view .LVU385
 1347 003c FFF7FEFF 		bl	prvResetNextTaskUnblockTime
 1348              	.LVL103:
 1349              	.L99:
1234:Middlewares/Third_Party/FreeRTOS/Source/tasks.c **** 
 1350              		.loc 1 1234 3 view .LVU386
 1351 0040 FFF7FEFF 		bl	vPortExitCritical
 1352              	.LVL104:
1238:Middlewares/Third_Party/FreeRTOS/Source/tasks.c **** 		{
 1353              		.loc 1 1238 3 view .LVU387
1238:Middlewares/Third_Party/FreeRTOS/Source/tasks.c **** 		{
 1354              		.loc 1 1238 25 is_stmt 0 view .LVU388
ARM GAS  /tmp/ccV8B7BA.s 			page 126


 1355 0044 184B     		ldr	r3, .L107+12
 1356 0046 1B68     		ldr	r3, [r3]
1238:Middlewares/Third_Party/FreeRTOS/Source/tasks.c **** 		{
 1357              		.loc 1 1238 5 view .LVU389
 1358 0048 1BB1     		cbz	r3, .L95
1240:Middlewares/Third_Party/FreeRTOS/Source/tasks.c **** 			{
 1359              		.loc 1 1240 4 is_stmt 1 view .LVU390
1240:Middlewares/Third_Party/FreeRTOS/Source/tasks.c **** 			{
 1360              		.loc 1 1240 14 is_stmt 0 view .LVU391
 1361 004a 154B     		ldr	r3, .L107+4
 1362 004c 1B68     		ldr	r3, [r3]
1240:Middlewares/Third_Party/FreeRTOS/Source/tasks.c **** 			{
 1363              		.loc 1 1240 6 view .LVU392
 1364 004e A342     		cmp	r3, r4
 1365 0050 0CD0     		beq	.L106
 1366              	.L95:
1250:Middlewares/Third_Party/FreeRTOS/Source/tasks.c **** 
 1367              		.loc 1 1250 2 view .LVU393
 1368 0052 38BD     		pop	{r3, r4, r5, pc}
 1369              	.LVL105:
 1370              	.L104:
1170:Middlewares/Third_Party/FreeRTOS/Source/tasks.c **** 
 1371              		.loc 1 1170 12 discriminator 1 view .LVU394
 1372 0054 124B     		ldr	r3, .L107+4
 1373 0056 1C68     		ldr	r4, [r3]
 1374              	.LVL106:
1170:Middlewares/Third_Party/FreeRTOS/Source/tasks.c **** 
 1375              		.loc 1 1170 12 discriminator 1 view .LVU395
 1376 0058 D7E7     		b	.L96
 1377              	.LVL107:
 1378              	.L105:
1205:Middlewares/Third_Party/FreeRTOS/Source/tasks.c **** 
 1379              		.loc 1 1205 5 is_stmt 1 view .LVU396
 1380 005a 2946     		mov	r1, r5
 1381 005c 1348     		ldr	r0, .L107+16
 1382 005e FFF7FEFF 		bl	vListInsertEnd
 1383              	.LVL108:
1210:Middlewares/Third_Party/FreeRTOS/Source/tasks.c **** 
 1384              		.loc 1 1210 5 view .LVU397
 1385 0062 134A     		ldr	r2, .L107+20
 1386 0064 1368     		ldr	r3, [r2]
 1387 0066 0133     		adds	r3, r3, #1
 1388 0068 1360     		str	r3, [r2]
1214:Middlewares/Third_Party/FreeRTOS/Source/tasks.c **** 
 1389              		.loc 1 1214 30 view .LVU398
1221:Middlewares/Third_Party/FreeRTOS/Source/tasks.c **** 			}
 1390              		.loc 1 1221 54 view .LVU399
 1391 006a E9E7     		b	.L99
 1392              	.L106:
1242:Middlewares/Third_Party/FreeRTOS/Source/tasks.c **** 				portYIELD_WITHIN_API();
 1393              		.loc 1 1242 5 view .LVU400
 1394 006c 114B     		ldr	r3, .L107+24
 1395 006e 1B68     		ldr	r3, [r3]
 1396 0070 43B1     		cbz	r3, .L101
1242:Middlewares/Third_Party/FreeRTOS/Source/tasks.c **** 				portYIELD_WITHIN_API();
 1397              		.loc 1 1242 5 discriminator 1 view .LVU401
 1398              	.LBB135:
ARM GAS  /tmp/ccV8B7BA.s 			page 127


 1399              	.LBI135:
 193:Middlewares/Third_Party/FreeRTOS/Source/portable/GCC/ARM_CM3/portmacro.h **** {
 1400              		.loc 2 193 30 view .LVU402
 1401              	.LBB136:
 195:Middlewares/Third_Party/FreeRTOS/Source/portable/GCC/ARM_CM3/portmacro.h **** 
 1402              		.loc 2 195 1 view .LVU403
 1403              		.loc 2 197 2 view .LVU404
 1404              		.syntax unified
 1405              	@ 197 "Middlewares/Third_Party/FreeRTOS/Source/portable/GCC/ARM_CM3/portmacro.h" 1
 1406 0072 4FF05003 			mov r3, #80												
 1407 0076 83F31188 		msr basepri, r3											
 1408 007a BFF36F8F 		isb														
 1409 007e BFF34F8F 		dsb														
 1410              	
 1411              	@ 0 "" 2
 1412              		.thumb
 1413              		.syntax unified
 1414              	.L102:
 1415              	.LBE136:
 1416              	.LBE135:
1242:Middlewares/Third_Party/FreeRTOS/Source/tasks.c **** 				portYIELD_WITHIN_API();
 1417              		.loc 1 1242 5 discriminator 3 view .LVU405
1242:Middlewares/Third_Party/FreeRTOS/Source/tasks.c **** 				portYIELD_WITHIN_API();
 1418              		.loc 1 1242 5 discriminator 3 view .LVU406
 1419 0082 FEE7     		b	.L102
 1420              	.L101:
1242:Middlewares/Third_Party/FreeRTOS/Source/tasks.c **** 				portYIELD_WITHIN_API();
 1421              		.loc 1 1242 46 discriminator 2 view .LVU407
1243:Middlewares/Third_Party/FreeRTOS/Source/tasks.c **** 			}
 1422              		.loc 1 1243 5 view .LVU408
 1423 0084 4FF0E023 		mov	r3, #-536813568
 1424 0088 4FF08052 		mov	r2, #268435456
 1425 008c C3F8042D 		str	r2, [r3, #3332]
1243:Middlewares/Third_Party/FreeRTOS/Source/tasks.c **** 			}
 1426              		.loc 1 1243 5 view .LVU409
 1427              		.syntax unified
 1428              	@ 1243 "Middlewares/Third_Party/FreeRTOS/Source/tasks.c" 1
 1429 0090 BFF34F8F 		dsb
 1430              	@ 0 "" 2
1243:Middlewares/Third_Party/FreeRTOS/Source/tasks.c **** 			}
 1431              		.loc 1 1243 5 view .LVU410
 1432              	@ 1243 "Middlewares/Third_Party/FreeRTOS/Source/tasks.c" 1
 1433 0094 BFF36F8F 		isb
 1434              	@ 0 "" 2
1243:Middlewares/Third_Party/FreeRTOS/Source/tasks.c **** 			}
 1435              		.loc 1 1243 27 view .LVU411
1247:Middlewares/Third_Party/FreeRTOS/Source/tasks.c **** 			}
 1436              		.loc 1 1247 29 view .LVU412
1250:Middlewares/Third_Party/FreeRTOS/Source/tasks.c **** 
 1437              		.loc 1 1250 2 is_stmt 0 view .LVU413
 1438              		.thumb
 1439              		.syntax unified
 1440 0098 DBE7     		b	.L95
 1441              	.L108:
 1442 009a 00BF     		.align	2
 1443              	.L107:
 1444 009c 00000000 		.word	uxTaskNumber
ARM GAS  /tmp/ccV8B7BA.s 			page 128


 1445 00a0 00000000 		.word	pxCurrentTCB
 1446 00a4 00000000 		.word	uxCurrentNumberOfTasks
 1447 00a8 00000000 		.word	xSchedulerRunning
 1448 00ac 00000000 		.word	xTasksWaitingTermination
 1449 00b0 00000000 		.word	uxDeletedTasksWaitingCleanUp
 1450 00b4 00000000 		.word	uxSchedulerSuspended
 1451              		.cfi_endproc
 1452              	.LFE8:
 1454              		.section	.text.eTaskGetState,"ax",%progbits
 1455              		.align	1
 1456              		.global	eTaskGetState
 1457              		.syntax unified
 1458              		.thumb
 1459              		.thumb_func
 1461              	eTaskGetState:
 1462              	.LVL109:
 1463              	.LFB11:
1387:Middlewares/Third_Party/FreeRTOS/Source/tasks.c **** 	eTaskState eReturn;
 1464              		.loc 1 1387 2 is_stmt 1 view -0
 1465              		.cfi_startproc
 1466              		@ args = 0, pretend = 0, frame = 0
 1467              		@ frame_needed = 0, uses_anonymous_args = 0
1387:Middlewares/Third_Party/FreeRTOS/Source/tasks.c **** 	eTaskState eReturn;
 1468              		.loc 1 1387 2 is_stmt 0 view .LVU415
 1469 0000 F8B5     		push	{r3, r4, r5, r6, r7, lr}
 1470              	.LCFI15:
 1471              		.cfi_def_cfa_offset 24
 1472              		.cfi_offset 3, -24
 1473              		.cfi_offset 4, -20
 1474              		.cfi_offset 5, -16
 1475              		.cfi_offset 6, -12
 1476              		.cfi_offset 7, -8
 1477              		.cfi_offset 14, -4
1388:Middlewares/Third_Party/FreeRTOS/Source/tasks.c **** 	List_t const * pxStateList, *pxDelayedList, *pxOverflowedDelayedList;
 1478              		.loc 1 1388 2 is_stmt 1 view .LVU416
1389:Middlewares/Third_Party/FreeRTOS/Source/tasks.c **** 	const TCB_t * const pxTCB = xTask;
 1479              		.loc 1 1389 2 view .LVU417
1390:Middlewares/Third_Party/FreeRTOS/Source/tasks.c **** 
 1480              		.loc 1 1390 2 view .LVU418
 1481              	.LVL110:
1392:Middlewares/Third_Party/FreeRTOS/Source/tasks.c **** 
 1482              		.loc 1 1392 3 view .LVU419
 1483 0002 D0B1     		cbz	r0, .L122
 1484 0004 0446     		mov	r4, r0
1392:Middlewares/Third_Party/FreeRTOS/Source/tasks.c **** 
 1485              		.loc 1 1392 24 discriminator 2 view .LVU420
1394:Middlewares/Third_Party/FreeRTOS/Source/tasks.c **** 		{
 1486              		.loc 1 1394 3 view .LVU421
1394:Middlewares/Third_Party/FreeRTOS/Source/tasks.c **** 		{
 1487              		.loc 1 1394 13 is_stmt 0 view .LVU422
 1488 0006 1D4B     		ldr	r3, .L127
 1489 0008 1B68     		ldr	r3, [r3]
1394:Middlewares/Third_Party/FreeRTOS/Source/tasks.c **** 		{
 1490              		.loc 1 1394 5 view .LVU423
 1491 000a 8342     		cmp	r3, r0
 1492 000c 2DD0     		beq	.L114
1401:Middlewares/Third_Party/FreeRTOS/Source/tasks.c **** 			{
ARM GAS  /tmp/ccV8B7BA.s 			page 129


 1493              		.loc 1 1401 4 is_stmt 1 view .LVU424
 1494 000e FFF7FEFF 		bl	vPortEnterCritical
 1495              	.LVL111:
1403:Middlewares/Third_Party/FreeRTOS/Source/tasks.c **** 				pxDelayedList = pxDelayedTaskList;
 1496              		.loc 1 1403 5 view .LVU425
1403:Middlewares/Third_Party/FreeRTOS/Source/tasks.c **** 				pxDelayedList = pxDelayedTaskList;
 1497              		.loc 1 1403 17 is_stmt 0 view .LVU426
 1498 0012 6569     		ldr	r5, [r4, #20]
 1499              	.LVL112:
1404:Middlewares/Third_Party/FreeRTOS/Source/tasks.c **** 				pxOverflowedDelayedList = pxOverflowDelayedTaskList;
 1500              		.loc 1 1404 5 is_stmt 1 view .LVU427
1404:Middlewares/Third_Party/FreeRTOS/Source/tasks.c **** 				pxOverflowedDelayedList = pxOverflowDelayedTaskList;
 1501              		.loc 1 1404 19 is_stmt 0 view .LVU428
 1502 0014 1A4B     		ldr	r3, .L127+4
 1503 0016 1E68     		ldr	r6, [r3]
 1504              	.LVL113:
1405:Middlewares/Third_Party/FreeRTOS/Source/tasks.c **** 			}
 1505              		.loc 1 1405 5 is_stmt 1 view .LVU429
1405:Middlewares/Third_Party/FreeRTOS/Source/tasks.c **** 			}
 1506              		.loc 1 1405 29 is_stmt 0 view .LVU430
 1507 0018 1A4B     		ldr	r3, .L127+8
 1508 001a 1F68     		ldr	r7, [r3]
 1509              	.LVL114:
1407:Middlewares/Third_Party/FreeRTOS/Source/tasks.c **** 
 1510              		.loc 1 1407 4 is_stmt 1 view .LVU431
 1511 001c FFF7FEFF 		bl	vPortExitCritical
 1512              	.LVL115:
1409:Middlewares/Third_Party/FreeRTOS/Source/tasks.c **** 			{
 1513              		.loc 1 1409 4 view .LVU432
1409:Middlewares/Third_Party/FreeRTOS/Source/tasks.c **** 			{
 1514              		.loc 1 1409 6 is_stmt 0 view .LVU433
 1515 0020 B542     		cmp	r5, r6
 1516 0022 24D0     		beq	.L115
1409:Middlewares/Third_Party/FreeRTOS/Source/tasks.c **** 			{
 1517              		.loc 1 1409 41 discriminator 1 view .LVU434
 1518 0024 BD42     		cmp	r5, r7
 1519 0026 24D0     		beq	.L116
1417:Middlewares/Third_Party/FreeRTOS/Source/tasks.c **** 				{
 1520              		.loc 1 1417 10 is_stmt 1 view .LVU435
1417:Middlewares/Third_Party/FreeRTOS/Source/tasks.c **** 				{
 1521              		.loc 1 1417 12 is_stmt 0 view .LVU436
 1522 0028 174B     		ldr	r3, .L127+12
 1523 002a 9D42     		cmp	r5, r3
 1524 002c 0ED0     		beq	.L123
1453:Middlewares/Third_Party/FreeRTOS/Source/tasks.c **** 				{
 1525              		.loc 1 1453 10 is_stmt 1 view .LVU437
1453:Middlewares/Third_Party/FreeRTOS/Source/tasks.c **** 				{
 1526              		.loc 1 1453 12 is_stmt 0 view .LVU438
 1527 002e 174B     		ldr	r3, .L127+16
 1528 0030 9D42     		cmp	r5, r3
 1529 0032 20D0     		beq	.L119
1453:Middlewares/Third_Party/FreeRTOS/Source/tasks.c **** 				{
 1530              		.loc 1 1453 59 discriminator 1 view .LVU439
 1531 0034 BDB1     		cbz	r5, .L124
1466:Middlewares/Third_Party/FreeRTOS/Source/tasks.c **** 			}
 1532              		.loc 1 1466 13 view .LVU440
 1533 0036 0120     		movs	r0, #1
ARM GAS  /tmp/ccV8B7BA.s 			page 130


 1534 0038 18E0     		b	.L112
 1535              	.LVL116:
 1536              	.L122:
1392:Middlewares/Third_Party/FreeRTOS/Source/tasks.c **** 
 1537              		.loc 1 1392 3 is_stmt 1 discriminator 1 view .LVU441
 1538              	.LBB137:
 1539              	.LBI137:
 193:Middlewares/Third_Party/FreeRTOS/Source/portable/GCC/ARM_CM3/portmacro.h **** {
 1540              		.loc 2 193 30 view .LVU442
 1541              	.LBB138:
 195:Middlewares/Third_Party/FreeRTOS/Source/portable/GCC/ARM_CM3/portmacro.h **** 
 1542              		.loc 2 195 1 view .LVU443
 1543              		.loc 2 197 2 view .LVU444
 1544              		.syntax unified
 1545              	@ 197 "Middlewares/Third_Party/FreeRTOS/Source/portable/GCC/ARM_CM3/portmacro.h" 1
 1546 003a 4FF05003 			mov r3, #80												
 1547 003e 83F31188 		msr basepri, r3											
 1548 0042 BFF36F8F 		isb														
 1549 0046 BFF34F8F 		dsb														
 1550              	
 1551              	@ 0 "" 2
 1552              		.thumb
 1553              		.syntax unified
 1554              	.L111:
 1555              	.LBE138:
 1556              	.LBE137:
1392:Middlewares/Third_Party/FreeRTOS/Source/tasks.c **** 
 1557              		.loc 1 1392 3 discriminator 3 view .LVU445
1392:Middlewares/Third_Party/FreeRTOS/Source/tasks.c **** 
 1558              		.loc 1 1392 3 discriminator 3 view .LVU446
 1559 004a FEE7     		b	.L111
 1560              	.LVL117:
 1561              	.L123:
1422:Middlewares/Third_Party/FreeRTOS/Source/tasks.c **** 					{
 1562              		.loc 1 1422 6 view .LVU447
1422:Middlewares/Third_Party/FreeRTOS/Source/tasks.c **** 					{
 1563              		.loc 1 1422 10 is_stmt 0 view .LVU448
 1564 004c A36A     		ldr	r3, [r4, #40]
1422:Middlewares/Third_Party/FreeRTOS/Source/tasks.c **** 					{
 1565              		.loc 1 1422 8 view .LVU449
 1566 004e 0BB1     		cbz	r3, .L125
1447:Middlewares/Third_Party/FreeRTOS/Source/tasks.c **** 					}
 1567              		.loc 1 1447 15 view .LVU450
 1568 0050 0220     		movs	r0, #2
 1569 0052 0BE0     		b	.L112
 1570              	.L125:
1430:Middlewares/Third_Party/FreeRTOS/Source/tasks.c **** 							{
 1571              		.loc 1 1430 8 is_stmt 1 view .LVU451
1430:Middlewares/Third_Party/FreeRTOS/Source/tasks.c **** 							{
 1572              		.loc 1 1430 17 is_stmt 0 view .LVU452
 1573 0054 94F85830 		ldrb	r3, [r4, #88]	@ zero_extendqisi2
 1574 0058 DBB2     		uxtb	r3, r3
1430:Middlewares/Third_Party/FreeRTOS/Source/tasks.c **** 							{
 1575              		.loc 1 1430 10 view .LVU453
 1576 005a 012B     		cmp	r3, #1
 1577 005c 01D0     		beq	.L126
1436:Middlewares/Third_Party/FreeRTOS/Source/tasks.c **** 							}
ARM GAS  /tmp/ccV8B7BA.s 			page 131


 1578              		.loc 1 1436 17 view .LVU454
 1579 005e 0320     		movs	r0, #3
 1580 0060 04E0     		b	.L112
 1581              	.L126:
1432:Middlewares/Third_Party/FreeRTOS/Source/tasks.c **** 							}
 1582              		.loc 1 1432 17 view .LVU455
 1583 0062 0220     		movs	r0, #2
 1584 0064 02E0     		b	.L112
 1585              	.L124:
1458:Middlewares/Third_Party/FreeRTOS/Source/tasks.c **** 				}
 1586              		.loc 1 1458 14 view .LVU456
 1587 0066 0420     		movs	r0, #4
 1588 0068 00E0     		b	.L112
 1589              	.LVL118:
 1590              	.L114:
1397:Middlewares/Third_Party/FreeRTOS/Source/tasks.c **** 		}
 1591              		.loc 1 1397 12 view .LVU457
 1592 006a 0020     		movs	r0, #0
 1593              	.LVL119:
 1594              	.L112:
1470:Middlewares/Third_Party/FreeRTOS/Source/tasks.c **** 	} /*lint !e818 xTask cannot be a pointer to const because it is a typedef. */
 1595              		.loc 1 1470 3 is_stmt 1 view .LVU458
1471:Middlewares/Third_Party/FreeRTOS/Source/tasks.c **** 
 1596              		.loc 1 1471 2 is_stmt 0 view .LVU459
 1597 006c F8BD     		pop	{r3, r4, r5, r6, r7, pc}
 1598              	.LVL120:
 1599              	.L115:
1413:Middlewares/Third_Party/FreeRTOS/Source/tasks.c **** 			}
 1600              		.loc 1 1413 13 view .LVU460
 1601 006e 0220     		movs	r0, #2
 1602 0070 FCE7     		b	.L112
 1603              	.L116:
 1604 0072 0220     		movs	r0, #2
 1605 0074 FAE7     		b	.L112
 1606              	.L119:
1458:Middlewares/Third_Party/FreeRTOS/Source/tasks.c **** 				}
 1607              		.loc 1 1458 14 view .LVU461
 1608 0076 0420     		movs	r0, #4
 1609 0078 F8E7     		b	.L112
 1610              	.L128:
 1611 007a 00BF     		.align	2
 1612              	.L127:
 1613 007c 00000000 		.word	pxCurrentTCB
 1614 0080 00000000 		.word	pxDelayedTaskList
 1615 0084 00000000 		.word	pxOverflowDelayedTaskList
 1616 0088 00000000 		.word	xSuspendedTaskList
 1617 008c 00000000 		.word	xTasksWaitingTermination
 1618              		.cfi_endproc
 1619              	.LFE11:
 1621              		.section	.text.uxTaskPriorityGet,"ax",%progbits
 1622              		.align	1
 1623              		.global	uxTaskPriorityGet
 1624              		.syntax unified
 1625              		.thumb
 1626              		.thumb_func
 1628              	uxTaskPriorityGet:
 1629              	.LVL121:
ARM GAS  /tmp/ccV8B7BA.s 			page 132


 1630              	.LFB12:
1479:Middlewares/Third_Party/FreeRTOS/Source/tasks.c **** 	TCB_t const *pxTCB;
 1631              		.loc 1 1479 2 is_stmt 1 view -0
 1632              		.cfi_startproc
 1633              		@ args = 0, pretend = 0, frame = 0
 1634              		@ frame_needed = 0, uses_anonymous_args = 0
1479:Middlewares/Third_Party/FreeRTOS/Source/tasks.c **** 	TCB_t const *pxTCB;
 1635              		.loc 1 1479 2 is_stmt 0 view .LVU463
 1636 0000 10B5     		push	{r4, lr}
 1637              	.LCFI16:
 1638              		.cfi_def_cfa_offset 8
 1639              		.cfi_offset 4, -8
 1640              		.cfi_offset 14, -4
 1641 0002 0446     		mov	r4, r0
1480:Middlewares/Third_Party/FreeRTOS/Source/tasks.c **** 	UBaseType_t uxReturn;
 1642              		.loc 1 1480 2 is_stmt 1 view .LVU464
1481:Middlewares/Third_Party/FreeRTOS/Source/tasks.c **** 
 1643              		.loc 1 1481 2 view .LVU465
1483:Middlewares/Third_Party/FreeRTOS/Source/tasks.c **** 		{
 1644              		.loc 1 1483 3 view .LVU466
 1645 0004 FFF7FEFF 		bl	vPortEnterCritical
 1646              	.LVL122:
1487:Middlewares/Third_Party/FreeRTOS/Source/tasks.c **** 			uxReturn = pxTCB->uxPriority;
 1647              		.loc 1 1487 4 view .LVU467
1487:Middlewares/Third_Party/FreeRTOS/Source/tasks.c **** 			uxReturn = pxTCB->uxPriority;
 1648              		.loc 1 1487 12 is_stmt 0 view .LVU468
 1649 0008 24B1     		cbz	r4, .L132
 1650              	.LVL123:
 1651              	.L130:
1488:Middlewares/Third_Party/FreeRTOS/Source/tasks.c **** 		}
 1652              		.loc 1 1488 4 is_stmt 1 view .LVU469
1488:Middlewares/Third_Party/FreeRTOS/Source/tasks.c **** 		}
 1653              		.loc 1 1488 13 is_stmt 0 view .LVU470
 1654 000a E46A     		ldr	r4, [r4, #44]
 1655              	.LVL124:
1490:Middlewares/Third_Party/FreeRTOS/Source/tasks.c **** 
 1656              		.loc 1 1490 3 is_stmt 1 view .LVU471
 1657 000c FFF7FEFF 		bl	vPortExitCritical
 1658              	.LVL125:
1492:Middlewares/Third_Party/FreeRTOS/Source/tasks.c **** 	}
 1659              		.loc 1 1492 3 view .LVU472
1493:Middlewares/Third_Party/FreeRTOS/Source/tasks.c **** 
 1660              		.loc 1 1493 2 is_stmt 0 view .LVU473
 1661 0010 2046     		mov	r0, r4
 1662 0012 10BD     		pop	{r4, pc}
 1663              	.LVL126:
 1664              	.L132:
1487:Middlewares/Third_Party/FreeRTOS/Source/tasks.c **** 			uxReturn = pxTCB->uxPriority;
 1665              		.loc 1 1487 12 discriminator 1 view .LVU474
 1666 0014 014B     		ldr	r3, .L133
 1667 0016 1C68     		ldr	r4, [r3]
 1668              	.LVL127:
1487:Middlewares/Third_Party/FreeRTOS/Source/tasks.c **** 			uxReturn = pxTCB->uxPriority;
 1669              		.loc 1 1487 12 discriminator 1 view .LVU475
 1670 0018 F7E7     		b	.L130
 1671              	.L134:
 1672 001a 00BF     		.align	2
ARM GAS  /tmp/ccV8B7BA.s 			page 133


 1673              	.L133:
 1674 001c 00000000 		.word	pxCurrentTCB
 1675              		.cfi_endproc
 1676              	.LFE12:
 1678              		.section	.text.uxTaskPriorityGetFromISR,"ax",%progbits
 1679              		.align	1
 1680              		.global	uxTaskPriorityGetFromISR
 1681              		.syntax unified
 1682              		.thumb
 1683              		.thumb_func
 1685              	uxTaskPriorityGetFromISR:
 1686              	.LVL128:
 1687              	.LFB13:
1501:Middlewares/Third_Party/FreeRTOS/Source/tasks.c **** 	TCB_t const *pxTCB;
 1688              		.loc 1 1501 2 is_stmt 1 view -0
 1689              		.cfi_startproc
 1690              		@ args = 0, pretend = 0, frame = 0
 1691              		@ frame_needed = 0, uses_anonymous_args = 0
1501:Middlewares/Third_Party/FreeRTOS/Source/tasks.c **** 	TCB_t const *pxTCB;
 1692              		.loc 1 1501 2 is_stmt 0 view .LVU477
 1693 0000 10B5     		push	{r4, lr}
 1694              	.LCFI17:
 1695              		.cfi_def_cfa_offset 8
 1696              		.cfi_offset 4, -8
 1697              		.cfi_offset 14, -4
 1698 0002 0446     		mov	r4, r0
1502:Middlewares/Third_Party/FreeRTOS/Source/tasks.c **** 	UBaseType_t uxReturn, uxSavedInterruptState;
 1699              		.loc 1 1502 2 is_stmt 1 view .LVU478
1503:Middlewares/Third_Party/FreeRTOS/Source/tasks.c **** 
 1700              		.loc 1 1503 2 view .LVU479
1521:Middlewares/Third_Party/FreeRTOS/Source/tasks.c **** 
 1701              		.loc 1 1521 3 view .LVU480
 1702 0004 FFF7FEFF 		bl	vPortValidateInterruptPriority
 1703              	.LVL129:
1523:Middlewares/Third_Party/FreeRTOS/Source/tasks.c **** 		{
 1704              		.loc 1 1523 3 view .LVU481
 1705              	.LBB139:
 1706              	.LBI139:
 198:Middlewares/Third_Party/FreeRTOS/Source/portable/GCC/ARM_CM3/portmacro.h **** 	(
 199:Middlewares/Third_Party/FreeRTOS/Source/portable/GCC/ARM_CM3/portmacro.h **** 		"	mov %0, %1												\n" \
 200:Middlewares/Third_Party/FreeRTOS/Source/portable/GCC/ARM_CM3/portmacro.h **** 		"	msr basepri, %0											\n" \
 201:Middlewares/Third_Party/FreeRTOS/Source/portable/GCC/ARM_CM3/portmacro.h **** 		"	isb														\n" \
 202:Middlewares/Third_Party/FreeRTOS/Source/portable/GCC/ARM_CM3/portmacro.h **** 		"	dsb														\n" \
 203:Middlewares/Third_Party/FreeRTOS/Source/portable/GCC/ARM_CM3/portmacro.h **** 		:"=r" (ulNewBASEPRI) : "i" ( configMAX_SYSCALL_INTERRUPT_PRIORITY ) : "memory"
 204:Middlewares/Third_Party/FreeRTOS/Source/portable/GCC/ARM_CM3/portmacro.h **** 	);
 205:Middlewares/Third_Party/FreeRTOS/Source/portable/GCC/ARM_CM3/portmacro.h **** }
 206:Middlewares/Third_Party/FreeRTOS/Source/portable/GCC/ARM_CM3/portmacro.h **** 
 207:Middlewares/Third_Party/FreeRTOS/Source/portable/GCC/ARM_CM3/portmacro.h **** /*-----------------------------------------------------------*/
 208:Middlewares/Third_Party/FreeRTOS/Source/portable/GCC/ARM_CM3/portmacro.h **** 
 209:Middlewares/Third_Party/FreeRTOS/Source/portable/GCC/ARM_CM3/portmacro.h **** portFORCE_INLINE static uint32_t ulPortRaiseBASEPRI( void )
 1707              		.loc 2 209 34 view .LVU482
 1708              	.LBB140:
 210:Middlewares/Third_Party/FreeRTOS/Source/portable/GCC/ARM_CM3/portmacro.h **** {
 211:Middlewares/Third_Party/FreeRTOS/Source/portable/GCC/ARM_CM3/portmacro.h **** uint32_t ulOriginalBASEPRI, ulNewBASEPRI;
 1709              		.loc 2 211 1 view .LVU483
 212:Middlewares/Third_Party/FreeRTOS/Source/portable/GCC/ARM_CM3/portmacro.h **** 
 213:Middlewares/Third_Party/FreeRTOS/Source/portable/GCC/ARM_CM3/portmacro.h **** 	__asm volatile
ARM GAS  /tmp/ccV8B7BA.s 			page 134


 1710              		.loc 2 213 2 view .LVU484
 1711              		.syntax unified
 1712              	@ 213 "Middlewares/Third_Party/FreeRTOS/Source/portable/GCC/ARM_CM3/portmacro.h" 1
 1713 0008 EFF31183 			mrs r3, basepri											
 1714 000c 4FF05002 		mov r2, #80												
 1715 0010 82F31188 		msr basepri, r2											
 1716 0014 BFF36F8F 		isb														
 1717 0018 BFF34F8F 		dsb														
 1718              	
 1719              	@ 0 "" 2
 1720              	.LVL130:
 214:Middlewares/Third_Party/FreeRTOS/Source/portable/GCC/ARM_CM3/portmacro.h **** 	(
 215:Middlewares/Third_Party/FreeRTOS/Source/portable/GCC/ARM_CM3/portmacro.h **** 		"	mrs %0, basepri											\n" \
 216:Middlewares/Third_Party/FreeRTOS/Source/portable/GCC/ARM_CM3/portmacro.h **** 		"	mov %1, %2												\n" \
 217:Middlewares/Third_Party/FreeRTOS/Source/portable/GCC/ARM_CM3/portmacro.h **** 		"	msr basepri, %1											\n" \
 218:Middlewares/Third_Party/FreeRTOS/Source/portable/GCC/ARM_CM3/portmacro.h **** 		"	isb														\n" \
 219:Middlewares/Third_Party/FreeRTOS/Source/portable/GCC/ARM_CM3/portmacro.h **** 		"	dsb														\n" \
 220:Middlewares/Third_Party/FreeRTOS/Source/portable/GCC/ARM_CM3/portmacro.h **** 		:"=r" (ulOriginalBASEPRI), "=r" (ulNewBASEPRI) : "i" ( configMAX_SYSCALL_INTERRUPT_PRIORITY ) : "
 221:Middlewares/Third_Party/FreeRTOS/Source/portable/GCC/ARM_CM3/portmacro.h **** 	);
 222:Middlewares/Third_Party/FreeRTOS/Source/portable/GCC/ARM_CM3/portmacro.h **** 
 223:Middlewares/Third_Party/FreeRTOS/Source/portable/GCC/ARM_CM3/portmacro.h **** 	/* This return will not be reached but is necessary to prevent compiler
 224:Middlewares/Third_Party/FreeRTOS/Source/portable/GCC/ARM_CM3/portmacro.h **** 	warnings. */
 225:Middlewares/Third_Party/FreeRTOS/Source/portable/GCC/ARM_CM3/portmacro.h **** 	return ulOriginalBASEPRI;
 1721              		.loc 2 225 2 view .LVU485
 1722              		.loc 2 225 2 is_stmt 0 view .LVU486
 1723              		.thumb
 1724              		.syntax unified
 1725              	.LBE140:
 1726              	.LBE139:
1527:Middlewares/Third_Party/FreeRTOS/Source/tasks.c **** 			uxReturn = pxTCB->uxPriority;
 1727              		.loc 1 1527 4 is_stmt 1 view .LVU487
1527:Middlewares/Third_Party/FreeRTOS/Source/tasks.c **** 			uxReturn = pxTCB->uxPriority;
 1728              		.loc 1 1527 12 is_stmt 0 view .LVU488
 1729 001c 1CB1     		cbz	r4, .L138
 1730              	.LVL131:
 1731              	.L136:
1528:Middlewares/Third_Party/FreeRTOS/Source/tasks.c **** 		}
 1732              		.loc 1 1528 4 is_stmt 1 view .LVU489
1528:Middlewares/Third_Party/FreeRTOS/Source/tasks.c **** 		}
 1733              		.loc 1 1528 13 is_stmt 0 view .LVU490
 1734 001e E06A     		ldr	r0, [r4, #44]
 1735              	.LVL132:
1530:Middlewares/Third_Party/FreeRTOS/Source/tasks.c **** 
 1736              		.loc 1 1530 3 is_stmt 1 view .LVU491
 1737              	.LBB141:
 1738              	.LBI141:
 226:Middlewares/Third_Party/FreeRTOS/Source/portable/GCC/ARM_CM3/portmacro.h **** }
 227:Middlewares/Third_Party/FreeRTOS/Source/portable/GCC/ARM_CM3/portmacro.h **** /*-----------------------------------------------------------*/
 228:Middlewares/Third_Party/FreeRTOS/Source/portable/GCC/ARM_CM3/portmacro.h **** 
 229:Middlewares/Third_Party/FreeRTOS/Source/portable/GCC/ARM_CM3/portmacro.h **** portFORCE_INLINE static void vPortSetBASEPRI( uint32_t ulNewMaskValue )
 1739              		.loc 2 229 30 view .LVU492
 1740              	.LBB142:
 230:Middlewares/Third_Party/FreeRTOS/Source/portable/GCC/ARM_CM3/portmacro.h **** {
 231:Middlewares/Third_Party/FreeRTOS/Source/portable/GCC/ARM_CM3/portmacro.h **** 	__asm volatile
 1741              		.loc 2 231 2 view .LVU493
 1742              		.syntax unified
 1743              	@ 231 "Middlewares/Third_Party/FreeRTOS/Source/portable/GCC/ARM_CM3/portmacro.h" 1
ARM GAS  /tmp/ccV8B7BA.s 			page 135


 1744 0020 83F31188 			msr basepri, r3	
 1745              	@ 0 "" 2
 1746              		.thumb
 1747              		.syntax unified
 1748              	.LBE142:
 1749              	.LBE141:
1532:Middlewares/Third_Party/FreeRTOS/Source/tasks.c **** 	}
 1750              		.loc 1 1532 3 view .LVU494
1533:Middlewares/Third_Party/FreeRTOS/Source/tasks.c **** 
 1751              		.loc 1 1533 2 is_stmt 0 view .LVU495
 1752 0024 10BD     		pop	{r4, pc}
 1753              	.LVL133:
 1754              	.L138:
1527:Middlewares/Third_Party/FreeRTOS/Source/tasks.c **** 			uxReturn = pxTCB->uxPriority;
 1755              		.loc 1 1527 12 discriminator 1 view .LVU496
 1756 0026 014A     		ldr	r2, .L139
 1757 0028 1468     		ldr	r4, [r2]
 1758              	.LVL134:
1527:Middlewares/Third_Party/FreeRTOS/Source/tasks.c **** 			uxReturn = pxTCB->uxPriority;
 1759              		.loc 1 1527 12 discriminator 1 view .LVU497
 1760 002a F8E7     		b	.L136
 1761              	.L140:
 1762              		.align	2
 1763              	.L139:
 1764 002c 00000000 		.word	pxCurrentTCB
 1765              		.cfi_endproc
 1766              	.LFE13:
 1768              		.section	.text.vTaskPrioritySet,"ax",%progbits
 1769              		.align	1
 1770              		.global	vTaskPrioritySet
 1771              		.syntax unified
 1772              		.thumb
 1773              		.thumb_func
 1775              	vTaskPrioritySet:
 1776              	.LVL135:
 1777              	.LFB14:
1541:Middlewares/Third_Party/FreeRTOS/Source/tasks.c **** 	TCB_t *pxTCB;
 1778              		.loc 1 1541 2 is_stmt 1 view -0
 1779              		.cfi_startproc
 1780              		@ args = 0, pretend = 0, frame = 0
 1781              		@ frame_needed = 0, uses_anonymous_args = 0
1542:Middlewares/Third_Party/FreeRTOS/Source/tasks.c **** 	UBaseType_t uxCurrentBasePriority, uxPriorityUsedOnEntry;
 1782              		.loc 1 1542 2 view .LVU499
1543:Middlewares/Third_Party/FreeRTOS/Source/tasks.c **** 	BaseType_t xYieldRequired = pdFALSE;
 1783              		.loc 1 1543 2 view .LVU500
1544:Middlewares/Third_Party/FreeRTOS/Source/tasks.c **** 
 1784              		.loc 1 1544 2 view .LVU501
1546:Middlewares/Third_Party/FreeRTOS/Source/tasks.c **** 
 1785              		.loc 1 1546 3 view .LVU502
 1786 0000 3729     		cmp	r1, #55
 1787 0002 08D9     		bls	.L142
1546:Middlewares/Third_Party/FreeRTOS/Source/tasks.c **** 
 1788              		.loc 1 1546 3 discriminator 1 view .LVU503
 1789              	.LBB143:
 1790              	.LBI143:
 193:Middlewares/Third_Party/FreeRTOS/Source/portable/GCC/ARM_CM3/portmacro.h **** {
 1791              		.loc 2 193 30 view .LVU504
ARM GAS  /tmp/ccV8B7BA.s 			page 136


 1792              	.LBB144:
 195:Middlewares/Third_Party/FreeRTOS/Source/portable/GCC/ARM_CM3/portmacro.h **** 
 1793              		.loc 2 195 1 view .LVU505
 197:Middlewares/Third_Party/FreeRTOS/Source/portable/GCC/ARM_CM3/portmacro.h **** 	(
 1794              		.loc 2 197 2 view .LVU506
 1795              		.syntax unified
 1796              	@ 197 "Middlewares/Third_Party/FreeRTOS/Source/portable/GCC/ARM_CM3/portmacro.h" 1
 1797 0004 4FF05003 			mov r3, #80												
 1798 0008 83F31188 		msr basepri, r3											
 1799 000c BFF36F8F 		isb														
 1800 0010 BFF34F8F 		dsb														
 1801              	
 1802              	@ 0 "" 2
 1803              		.thumb
 1804              		.syntax unified
 1805              	.L143:
 1806              	.LBE144:
 1807              	.LBE143:
1546:Middlewares/Third_Party/FreeRTOS/Source/tasks.c **** 
 1808              		.loc 1 1546 3 discriminator 3 view .LVU507
1546:Middlewares/Third_Party/FreeRTOS/Source/tasks.c **** 
 1809              		.loc 1 1546 3 discriminator 3 view .LVU508
 1810 0014 FEE7     		b	.L143
 1811              	.L142:
1541:Middlewares/Third_Party/FreeRTOS/Source/tasks.c **** 	TCB_t *pxTCB;
 1812              		.loc 1 1541 2 is_stmt 0 view .LVU509
 1813 0016 70B5     		push	{r4, r5, r6, lr}
 1814              	.LCFI18:
 1815              		.cfi_def_cfa_offset 16
 1816              		.cfi_offset 4, -16
 1817              		.cfi_offset 5, -12
 1818              		.cfi_offset 6, -8
 1819              		.cfi_offset 14, -4
 1820 0018 0546     		mov	r5, r0
 1821 001a 0C46     		mov	r4, r1
1546:Middlewares/Third_Party/FreeRTOS/Source/tasks.c **** 
 1822              		.loc 1 1546 59 is_stmt 1 discriminator 2 view .LVU510
1549:Middlewares/Third_Party/FreeRTOS/Source/tasks.c **** 		{
 1823              		.loc 1 1549 3 view .LVU511
 1824              	.LVL136:
1555:Middlewares/Third_Party/FreeRTOS/Source/tasks.c **** 		}
 1825              		.loc 1 1555 28 view .LVU512
1558:Middlewares/Third_Party/FreeRTOS/Source/tasks.c **** 		{
 1826              		.loc 1 1558 3 view .LVU513
 1827 001c FFF7FEFF 		bl	vPortEnterCritical
 1828              	.LVL137:
1562:Middlewares/Third_Party/FreeRTOS/Source/tasks.c **** 
 1829              		.loc 1 1562 4 view .LVU514
1562:Middlewares/Third_Party/FreeRTOS/Source/tasks.c **** 
 1830              		.loc 1 1562 12 is_stmt 0 view .LVU515
 1831 0020 75B1     		cbz	r5, .L157
 1832              	.LVL138:
 1833              	.L144:
1564:Middlewares/Third_Party/FreeRTOS/Source/tasks.c **** 
 1834              		.loc 1 1564 50 is_stmt 1 view .LVU516
1568:Middlewares/Third_Party/FreeRTOS/Source/tasks.c **** 			}
 1835              		.loc 1 1568 5 view .LVU517
ARM GAS  /tmp/ccV8B7BA.s 			page 137


1568:Middlewares/Third_Party/FreeRTOS/Source/tasks.c **** 			}
 1836              		.loc 1 1568 27 is_stmt 0 view .LVU518
 1837 0022 EA6C     		ldr	r2, [r5, #76]
 1838              	.LVL139:
1576:Middlewares/Third_Party/FreeRTOS/Source/tasks.c **** 			{
 1839              		.loc 1 1576 4 is_stmt 1 view .LVU519
1576:Middlewares/Third_Party/FreeRTOS/Source/tasks.c **** 			{
 1840              		.loc 1 1576 6 is_stmt 0 view .LVU520
 1841 0024 9442     		cmp	r4, r2
 1842 0026 30D0     		beq	.L145
1580:Middlewares/Third_Party/FreeRTOS/Source/tasks.c **** 				{
 1843              		.loc 1 1580 5 is_stmt 1 view .LVU521
1580:Middlewares/Third_Party/FreeRTOS/Source/tasks.c **** 				{
 1844              		.loc 1 1580 7 is_stmt 0 view .LVU522
 1845 0028 0DD9     		bls	.L146
1582:Middlewares/Third_Party/FreeRTOS/Source/tasks.c **** 					{
 1846              		.loc 1 1582 6 is_stmt 1 view .LVU523
1582:Middlewares/Third_Party/FreeRTOS/Source/tasks.c **** 					{
 1847              		.loc 1 1582 16 is_stmt 0 view .LVU524
 1848 002a 274B     		ldr	r3, .L160
 1849 002c 1B68     		ldr	r3, [r3]
1582:Middlewares/Third_Party/FreeRTOS/Source/tasks.c **** 					{
 1850              		.loc 1 1582 8 view .LVU525
 1851 002e AB42     		cmp	r3, r5
 1852 0030 2ED0     		beq	.L152
1587:Middlewares/Third_Party/FreeRTOS/Source/tasks.c **** 						{
 1853              		.loc 1 1587 7 is_stmt 1 view .LVU526
1587:Middlewares/Third_Party/FreeRTOS/Source/tasks.c **** 						{
 1854              		.loc 1 1587 40 is_stmt 0 view .LVU527
 1855 0032 254B     		ldr	r3, .L160
 1856 0034 1B68     		ldr	r3, [r3]
 1857 0036 DB6A     		ldr	r3, [r3, #44]
1587:Middlewares/Third_Party/FreeRTOS/Source/tasks.c **** 						{
 1858              		.loc 1 1587 9 view .LVU528
 1859 0038 A342     		cmp	r3, r4
 1860 003a 2BD9     		bls	.L153
1544:Middlewares/Third_Party/FreeRTOS/Source/tasks.c **** 
 1861              		.loc 1 1544 13 view .LVU529
 1862 003c 0026     		movs	r6, #0
 1863 003e 07E0     		b	.L147
 1864              	.LVL140:
 1865              	.L157:
1562:Middlewares/Third_Party/FreeRTOS/Source/tasks.c **** 
 1866              		.loc 1 1562 12 discriminator 1 view .LVU530
 1867 0040 214B     		ldr	r3, .L160
 1868 0042 1D68     		ldr	r5, [r3]
 1869              	.LVL141:
1562:Middlewares/Third_Party/FreeRTOS/Source/tasks.c **** 
 1870              		.loc 1 1562 12 discriminator 1 view .LVU531
 1871 0044 EDE7     		b	.L144
 1872              	.LVL142:
 1873              	.L146:
1603:Middlewares/Third_Party/FreeRTOS/Source/tasks.c **** 				{
 1874              		.loc 1 1603 10 is_stmt 1 view .LVU532
1603:Middlewares/Third_Party/FreeRTOS/Source/tasks.c **** 				{
 1875              		.loc 1 1603 20 is_stmt 0 view .LVU533
 1876 0046 204B     		ldr	r3, .L160
ARM GAS  /tmp/ccV8B7BA.s 			page 138


 1877 0048 1B68     		ldr	r3, [r3]
1603:Middlewares/Third_Party/FreeRTOS/Source/tasks.c **** 				{
 1878              		.loc 1 1603 12 view .LVU534
 1879 004a AB42     		cmp	r3, r5
 1880 004c 24D0     		beq	.L154
1544:Middlewares/Third_Party/FreeRTOS/Source/tasks.c **** 
 1881              		.loc 1 1544 13 view .LVU535
 1882 004e 0026     		movs	r6, #0
 1883              	.L147:
 1884              	.LVL143:
1615:Middlewares/Third_Party/FreeRTOS/Source/tasks.c **** 
 1885              		.loc 1 1615 5 is_stmt 1 view .LVU536
1620:Middlewares/Third_Party/FreeRTOS/Source/tasks.c **** 
 1886              		.loc 1 1620 5 view .LVU537
1620:Middlewares/Third_Party/FreeRTOS/Source/tasks.c **** 
 1887              		.loc 1 1620 27 is_stmt 0 view .LVU538
 1888 0050 EB6A     		ldr	r3, [r5, #44]
 1889              	.LVL144:
1626:Middlewares/Third_Party/FreeRTOS/Source/tasks.c **** 					{
 1890              		.loc 1 1626 6 is_stmt 1 view .LVU539
1626:Middlewares/Third_Party/FreeRTOS/Source/tasks.c **** 					{
 1891              		.loc 1 1626 8 is_stmt 0 view .LVU540
 1892 0052 9A42     		cmp	r2, r3
 1893 0054 22D0     		beq	.L158
 1894              	.L148:
1632:Middlewares/Third_Party/FreeRTOS/Source/tasks.c **** 					}
 1895              		.loc 1 1632 31 is_stmt 1 view .LVU541
1636:Middlewares/Third_Party/FreeRTOS/Source/tasks.c **** 				}
 1896              		.loc 1 1636 6 view .LVU542
1636:Middlewares/Third_Party/FreeRTOS/Source/tasks.c **** 				}
 1897              		.loc 1 1636 28 is_stmt 0 view .LVU543
 1898 0056 EC64     		str	r4, [r5, #76]
1646:Middlewares/Third_Party/FreeRTOS/Source/tasks.c **** 				{
 1899              		.loc 1 1646 5 is_stmt 1 view .LVU544
1646:Middlewares/Third_Party/FreeRTOS/Source/tasks.c **** 				{
 1900              		.loc 1 1646 11 is_stmt 0 view .LVU545
 1901 0058 AA69     		ldr	r2, [r5, #24]
 1902              	.LVL145:
1646:Middlewares/Third_Party/FreeRTOS/Source/tasks.c **** 				{
 1903              		.loc 1 1646 7 view .LVU546
 1904 005a 002A     		cmp	r2, #0
 1905 005c 02DB     		blt	.L149
1648:Middlewares/Third_Party/FreeRTOS/Source/tasks.c **** 				}
 1906              		.loc 1 1648 6 is_stmt 1 view .LVU547
 1907 005e C4F13804 		rsb	r4, r4, #56
 1908              	.LVL146:
1648:Middlewares/Third_Party/FreeRTOS/Source/tasks.c **** 				}
 1909              		.loc 1 1648 6 is_stmt 0 view .LVU548
 1910 0062 AC61     		str	r4, [r5, #24]
 1911              	.L149:
1652:Middlewares/Third_Party/FreeRTOS/Source/tasks.c **** 				}
 1912              		.loc 1 1652 30 is_stmt 1 view .LVU549
1659:Middlewares/Third_Party/FreeRTOS/Source/tasks.c **** 				{
 1913              		.loc 1 1659 5 view .LVU550
1659:Middlewares/Third_Party/FreeRTOS/Source/tasks.c **** 				{
 1914              		.loc 1 1659 9 is_stmt 0 view .LVU551
 1915 0064 6969     		ldr	r1, [r5, #20]
ARM GAS  /tmp/ccV8B7BA.s 			page 139


 1916 0066 03EB8303 		add	r3, r3, r3, lsl #2
 1917              	.LVL147:
1659:Middlewares/Third_Party/FreeRTOS/Source/tasks.c **** 				{
 1918              		.loc 1 1659 9 view .LVU552
 1919 006a 184A     		ldr	r2, .L160+4
 1920 006c 02EB8303 		add	r3, r2, r3, lsl #2
1659:Middlewares/Third_Party/FreeRTOS/Source/tasks.c **** 				{
 1921              		.loc 1 1659 7 view .LVU553
 1922 0070 9942     		cmp	r1, r3
 1923 0072 15D0     		beq	.L159
 1924              	.LVL148:
 1925              	.L150:
1679:Middlewares/Third_Party/FreeRTOS/Source/tasks.c **** 				}
 1926              		.loc 1 1679 30 is_stmt 1 view .LVU554
1682:Middlewares/Third_Party/FreeRTOS/Source/tasks.c **** 				{
 1927              		.loc 1 1682 5 view .LVU555
1682:Middlewares/Third_Party/FreeRTOS/Source/tasks.c **** 				{
 1928              		.loc 1 1682 7 is_stmt 0 view .LVU556
 1929 0074 4EB1     		cbz	r6, .L145
1684:Middlewares/Third_Party/FreeRTOS/Source/tasks.c **** 				}
 1930              		.loc 1 1684 6 is_stmt 1 view .LVU557
 1931 0076 4FF0E023 		mov	r3, #-536813568
 1932 007a 4FF08052 		mov	r2, #268435456
 1933 007e C3F8042D 		str	r2, [r3, #3332]
1684:Middlewares/Third_Party/FreeRTOS/Source/tasks.c **** 				}
 1934              		.loc 1 1684 6 view .LVU558
 1935              		.syntax unified
 1936              	@ 1684 "Middlewares/Third_Party/FreeRTOS/Source/tasks.c" 1
 1937 0082 BFF34F8F 		dsb
 1938              	@ 0 "" 2
1684:Middlewares/Third_Party/FreeRTOS/Source/tasks.c **** 				}
 1939              		.loc 1 1684 6 view .LVU559
 1940              	@ 1684 "Middlewares/Third_Party/FreeRTOS/Source/tasks.c" 1
 1941 0086 BFF36F8F 		isb
 1942              	@ 0 "" 2
1684:Middlewares/Third_Party/FreeRTOS/Source/tasks.c **** 				}
 1943              		.loc 1 1684 37 view .LVU560
 1944              	.LVL149:
 1945              		.thumb
 1946              		.syntax unified
 1947              	.L145:
1688:Middlewares/Third_Party/FreeRTOS/Source/tasks.c **** 				}
 1948              		.loc 1 1688 30 view .LVU561
1693:Middlewares/Third_Party/FreeRTOS/Source/tasks.c **** 			}
 1949              		.loc 1 1693 5 view .LVU562
1696:Middlewares/Third_Party/FreeRTOS/Source/tasks.c **** 	}
 1950              		.loc 1 1696 3 view .LVU563
 1951 008a FFF7FEFF 		bl	vPortExitCritical
 1952              	.LVL150:
1697:Middlewares/Third_Party/FreeRTOS/Source/tasks.c **** 
 1953              		.loc 1 1697 2 is_stmt 0 view .LVU564
 1954 008e 70BD     		pop	{r4, r5, r6, pc}
 1955              	.LVL151:
 1956              	.L152:
1544:Middlewares/Third_Party/FreeRTOS/Source/tasks.c **** 
 1957              		.loc 1 1544 13 view .LVU565
 1958 0090 0026     		movs	r6, #0
ARM GAS  /tmp/ccV8B7BA.s 			page 140


 1959 0092 DDE7     		b	.L147
 1960              	.L153:
1589:Middlewares/Third_Party/FreeRTOS/Source/tasks.c **** 						}
 1961              		.loc 1 1589 23 view .LVU566
 1962 0094 0126     		movs	r6, #1
 1963 0096 DBE7     		b	.L147
 1964              	.L154:
1608:Middlewares/Third_Party/FreeRTOS/Source/tasks.c **** 				}
 1965              		.loc 1 1608 21 view .LVU567
 1966 0098 0126     		movs	r6, #1
 1967 009a D9E7     		b	.L147
 1968              	.LVL152:
 1969              	.L158:
1628:Middlewares/Third_Party/FreeRTOS/Source/tasks.c **** 					}
 1970              		.loc 1 1628 7 is_stmt 1 view .LVU568
1628:Middlewares/Third_Party/FreeRTOS/Source/tasks.c **** 					}
 1971              		.loc 1 1628 25 is_stmt 0 view .LVU569
 1972 009c EC62     		str	r4, [r5, #44]
 1973 009e DAE7     		b	.L148
 1974              	.LVL153:
 1975              	.L159:
1664:Middlewares/Third_Party/FreeRTOS/Source/tasks.c **** 					{
 1976              		.loc 1 1664 6 is_stmt 1 view .LVU570
1664:Middlewares/Third_Party/FreeRTOS/Source/tasks.c **** 					{
 1977              		.loc 1 1664 10 is_stmt 0 view .LVU571
 1978 00a0 2C1D     		adds	r4, r5, #4
 1979 00a2 2046     		mov	r0, r4
 1980 00a4 FFF7FEFF 		bl	uxListRemove
 1981              	.LVL154:
1669:Middlewares/Third_Party/FreeRTOS/Source/tasks.c **** 					}
 1982              		.loc 1 1669 76 is_stmt 1 view .LVU572
1673:Middlewares/Third_Party/FreeRTOS/Source/tasks.c **** 					}
 1983              		.loc 1 1673 31 view .LVU573
1675:Middlewares/Third_Party/FreeRTOS/Source/tasks.c **** 				}
 1984              		.loc 1 1675 6 view .LVU574
1675:Middlewares/Third_Party/FreeRTOS/Source/tasks.c **** 				}
 1985              		.loc 1 1675 6 view .LVU575
 1986 00a8 E86A     		ldr	r0, [r5, #44]
 1987 00aa 094B     		ldr	r3, .L160+8
 1988 00ac 1B68     		ldr	r3, [r3]
 1989 00ae 9842     		cmp	r0, r3
 1990 00b0 01D9     		bls	.L151
1675:Middlewares/Third_Party/FreeRTOS/Source/tasks.c **** 				}
 1991              		.loc 1 1675 6 discriminator 1 view .LVU576
 1992 00b2 074B     		ldr	r3, .L160+8
 1993 00b4 1860     		str	r0, [r3]
 1994              	.L151:
1675:Middlewares/Third_Party/FreeRTOS/Source/tasks.c **** 				}
 1995              		.loc 1 1675 6 discriminator 3 view .LVU577
1675:Middlewares/Third_Party/FreeRTOS/Source/tasks.c **** 				}
 1996              		.loc 1 1675 6 discriminator 3 view .LVU578
 1997 00b6 00EB8000 		add	r0, r0, r0, lsl #2
 1998 00ba 2146     		mov	r1, r4
 1999 00bc 034B     		ldr	r3, .L160+4
 2000 00be 03EB8000 		add	r0, r3, r0, lsl #2
 2001 00c2 FFF7FEFF 		bl	vListInsertEnd
 2002              	.LVL155:
ARM GAS  /tmp/ccV8B7BA.s 			page 141


1675:Middlewares/Third_Party/FreeRTOS/Source/tasks.c **** 				}
 2003              		.loc 1 1675 36 discriminator 1 view .LVU579
 2004 00c6 D5E7     		b	.L150
 2005              	.L161:
 2006              		.align	2
 2007              	.L160:
 2008 00c8 00000000 		.word	pxCurrentTCB
 2009 00cc 00000000 		.word	pxReadyTasksLists
 2010 00d0 00000000 		.word	uxTopReadyPriority
 2011              		.cfi_endproc
 2012              	.LFE14:
 2014              		.section	.text.vTaskResume,"ax",%progbits
 2015              		.align	1
 2016              		.global	vTaskResume
 2017              		.syntax unified
 2018              		.thumb
 2019              		.thumb_func
 2021              	vTaskResume:
 2022              	.LVL156:
 2023              	.LFB17:
1852:Middlewares/Third_Party/FreeRTOS/Source/tasks.c **** 	TCB_t * const pxTCB = xTaskToResume;
 2024              		.loc 1 1852 2 view -0
 2025              		.cfi_startproc
 2026              		@ args = 0, pretend = 0, frame = 0
 2027              		@ frame_needed = 0, uses_anonymous_args = 0
1852:Middlewares/Third_Party/FreeRTOS/Source/tasks.c **** 	TCB_t * const pxTCB = xTaskToResume;
 2028              		.loc 1 1852 2 is_stmt 0 view .LVU581
 2029 0000 38B5     		push	{r3, r4, r5, lr}
 2030              	.LCFI19:
 2031              		.cfi_def_cfa_offset 16
 2032              		.cfi_offset 3, -16
 2033              		.cfi_offset 4, -12
 2034              		.cfi_offset 5, -8
 2035              		.cfi_offset 14, -4
1853:Middlewares/Third_Party/FreeRTOS/Source/tasks.c **** 
 2036              		.loc 1 1853 2 is_stmt 1 view .LVU582
 2037              	.LVL157:
1856:Middlewares/Third_Party/FreeRTOS/Source/tasks.c **** 
 2038              		.loc 1 1856 3 view .LVU583
 2039 0002 68B1     		cbz	r0, .L169
 2040 0004 0446     		mov	r4, r0
1856:Middlewares/Third_Party/FreeRTOS/Source/tasks.c **** 
 2041              		.loc 1 1856 32 discriminator 2 view .LVU584
1860:Middlewares/Third_Party/FreeRTOS/Source/tasks.c **** 		{
 2042              		.loc 1 1860 3 view .LVU585
1860:Middlewares/Third_Party/FreeRTOS/Source/tasks.c **** 		{
 2043              		.loc 1 1860 15 is_stmt 0 view .LVU586
 2044 0006 1D4B     		ldr	r3, .L171
 2045 0008 1B68     		ldr	r3, [r3]
1860:Middlewares/Third_Party/FreeRTOS/Source/tasks.c **** 		{
 2046              		.loc 1 1860 5 view .LVU587
 2047 000a 8342     		cmp	r3, r0
 2048 000c 07D0     		beq	.L162
1862:Middlewares/Third_Party/FreeRTOS/Source/tasks.c **** 			{
 2049              		.loc 1 1862 4 is_stmt 1 view .LVU588
 2050 000e FFF7FEFF 		bl	vPortEnterCritical
 2051              	.LVL158:
ARM GAS  /tmp/ccV8B7BA.s 			page 142


1864:Middlewares/Third_Party/FreeRTOS/Source/tasks.c **** 				{
 2052              		.loc 1 1864 5 view .LVU589
1864:Middlewares/Third_Party/FreeRTOS/Source/tasks.c **** 				{
 2053              		.loc 1 1864 9 is_stmt 0 view .LVU590
 2054 0012 2046     		mov	r0, r4
 2055 0014 FFF7FEFF 		bl	prvTaskIsTaskSuspended
 2056              	.LVL159:
1864:Middlewares/Third_Party/FreeRTOS/Source/tasks.c **** 				{
 2057              		.loc 1 1864 7 discriminator 1 view .LVU591
 2058 0018 58B9     		cbnz	r0, .L170
 2059              	.L166:
1888:Middlewares/Third_Party/FreeRTOS/Source/tasks.c **** 				}
 2060              		.loc 1 1888 30 is_stmt 1 view .LVU592
1891:Middlewares/Third_Party/FreeRTOS/Source/tasks.c **** 		}
 2061              		.loc 1 1891 4 view .LVU593
 2062 001a FFF7FEFF 		bl	vPortExitCritical
 2063              	.LVL160:
1895:Middlewares/Third_Party/FreeRTOS/Source/tasks.c **** 		}
 2064              		.loc 1 1895 28 view .LVU594
 2065              	.L162:
1897:Middlewares/Third_Party/FreeRTOS/Source/tasks.c **** 
 2066              		.loc 1 1897 2 is_stmt 0 view .LVU595
 2067 001e 38BD     		pop	{r3, r4, r5, pc}
 2068              	.LVL161:
 2069              	.L169:
1856:Middlewares/Third_Party/FreeRTOS/Source/tasks.c **** 
 2070              		.loc 1 1856 3 is_stmt 1 discriminator 1 view .LVU596
 2071              	.LBB145:
 2072              	.LBI145:
 193:Middlewares/Third_Party/FreeRTOS/Source/portable/GCC/ARM_CM3/portmacro.h **** {
 2073              		.loc 2 193 30 view .LVU597
 2074              	.LBB146:
 195:Middlewares/Third_Party/FreeRTOS/Source/portable/GCC/ARM_CM3/portmacro.h **** 
 2075              		.loc 2 195 1 view .LVU598
 197:Middlewares/Third_Party/FreeRTOS/Source/portable/GCC/ARM_CM3/portmacro.h **** 	(
 2076              		.loc 2 197 2 view .LVU599
 2077              		.syntax unified
 2078              	@ 197 "Middlewares/Third_Party/FreeRTOS/Source/portable/GCC/ARM_CM3/portmacro.h" 1
 2079 0020 4FF05003 			mov r3, #80												
 2080 0024 83F31188 		msr basepri, r3											
 2081 0028 BFF36F8F 		isb														
 2082 002c BFF34F8F 		dsb														
 2083              	
 2084              	@ 0 "" 2
 2085              		.thumb
 2086              		.syntax unified
 2087              	.L164:
 2088              	.LBE146:
 2089              	.LBE145:
1856:Middlewares/Third_Party/FreeRTOS/Source/tasks.c **** 
 2090              		.loc 1 1856 3 discriminator 3 view .LVU600
1856:Middlewares/Third_Party/FreeRTOS/Source/tasks.c **** 
 2091              		.loc 1 1856 3 discriminator 3 view .LVU601
 2092 0030 FEE7     		b	.L164
 2093              	.LVL162:
 2094              	.L170:
1866:Middlewares/Third_Party/FreeRTOS/Source/tasks.c **** 
ARM GAS  /tmp/ccV8B7BA.s 			page 143


 2095              		.loc 1 1866 31 view .LVU602
1870:Middlewares/Third_Party/FreeRTOS/Source/tasks.c **** 					prvAddTaskToReadyList( pxTCB );
 2096              		.loc 1 1870 6 view .LVU603
1870:Middlewares/Third_Party/FreeRTOS/Source/tasks.c **** 					prvAddTaskToReadyList( pxTCB );
 2097              		.loc 1 1870 15 is_stmt 0 view .LVU604
 2098 0032 251D     		adds	r5, r4, #4
 2099 0034 2846     		mov	r0, r5
 2100 0036 FFF7FEFF 		bl	uxListRemove
 2101              	.LVL163:
1871:Middlewares/Third_Party/FreeRTOS/Source/tasks.c **** 
 2102              		.loc 1 1871 6 is_stmt 1 view .LVU605
1871:Middlewares/Third_Party/FreeRTOS/Source/tasks.c **** 
 2103              		.loc 1 1871 6 view .LVU606
 2104 003a E06A     		ldr	r0, [r4, #44]
 2105 003c 104B     		ldr	r3, .L171+4
 2106 003e 1B68     		ldr	r3, [r3]
 2107 0040 9842     		cmp	r0, r3
 2108 0042 01D9     		bls	.L167
1871:Middlewares/Third_Party/FreeRTOS/Source/tasks.c **** 
 2109              		.loc 1 1871 6 discriminator 1 view .LVU607
 2110 0044 0E4B     		ldr	r3, .L171+4
 2111 0046 1860     		str	r0, [r3]
 2112              	.L167:
1871:Middlewares/Third_Party/FreeRTOS/Source/tasks.c **** 
 2113              		.loc 1 1871 6 discriminator 3 view .LVU608
1871:Middlewares/Third_Party/FreeRTOS/Source/tasks.c **** 
 2114              		.loc 1 1871 6 discriminator 3 view .LVU609
 2115 0048 00EB8000 		add	r0, r0, r0, lsl #2
 2116 004c 2946     		mov	r1, r5
 2117 004e 0D4B     		ldr	r3, .L171+8
 2118 0050 03EB8000 		add	r0, r3, r0, lsl #2
 2119 0054 FFF7FEFF 		bl	vListInsertEnd
 2120              	.LVL164:
1871:Middlewares/Third_Party/FreeRTOS/Source/tasks.c **** 
 2121              		.loc 1 1871 36 discriminator 1 view .LVU610
1874:Middlewares/Third_Party/FreeRTOS/Source/tasks.c **** 					{
 2122              		.loc 1 1874 6 view .LVU611
1874:Middlewares/Third_Party/FreeRTOS/Source/tasks.c **** 					{
 2123              		.loc 1 1874 15 is_stmt 0 view .LVU612
 2124 0058 E26A     		ldr	r2, [r4, #44]
1874:Middlewares/Third_Party/FreeRTOS/Source/tasks.c **** 					{
 2125              		.loc 1 1874 43 view .LVU613
 2126 005a 084B     		ldr	r3, .L171
 2127 005c 1B68     		ldr	r3, [r3]
 2128 005e DB6A     		ldr	r3, [r3, #44]
1874:Middlewares/Third_Party/FreeRTOS/Source/tasks.c **** 					{
 2129              		.loc 1 1874 8 view .LVU614
 2130 0060 9A42     		cmp	r2, r3
 2131 0062 DAD3     		bcc	.L166
1879:Middlewares/Third_Party/FreeRTOS/Source/tasks.c **** 					}
 2132              		.loc 1 1879 7 is_stmt 1 view .LVU615
 2133 0064 4FF0E023 		mov	r3, #-536813568
 2134 0068 4FF08052 		mov	r2, #268435456
 2135 006c C3F8042D 		str	r2, [r3, #3332]
1879:Middlewares/Third_Party/FreeRTOS/Source/tasks.c **** 					}
 2136              		.loc 1 1879 7 view .LVU616
 2137              		.syntax unified
ARM GAS  /tmp/ccV8B7BA.s 			page 144


 2138              	@ 1879 "Middlewares/Third_Party/FreeRTOS/Source/tasks.c" 1
 2139 0070 BFF34F8F 		dsb
 2140              	@ 0 "" 2
1879:Middlewares/Third_Party/FreeRTOS/Source/tasks.c **** 					}
 2141              		.loc 1 1879 7 view .LVU617
 2142              	@ 1879 "Middlewares/Third_Party/FreeRTOS/Source/tasks.c" 1
 2143 0074 BFF36F8F 		isb
 2144              	@ 0 "" 2
1879:Middlewares/Third_Party/FreeRTOS/Source/tasks.c **** 					}
 2145              		.loc 1 1879 38 view .LVU618
 2146              		.thumb
 2147              		.syntax unified
 2148 0078 CFE7     		b	.L166
 2149              	.L172:
 2150 007a 00BF     		.align	2
 2151              	.L171:
 2152 007c 00000000 		.word	pxCurrentTCB
 2153 0080 00000000 		.word	uxTopReadyPriority
 2154 0084 00000000 		.word	pxReadyTasksLists
 2155              		.cfi_endproc
 2156              	.LFE17:
 2158              		.section	.text.xTaskResumeFromISR,"ax",%progbits
 2159              		.align	1
 2160              		.global	xTaskResumeFromISR
 2161              		.syntax unified
 2162              		.thumb
 2163              		.thumb_func
 2165              	xTaskResumeFromISR:
 2166              	.LVL165:
 2167              	.LFB18:
1906:Middlewares/Third_Party/FreeRTOS/Source/tasks.c **** 	BaseType_t xYieldRequired = pdFALSE;
 2168              		.loc 1 1906 2 view -0
 2169              		.cfi_startproc
 2170              		@ args = 0, pretend = 0, frame = 0
 2171              		@ frame_needed = 0, uses_anonymous_args = 0
1906:Middlewares/Third_Party/FreeRTOS/Source/tasks.c **** 	BaseType_t xYieldRequired = pdFALSE;
 2172              		.loc 1 1906 2 is_stmt 0 view .LVU620
 2173 0000 F8B5     		push	{r3, r4, r5, r6, r7, lr}
 2174              	.LCFI20:
 2175              		.cfi_def_cfa_offset 24
 2176              		.cfi_offset 3, -24
 2177              		.cfi_offset 4, -20
 2178              		.cfi_offset 5, -16
 2179              		.cfi_offset 6, -12
 2180              		.cfi_offset 7, -8
 2181              		.cfi_offset 14, -4
1907:Middlewares/Third_Party/FreeRTOS/Source/tasks.c **** 	TCB_t * const pxTCB = xTaskToResume;
 2182              		.loc 1 1907 2 is_stmt 1 view .LVU621
 2183              	.LVL166:
1908:Middlewares/Third_Party/FreeRTOS/Source/tasks.c **** 	UBaseType_t uxSavedInterruptStatus;
 2184              		.loc 1 1908 2 view .LVU622
1909:Middlewares/Third_Party/FreeRTOS/Source/tasks.c **** 
 2185              		.loc 1 1909 2 view .LVU623
1911:Middlewares/Third_Party/FreeRTOS/Source/tasks.c **** 
 2186              		.loc 1 1911 3 view .LVU624
 2187 0002 0028     		cmp	r0, #0
 2188 0004 32D0     		beq	.L182
ARM GAS  /tmp/ccV8B7BA.s 			page 145


 2189 0006 0646     		mov	r6, r0
1911:Middlewares/Third_Party/FreeRTOS/Source/tasks.c **** 
 2190              		.loc 1 1911 32 discriminator 2 view .LVU625
1929:Middlewares/Third_Party/FreeRTOS/Source/tasks.c **** 
 2191              		.loc 1 1929 3 view .LVU626
 2192 0008 FFF7FEFF 		bl	vPortValidateInterruptPriority
 2193              	.LVL167:
1931:Middlewares/Third_Party/FreeRTOS/Source/tasks.c **** 		{
 2194              		.loc 1 1931 3 view .LVU627
 2195              	.LBB147:
 2196              	.LBI147:
 209:Middlewares/Third_Party/FreeRTOS/Source/portable/GCC/ARM_CM3/portmacro.h **** {
 2197              		.loc 2 209 34 view .LVU628
 2198              	.LBB148:
 211:Middlewares/Third_Party/FreeRTOS/Source/portable/GCC/ARM_CM3/portmacro.h **** 
 2199              		.loc 2 211 1 view .LVU629
 213:Middlewares/Third_Party/FreeRTOS/Source/portable/GCC/ARM_CM3/portmacro.h **** 	(
 2200              		.loc 2 213 2 view .LVU630
 2201              		.syntax unified
 2202              	@ 213 "Middlewares/Third_Party/FreeRTOS/Source/portable/GCC/ARM_CM3/portmacro.h" 1
 2203 000c EFF31184 			mrs r4, basepri											
 2204 0010 4FF05003 		mov r3, #80												
 2205 0014 83F31188 		msr basepri, r3											
 2206 0018 BFF36F8F 		isb														
 2207 001c BFF34F8F 		dsb														
 2208              	
 2209              	@ 0 "" 2
 2210              	.LVL168:
 225:Middlewares/Third_Party/FreeRTOS/Source/portable/GCC/ARM_CM3/portmacro.h **** }
 2211              		.loc 2 225 2 view .LVU631
 225:Middlewares/Third_Party/FreeRTOS/Source/portable/GCC/ARM_CM3/portmacro.h **** }
 2212              		.loc 2 225 2 is_stmt 0 view .LVU632
 2213              		.thumb
 2214              		.syntax unified
 2215              	.LBE148:
 2216              	.LBE147:
1933:Middlewares/Third_Party/FreeRTOS/Source/tasks.c **** 			{
 2217              		.loc 1 1933 4 is_stmt 1 view .LVU633
1933:Middlewares/Third_Party/FreeRTOS/Source/tasks.c **** 			{
 2218              		.loc 1 1933 8 is_stmt 0 view .LVU634
 2219 0020 3046     		mov	r0, r6
 2220 0022 FFF7FEFF 		bl	prvTaskIsTaskSuspended
 2221              	.LVL169:
1933:Middlewares/Third_Party/FreeRTOS/Source/tasks.c **** 			{
 2222              		.loc 1 1933 6 discriminator 1 view .LVU635
 2223 0026 0546     		mov	r5, r0
 2224 0028 E0B1     		cbz	r0, .L176
1935:Middlewares/Third_Party/FreeRTOS/Source/tasks.c **** 
 2225              		.loc 1 1935 39 is_stmt 1 view .LVU636
1938:Middlewares/Third_Party/FreeRTOS/Source/tasks.c **** 				{
 2226              		.loc 1 1938 5 view .LVU637
1938:Middlewares/Third_Party/FreeRTOS/Source/tasks.c **** 				{
 2227              		.loc 1 1938 30 is_stmt 0 view .LVU638
 2228 002a 194B     		ldr	r3, .L183
 2229 002c 1B68     		ldr	r3, [r3]
1938:Middlewares/Third_Party/FreeRTOS/Source/tasks.c **** 				{
 2230              		.loc 1 1938 7 view .LVU639
ARM GAS  /tmp/ccV8B7BA.s 			page 146


 2231 002e 43BB     		cbnz	r3, .L177
1942:Middlewares/Third_Party/FreeRTOS/Source/tasks.c **** 					{
 2232              		.loc 1 1942 6 is_stmt 1 view .LVU640
1942:Middlewares/Third_Party/FreeRTOS/Source/tasks.c **** 					{
 2233              		.loc 1 1942 15 is_stmt 0 view .LVU641
 2234 0030 F26A     		ldr	r2, [r6, #44]
1942:Middlewares/Third_Party/FreeRTOS/Source/tasks.c **** 					{
 2235              		.loc 1 1942 43 view .LVU642
 2236 0032 184B     		ldr	r3, .L183+4
 2237 0034 1B68     		ldr	r3, [r3]
 2238 0036 DB6A     		ldr	r3, [r3, #44]
1942:Middlewares/Third_Party/FreeRTOS/Source/tasks.c **** 					{
 2239              		.loc 1 1942 8 view .LVU643
 2240 0038 9A42     		cmp	r2, r3
 2241 003a 20D2     		bcs	.L180
1907:Middlewares/Third_Party/FreeRTOS/Source/tasks.c **** 	TCB_t * const pxTCB = xTaskToResume;
 2242              		.loc 1 1907 13 view .LVU644
 2243 003c 0025     		movs	r5, #0
 2244              	.L178:
 2245              	.LVL170:
1948:Middlewares/Third_Party/FreeRTOS/Source/tasks.c **** 					}
 2246              		.loc 1 1948 31 is_stmt 1 view .LVU645
1951:Middlewares/Third_Party/FreeRTOS/Source/tasks.c **** 					prvAddTaskToReadyList( pxTCB );
 2247              		.loc 1 1951 6 view .LVU646
1951:Middlewares/Third_Party/FreeRTOS/Source/tasks.c **** 					prvAddTaskToReadyList( pxTCB );
 2248              		.loc 1 1951 15 is_stmt 0 view .LVU647
 2249 003e 371D     		adds	r7, r6, #4
 2250 0040 3846     		mov	r0, r7
 2251 0042 FFF7FEFF 		bl	uxListRemove
 2252              	.LVL171:
1952:Middlewares/Third_Party/FreeRTOS/Source/tasks.c **** 				}
 2253              		.loc 1 1952 6 is_stmt 1 view .LVU648
1952:Middlewares/Third_Party/FreeRTOS/Source/tasks.c **** 				}
 2254              		.loc 1 1952 6 view .LVU649
 2255 0046 F06A     		ldr	r0, [r6, #44]
 2256 0048 134B     		ldr	r3, .L183+8
 2257 004a 1B68     		ldr	r3, [r3]
 2258 004c 9842     		cmp	r0, r3
 2259 004e 01D9     		bls	.L179
1952:Middlewares/Third_Party/FreeRTOS/Source/tasks.c **** 				}
 2260              		.loc 1 1952 6 discriminator 1 view .LVU650
 2261 0050 114B     		ldr	r3, .L183+8
 2262 0052 1860     		str	r0, [r3]
 2263              	.L179:
1952:Middlewares/Third_Party/FreeRTOS/Source/tasks.c **** 				}
 2264              		.loc 1 1952 6 discriminator 3 view .LVU651
1952:Middlewares/Third_Party/FreeRTOS/Source/tasks.c **** 				}
 2265              		.loc 1 1952 6 discriminator 3 view .LVU652
 2266 0054 00EB8000 		add	r0, r0, r0, lsl #2
 2267 0058 3946     		mov	r1, r7
 2268 005a 104B     		ldr	r3, .L183+12
 2269 005c 03EB8000 		add	r0, r3, r0, lsl #2
 2270 0060 FFF7FEFF 		bl	vListInsertEnd
 2271              	.LVL172:
1952:Middlewares/Third_Party/FreeRTOS/Source/tasks.c **** 				}
 2272              		.loc 1 1952 36 discriminator 1 view .LVU653
 2273              	.L176:
ARM GAS  /tmp/ccV8B7BA.s 			page 147


1964:Middlewares/Third_Party/FreeRTOS/Source/tasks.c **** 			}
 2274              		.loc 1 1964 29 view .LVU654
1967:Middlewares/Third_Party/FreeRTOS/Source/tasks.c **** 
 2275              		.loc 1 1967 3 view .LVU655
 2276              	.LBB149:
 2277              	.LBI149:
 229:Middlewares/Third_Party/FreeRTOS/Source/portable/GCC/ARM_CM3/portmacro.h **** {
 2278              		.loc 2 229 30 view .LVU656
 2279              	.LBB150:
 2280              		.loc 2 231 2 view .LVU657
 2281              		.syntax unified
 2282              	@ 231 "Middlewares/Third_Party/FreeRTOS/Source/portable/GCC/ARM_CM3/portmacro.h" 1
 2283 0064 84F31188 			msr basepri, r4	
 2284              	@ 0 "" 2
 2285              		.thumb
 2286              		.syntax unified
 2287              	.LBE150:
 2288              	.LBE149:
1969:Middlewares/Third_Party/FreeRTOS/Source/tasks.c **** 	}
 2289              		.loc 1 1969 3 view .LVU658
1970:Middlewares/Third_Party/FreeRTOS/Source/tasks.c **** 
 2290              		.loc 1 1970 2 is_stmt 0 view .LVU659
 2291 0068 2846     		mov	r0, r5
 2292 006a F8BD     		pop	{r3, r4, r5, r6, r7, pc}
 2293              	.LVL173:
 2294              	.L182:
1911:Middlewares/Third_Party/FreeRTOS/Source/tasks.c **** 
 2295              		.loc 1 1911 3 is_stmt 1 discriminator 1 view .LVU660
 2296              	.LBB151:
 2297              	.LBI151:
 193:Middlewares/Third_Party/FreeRTOS/Source/portable/GCC/ARM_CM3/portmacro.h **** {
 2298              		.loc 2 193 30 view .LVU661
 2299              	.LBB152:
 195:Middlewares/Third_Party/FreeRTOS/Source/portable/GCC/ARM_CM3/portmacro.h **** 
 2300              		.loc 2 195 1 view .LVU662
 197:Middlewares/Third_Party/FreeRTOS/Source/portable/GCC/ARM_CM3/portmacro.h **** 	(
 2301              		.loc 2 197 2 view .LVU663
 2302              		.syntax unified
 2303              	@ 197 "Middlewares/Third_Party/FreeRTOS/Source/portable/GCC/ARM_CM3/portmacro.h" 1
 2304 006c 4FF05003 			mov r3, #80												
 2305 0070 83F31188 		msr basepri, r3											
 2306 0074 BFF36F8F 		isb														
 2307 0078 BFF34F8F 		dsb														
 2308              	
 2309              	@ 0 "" 2
 2310              		.thumb
 2311              		.syntax unified
 2312              	.L175:
 2313              	.LBE152:
 2314              	.LBE151:
1911:Middlewares/Third_Party/FreeRTOS/Source/tasks.c **** 
 2315              		.loc 1 1911 3 discriminator 3 view .LVU664
1911:Middlewares/Third_Party/FreeRTOS/Source/tasks.c **** 
 2316              		.loc 1 1911 3 discriminator 3 view .LVU665
 2317 007c FEE7     		b	.L175
 2318              	.LVL174:
 2319              	.L180:
ARM GAS  /tmp/ccV8B7BA.s 			page 148


1944:Middlewares/Third_Party/FreeRTOS/Source/tasks.c **** 					}
 2320              		.loc 1 1944 22 is_stmt 0 view .LVU666
 2321 007e 0125     		movs	r5, #1
 2322 0080 DDE7     		b	.L178
 2323              	.L177:
1959:Middlewares/Third_Party/FreeRTOS/Source/tasks.c **** 				}
 2324              		.loc 1 1959 6 is_stmt 1 view .LVU667
 2325 0082 06F11801 		add	r1, r6, #24
 2326 0086 0648     		ldr	r0, .L183+16
 2327 0088 FFF7FEFF 		bl	vListInsertEnd
 2328              	.LVL175:
1907:Middlewares/Third_Party/FreeRTOS/Source/tasks.c **** 	TCB_t * const pxTCB = xTaskToResume;
 2329              		.loc 1 1907 13 is_stmt 0 view .LVU668
 2330 008c 0025     		movs	r5, #0
 2331 008e E9E7     		b	.L176
 2332              	.L184:
 2333              		.align	2
 2334              	.L183:
 2335 0090 00000000 		.word	uxSchedulerSuspended
 2336 0094 00000000 		.word	pxCurrentTCB
 2337 0098 00000000 		.word	uxTopReadyPriority
 2338 009c 00000000 		.word	pxReadyTasksLists
 2339 00a0 00000000 		.word	xPendingReadyList
 2340              		.cfi_endproc
 2341              	.LFE18:
 2343              		.section	.rodata.vTaskStartScheduler.str1.4,"aMS",%progbits,1
 2344              		.align	2
 2345              	.LC0:
 2346 0000 49444C45 		.ascii	"IDLE\000"
 2346      00
 2347              		.section	.text.vTaskStartScheduler,"ax",%progbits
 2348              		.align	1
 2349              		.global	vTaskStartScheduler
 2350              		.syntax unified
 2351              		.thumb
 2352              		.thumb_func
 2354              	vTaskStartScheduler:
 2355              	.LFB19:
1976:Middlewares/Third_Party/FreeRTOS/Source/tasks.c **** BaseType_t xReturn;
 2356              		.loc 1 1976 1 is_stmt 1 view -0
 2357              		.cfi_startproc
 2358              		@ args = 0, pretend = 0, frame = 16
 2359              		@ frame_needed = 0, uses_anonymous_args = 0
 2360 0000 10B5     		push	{r4, lr}
 2361              	.LCFI21:
 2362              		.cfi_def_cfa_offset 8
 2363              		.cfi_offset 4, -8
 2364              		.cfi_offset 14, -4
 2365 0002 88B0     		sub	sp, sp, #32
 2366              	.LCFI22:
 2367              		.cfi_def_cfa_offset 40
1977:Middlewares/Third_Party/FreeRTOS/Source/tasks.c **** 
 2368              		.loc 1 1977 1 view .LVU670
 2369              	.LBB153:
1982:Middlewares/Third_Party/FreeRTOS/Source/tasks.c **** 		StackType_t *pxIdleTaskStackBuffer = NULL;
 2370              		.loc 1 1982 3 view .LVU671
1982:Middlewares/Third_Party/FreeRTOS/Source/tasks.c **** 		StackType_t *pxIdleTaskStackBuffer = NULL;
ARM GAS  /tmp/ccV8B7BA.s 			page 149


 2371              		.loc 1 1982 17 is_stmt 0 view .LVU672
 2372 0004 0024     		movs	r4, #0
 2373 0006 0594     		str	r4, [sp, #20]
1983:Middlewares/Third_Party/FreeRTOS/Source/tasks.c **** 		uint32_t ulIdleTaskStackSize;
 2374              		.loc 1 1983 3 is_stmt 1 view .LVU673
1983:Middlewares/Third_Party/FreeRTOS/Source/tasks.c **** 		uint32_t ulIdleTaskStackSize;
 2375              		.loc 1 1983 16 is_stmt 0 view .LVU674
 2376 0008 0694     		str	r4, [sp, #24]
1984:Middlewares/Third_Party/FreeRTOS/Source/tasks.c **** 
 2377              		.loc 1 1984 3 is_stmt 1 view .LVU675
1988:Middlewares/Third_Party/FreeRTOS/Source/tasks.c **** 		xIdleTaskHandle = xTaskCreateStatic(	prvIdleTask,
 2378              		.loc 1 1988 3 view .LVU676
 2379 000a 07AA     		add	r2, sp, #28
 2380 000c 06A9     		add	r1, sp, #24
 2381 000e 05A8     		add	r0, sp, #20
 2382 0010 FFF7FEFF 		bl	vApplicationGetIdleTaskMemory
 2383              	.LVL176:
1989:Middlewares/Third_Party/FreeRTOS/Source/tasks.c **** 												configIDLE_TASK_NAME,
 2384              		.loc 1 1989 3 view .LVU677
1989:Middlewares/Third_Party/FreeRTOS/Source/tasks.c **** 												configIDLE_TASK_NAME,
 2385              		.loc 1 1989 21 is_stmt 0 view .LVU678
 2386 0014 059B     		ldr	r3, [sp, #20]
 2387 0016 0293     		str	r3, [sp, #8]
 2388 0018 069B     		ldr	r3, [sp, #24]
 2389 001a 0193     		str	r3, [sp, #4]
 2390 001c 0094     		str	r4, [sp]
 2391 001e 2346     		mov	r3, r4
 2392 0020 079A     		ldr	r2, [sp, #28]
 2393 0022 1749     		ldr	r1, .L193
 2394 0024 1748     		ldr	r0, .L193+4
 2395 0026 FFF7FEFF 		bl	xTaskCreateStatic
 2396              	.LVL177:
1989:Middlewares/Third_Party/FreeRTOS/Source/tasks.c **** 												configIDLE_TASK_NAME,
 2397              		.loc 1 1989 19 discriminator 1 view .LVU679
 2398 002a 174B     		ldr	r3, .L193+8
 2399 002c 1860     		str	r0, [r3]
1997:Middlewares/Third_Party/FreeRTOS/Source/tasks.c **** 		{
 2400              		.loc 1 1997 3 is_stmt 1 view .LVU680
1997:Middlewares/Third_Party/FreeRTOS/Source/tasks.c **** 		{
 2401              		.loc 1 1997 5 is_stmt 0 view .LVU681
 2402 002e C0B1     		cbz	r0, .L186
 2403              	.LVL178:
1997:Middlewares/Third_Party/FreeRTOS/Source/tasks.c **** 		{
 2404              		.loc 1 1997 5 view .LVU682
 2405              	.LBE153:
2020:Middlewares/Third_Party/FreeRTOS/Source/tasks.c **** 		{
 2406              		.loc 1 2020 3 is_stmt 1 view .LVU683
2022:Middlewares/Third_Party/FreeRTOS/Source/tasks.c **** 		}
 2407              		.loc 1 2022 4 view .LVU684
2022:Middlewares/Third_Party/FreeRTOS/Source/tasks.c **** 		}
 2408              		.loc 1 2022 14 is_stmt 0 view .LVU685
 2409 0030 FFF7FEFF 		bl	xTimerCreateTimerTask
 2410              	.LVL179:
2026:Middlewares/Third_Party/FreeRTOS/Source/tasks.c **** 		}
 2411              		.loc 1 2026 28 is_stmt 1 view .LVU686
2031:Middlewares/Third_Party/FreeRTOS/Source/tasks.c **** 	{
 2412              		.loc 1 2031 2 view .LVU687
ARM GAS  /tmp/ccV8B7BA.s 			page 150


2031:Middlewares/Third_Party/FreeRTOS/Source/tasks.c **** 	{
 2413              		.loc 1 2031 4 is_stmt 0 view .LVU688
 2414 0034 0128     		cmp	r0, #1
 2415 0036 15D1     		bne	.L188
2047:Middlewares/Third_Party/FreeRTOS/Source/tasks.c **** 
 2416              		.loc 1 2047 3 is_stmt 1 view .LVU689
 2417              	.LBB154:
 2418              	.LBI154:
 193:Middlewares/Third_Party/FreeRTOS/Source/portable/GCC/ARM_CM3/portmacro.h **** {
 2419              		.loc 2 193 30 view .LVU690
 2420              	.LBB155:
 195:Middlewares/Third_Party/FreeRTOS/Source/portable/GCC/ARM_CM3/portmacro.h **** 
 2421              		.loc 2 195 1 view .LVU691
 197:Middlewares/Third_Party/FreeRTOS/Source/portable/GCC/ARM_CM3/portmacro.h **** 	(
 2422              		.loc 2 197 2 view .LVU692
 2423              		.syntax unified
 2424              	@ 197 "Middlewares/Third_Party/FreeRTOS/Source/portable/GCC/ARM_CM3/portmacro.h" 1
 2425 0038 4FF05003 			mov r3, #80												
 2426 003c 83F31188 		msr basepri, r3											
 2427 0040 BFF36F8F 		isb														
 2428 0044 BFF34F8F 		dsb														
 2429              	
 2430              	@ 0 "" 2
 2431              		.thumb
 2432              		.syntax unified
 2433              	.LBE155:
 2434              	.LBE154:
2059:Middlewares/Third_Party/FreeRTOS/Source/tasks.c **** 		xSchedulerRunning = pdTRUE;
 2435              		.loc 1 2059 3 view .LVU693
2059:Middlewares/Third_Party/FreeRTOS/Source/tasks.c **** 		xSchedulerRunning = pdTRUE;
 2436              		.loc 1 2059 24 is_stmt 0 view .LVU694
 2437 0048 104B     		ldr	r3, .L193+12
 2438 004a 4FF0FF32 		mov	r2, #-1
 2439 004e 1A60     		str	r2, [r3]
2060:Middlewares/Third_Party/FreeRTOS/Source/tasks.c **** 		xTickCount = ( TickType_t ) configINITIAL_TICK_COUNT;
 2440              		.loc 1 2060 3 is_stmt 1 view .LVU695
2060:Middlewares/Third_Party/FreeRTOS/Source/tasks.c **** 		xTickCount = ( TickType_t ) configINITIAL_TICK_COUNT;
 2441              		.loc 1 2060 21 is_stmt 0 view .LVU696
 2442 0050 0F4B     		ldr	r3, .L193+16
 2443 0052 0122     		movs	r2, #1
 2444 0054 1A60     		str	r2, [r3]
2061:Middlewares/Third_Party/FreeRTOS/Source/tasks.c **** 
 2445              		.loc 1 2061 3 is_stmt 1 view .LVU697
2061:Middlewares/Third_Party/FreeRTOS/Source/tasks.c **** 
 2446              		.loc 1 2061 14 is_stmt 0 view .LVU698
 2447 0056 0F4B     		ldr	r3, .L193+20
 2448 0058 0022     		movs	r2, #0
 2449 005a 1A60     		str	r2, [r3]
2069:Middlewares/Third_Party/FreeRTOS/Source/tasks.c **** 
 2450              		.loc 1 2069 43 is_stmt 1 view .LVU699
2071:Middlewares/Third_Party/FreeRTOS/Source/tasks.c **** 
 2451              		.loc 1 2071 26 view .LVU700
2075:Middlewares/Third_Party/FreeRTOS/Source/tasks.c **** 		{
 2452              		.loc 1 2075 3 view .LVU701
2075:Middlewares/Third_Party/FreeRTOS/Source/tasks.c **** 		{
 2453              		.loc 1 2075 7 is_stmt 0 view .LVU702
 2454 005c FFF7FEFF 		bl	xPortStartScheduler
ARM GAS  /tmp/ccV8B7BA.s 			page 151


 2455              	.LVL180:
2079:Middlewares/Third_Party/FreeRTOS/Source/tasks.c **** 		else
 2456              		.loc 1 2079 3 is_stmt 1 view .LVU703
2083:Middlewares/Third_Party/FreeRTOS/Source/tasks.c **** 	}
 2457              		.loc 1 2083 3 view .LVU704
 2458 0060 03E0     		b	.L185
 2459              	.LVL181:
 2460              	.L186:
 2461              	.LBB156:
2003:Middlewares/Third_Party/FreeRTOS/Source/tasks.c **** 		}
 2462              		.loc 1 2003 4 view .LVU705
2003:Middlewares/Third_Party/FreeRTOS/Source/tasks.c **** 		}
 2463              		.loc 1 2003 4 is_stmt 0 view .LVU706
 2464              	.LBE156:
2020:Middlewares/Third_Party/FreeRTOS/Source/tasks.c **** 		{
 2465              		.loc 1 2020 3 is_stmt 1 view .LVU707
2026:Middlewares/Third_Party/FreeRTOS/Source/tasks.c **** 		}
 2466              		.loc 1 2026 28 view .LVU708
2031:Middlewares/Third_Party/FreeRTOS/Source/tasks.c **** 	{
 2467              		.loc 1 2031 2 view .LVU709
 2468              	.LBB157:
2003:Middlewares/Third_Party/FreeRTOS/Source/tasks.c **** 		}
 2469              		.loc 1 2003 12 is_stmt 0 view .LVU710
 2470 0062 0020     		movs	r0, #0
 2471              	.LVL182:
 2472              	.L188:
2003:Middlewares/Third_Party/FreeRTOS/Source/tasks.c **** 		}
 2473              		.loc 1 2003 12 view .LVU711
 2474              	.LBE157:
2090:Middlewares/Third_Party/FreeRTOS/Source/tasks.c **** 	}
 2475              		.loc 1 2090 3 is_stmt 1 view .LVU712
 2476 0064 B0F1FF3F 		cmp	r0, #-1
 2477 0068 01D0     		beq	.L192
 2478              	.L185:
2096:Middlewares/Third_Party/FreeRTOS/Source/tasks.c **** /*-----------------------------------------------------------*/
 2479              		.loc 1 2096 1 is_stmt 0 view .LVU713
 2480 006a 08B0     		add	sp, sp, #32
 2481              	.LCFI23:
 2482              		.cfi_remember_state
 2483              		.cfi_def_cfa_offset 8
 2484              		@ sp needed
 2485 006c 10BD     		pop	{r4, pc}
 2486              	.L192:
 2487              	.LCFI24:
 2488              		.cfi_restore_state
2090:Middlewares/Third_Party/FreeRTOS/Source/tasks.c **** 	}
 2489              		.loc 1 2090 3 is_stmt 1 discriminator 1 view .LVU714
 2490              	.LBB158:
 2491              	.LBI158:
 193:Middlewares/Third_Party/FreeRTOS/Source/portable/GCC/ARM_CM3/portmacro.h **** {
 2492              		.loc 2 193 30 view .LVU715
 2493              	.LBB159:
 195:Middlewares/Third_Party/FreeRTOS/Source/portable/GCC/ARM_CM3/portmacro.h **** 
 2494              		.loc 2 195 1 view .LVU716
 197:Middlewares/Third_Party/FreeRTOS/Source/portable/GCC/ARM_CM3/portmacro.h **** 	(
 2495              		.loc 2 197 2 view .LVU717
 2496              		.syntax unified
ARM GAS  /tmp/ccV8B7BA.s 			page 152


 2497              	@ 197 "Middlewares/Third_Party/FreeRTOS/Source/portable/GCC/ARM_CM3/portmacro.h" 1
 2498 006e 4FF05003 			mov r3, #80												
 2499 0072 83F31188 		msr basepri, r3											
 2500 0076 BFF36F8F 		isb														
 2501 007a BFF34F8F 		dsb														
 2502              	
 2503              	@ 0 "" 2
 2504              		.thumb
 2505              		.syntax unified
 2506              	.L190:
 2507              	.LBE159:
 2508              	.LBE158:
2090:Middlewares/Third_Party/FreeRTOS/Source/tasks.c **** 	}
 2509              		.loc 1 2090 3 discriminator 3 view .LVU718
2090:Middlewares/Third_Party/FreeRTOS/Source/tasks.c **** 	}
 2510              		.loc 1 2090 3 discriminator 3 view .LVU719
 2511 007e FEE7     		b	.L190
 2512              	.L194:
 2513              		.align	2
 2514              	.L193:
 2515 0080 00000000 		.word	.LC0
 2516 0084 00000000 		.word	prvIdleTask
 2517 0088 00000000 		.word	xIdleTaskHandle
 2518 008c 00000000 		.word	xNextTaskUnblockTime
 2519 0090 00000000 		.word	xSchedulerRunning
 2520 0094 00000000 		.word	xTickCount
 2521              		.cfi_endproc
 2522              	.LFE19:
 2524              		.section	.text.vTaskEndScheduler,"ax",%progbits
 2525              		.align	1
 2526              		.global	vTaskEndScheduler
 2527              		.syntax unified
 2528              		.thumb
 2529              		.thumb_func
 2531              	vTaskEndScheduler:
 2532              	.LFB20:
2100:Middlewares/Third_Party/FreeRTOS/Source/tasks.c **** 	/* Stop the scheduler interrupts and call the portable scheduler end
 2533              		.loc 1 2100 1 view -0
 2534              		.cfi_startproc
 2535              		@ args = 0, pretend = 0, frame = 0
 2536              		@ frame_needed = 0, uses_anonymous_args = 0
 2537 0000 08B5     		push	{r3, lr}
 2538              	.LCFI25:
 2539              		.cfi_def_cfa_offset 8
 2540              		.cfi_offset 3, -8
 2541              		.cfi_offset 14, -4
2104:Middlewares/Third_Party/FreeRTOS/Source/tasks.c **** 	xSchedulerRunning = pdFALSE;
 2542              		.loc 1 2104 2 view .LVU721
 2543              	.LBB160:
 2544              	.LBI160:
 193:Middlewares/Third_Party/FreeRTOS/Source/portable/GCC/ARM_CM3/portmacro.h **** {
 2545              		.loc 2 193 30 view .LVU722
 2546              	.LBB161:
 195:Middlewares/Third_Party/FreeRTOS/Source/portable/GCC/ARM_CM3/portmacro.h **** 
 2547              		.loc 2 195 1 view .LVU723
 197:Middlewares/Third_Party/FreeRTOS/Source/portable/GCC/ARM_CM3/portmacro.h **** 	(
 2548              		.loc 2 197 2 view .LVU724
ARM GAS  /tmp/ccV8B7BA.s 			page 153


 2549              		.syntax unified
 2550              	@ 197 "Middlewares/Third_Party/FreeRTOS/Source/portable/GCC/ARM_CM3/portmacro.h" 1
 2551 0002 4FF05003 			mov r3, #80												
 2552 0006 83F31188 		msr basepri, r3											
 2553 000a BFF36F8F 		isb														
 2554 000e BFF34F8F 		dsb														
 2555              	
 2556              	@ 0 "" 2
 2557              		.thumb
 2558              		.syntax unified
 2559              	.LBE161:
 2560              	.LBE160:
2105:Middlewares/Third_Party/FreeRTOS/Source/tasks.c **** 	vPortEndScheduler();
 2561              		.loc 1 2105 2 view .LVU725
2105:Middlewares/Third_Party/FreeRTOS/Source/tasks.c **** 	vPortEndScheduler();
 2562              		.loc 1 2105 20 is_stmt 0 view .LVU726
 2563 0012 034B     		ldr	r3, .L197
 2564 0014 0022     		movs	r2, #0
 2565 0016 1A60     		str	r2, [r3]
2106:Middlewares/Third_Party/FreeRTOS/Source/tasks.c **** }
 2566              		.loc 1 2106 2 is_stmt 1 view .LVU727
 2567 0018 FFF7FEFF 		bl	vPortEndScheduler
 2568              	.LVL183:
2107:Middlewares/Third_Party/FreeRTOS/Source/tasks.c **** /*----------------------------------------------------------*/
 2569              		.loc 1 2107 1 is_stmt 0 view .LVU728
 2570 001c 08BD     		pop	{r3, pc}
 2571              	.L198:
 2572 001e 00BF     		.align	2
 2573              	.L197:
 2574 0020 00000000 		.word	xSchedulerRunning
 2575              		.cfi_endproc
 2576              	.LFE20:
 2578              		.section	.text.vTaskSuspendAll,"ax",%progbits
 2579              		.align	1
 2580              		.global	vTaskSuspendAll
 2581              		.syntax unified
 2582              		.thumb
 2583              		.thumb_func
 2585              	vTaskSuspendAll:
 2586              	.LFB21:
2111:Middlewares/Third_Party/FreeRTOS/Source/tasks.c **** 	/* A critical section is not required as the variable is of type
 2587              		.loc 1 2111 1 is_stmt 1 view -0
 2588              		.cfi_startproc
 2589              		@ args = 0, pretend = 0, frame = 0
 2590              		@ frame_needed = 0, uses_anonymous_args = 0
 2591              		@ link register save eliminated.
2119:Middlewares/Third_Party/FreeRTOS/Source/tasks.c **** 
 2592              		.loc 1 2119 24 view .LVU730
2123:Middlewares/Third_Party/FreeRTOS/Source/tasks.c **** 
 2593              		.loc 1 2123 2 view .LVU731
 2594 0000 024A     		ldr	r2, .L200
 2595 0002 1368     		ldr	r3, [r2]
 2596 0004 0133     		adds	r3, r3, #1
 2597 0006 1360     		str	r3, [r2]
2127:Middlewares/Third_Party/FreeRTOS/Source/tasks.c **** }
 2598              		.loc 1 2127 2 view .LVU732
2128:Middlewares/Third_Party/FreeRTOS/Source/tasks.c **** /*----------------------------------------------------------*/
ARM GAS  /tmp/ccV8B7BA.s 			page 154


 2599              		.loc 1 2128 1 is_stmt 0 view .LVU733
 2600 0008 7047     		bx	lr
 2601              	.L201:
 2602 000a 00BF     		.align	2
 2603              	.L200:
 2604 000c 00000000 		.word	uxSchedulerSuspended
 2605              		.cfi_endproc
 2606              	.LFE21:
 2608              		.section	.text.xTaskGetTickCount,"ax",%progbits
 2609              		.align	1
 2610              		.global	xTaskGetTickCount
 2611              		.syntax unified
 2612              		.thumb
 2613              		.thumb_func
 2615              	xTaskGetTickCount:
 2616              	.LFB23:
2305:Middlewares/Third_Party/FreeRTOS/Source/tasks.c **** TickType_t xTicks;
 2617              		.loc 1 2305 1 is_stmt 1 view -0
 2618              		.cfi_startproc
 2619              		@ args = 0, pretend = 0, frame = 0
 2620              		@ frame_needed = 0, uses_anonymous_args = 0
 2621              		@ link register save eliminated.
2306:Middlewares/Third_Party/FreeRTOS/Source/tasks.c **** 
 2622              		.loc 1 2306 1 view .LVU735
2309:Middlewares/Third_Party/FreeRTOS/Source/tasks.c **** 	{
 2623              		.loc 1 2309 32 view .LVU736
2311:Middlewares/Third_Party/FreeRTOS/Source/tasks.c **** 	}
 2624              		.loc 1 2311 3 view .LVU737
2311:Middlewares/Third_Party/FreeRTOS/Source/tasks.c **** 	}
 2625              		.loc 1 2311 10 is_stmt 0 view .LVU738
 2626 0000 014B     		ldr	r3, .L203
 2627 0002 1868     		ldr	r0, [r3]
 2628              	.LVL184:
2313:Middlewares/Third_Party/FreeRTOS/Source/tasks.c **** 
 2629              		.loc 1 2313 31 is_stmt 1 view .LVU739
2315:Middlewares/Third_Party/FreeRTOS/Source/tasks.c **** }
 2630              		.loc 1 2315 2 view .LVU740
2316:Middlewares/Third_Party/FreeRTOS/Source/tasks.c **** /*-----------------------------------------------------------*/
 2631              		.loc 1 2316 1 is_stmt 0 view .LVU741
 2632 0004 7047     		bx	lr
 2633              	.L204:
 2634 0006 00BF     		.align	2
 2635              	.L203:
 2636 0008 00000000 		.word	xTickCount
 2637              		.cfi_endproc
 2638              	.LFE23:
 2640              		.section	.text.xTaskGetTickCountFromISR,"ax",%progbits
 2641              		.align	1
 2642              		.global	xTaskGetTickCountFromISR
 2643              		.syntax unified
 2644              		.thumb
 2645              		.thumb_func
 2647              	xTaskGetTickCountFromISR:
 2648              	.LFB24:
2320:Middlewares/Third_Party/FreeRTOS/Source/tasks.c **** TickType_t xReturn;
 2649              		.loc 1 2320 1 is_stmt 1 view -0
 2650              		.cfi_startproc
ARM GAS  /tmp/ccV8B7BA.s 			page 155


 2651              		@ args = 0, pretend = 0, frame = 0
 2652              		@ frame_needed = 0, uses_anonymous_args = 0
 2653 0000 08B5     		push	{r3, lr}
 2654              	.LCFI26:
 2655              		.cfi_def_cfa_offset 8
 2656              		.cfi_offset 3, -8
 2657              		.cfi_offset 14, -4
2321:Middlewares/Third_Party/FreeRTOS/Source/tasks.c **** UBaseType_t uxSavedInterruptStatus;
 2658              		.loc 1 2321 1 view .LVU743
2322:Middlewares/Third_Party/FreeRTOS/Source/tasks.c **** 
 2659              		.loc 1 2322 1 view .LVU744
2338:Middlewares/Third_Party/FreeRTOS/Source/tasks.c **** 
 2660              		.loc 1 2338 2 view .LVU745
 2661 0002 FFF7FEFF 		bl	vPortValidateInterruptPriority
 2662              	.LVL185:
2340:Middlewares/Third_Party/FreeRTOS/Source/tasks.c **** 	{
 2663              		.loc 1 2340 2 view .LVU746
2342:Middlewares/Third_Party/FreeRTOS/Source/tasks.c **** 	}
 2664              		.loc 1 2342 3 view .LVU747
2342:Middlewares/Third_Party/FreeRTOS/Source/tasks.c **** 	}
 2665              		.loc 1 2342 11 is_stmt 0 view .LVU748
 2666 0006 014B     		ldr	r3, .L207
 2667 0008 1868     		ldr	r0, [r3]
 2668              	.LVL186:
2344:Middlewares/Third_Party/FreeRTOS/Source/tasks.c **** 
 2669              		.loc 1 2344 2 is_stmt 1 view .LVU749
2346:Middlewares/Third_Party/FreeRTOS/Source/tasks.c **** }
 2670              		.loc 1 2346 2 view .LVU750
2347:Middlewares/Third_Party/FreeRTOS/Source/tasks.c **** /*-----------------------------------------------------------*/
 2671              		.loc 1 2347 1 is_stmt 0 view .LVU751
 2672 000a 08BD     		pop	{r3, pc}
 2673              	.L208:
 2674              		.align	2
 2675              	.L207:
 2676 000c 00000000 		.word	xTickCount
 2677              		.cfi_endproc
 2678              	.LFE24:
 2680              		.section	.text.uxTaskGetNumberOfTasks,"ax",%progbits
 2681              		.align	1
 2682              		.global	uxTaskGetNumberOfTasks
 2683              		.syntax unified
 2684              		.thumb
 2685              		.thumb_func
 2687              	uxTaskGetNumberOfTasks:
 2688              	.LFB25:
2351:Middlewares/Third_Party/FreeRTOS/Source/tasks.c **** 	/* A critical section is not required because the variables are of type
 2689              		.loc 1 2351 1 is_stmt 1 view -0
 2690              		.cfi_startproc
 2691              		@ args = 0, pretend = 0, frame = 0
 2692              		@ frame_needed = 0, uses_anonymous_args = 0
 2693              		@ link register save eliminated.
2354:Middlewares/Third_Party/FreeRTOS/Source/tasks.c **** }
 2694              		.loc 1 2354 2 view .LVU753
2354:Middlewares/Third_Party/FreeRTOS/Source/tasks.c **** }
 2695              		.loc 1 2354 9 is_stmt 0 view .LVU754
 2696 0000 014B     		ldr	r3, .L210
 2697 0002 1868     		ldr	r0, [r3]
ARM GAS  /tmp/ccV8B7BA.s 			page 156


2355:Middlewares/Third_Party/FreeRTOS/Source/tasks.c **** /*-----------------------------------------------------------*/
 2698              		.loc 1 2355 1 view .LVU755
 2699 0004 7047     		bx	lr
 2700              	.L211:
 2701 0006 00BF     		.align	2
 2702              	.L210:
 2703 0008 00000000 		.word	uxCurrentNumberOfTasks
 2704              		.cfi_endproc
 2705              	.LFE25:
 2707              		.section	.text.pcTaskGetName,"ax",%progbits
 2708              		.align	1
 2709              		.global	pcTaskGetName
 2710              		.syntax unified
 2711              		.thumb
 2712              		.thumb_func
 2714              	pcTaskGetName:
 2715              	.LVL187:
 2716              	.LFB26:
2359:Middlewares/Third_Party/FreeRTOS/Source/tasks.c **** TCB_t *pxTCB;
 2717              		.loc 1 2359 1 is_stmt 1 view -0
 2718              		.cfi_startproc
 2719              		@ args = 0, pretend = 0, frame = 0
 2720              		@ frame_needed = 0, uses_anonymous_args = 0
 2721              		@ link register save eliminated.
2360:Middlewares/Third_Party/FreeRTOS/Source/tasks.c **** 
 2722              		.loc 1 2360 1 view .LVU757
2364:Middlewares/Third_Party/FreeRTOS/Source/tasks.c **** 	configASSERT( pxTCB );
 2723              		.loc 1 2364 2 view .LVU758
2364:Middlewares/Third_Party/FreeRTOS/Source/tasks.c **** 	configASSERT( pxTCB );
 2724              		.loc 1 2364 10 is_stmt 0 view .LVU759
 2725 0000 0346     		mov	r3, r0
 2726 0002 10B1     		cbz	r0, .L215
 2727              	.LVL188:
 2728              	.L213:
2365:Middlewares/Third_Party/FreeRTOS/Source/tasks.c **** 	return &( pxTCB->pcTaskName[ 0 ] );
 2729              		.loc 1 2365 23 is_stmt 1 discriminator 2 view .LVU760
2366:Middlewares/Third_Party/FreeRTOS/Source/tasks.c **** }
 2730              		.loc 1 2366 2 view .LVU761
2367:Middlewares/Third_Party/FreeRTOS/Source/tasks.c **** /*-----------------------------------------------------------*/
 2731              		.loc 1 2367 1 is_stmt 0 view .LVU762
 2732 0004 03F13400 		add	r0, r3, #52
 2733 0008 7047     		bx	lr
 2734              	.LVL189:
 2735              	.L215:
2364:Middlewares/Third_Party/FreeRTOS/Source/tasks.c **** 	configASSERT( pxTCB );
 2736              		.loc 1 2364 10 discriminator 1 view .LVU763
 2737 000a 064B     		ldr	r3, .L216
 2738 000c 1B68     		ldr	r3, [r3]
 2739              	.LVL190:
2365:Middlewares/Third_Party/FreeRTOS/Source/tasks.c **** 	return &( pxTCB->pcTaskName[ 0 ] );
 2740              		.loc 1 2365 2 is_stmt 1 view .LVU764
 2741 000e 002B     		cmp	r3, #0
 2742 0010 F8D1     		bne	.L213
2365:Middlewares/Third_Party/FreeRTOS/Source/tasks.c **** 	return &( pxTCB->pcTaskName[ 0 ] );
 2743              		.loc 1 2365 2 discriminator 1 view .LVU765
 2744              	.LBB162:
 2745              	.LBI162:
ARM GAS  /tmp/ccV8B7BA.s 			page 157


 193:Middlewares/Third_Party/FreeRTOS/Source/portable/GCC/ARM_CM3/portmacro.h **** {
 2746              		.loc 2 193 30 view .LVU766
 2747              	.LBB163:
 195:Middlewares/Third_Party/FreeRTOS/Source/portable/GCC/ARM_CM3/portmacro.h **** 
 2748              		.loc 2 195 1 view .LVU767
 197:Middlewares/Third_Party/FreeRTOS/Source/portable/GCC/ARM_CM3/portmacro.h **** 	(
 2749              		.loc 2 197 2 view .LVU768
 2750              		.syntax unified
 2751              	@ 197 "Middlewares/Third_Party/FreeRTOS/Source/portable/GCC/ARM_CM3/portmacro.h" 1
 2752 0012 4FF05003 			mov r3, #80												
 2753 0016 83F31188 		msr basepri, r3											
 2754 001a BFF36F8F 		isb														
 2755 001e BFF34F8F 		dsb														
 2756              	
 2757              	@ 0 "" 2
 2758              	.LVL191:
 2759              		.thumb
 2760              		.syntax unified
 2761              	.L214:
 197:Middlewares/Third_Party/FreeRTOS/Source/portable/GCC/ARM_CM3/portmacro.h **** 	(
 2762              		.loc 2 197 2 is_stmt 0 view .LVU769
 2763              	.LBE163:
 2764              	.LBE162:
2365:Middlewares/Third_Party/FreeRTOS/Source/tasks.c **** 	return &( pxTCB->pcTaskName[ 0 ] );
 2765              		.loc 1 2365 2 is_stmt 1 discriminator 3 view .LVU770
2365:Middlewares/Third_Party/FreeRTOS/Source/tasks.c **** 	return &( pxTCB->pcTaskName[ 0 ] );
 2766              		.loc 1 2365 2 discriminator 3 view .LVU771
 2767 0022 FEE7     		b	.L214
 2768              	.L217:
 2769              		.align	2
 2770              	.L216:
 2771 0024 00000000 		.word	pxCurrentTCB
 2772              		.cfi_endproc
 2773              	.LFE26:
 2775              		.section	.text.xTaskIncrementTick,"ax",%progbits
 2776              		.align	1
 2777              		.global	xTaskIncrementTick
 2778              		.syntax unified
 2779              		.thumb
 2780              		.thumb_func
 2782              	xTaskIncrementTick:
 2783              	.LFB29:
2708:Middlewares/Third_Party/FreeRTOS/Source/tasks.c **** TCB_t * pxTCB;
 2784              		.loc 1 2708 1 view -0
 2785              		.cfi_startproc
 2786              		@ args = 0, pretend = 0, frame = 0
 2787              		@ frame_needed = 0, uses_anonymous_args = 0
 2788 0000 F8B5     		push	{r3, r4, r5, r6, r7, lr}
 2789              	.LCFI27:
 2790              		.cfi_def_cfa_offset 24
 2791              		.cfi_offset 3, -24
 2792              		.cfi_offset 4, -20
 2793              		.cfi_offset 5, -16
 2794              		.cfi_offset 6, -12
 2795              		.cfi_offset 7, -8
 2796              		.cfi_offset 14, -4
2709:Middlewares/Third_Party/FreeRTOS/Source/tasks.c **** TickType_t xItemValue;
ARM GAS  /tmp/ccV8B7BA.s 			page 158


 2797              		.loc 1 2709 1 view .LVU773
2710:Middlewares/Third_Party/FreeRTOS/Source/tasks.c **** BaseType_t xSwitchRequired = pdFALSE;
 2798              		.loc 1 2710 1 view .LVU774
2711:Middlewares/Third_Party/FreeRTOS/Source/tasks.c **** 
 2799              		.loc 1 2711 1 view .LVU775
 2800              	.LVL192:
2716:Middlewares/Third_Party/FreeRTOS/Source/tasks.c **** 	if( uxSchedulerSuspended == ( UBaseType_t ) pdFALSE )
 2801              		.loc 1 2716 40 view .LVU776
2717:Middlewares/Third_Party/FreeRTOS/Source/tasks.c **** 	{
 2802              		.loc 1 2717 2 view .LVU777
2717:Middlewares/Third_Party/FreeRTOS/Source/tasks.c **** 	{
 2803              		.loc 1 2717 27 is_stmt 0 view .LVU778
 2804 0002 3A4B     		ldr	r3, .L240
 2805 0004 1B68     		ldr	r3, [r3]
2717:Middlewares/Third_Party/FreeRTOS/Source/tasks.c **** 	{
 2806              		.loc 1 2717 4 view .LVU779
 2807 0006 002B     		cmp	r3, #0
 2808 0008 69D1     		bne	.L219
 2809              	.LBB164:
2721:Middlewares/Third_Party/FreeRTOS/Source/tasks.c **** 
 2810              		.loc 1 2721 3 is_stmt 1 view .LVU780
2721:Middlewares/Third_Party/FreeRTOS/Source/tasks.c **** 
 2811              		.loc 1 2721 49 is_stmt 0 view .LVU781
 2812 000a 394B     		ldr	r3, .L240+4
 2813 000c 1D68     		ldr	r5, [r3]
2721:Middlewares/Third_Party/FreeRTOS/Source/tasks.c **** 
 2814              		.loc 1 2721 20 view .LVU782
 2815 000e 0135     		adds	r5, r5, #1
 2816              	.LVL193:
2725:Middlewares/Third_Party/FreeRTOS/Source/tasks.c **** 
 2817              		.loc 1 2725 3 is_stmt 1 view .LVU783
2725:Middlewares/Third_Party/FreeRTOS/Source/tasks.c **** 
 2818              		.loc 1 2725 14 is_stmt 0 view .LVU784
 2819 0010 1D60     		str	r5, [r3]
2727:Middlewares/Third_Party/FreeRTOS/Source/tasks.c **** 		{
 2820              		.loc 1 2727 3 is_stmt 1 view .LVU785
2727:Middlewares/Third_Party/FreeRTOS/Source/tasks.c **** 		{
 2821              		.loc 1 2727 5 is_stmt 0 view .LVU786
 2822 0012 C5B9     		cbnz	r5, .L220
 2823              	.LBB165:
2729:Middlewares/Third_Party/FreeRTOS/Source/tasks.c **** 		}
 2824              		.loc 1 2729 4 is_stmt 1 view .LVU787
2729:Middlewares/Third_Party/FreeRTOS/Source/tasks.c **** 		}
 2825              		.loc 1 2729 4 view .LVU788
 2826 0014 374B     		ldr	r3, .L240+8
 2827 0016 1B68     		ldr	r3, [r3]
 2828 0018 1B68     		ldr	r3, [r3]
 2829 001a 43B1     		cbz	r3, .L221
2729:Middlewares/Third_Party/FreeRTOS/Source/tasks.c **** 		}
 2830              		.loc 1 2729 4 discriminator 1 view .LVU789
 2831              	.LBB166:
 2832              	.LBI166:
 193:Middlewares/Third_Party/FreeRTOS/Source/portable/GCC/ARM_CM3/portmacro.h **** {
 2833              		.loc 2 193 30 view .LVU790
 2834              	.LBB167:
 195:Middlewares/Third_Party/FreeRTOS/Source/portable/GCC/ARM_CM3/portmacro.h **** 
 2835              		.loc 2 195 1 view .LVU791
ARM GAS  /tmp/ccV8B7BA.s 			page 159


 197:Middlewares/Third_Party/FreeRTOS/Source/portable/GCC/ARM_CM3/portmacro.h **** 	(
 2836              		.loc 2 197 2 view .LVU792
 2837              		.syntax unified
 2838              	@ 197 "Middlewares/Third_Party/FreeRTOS/Source/portable/GCC/ARM_CM3/portmacro.h" 1
 2839 001c 4FF05003 			mov r3, #80												
 2840 0020 83F31188 		msr basepri, r3											
 2841 0024 BFF36F8F 		isb														
 2842 0028 BFF34F8F 		dsb														
 2843              	
 2844              	@ 0 "" 2
 2845              		.thumb
 2846              		.syntax unified
 2847              	.L222:
 2848              	.LBE167:
 2849              	.LBE166:
2729:Middlewares/Third_Party/FreeRTOS/Source/tasks.c **** 		}
 2850              		.loc 1 2729 4 discriminator 3 view .LVU793
2729:Middlewares/Third_Party/FreeRTOS/Source/tasks.c **** 		}
 2851              		.loc 1 2729 4 discriminator 3 view .LVU794
 2852 002c FEE7     		b	.L222
 2853              	.L221:
2729:Middlewares/Third_Party/FreeRTOS/Source/tasks.c **** 		}
 2854              		.loc 1 2729 4 discriminator 2 view .LVU795
2729:Middlewares/Third_Party/FreeRTOS/Source/tasks.c **** 		}
 2855              		.loc 1 2729 4 discriminator 2 view .LVU796
 2856 002e 314A     		ldr	r2, .L240+8
 2857 0030 1168     		ldr	r1, [r2]
 2858              	.LVL194:
2729:Middlewares/Third_Party/FreeRTOS/Source/tasks.c **** 		}
 2859              		.loc 1 2729 4 discriminator 2 view .LVU797
 2860 0032 314B     		ldr	r3, .L240+12
 2861 0034 1868     		ldr	r0, [r3]
 2862 0036 1060     		str	r0, [r2]
2729:Middlewares/Third_Party/FreeRTOS/Source/tasks.c **** 		}
 2863              		.loc 1 2729 4 discriminator 2 view .LVU798
 2864 0038 1960     		str	r1, [r3]
2729:Middlewares/Third_Party/FreeRTOS/Source/tasks.c **** 		}
 2865              		.loc 1 2729 4 discriminator 2 view .LVU799
 2866 003a 304A     		ldr	r2, .L240+16
 2867 003c 1368     		ldr	r3, [r2]
 2868 003e 0133     		adds	r3, r3, #1
 2869 0040 1360     		str	r3, [r2]
2729:Middlewares/Third_Party/FreeRTOS/Source/tasks.c **** 		}
 2870              		.loc 1 2729 4 discriminator 2 view .LVU800
 2871 0042 FFF7FEFF 		bl	prvResetNextTaskUnblockTime
 2872              	.LVL195:
2729:Middlewares/Third_Party/FreeRTOS/Source/tasks.c **** 		}
 2873              		.loc 1 2729 4 is_stmt 0 discriminator 2 view .LVU801
 2874              	.LBE165:
2729:Middlewares/Third_Party/FreeRTOS/Source/tasks.c **** 		}
 2875              		.loc 1 2729 30 is_stmt 1 discriminator 1 view .LVU802
 2876              	.L220:
2733:Middlewares/Third_Party/FreeRTOS/Source/tasks.c **** 		}
 2877              		.loc 1 2733 28 view .LVU803
2740:Middlewares/Third_Party/FreeRTOS/Source/tasks.c **** 		{
 2878              		.loc 1 2740 3 view .LVU804
2740:Middlewares/Third_Party/FreeRTOS/Source/tasks.c **** 		{
ARM GAS  /tmp/ccV8B7BA.s 			page 160


 2879              		.loc 1 2740 23 is_stmt 0 view .LVU805
 2880 0046 2E4B     		ldr	r3, .L240+20
 2881 0048 1B68     		ldr	r3, [r3]
2740:Middlewares/Third_Party/FreeRTOS/Source/tasks.c **** 		{
 2882              		.loc 1 2740 5 view .LVU806
 2883 004a AB42     		cmp	r3, r5
 2884 004c 3DD9     		bls	.L233
 2885              	.LBE164:
2711:Middlewares/Third_Party/FreeRTOS/Source/tasks.c **** 
 2886              		.loc 1 2711 12 view .LVU807
 2887 004e 0027     		movs	r7, #0
 2888              	.LVL196:
 2889              	.L224:
 2890              	.LBB168:
2823:Middlewares/Third_Party/FreeRTOS/Source/tasks.c **** 			{
 2891              		.loc 1 2823 4 is_stmt 1 view .LVU808
2823:Middlewares/Third_Party/FreeRTOS/Source/tasks.c **** 			{
 2892              		.loc 1 2823 8 is_stmt 0 view .LVU809
 2893 0050 2C4B     		ldr	r3, .L240+24
 2894 0052 1B68     		ldr	r3, [r3]
 2895 0054 DB6A     		ldr	r3, [r3, #44]
 2896 0056 03EB8303 		add	r3, r3, r3, lsl #2
 2897 005a 9A00     		lsls	r2, r3, #2
 2898 005c 2A4B     		ldr	r3, .L240+28
 2899 005e 9B58     		ldr	r3, [r3, r2]
2823:Middlewares/Third_Party/FreeRTOS/Source/tasks.c **** 			{
 2900              		.loc 1 2823 6 view .LVU810
 2901 0060 012B     		cmp	r3, #1
 2902 0062 00D9     		bls	.L231
2825:Middlewares/Third_Party/FreeRTOS/Source/tasks.c **** 			}
 2903              		.loc 1 2825 21 view .LVU811
 2904 0064 0127     		movs	r7, #1
 2905              	.LVL197:
 2906              	.L231:
2829:Middlewares/Third_Party/FreeRTOS/Source/tasks.c **** 			}
 2907              		.loc 1 2829 29 is_stmt 1 view .LVU812
2851:Middlewares/Third_Party/FreeRTOS/Source/tasks.c **** 			{
 2908              		.loc 1 2851 4 view .LVU813
2851:Middlewares/Third_Party/FreeRTOS/Source/tasks.c **** 			{
 2909              		.loc 1 2851 22 is_stmt 0 view .LVU814
 2910 0066 294B     		ldr	r3, .L240+32
 2911 0068 1B68     		ldr	r3, [r3]
2851:Middlewares/Third_Party/FreeRTOS/Source/tasks.c **** 			{
 2912              		.loc 1 2851 6 view .LVU815
 2913 006a 002B     		cmp	r3, #0
 2914 006c 3CD0     		beq	.L218
2853:Middlewares/Third_Party/FreeRTOS/Source/tasks.c **** 			}
 2915              		.loc 1 2853 21 view .LVU816
 2916 006e 0127     		movs	r7, #1
 2917              	.LVL198:
2853:Middlewares/Third_Party/FreeRTOS/Source/tasks.c **** 			}
 2918              		.loc 1 2853 21 view .LVU817
 2919              	.LBE168:
2875:Middlewares/Third_Party/FreeRTOS/Source/tasks.c **** }
 2920              		.loc 1 2875 2 is_stmt 1 view .LVU818
2875:Middlewares/Third_Party/FreeRTOS/Source/tasks.c **** }
 2921              		.loc 1 2875 9 is_stmt 0 view .LVU819
ARM GAS  /tmp/ccV8B7BA.s 			page 161


 2922 0070 3AE0     		b	.L218
 2923              	.LVL199:
 2924              	.L234:
 2925              	.LBB169:
2806:Middlewares/Third_Party/FreeRTOS/Source/tasks.c **** 						}
 2926              		.loc 1 2806 24 view .LVU820
 2927 0072 0127     		movs	r7, #1
 2928              	.LVL200:
 2929              	.L223:
2742:Middlewares/Third_Party/FreeRTOS/Source/tasks.c **** 			{
 2930              		.loc 1 2742 4 is_stmt 1 view .LVU821
2744:Middlewares/Third_Party/FreeRTOS/Source/tasks.c **** 				{
 2931              		.loc 1 2744 5 view .LVU822
2744:Middlewares/Third_Party/FreeRTOS/Source/tasks.c **** 				{
 2932              		.loc 1 2744 9 is_stmt 0 view .LVU823
 2933 0074 1F4B     		ldr	r3, .L240+8
 2934 0076 1B68     		ldr	r3, [r3]
 2935 0078 1B68     		ldr	r3, [r3]
2744:Middlewares/Third_Party/FreeRTOS/Source/tasks.c **** 				{
 2936              		.loc 1 2744 7 view .LVU824
 2937 007a 43B3     		cbz	r3, .L238
2760:Middlewares/Third_Party/FreeRTOS/Source/tasks.c **** 					xItemValue = listGET_LIST_ITEM_VALUE( &( pxTCB->xStateListItem ) );
 2938              		.loc 1 2760 6 is_stmt 1 view .LVU825
2760:Middlewares/Third_Party/FreeRTOS/Source/tasks.c **** 					xItemValue = listGET_LIST_ITEM_VALUE( &( pxTCB->xStateListItem ) );
 2939              		.loc 1 2760 14 is_stmt 0 view .LVU826
 2940 007c 1D4B     		ldr	r3, .L240+8
 2941 007e 1B68     		ldr	r3, [r3]
 2942 0080 DB68     		ldr	r3, [r3, #12]
2760:Middlewares/Third_Party/FreeRTOS/Source/tasks.c **** 					xItemValue = listGET_LIST_ITEM_VALUE( &( pxTCB->xStateListItem ) );
 2943              		.loc 1 2760 12 view .LVU827
 2944 0082 DC68     		ldr	r4, [r3, #12]
 2945              	.LVL201:
2761:Middlewares/Third_Party/FreeRTOS/Source/tasks.c **** 
 2946              		.loc 1 2761 6 is_stmt 1 view .LVU828
2761:Middlewares/Third_Party/FreeRTOS/Source/tasks.c **** 
 2947              		.loc 1 2761 17 is_stmt 0 view .LVU829
 2948 0084 6368     		ldr	r3, [r4, #4]
 2949              	.LVL202:
2763:Middlewares/Third_Party/FreeRTOS/Source/tasks.c **** 					{
 2950              		.loc 1 2763 6 is_stmt 1 view .LVU830
2763:Middlewares/Third_Party/FreeRTOS/Source/tasks.c **** 					{
 2951              		.loc 1 2763 8 is_stmt 0 view .LVU831
 2952 0086 9D42     		cmp	r5, r3
 2953 0088 26D3     		bcc	.L239
2775:Middlewares/Third_Party/FreeRTOS/Source/tasks.c **** 					}
 2954              		.loc 1 2775 31 is_stmt 1 view .LVU832
2779:Middlewares/Third_Party/FreeRTOS/Source/tasks.c **** 
 2955              		.loc 1 2779 6 view .LVU833
2779:Middlewares/Third_Party/FreeRTOS/Source/tasks.c **** 
 2956              		.loc 1 2779 15 is_stmt 0 view .LVU834
 2957 008a 261D     		adds	r6, r4, #4
 2958 008c 3046     		mov	r0, r6
 2959 008e FFF7FEFF 		bl	uxListRemove
 2960              	.LVL203:
2783:Middlewares/Third_Party/FreeRTOS/Source/tasks.c **** 					{
 2961              		.loc 1 2783 6 is_stmt 1 view .LVU835
2783:Middlewares/Third_Party/FreeRTOS/Source/tasks.c **** 					{
ARM GAS  /tmp/ccV8B7BA.s 			page 162


 2962              		.loc 1 2783 10 is_stmt 0 view .LVU836
 2963 0092 A36A     		ldr	r3, [r4, #40]
2783:Middlewares/Third_Party/FreeRTOS/Source/tasks.c **** 					{
 2964              		.loc 1 2783 8 view .LVU837
 2965 0094 1BB1     		cbz	r3, .L227
2785:Middlewares/Third_Party/FreeRTOS/Source/tasks.c **** 					}
 2966              		.loc 1 2785 7 is_stmt 1 view .LVU838
2785:Middlewares/Third_Party/FreeRTOS/Source/tasks.c **** 					}
 2967              		.loc 1 2785 16 is_stmt 0 view .LVU839
 2968 0096 04F11800 		add	r0, r4, #24
 2969 009a FFF7FEFF 		bl	uxListRemove
 2970              	.LVL204:
 2971              	.L227:
2789:Middlewares/Third_Party/FreeRTOS/Source/tasks.c **** 					}
 2972              		.loc 1 2789 31 is_stmt 1 view .LVU840
2794:Middlewares/Third_Party/FreeRTOS/Source/tasks.c **** 
 2973              		.loc 1 2794 6 view .LVU841
2794:Middlewares/Third_Party/FreeRTOS/Source/tasks.c **** 
 2974              		.loc 1 2794 6 view .LVU842
 2975 009e E36A     		ldr	r3, [r4, #44]
 2976 00a0 1B4A     		ldr	r2, .L240+36
 2977 00a2 1268     		ldr	r2, [r2]
 2978 00a4 9342     		cmp	r3, r2
 2979 00a6 01D9     		bls	.L228
2794:Middlewares/Third_Party/FreeRTOS/Source/tasks.c **** 
 2980              		.loc 1 2794 6 discriminator 1 view .LVU843
 2981 00a8 194A     		ldr	r2, .L240+36
 2982 00aa 1360     		str	r3, [r2]
 2983              	.L228:
2794:Middlewares/Third_Party/FreeRTOS/Source/tasks.c **** 
 2984              		.loc 1 2794 6 discriminator 3 view .LVU844
2794:Middlewares/Third_Party/FreeRTOS/Source/tasks.c **** 
 2985              		.loc 1 2794 6 discriminator 3 view .LVU845
 2986 00ac 03EB8303 		add	r3, r3, r3, lsl #2
 2987 00b0 9A00     		lsls	r2, r3, #2
 2988 00b2 3146     		mov	r1, r6
 2989 00b4 1448     		ldr	r0, .L240+28
 2990 00b6 1044     		add	r0, r0, r2
 2991 00b8 FFF7FEFF 		bl	vListInsertEnd
 2992              	.LVL205:
2794:Middlewares/Third_Party/FreeRTOS/Source/tasks.c **** 
 2993              		.loc 1 2794 36 discriminator 1 view .LVU846
2804:Middlewares/Third_Party/FreeRTOS/Source/tasks.c **** 						{
 2994              		.loc 1 2804 7 view .LVU847
2804:Middlewares/Third_Party/FreeRTOS/Source/tasks.c **** 						{
 2995              		.loc 1 2804 16 is_stmt 0 view .LVU848
 2996 00bc E26A     		ldr	r2, [r4, #44]
2804:Middlewares/Third_Party/FreeRTOS/Source/tasks.c **** 						{
 2997              		.loc 1 2804 44 view .LVU849
 2998 00be 114B     		ldr	r3, .L240+24
 2999 00c0 1B68     		ldr	r3, [r3]
 3000 00c2 DB6A     		ldr	r3, [r3, #44]
2804:Middlewares/Third_Party/FreeRTOS/Source/tasks.c **** 						{
 3001              		.loc 1 2804 9 view .LVU850
 3002 00c4 9A42     		cmp	r2, r3
 3003 00c6 D4D2     		bcs	.L234
 3004 00c8 D4E7     		b	.L223
ARM GAS  /tmp/ccV8B7BA.s 			page 163


 3005              	.LVL206:
 3006              	.L233:
2804:Middlewares/Third_Party/FreeRTOS/Source/tasks.c **** 						{
 3007              		.loc 1 2804 9 view .LVU851
 3008              	.LBE169:
2711:Middlewares/Third_Party/FreeRTOS/Source/tasks.c **** 
 3009              		.loc 1 2711 12 view .LVU852
 3010 00ca 0027     		movs	r7, #0
 3011 00cc D2E7     		b	.L223
 3012              	.LVL207:
 3013              	.L238:
 3014              	.LBB170:
2751:Middlewares/Third_Party/FreeRTOS/Source/tasks.c **** 					break;
 3015              		.loc 1 2751 6 is_stmt 1 view .LVU853
2751:Middlewares/Third_Party/FreeRTOS/Source/tasks.c **** 					break;
 3016              		.loc 1 2751 27 is_stmt 0 view .LVU854
 3017 00ce 0C4B     		ldr	r3, .L240+20
 3018 00d0 4FF0FF32 		mov	r2, #-1
 3019 00d4 1A60     		str	r2, [r3]
2752:Middlewares/Third_Party/FreeRTOS/Source/tasks.c **** 				}
 3020              		.loc 1 2752 6 is_stmt 1 view .LVU855
 3021 00d6 BBE7     		b	.L224
 3022              	.LVL208:
 3023              	.L239:
2770:Middlewares/Third_Party/FreeRTOS/Source/tasks.c **** 						break; /*lint !e9011 Code structure here is deedmed easier to understand with multiple breaks
 3024              		.loc 1 2770 7 view .LVU856
2770:Middlewares/Third_Party/FreeRTOS/Source/tasks.c **** 						break; /*lint !e9011 Code structure here is deedmed easier to understand with multiple breaks
 3025              		.loc 1 2770 28 is_stmt 0 view .LVU857
 3026 00d8 094A     		ldr	r2, .L240+20
 3027 00da 1360     		str	r3, [r2]
2771:Middlewares/Third_Party/FreeRTOS/Source/tasks.c **** 					}
 3028              		.loc 1 2771 7 is_stmt 1 view .LVU858
 3029 00dc B8E7     		b	.L224
 3030              	.LVL209:
 3031              	.L219:
2771:Middlewares/Third_Party/FreeRTOS/Source/tasks.c **** 					}
 3032              		.loc 1 2771 7 is_stmt 0 view .LVU859
 3033              	.LBE170:
2864:Middlewares/Third_Party/FreeRTOS/Source/tasks.c **** 
 3034              		.loc 1 2864 3 is_stmt 1 view .LVU860
 3035 00de 0D4A     		ldr	r2, .L240+40
 3036 00e0 1368     		ldr	r3, [r2]
 3037 00e2 0133     		adds	r3, r3, #1
 3038 00e4 1360     		str	r3, [r2]
2711:Middlewares/Third_Party/FreeRTOS/Source/tasks.c **** 
 3039              		.loc 1 2711 12 is_stmt 0 view .LVU861
 3040 00e6 0027     		movs	r7, #0
 3041              	.LVL210:
 3042              	.L218:
2876:Middlewares/Third_Party/FreeRTOS/Source/tasks.c **** /*-----------------------------------------------------------*/
 3043              		.loc 1 2876 1 view .LVU862
 3044 00e8 3846     		mov	r0, r7
 3045 00ea F8BD     		pop	{r3, r4, r5, r6, r7, pc}
 3046              	.L241:
 3047              		.align	2
 3048              	.L240:
 3049 00ec 00000000 		.word	uxSchedulerSuspended
ARM GAS  /tmp/ccV8B7BA.s 			page 164


 3050 00f0 00000000 		.word	xTickCount
 3051 00f4 00000000 		.word	pxDelayedTaskList
 3052 00f8 00000000 		.word	pxOverflowDelayedTaskList
 3053 00fc 00000000 		.word	xNumOfOverflows
 3054 0100 00000000 		.word	xNextTaskUnblockTime
 3055 0104 00000000 		.word	pxCurrentTCB
 3056 0108 00000000 		.word	pxReadyTasksLists
 3057 010c 00000000 		.word	xYieldPending
 3058 0110 00000000 		.word	uxTopReadyPriority
 3059 0114 00000000 		.word	xPendedTicks
 3060              		.cfi_endproc
 3061              	.LFE29:
 3063              		.section	.text.xTaskResumeAll,"ax",%progbits
 3064              		.align	1
 3065              		.global	xTaskResumeAll
 3066              		.syntax unified
 3067              		.thumb
 3068              		.thumb_func
 3070              	xTaskResumeAll:
 3071              	.LFB22:
2195:Middlewares/Third_Party/FreeRTOS/Source/tasks.c **** TCB_t *pxTCB = NULL;
 3072              		.loc 1 2195 1 is_stmt 1 view -0
 3073              		.cfi_startproc
 3074              		@ args = 0, pretend = 0, frame = 0
 3075              		@ frame_needed = 0, uses_anonymous_args = 0
 3076 0000 38B5     		push	{r3, r4, r5, lr}
 3077              	.LCFI28:
 3078              		.cfi_def_cfa_offset 16
 3079              		.cfi_offset 3, -16
 3080              		.cfi_offset 4, -12
 3081              		.cfi_offset 5, -8
 3082              		.cfi_offset 14, -4
2196:Middlewares/Third_Party/FreeRTOS/Source/tasks.c **** BaseType_t xAlreadyYielded = pdFALSE;
 3083              		.loc 1 2196 1 view .LVU864
 3084              	.LVL211:
2197:Middlewares/Third_Party/FreeRTOS/Source/tasks.c **** 
 3085              		.loc 1 2197 1 view .LVU865
2201:Middlewares/Third_Party/FreeRTOS/Source/tasks.c **** 
 3086              		.loc 1 2201 2 view .LVU866
 3087 0002 354B     		ldr	r3, .L259
 3088 0004 1B68     		ldr	r3, [r3]
 3089 0006 43B9     		cbnz	r3, .L243
2201:Middlewares/Third_Party/FreeRTOS/Source/tasks.c **** 
 3090              		.loc 1 2201 2 discriminator 1 view .LVU867
 3091              	.LBB171:
 3092              	.LBI171:
 193:Middlewares/Third_Party/FreeRTOS/Source/portable/GCC/ARM_CM3/portmacro.h **** {
 3093              		.loc 2 193 30 view .LVU868
 3094              	.LBB172:
 195:Middlewares/Third_Party/FreeRTOS/Source/portable/GCC/ARM_CM3/portmacro.h **** 
 3095              		.loc 2 195 1 view .LVU869
 197:Middlewares/Third_Party/FreeRTOS/Source/portable/GCC/ARM_CM3/portmacro.h **** 	(
 3096              		.loc 2 197 2 view .LVU870
 3097              		.syntax unified
 3098              	@ 197 "Middlewares/Third_Party/FreeRTOS/Source/portable/GCC/ARM_CM3/portmacro.h" 1
 3099 0008 4FF05003 			mov r3, #80												
 3100 000c 83F31188 		msr basepri, r3											
ARM GAS  /tmp/ccV8B7BA.s 			page 165


 3101 0010 BFF36F8F 		isb														
 3102 0014 BFF34F8F 		dsb														
 3103              	
 3104              	@ 0 "" 2
 3105              		.thumb
 3106              		.syntax unified
 3107              	.L244:
 3108              	.LBE172:
 3109              	.LBE171:
2201:Middlewares/Third_Party/FreeRTOS/Source/tasks.c **** 
 3110              		.loc 1 2201 2 discriminator 3 view .LVU871
2201:Middlewares/Third_Party/FreeRTOS/Source/tasks.c **** 
 3111              		.loc 1 2201 2 discriminator 3 view .LVU872
 3112 0018 FEE7     		b	.L244
 3113              	.L243:
2201:Middlewares/Third_Party/FreeRTOS/Source/tasks.c **** 
 3114              		.loc 1 2201 38 discriminator 2 view .LVU873
2208:Middlewares/Third_Party/FreeRTOS/Source/tasks.c **** 	{
 3115              		.loc 1 2208 2 view .LVU874
 3116 001a FFF7FEFF 		bl	vPortEnterCritical
 3117              	.LVL212:
2210:Middlewares/Third_Party/FreeRTOS/Source/tasks.c **** 
 3118              		.loc 1 2210 3 view .LVU875
 3119 001e 2E4B     		ldr	r3, .L259
 3120 0020 1A68     		ldr	r2, [r3]
 3121 0022 013A     		subs	r2, r2, #1
 3122 0024 1A60     		str	r2, [r3]
2212:Middlewares/Third_Party/FreeRTOS/Source/tasks.c **** 		{
 3123              		.loc 1 2212 3 view .LVU876
2212:Middlewares/Third_Party/FreeRTOS/Source/tasks.c **** 		{
 3124              		.loc 1 2212 28 is_stmt 0 view .LVU877
 3125 0026 1B68     		ldr	r3, [r3]
2212:Middlewares/Third_Party/FreeRTOS/Source/tasks.c **** 		{
 3126              		.loc 1 2212 5 view .LVU878
 3127 0028 002B     		cmp	r3, #0
 3128 002a 4FD1     		bne	.L254
2214:Middlewares/Third_Party/FreeRTOS/Source/tasks.c **** 			{
 3129              		.loc 1 2214 4 is_stmt 1 view .LVU879
2214:Middlewares/Third_Party/FreeRTOS/Source/tasks.c **** 			{
 3130              		.loc 1 2214 31 is_stmt 0 view .LVU880
 3131 002c 2B4B     		ldr	r3, .L259+4
 3132 002e 1B68     		ldr	r3, [r3]
2214:Middlewares/Third_Party/FreeRTOS/Source/tasks.c **** 			{
 3133              		.loc 1 2214 6 view .LVU881
 3134 0030 0BB9     		cbnz	r3, .L255
2197:Middlewares/Third_Party/FreeRTOS/Source/tasks.c **** 
 3135              		.loc 1 2197 12 view .LVU882
 3136 0032 0024     		movs	r4, #0
 3137 0034 4BE0     		b	.L245
 3138              	.L255:
2196:Middlewares/Third_Party/FreeRTOS/Source/tasks.c **** BaseType_t xAlreadyYielded = pdFALSE;
 3139              		.loc 1 2196 8 view .LVU883
 3140 0036 0024     		movs	r4, #0
 3141              	.LVL213:
 3142              	.L246:
2233:Middlewares/Third_Party/FreeRTOS/Source/tasks.c **** 					}
 3143              		.loc 1 2233 31 is_stmt 1 view .LVU884
ARM GAS  /tmp/ccV8B7BA.s 			page 166


2218:Middlewares/Third_Party/FreeRTOS/Source/tasks.c **** 				{
 3144              		.loc 1 2218 52 view .LVU885
2218:Middlewares/Third_Party/FreeRTOS/Source/tasks.c **** 				{
 3145              		.loc 1 2218 12 is_stmt 0 view .LVU886
 3146 0038 294B     		ldr	r3, .L259+8
 3147 003a 1B68     		ldr	r3, [r3]
2218:Middlewares/Third_Party/FreeRTOS/Source/tasks.c **** 				{
 3148              		.loc 1 2218 52 view .LVU887
 3149 003c 1BB3     		cbz	r3, .L257
2220:Middlewares/Third_Party/FreeRTOS/Source/tasks.c **** 					( void ) uxListRemove( &( pxTCB->xEventListItem ) );
 3150              		.loc 1 2220 6 is_stmt 1 view .LVU888
2220:Middlewares/Third_Party/FreeRTOS/Source/tasks.c **** 					( void ) uxListRemove( &( pxTCB->xEventListItem ) );
 3151              		.loc 1 2220 14 is_stmt 0 view .LVU889
 3152 003e 284B     		ldr	r3, .L259+8
 3153 0040 DB68     		ldr	r3, [r3, #12]
2220:Middlewares/Third_Party/FreeRTOS/Source/tasks.c **** 					( void ) uxListRemove( &( pxTCB->xEventListItem ) );
 3154              		.loc 1 2220 12 view .LVU890
 3155 0042 DC68     		ldr	r4, [r3, #12]
 3156              	.LVL214:
2221:Middlewares/Third_Party/FreeRTOS/Source/tasks.c **** 					( void ) uxListRemove( &( pxTCB->xStateListItem ) );
 3157              		.loc 1 2221 6 is_stmt 1 view .LVU891
2221:Middlewares/Third_Party/FreeRTOS/Source/tasks.c **** 					( void ) uxListRemove( &( pxTCB->xStateListItem ) );
 3158              		.loc 1 2221 15 is_stmt 0 view .LVU892
 3159 0044 04F11800 		add	r0, r4, #24
 3160 0048 FFF7FEFF 		bl	uxListRemove
 3161              	.LVL215:
2222:Middlewares/Third_Party/FreeRTOS/Source/tasks.c **** 					prvAddTaskToReadyList( pxTCB );
 3162              		.loc 1 2222 6 is_stmt 1 view .LVU893
2222:Middlewares/Third_Party/FreeRTOS/Source/tasks.c **** 					prvAddTaskToReadyList( pxTCB );
 3163              		.loc 1 2222 15 is_stmt 0 view .LVU894
 3164 004c 251D     		adds	r5, r4, #4
 3165 004e 2846     		mov	r0, r5
 3166 0050 FFF7FEFF 		bl	uxListRemove
 3167              	.LVL216:
2223:Middlewares/Third_Party/FreeRTOS/Source/tasks.c **** 
 3168              		.loc 1 2223 6 is_stmt 1 view .LVU895
2223:Middlewares/Third_Party/FreeRTOS/Source/tasks.c **** 
 3169              		.loc 1 2223 6 view .LVU896
 3170 0054 E06A     		ldr	r0, [r4, #44]
 3171 0056 234B     		ldr	r3, .L259+12
 3172 0058 1B68     		ldr	r3, [r3]
 3173 005a 9842     		cmp	r0, r3
 3174 005c 01D9     		bls	.L247
2223:Middlewares/Third_Party/FreeRTOS/Source/tasks.c **** 
 3175              		.loc 1 2223 6 discriminator 1 view .LVU897
 3176 005e 214B     		ldr	r3, .L259+12
 3177 0060 1860     		str	r0, [r3]
 3178              	.L247:
2223:Middlewares/Third_Party/FreeRTOS/Source/tasks.c **** 
 3179              		.loc 1 2223 6 discriminator 3 view .LVU898
2223:Middlewares/Third_Party/FreeRTOS/Source/tasks.c **** 
 3180              		.loc 1 2223 6 discriminator 3 view .LVU899
 3181 0062 00EB8000 		add	r0, r0, r0, lsl #2
 3182 0066 2946     		mov	r1, r5
 3183 0068 1F4B     		ldr	r3, .L259+16
 3184 006a 03EB8000 		add	r0, r3, r0, lsl #2
 3185 006e FFF7FEFF 		bl	vListInsertEnd
ARM GAS  /tmp/ccV8B7BA.s 			page 167


 3186              	.LVL217:
2223:Middlewares/Third_Party/FreeRTOS/Source/tasks.c **** 
 3187              		.loc 1 2223 36 discriminator 1 view .LVU900
2227:Middlewares/Third_Party/FreeRTOS/Source/tasks.c **** 					{
 3188              		.loc 1 2227 6 view .LVU901
2227:Middlewares/Third_Party/FreeRTOS/Source/tasks.c **** 					{
 3189              		.loc 1 2227 15 is_stmt 0 view .LVU902
 3190 0072 E26A     		ldr	r2, [r4, #44]
2227:Middlewares/Third_Party/FreeRTOS/Source/tasks.c **** 					{
 3191              		.loc 1 2227 43 view .LVU903
 3192 0074 1D4B     		ldr	r3, .L259+20
 3193 0076 1B68     		ldr	r3, [r3]
 3194 0078 DB6A     		ldr	r3, [r3, #44]
2227:Middlewares/Third_Party/FreeRTOS/Source/tasks.c **** 					{
 3195              		.loc 1 2227 8 view .LVU904
 3196 007a 9A42     		cmp	r2, r3
 3197 007c DCD3     		bcc	.L246
2229:Middlewares/Third_Party/FreeRTOS/Source/tasks.c **** 					}
 3198              		.loc 1 2229 7 is_stmt 1 view .LVU905
2229:Middlewares/Third_Party/FreeRTOS/Source/tasks.c **** 					}
 3199              		.loc 1 2229 21 is_stmt 0 view .LVU906
 3200 007e 1C4B     		ldr	r3, .L259+24
 3201 0080 0122     		movs	r2, #1
 3202 0082 1A60     		str	r2, [r3]
 3203 0084 D8E7     		b	.L246
 3204              	.L257:
2237:Middlewares/Third_Party/FreeRTOS/Source/tasks.c **** 				{
 3205              		.loc 1 2237 5 is_stmt 1 view .LVU907
2237:Middlewares/Third_Party/FreeRTOS/Source/tasks.c **** 				{
 3206              		.loc 1 2237 7 is_stmt 0 view .LVU908
 3207 0086 0CB1     		cbz	r4, .L250
2245:Middlewares/Third_Party/FreeRTOS/Source/tasks.c **** 				}
 3208              		.loc 1 2245 6 is_stmt 1 view .LVU909
 3209 0088 FFF7FEFF 		bl	prvResetNextTaskUnblockTime
 3210              	.LVL218:
 3211              	.L250:
 3212              	.LBB173:
2253:Middlewares/Third_Party/FreeRTOS/Source/tasks.c **** 
 3213              		.loc 1 2253 6 view .LVU910
2253:Middlewares/Third_Party/FreeRTOS/Source/tasks.c **** 
 3214              		.loc 1 2253 17 is_stmt 0 view .LVU911
 3215 008c 194B     		ldr	r3, .L259+28
 3216 008e 1C68     		ldr	r4, [r3]
 3217              	.LVL219:
2255:Middlewares/Third_Party/FreeRTOS/Source/tasks.c **** 					{
 3218              		.loc 1 2255 6 is_stmt 1 view .LVU912
2255:Middlewares/Third_Party/FreeRTOS/Source/tasks.c **** 					{
 3219              		.loc 1 2255 8 is_stmt 0 view .LVU913
 3220 0090 84B9     		cbnz	r4, .L253
 3221              	.L251:
2274:Middlewares/Third_Party/FreeRTOS/Source/tasks.c **** 					}
 3222              		.loc 1 2274 31 is_stmt 1 view .LVU914
 3223              	.LBE173:
2278:Middlewares/Third_Party/FreeRTOS/Source/tasks.c **** 				{
 3224              		.loc 1 2278 5 view .LVU915
2278:Middlewares/Third_Party/FreeRTOS/Source/tasks.c **** 				{
 3225              		.loc 1 2278 23 is_stmt 0 view .LVU916
ARM GAS  /tmp/ccV8B7BA.s 			page 168


 3226 0092 174B     		ldr	r3, .L259+24
 3227 0094 1C68     		ldr	r4, [r3]
 3228              	.LVL220:
2278:Middlewares/Third_Party/FreeRTOS/Source/tasks.c **** 				{
 3229              		.loc 1 2278 7 view .LVU917
 3230 0096 D4B1     		cbz	r4, .L245
2282:Middlewares/Third_Party/FreeRTOS/Source/tasks.c **** 					}
 3231              		.loc 1 2282 7 is_stmt 1 view .LVU918
 3232              	.LVL221:
2285:Middlewares/Third_Party/FreeRTOS/Source/tasks.c **** 				}
 3233              		.loc 1 2285 6 view .LVU919
 3234 0098 4FF0E023 		mov	r3, #-536813568
 3235 009c 4FF08052 		mov	r2, #268435456
 3236 00a0 C3F8042D 		str	r2, [r3, #3332]
2285:Middlewares/Third_Party/FreeRTOS/Source/tasks.c **** 				}
 3237              		.loc 1 2285 6 view .LVU920
 3238              		.syntax unified
 3239              	@ 2285 "Middlewares/Third_Party/FreeRTOS/Source/tasks.c" 1
 3240 00a4 BFF34F8F 		dsb
 3241              	@ 0 "" 2
2285:Middlewares/Third_Party/FreeRTOS/Source/tasks.c **** 				}
 3242              		.loc 1 2285 6 view .LVU921
 3243              	@ 2285 "Middlewares/Third_Party/FreeRTOS/Source/tasks.c" 1
 3244 00a8 BFF36F8F 		isb
 3245              	@ 0 "" 2
2285:Middlewares/Third_Party/FreeRTOS/Source/tasks.c **** 				}
 3246              		.loc 1 2285 37 view .LVU922
2282:Middlewares/Third_Party/FreeRTOS/Source/tasks.c **** 					}
 3247              		.loc 1 2282 23 is_stmt 0 view .LVU923
 3248              		.thumb
 3249              		.syntax unified
 3250 00ac 0124     		movs	r4, #1
 3251 00ae 0EE0     		b	.L245
 3252              	.LVL222:
 3253              	.L252:
 3254              	.LBB174:
2265:Middlewares/Third_Party/FreeRTOS/Source/tasks.c **** 							}
 3255              		.loc 1 2265 33 is_stmt 1 view .LVU924
2267:Middlewares/Third_Party/FreeRTOS/Source/tasks.c **** 						} while( xPendedCounts > ( TickType_t ) 0U );
 3256              		.loc 1 2267 8 view .LVU925
2268:Middlewares/Third_Party/FreeRTOS/Source/tasks.c **** 
 3257              		.loc 1 2268 30 view .LVU926
 3258 00b0 013C     		subs	r4, r4, #1
 3259              	.LVL223:
2268:Middlewares/Third_Party/FreeRTOS/Source/tasks.c **** 
 3260              		.loc 1 2268 30 is_stmt 0 view .LVU927
 3261 00b2 07D0     		beq	.L258
 3262              	.L253:
2257:Middlewares/Third_Party/FreeRTOS/Source/tasks.c **** 						{
 3263              		.loc 1 2257 7 is_stmt 1 view .LVU928
2259:Middlewares/Third_Party/FreeRTOS/Source/tasks.c **** 							{
 3264              		.loc 1 2259 8 view .LVU929
2259:Middlewares/Third_Party/FreeRTOS/Source/tasks.c **** 							{
 3265              		.loc 1 2259 12 is_stmt 0 view .LVU930
 3266 00b4 FFF7FEFF 		bl	xTaskIncrementTick
 3267              	.LVL224:
2259:Middlewares/Third_Party/FreeRTOS/Source/tasks.c **** 							{
ARM GAS  /tmp/ccV8B7BA.s 			page 169


 3268              		.loc 1 2259 10 discriminator 1 view .LVU931
 3269 00b8 0028     		cmp	r0, #0
 3270 00ba F9D0     		beq	.L252
2261:Middlewares/Third_Party/FreeRTOS/Source/tasks.c **** 							}
 3271              		.loc 1 2261 9 is_stmt 1 view .LVU932
2261:Middlewares/Third_Party/FreeRTOS/Source/tasks.c **** 							}
 3272              		.loc 1 2261 23 is_stmt 0 view .LVU933
 3273 00bc 0C4B     		ldr	r3, .L259+24
 3274 00be 0122     		movs	r2, #1
 3275 00c0 1A60     		str	r2, [r3]
 3276 00c2 F5E7     		b	.L252
 3277              	.L258:
2270:Middlewares/Third_Party/FreeRTOS/Source/tasks.c **** 					}
 3278              		.loc 1 2270 7 is_stmt 1 view .LVU934
2270:Middlewares/Third_Party/FreeRTOS/Source/tasks.c **** 					}
 3279              		.loc 1 2270 20 is_stmt 0 view .LVU935
 3280 00c4 0B4B     		ldr	r3, .L259+28
 3281 00c6 0022     		movs	r2, #0
 3282 00c8 1A60     		str	r2, [r3]
 3283 00ca E2E7     		b	.L251
 3284              	.LVL225:
 3285              	.L254:
2270:Middlewares/Third_Party/FreeRTOS/Source/tasks.c **** 					}
 3286              		.loc 1 2270 20 view .LVU936
 3287              	.LBE174:
2197:Middlewares/Third_Party/FreeRTOS/Source/tasks.c **** 
 3288              		.loc 1 2197 12 view .LVU937
 3289 00cc 0024     		movs	r4, #0
 3290              	.LVL226:
 3291              	.L245:
2295:Middlewares/Third_Party/FreeRTOS/Source/tasks.c **** 		}
 3292              		.loc 1 2295 28 is_stmt 1 view .LVU938
2298:Middlewares/Third_Party/FreeRTOS/Source/tasks.c **** 
 3293              		.loc 1 2298 2 view .LVU939
 3294 00ce FFF7FEFF 		bl	vPortExitCritical
 3295              	.LVL227:
2300:Middlewares/Third_Party/FreeRTOS/Source/tasks.c **** }
 3296              		.loc 1 2300 2 view .LVU940
2301:Middlewares/Third_Party/FreeRTOS/Source/tasks.c **** /*-----------------------------------------------------------*/
 3297              		.loc 1 2301 1 is_stmt 0 view .LVU941
 3298 00d2 2046     		mov	r0, r4
 3299 00d4 38BD     		pop	{r3, r4, r5, pc}
 3300              	.LVL228:
 3301              	.L260:
2301:Middlewares/Third_Party/FreeRTOS/Source/tasks.c **** /*-----------------------------------------------------------*/
 3302              		.loc 1 2301 1 view .LVU942
 3303 00d6 00BF     		.align	2
 3304              	.L259:
 3305 00d8 00000000 		.word	uxSchedulerSuspended
 3306 00dc 00000000 		.word	uxCurrentNumberOfTasks
 3307 00e0 00000000 		.word	xPendingReadyList
 3308 00e4 00000000 		.word	uxTopReadyPriority
 3309 00e8 00000000 		.word	pxReadyTasksLists
 3310 00ec 00000000 		.word	pxCurrentTCB
 3311 00f0 00000000 		.word	xYieldPending
 3312 00f4 00000000 		.word	xPendedTicks
 3313              		.cfi_endproc
ARM GAS  /tmp/ccV8B7BA.s 			page 170


 3314              	.LFE22:
 3316              		.section	.text.vTaskDelayUntil,"ax",%progbits
 3317              		.align	1
 3318              		.global	vTaskDelayUntil
 3319              		.syntax unified
 3320              		.thumb
 3321              		.thumb_func
 3323              	vTaskDelayUntil:
 3324              	.LVL229:
 3325              	.LFB9:
1258:Middlewares/Third_Party/FreeRTOS/Source/tasks.c **** 	TickType_t xTimeToWake;
 3326              		.loc 1 1258 2 is_stmt 1 view -0
 3327              		.cfi_startproc
 3328              		@ args = 0, pretend = 0, frame = 0
 3329              		@ frame_needed = 0, uses_anonymous_args = 0
1258:Middlewares/Third_Party/FreeRTOS/Source/tasks.c **** 	TickType_t xTimeToWake;
 3330              		.loc 1 1258 2 is_stmt 0 view .LVU944
 3331 0000 38B5     		push	{r3, r4, r5, lr}
 3332              	.LCFI29:
 3333              		.cfi_def_cfa_offset 16
 3334              		.cfi_offset 3, -16
 3335              		.cfi_offset 4, -12
 3336              		.cfi_offset 5, -8
 3337              		.cfi_offset 14, -4
1259:Middlewares/Third_Party/FreeRTOS/Source/tasks.c **** 	BaseType_t xAlreadyYielded, xShouldDelay = pdFALSE;
 3338              		.loc 1 1259 2 is_stmt 1 view .LVU945
1260:Middlewares/Third_Party/FreeRTOS/Source/tasks.c **** 
 3339              		.loc 1 1260 2 view .LVU946
 3340              	.LVL230:
1262:Middlewares/Third_Party/FreeRTOS/Source/tasks.c **** 		configASSERT( ( xTimeIncrement > 0U ) );
 3341              		.loc 1 1262 3 view .LVU947
 3342 0002 58B1     		cbz	r0, .L277
 3343 0004 0C46     		mov	r4, r1
 3344 0006 0546     		mov	r5, r0
1262:Middlewares/Third_Party/FreeRTOS/Source/tasks.c **** 		configASSERT( ( xTimeIncrement > 0U ) );
 3345              		.loc 1 1262 37 discriminator 2 view .LVU948
1263:Middlewares/Third_Party/FreeRTOS/Source/tasks.c **** 		configASSERT( uxSchedulerSuspended == 0 );
 3346              		.loc 1 1263 3 view .LVU949
 3347 0008 89B9     		cbnz	r1, .L264
1263:Middlewares/Third_Party/FreeRTOS/Source/tasks.c **** 		configASSERT( uxSchedulerSuspended == 0 );
 3348              		.loc 1 1263 3 discriminator 1 view .LVU950
 3349              	.LBB175:
 3350              	.LBI175:
 193:Middlewares/Third_Party/FreeRTOS/Source/portable/GCC/ARM_CM3/portmacro.h **** {
 3351              		.loc 2 193 30 view .LVU951
 3352              	.LBB176:
 195:Middlewares/Third_Party/FreeRTOS/Source/portable/GCC/ARM_CM3/portmacro.h **** 
 3353              		.loc 2 195 1 view .LVU952
 197:Middlewares/Third_Party/FreeRTOS/Source/portable/GCC/ARM_CM3/portmacro.h **** 	(
 3354              		.loc 2 197 2 view .LVU953
 3355              		.syntax unified
 3356              	@ 197 "Middlewares/Third_Party/FreeRTOS/Source/portable/GCC/ARM_CM3/portmacro.h" 1
 3357 000a 4FF05003 			mov r3, #80												
 3358 000e 83F31188 		msr basepri, r3											
 3359 0012 BFF36F8F 		isb														
 3360 0016 BFF34F8F 		dsb														
 3361              	
ARM GAS  /tmp/ccV8B7BA.s 			page 171


 3362              	@ 0 "" 2
 3363              		.thumb
 3364              		.syntax unified
 3365              	.L265:
 3366              	.LBE176:
 3367              	.LBE175:
1263:Middlewares/Third_Party/FreeRTOS/Source/tasks.c **** 		configASSERT( uxSchedulerSuspended == 0 );
 3368              		.loc 1 1263 3 discriminator 3 view .LVU954
1263:Middlewares/Third_Party/FreeRTOS/Source/tasks.c **** 		configASSERT( uxSchedulerSuspended == 0 );
 3369              		.loc 1 1263 3 discriminator 3 view .LVU955
 3370 001a FEE7     		b	.L265
 3371              	.L277:
1262:Middlewares/Third_Party/FreeRTOS/Source/tasks.c **** 		configASSERT( ( xTimeIncrement > 0U ) );
 3372              		.loc 1 1262 3 discriminator 1 view .LVU956
 3373              	.LBB177:
 3374              	.LBI177:
 193:Middlewares/Third_Party/FreeRTOS/Source/portable/GCC/ARM_CM3/portmacro.h **** {
 3375              		.loc 2 193 30 view .LVU957
 3376              	.LBB178:
 195:Middlewares/Third_Party/FreeRTOS/Source/portable/GCC/ARM_CM3/portmacro.h **** 
 3377              		.loc 2 195 1 view .LVU958
 197:Middlewares/Third_Party/FreeRTOS/Source/portable/GCC/ARM_CM3/portmacro.h **** 	(
 3378              		.loc 2 197 2 view .LVU959
 3379              		.syntax unified
 3380              	@ 197 "Middlewares/Third_Party/FreeRTOS/Source/portable/GCC/ARM_CM3/portmacro.h" 1
 3381 001c 4FF05003 			mov r3, #80												
 3382 0020 83F31188 		msr basepri, r3											
 3383 0024 BFF36F8F 		isb														
 3384 0028 BFF34F8F 		dsb														
 3385              	
 3386              	@ 0 "" 2
 3387              		.thumb
 3388              		.syntax unified
 3389              	.L263:
 3390              	.LBE178:
 3391              	.LBE177:
1262:Middlewares/Third_Party/FreeRTOS/Source/tasks.c **** 		configASSERT( ( xTimeIncrement > 0U ) );
 3392              		.loc 1 1262 3 discriminator 3 view .LVU960
1262:Middlewares/Third_Party/FreeRTOS/Source/tasks.c **** 		configASSERT( ( xTimeIncrement > 0U ) );
 3393              		.loc 1 1262 3 discriminator 3 view .LVU961
 3394 002c FEE7     		b	.L263
 3395              	.L264:
1263:Middlewares/Third_Party/FreeRTOS/Source/tasks.c **** 		configASSERT( uxSchedulerSuspended == 0 );
 3396              		.loc 1 1263 42 discriminator 2 view .LVU962
1264:Middlewares/Third_Party/FreeRTOS/Source/tasks.c **** 
 3397              		.loc 1 1264 3 view .LVU963
 3398 002e 1B4B     		ldr	r3, .L278
 3399 0030 1B68     		ldr	r3, [r3]
 3400 0032 43B1     		cbz	r3, .L266
1264:Middlewares/Third_Party/FreeRTOS/Source/tasks.c **** 
 3401              		.loc 1 1264 3 discriminator 1 view .LVU964
 3402              	.LBB179:
 3403              	.LBI179:
 193:Middlewares/Third_Party/FreeRTOS/Source/portable/GCC/ARM_CM3/portmacro.h **** {
 3404              		.loc 2 193 30 view .LVU965
 3405              	.LBB180:
 195:Middlewares/Third_Party/FreeRTOS/Source/portable/GCC/ARM_CM3/portmacro.h **** 
ARM GAS  /tmp/ccV8B7BA.s 			page 172


 3406              		.loc 2 195 1 view .LVU966
 197:Middlewares/Third_Party/FreeRTOS/Source/portable/GCC/ARM_CM3/portmacro.h **** 	(
 3407              		.loc 2 197 2 view .LVU967
 3408              		.syntax unified
 3409              	@ 197 "Middlewares/Third_Party/FreeRTOS/Source/portable/GCC/ARM_CM3/portmacro.h" 1
 3410 0034 4FF05003 			mov r3, #80												
 3411 0038 83F31188 		msr basepri, r3											
 3412 003c BFF36F8F 		isb														
 3413 0040 BFF34F8F 		dsb														
 3414              	
 3415              	@ 0 "" 2
 3416              		.thumb
 3417              		.syntax unified
 3418              	.L267:
 3419              	.LBE180:
 3420              	.LBE179:
1264:Middlewares/Third_Party/FreeRTOS/Source/tasks.c **** 
 3421              		.loc 1 1264 3 discriminator 3 view .LVU968
1264:Middlewares/Third_Party/FreeRTOS/Source/tasks.c **** 
 3422              		.loc 1 1264 3 discriminator 3 view .LVU969
 3423 0044 FEE7     		b	.L267
 3424              	.L266:
1264:Middlewares/Third_Party/FreeRTOS/Source/tasks.c **** 
 3425              		.loc 1 1264 44 discriminator 2 view .LVU970
1266:Middlewares/Third_Party/FreeRTOS/Source/tasks.c **** 		{
 3426              		.loc 1 1266 3 view .LVU971
 3427 0046 FFF7FEFF 		bl	vTaskSuspendAll
 3428              	.LVL231:
 3429              	.LBB181:
1270:Middlewares/Third_Party/FreeRTOS/Source/tasks.c **** 
 3430              		.loc 1 1270 4 view .LVU972
1270:Middlewares/Third_Party/FreeRTOS/Source/tasks.c **** 
 3431              		.loc 1 1270 21 is_stmt 0 view .LVU973
 3432 004a 154B     		ldr	r3, .L278+4
 3433 004c 1868     		ldr	r0, [r3]
 3434              	.LVL232:
1273:Middlewares/Third_Party/FreeRTOS/Source/tasks.c **** 
 3435              		.loc 1 1273 4 is_stmt 1 view .LVU974
1273:Middlewares/Third_Party/FreeRTOS/Source/tasks.c **** 
 3436              		.loc 1 1273 18 is_stmt 0 view .LVU975
 3437 004e 2B68     		ldr	r3, [r5]
1273:Middlewares/Third_Party/FreeRTOS/Source/tasks.c **** 
 3438              		.loc 1 1273 16 view .LVU976
 3439 0050 1C44     		add	r4, r4, r3
 3440              	.LVL233:
1275:Middlewares/Third_Party/FreeRTOS/Source/tasks.c **** 			{
 3441              		.loc 1 1275 4 is_stmt 1 view .LVU977
1275:Middlewares/Third_Party/FreeRTOS/Source/tasks.c **** 			{
 3442              		.loc 1 1275 6 is_stmt 0 view .LVU978
 3443 0052 8342     		cmp	r3, r0
 3444 0054 09D9     		bls	.L268
1282:Middlewares/Third_Party/FreeRTOS/Source/tasks.c **** 				{
 3445              		.loc 1 1282 5 is_stmt 1 view .LVU979
1282:Middlewares/Third_Party/FreeRTOS/Source/tasks.c **** 				{
 3446              		.loc 1 1282 7 is_stmt 0 view .LVU980
 3447 0056 A342     		cmp	r3, r4
 3448 0058 01D8     		bhi	.L269
ARM GAS  /tmp/ccV8B7BA.s 			page 173


1307:Middlewares/Third_Party/FreeRTOS/Source/tasks.c **** 
 3449              		.loc 1 1307 4 is_stmt 1 view .LVU981
1307:Middlewares/Third_Party/FreeRTOS/Source/tasks.c **** 
 3450              		.loc 1 1307 24 is_stmt 0 view .LVU982
 3451 005a 2C60     		str	r4, [r5]
1309:Middlewares/Third_Party/FreeRTOS/Source/tasks.c **** 			{
 3452              		.loc 1 1309 4 is_stmt 1 view .LVU983
 3453 005c 0EE0     		b	.L270
 3454              	.L269:
1282:Middlewares/Third_Party/FreeRTOS/Source/tasks.c **** 				{
 3455              		.loc 1 1282 47 is_stmt 0 discriminator 1 view .LVU984
 3456 005e A042     		cmp	r0, r4
 3457 0060 01D3     		bcc	.L271
1307:Middlewares/Third_Party/FreeRTOS/Source/tasks.c **** 
 3458              		.loc 1 1307 4 is_stmt 1 view .LVU985
1307:Middlewares/Third_Party/FreeRTOS/Source/tasks.c **** 
 3459              		.loc 1 1307 24 is_stmt 0 view .LVU986
 3460 0062 2C60     		str	r4, [r5]
1309:Middlewares/Third_Party/FreeRTOS/Source/tasks.c **** 			{
 3461              		.loc 1 1309 4 is_stmt 1 view .LVU987
 3462 0064 0AE0     		b	.L270
 3463              	.L271:
1284:Middlewares/Third_Party/FreeRTOS/Source/tasks.c **** 				}
 3464              		.loc 1 1284 6 view .LVU988
 3465              	.LVL234:
1307:Middlewares/Third_Party/FreeRTOS/Source/tasks.c **** 
 3466              		.loc 1 1307 4 view .LVU989
1307:Middlewares/Third_Party/FreeRTOS/Source/tasks.c **** 
 3467              		.loc 1 1307 24 is_stmt 0 view .LVU990
 3468 0066 2C60     		str	r4, [r5]
1309:Middlewares/Third_Party/FreeRTOS/Source/tasks.c **** 			{
 3469              		.loc 1 1309 4 is_stmt 1 view .LVU991
 3470 0068 04E0     		b	.L272
 3471              	.LVL235:
 3472              	.L268:
1296:Middlewares/Third_Party/FreeRTOS/Source/tasks.c **** 				{
 3473              		.loc 1 1296 5 view .LVU992
1296:Middlewares/Third_Party/FreeRTOS/Source/tasks.c **** 				{
 3474              		.loc 1 1296 7 is_stmt 0 view .LVU993
 3475 006a A342     		cmp	r3, r4
 3476 006c 01D8     		bhi	.L273
1296:Middlewares/Third_Party/FreeRTOS/Source/tasks.c **** 				{
 3477              		.loc 1 1296 47 discriminator 1 view .LVU994
 3478 006e A042     		cmp	r0, r4
 3479 0070 12D2     		bcs	.L274
 3480              	.L273:
1298:Middlewares/Third_Party/FreeRTOS/Source/tasks.c **** 				}
 3481              		.loc 1 1298 6 is_stmt 1 view .LVU995
 3482              	.LVL236:
1307:Middlewares/Third_Party/FreeRTOS/Source/tasks.c **** 
 3483              		.loc 1 1307 4 view .LVU996
1307:Middlewares/Third_Party/FreeRTOS/Source/tasks.c **** 
 3484              		.loc 1 1307 24 is_stmt 0 view .LVU997
 3485 0072 2C60     		str	r4, [r5]
1309:Middlewares/Third_Party/FreeRTOS/Source/tasks.c **** 			{
 3486              		.loc 1 1309 4 is_stmt 1 view .LVU998
 3487              	.L272:
ARM GAS  /tmp/ccV8B7BA.s 			page 174


1311:Middlewares/Third_Party/FreeRTOS/Source/tasks.c **** 
 3488              		.loc 1 1311 41 view .LVU999
1315:Middlewares/Third_Party/FreeRTOS/Source/tasks.c **** 			}
 3489              		.loc 1 1315 5 view .LVU1000
 3490 0074 0021     		movs	r1, #0
 3491 0076 201A     		subs	r0, r4, r0
 3492              	.LVL237:
1315:Middlewares/Third_Party/FreeRTOS/Source/tasks.c **** 			}
 3493              		.loc 1 1315 5 is_stmt 0 view .LVU1001
 3494 0078 FFF7FEFF 		bl	prvAddCurrentTaskToDelayedList
 3495              	.LVL238:
 3496              	.L270:
1319:Middlewares/Third_Party/FreeRTOS/Source/tasks.c **** 			}
 3497              		.loc 1 1319 29 is_stmt 1 view .LVU1002
 3498              	.LBE181:
1322:Middlewares/Third_Party/FreeRTOS/Source/tasks.c **** 
 3499              		.loc 1 1322 3 view .LVU1003
1322:Middlewares/Third_Party/FreeRTOS/Source/tasks.c **** 
 3500              		.loc 1 1322 21 is_stmt 0 view .LVU1004
 3501 007c FFF7FEFF 		bl	xTaskResumeAll
 3502              	.LVL239:
1326:Middlewares/Third_Party/FreeRTOS/Source/tasks.c **** 		{
 3503              		.loc 1 1326 3 is_stmt 1 view .LVU1005
1326:Middlewares/Third_Party/FreeRTOS/Source/tasks.c **** 		{
 3504              		.loc 1 1326 5 is_stmt 0 view .LVU1006
 3505 0080 48B9     		cbnz	r0, .L261
1328:Middlewares/Third_Party/FreeRTOS/Source/tasks.c **** 		}
 3506              		.loc 1 1328 4 is_stmt 1 view .LVU1007
 3507 0082 4FF0E023 		mov	r3, #-536813568
 3508 0086 4FF08052 		mov	r2, #268435456
 3509 008a C3F8042D 		str	r2, [r3, #3332]
1328:Middlewares/Third_Party/FreeRTOS/Source/tasks.c **** 		}
 3510              		.loc 1 1328 4 view .LVU1008
 3511              		.syntax unified
 3512              	@ 1328 "Middlewares/Third_Party/FreeRTOS/Source/tasks.c" 1
 3513 008e BFF34F8F 		dsb
 3514              	@ 0 "" 2
1328:Middlewares/Third_Party/FreeRTOS/Source/tasks.c **** 		}
 3515              		.loc 1 1328 4 view .LVU1009
 3516              	@ 1328 "Middlewares/Third_Party/FreeRTOS/Source/tasks.c" 1
 3517 0092 BFF36F8F 		isb
 3518              	@ 0 "" 2
1328:Middlewares/Third_Party/FreeRTOS/Source/tasks.c **** 		}
 3519              		.loc 1 1328 26 view .LVU1010
1332:Middlewares/Third_Party/FreeRTOS/Source/tasks.c **** 		}
 3520              		.loc 1 1332 28 view .LVU1011
 3521              		.thumb
 3522              		.syntax unified
 3523              	.L261:
1334:Middlewares/Third_Party/FreeRTOS/Source/tasks.c **** 
 3524              		.loc 1 1334 2 is_stmt 0 view .LVU1012
 3525 0096 38BD     		pop	{r3, r4, r5, pc}
 3526              	.LVL240:
 3527              	.L274:
 3528              	.LBB182:
1307:Middlewares/Third_Party/FreeRTOS/Source/tasks.c **** 
 3529              		.loc 1 1307 4 is_stmt 1 view .LVU1013
ARM GAS  /tmp/ccV8B7BA.s 			page 175


1307:Middlewares/Third_Party/FreeRTOS/Source/tasks.c **** 
 3530              		.loc 1 1307 24 is_stmt 0 view .LVU1014
 3531 0098 2C60     		str	r4, [r5]
1309:Middlewares/Third_Party/FreeRTOS/Source/tasks.c **** 			{
 3532              		.loc 1 1309 4 is_stmt 1 view .LVU1015
 3533 009a EFE7     		b	.L270
 3534              	.L279:
 3535              		.align	2
 3536              	.L278:
 3537 009c 00000000 		.word	uxSchedulerSuspended
 3538 00a0 00000000 		.word	xTickCount
 3539              	.LBE182:
 3540              		.cfi_endproc
 3541              	.LFE9:
 3543              		.section	.text.vTaskDelay,"ax",%progbits
 3544              		.align	1
 3545              		.global	vTaskDelay
 3546              		.syntax unified
 3547              		.thumb
 3548              		.thumb_func
 3550              	vTaskDelay:
 3551              	.LVL241:
 3552              	.LFB10:
1342:Middlewares/Third_Party/FreeRTOS/Source/tasks.c **** 	BaseType_t xAlreadyYielded = pdFALSE;
 3553              		.loc 1 1342 2 view -0
 3554              		.cfi_startproc
 3555              		@ args = 0, pretend = 0, frame = 0
 3556              		@ frame_needed = 0, uses_anonymous_args = 0
1342:Middlewares/Third_Party/FreeRTOS/Source/tasks.c **** 	BaseType_t xAlreadyYielded = pdFALSE;
 3557              		.loc 1 1342 2 is_stmt 0 view .LVU1017
 3558 0000 10B5     		push	{r4, lr}
 3559              	.LCFI30:
 3560              		.cfi_def_cfa_offset 8
 3561              		.cfi_offset 4, -8
 3562              		.cfi_offset 14, -4
1343:Middlewares/Third_Party/FreeRTOS/Source/tasks.c **** 
 3563              		.loc 1 1343 2 is_stmt 1 view .LVU1018
 3564              	.LVL242:
1346:Middlewares/Third_Party/FreeRTOS/Source/tasks.c **** 		{
 3565              		.loc 1 1346 3 view .LVU1019
1346:Middlewares/Third_Party/FreeRTOS/Source/tasks.c **** 		{
 3566              		.loc 1 1346 5 is_stmt 0 view .LVU1020
 3567 0002 A8B1     		cbz	r0, .L281
 3568 0004 0446     		mov	r4, r0
1348:Middlewares/Third_Party/FreeRTOS/Source/tasks.c **** 			vTaskSuspendAll();
 3569              		.loc 1 1348 4 is_stmt 1 view .LVU1021
 3570 0006 104B     		ldr	r3, .L286
 3571 0008 1B68     		ldr	r3, [r3]
 3572 000a 43B1     		cbz	r3, .L282
1348:Middlewares/Third_Party/FreeRTOS/Source/tasks.c **** 			vTaskSuspendAll();
 3573              		.loc 1 1348 4 discriminator 1 view .LVU1022
 3574              	.LBB183:
 3575              	.LBI183:
 193:Middlewares/Third_Party/FreeRTOS/Source/portable/GCC/ARM_CM3/portmacro.h **** {
 3576              		.loc 2 193 30 view .LVU1023
 3577              	.LBB184:
 195:Middlewares/Third_Party/FreeRTOS/Source/portable/GCC/ARM_CM3/portmacro.h **** 
ARM GAS  /tmp/ccV8B7BA.s 			page 176


 3578              		.loc 2 195 1 view .LVU1024
 197:Middlewares/Third_Party/FreeRTOS/Source/portable/GCC/ARM_CM3/portmacro.h **** 	(
 3579              		.loc 2 197 2 view .LVU1025
 3580              		.syntax unified
 3581              	@ 197 "Middlewares/Third_Party/FreeRTOS/Source/portable/GCC/ARM_CM3/portmacro.h" 1
 3582 000c 4FF05003 			mov r3, #80												
 3583 0010 83F31188 		msr basepri, r3											
 3584 0014 BFF36F8F 		isb														
 3585 0018 BFF34F8F 		dsb														
 3586              	
 3587              	@ 0 "" 2
 3588              		.thumb
 3589              		.syntax unified
 3590              	.L283:
 3591              	.LBE184:
 3592              	.LBE183:
1348:Middlewares/Third_Party/FreeRTOS/Source/tasks.c **** 			vTaskSuspendAll();
 3593              		.loc 1 1348 4 discriminator 3 view .LVU1026
1348:Middlewares/Third_Party/FreeRTOS/Source/tasks.c **** 			vTaskSuspendAll();
 3594              		.loc 1 1348 4 discriminator 3 view .LVU1027
 3595 001c FEE7     		b	.L283
 3596              	.L282:
1348:Middlewares/Third_Party/FreeRTOS/Source/tasks.c **** 			vTaskSuspendAll();
 3597              		.loc 1 1348 45 discriminator 2 view .LVU1028
1349:Middlewares/Third_Party/FreeRTOS/Source/tasks.c **** 			{
 3598              		.loc 1 1349 4 view .LVU1029
 3599 001e FFF7FEFF 		bl	vTaskSuspendAll
 3600              	.LVL243:
1351:Middlewares/Third_Party/FreeRTOS/Source/tasks.c **** 
 3601              		.loc 1 1351 22 view .LVU1030
1360:Middlewares/Third_Party/FreeRTOS/Source/tasks.c **** 			}
 3602              		.loc 1 1360 5 view .LVU1031
 3603 0022 0021     		movs	r1, #0
 3604 0024 2046     		mov	r0, r4
 3605 0026 FFF7FEFF 		bl	prvAddCurrentTaskToDelayedList
 3606              	.LVL244:
1362:Middlewares/Third_Party/FreeRTOS/Source/tasks.c **** 		}
 3607              		.loc 1 1362 4 view .LVU1032
1362:Middlewares/Third_Party/FreeRTOS/Source/tasks.c **** 		}
 3608              		.loc 1 1362 22 is_stmt 0 view .LVU1033
 3609 002a FFF7FEFF 		bl	xTaskResumeAll
 3610              	.LVL245:
1366:Middlewares/Third_Party/FreeRTOS/Source/tasks.c **** 		}
 3611              		.loc 1 1366 28 is_stmt 1 view .LVU1034
1371:Middlewares/Third_Party/FreeRTOS/Source/tasks.c **** 		{
 3612              		.loc 1 1371 3 view .LVU1035
1371:Middlewares/Third_Party/FreeRTOS/Source/tasks.c **** 		{
 3613              		.loc 1 1371 5 is_stmt 0 view .LVU1036
 3614 002e 48B9     		cbnz	r0, .L280
 3615              	.LVL246:
 3616              	.L281:
1373:Middlewares/Third_Party/FreeRTOS/Source/tasks.c **** 		}
 3617              		.loc 1 1373 4 is_stmt 1 view .LVU1037
 3618 0030 4FF0E023 		mov	r3, #-536813568
 3619 0034 4FF08052 		mov	r2, #268435456
 3620 0038 C3F8042D 		str	r2, [r3, #3332]
1373:Middlewares/Third_Party/FreeRTOS/Source/tasks.c **** 		}
ARM GAS  /tmp/ccV8B7BA.s 			page 177


 3621              		.loc 1 1373 4 view .LVU1038
 3622              		.syntax unified
 3623              	@ 1373 "Middlewares/Third_Party/FreeRTOS/Source/tasks.c" 1
 3624 003c BFF34F8F 		dsb
 3625              	@ 0 "" 2
1373:Middlewares/Third_Party/FreeRTOS/Source/tasks.c **** 		}
 3626              		.loc 1 1373 4 view .LVU1039
 3627              	@ 1373 "Middlewares/Third_Party/FreeRTOS/Source/tasks.c" 1
 3628 0040 BFF36F8F 		isb
 3629              	@ 0 "" 2
1373:Middlewares/Third_Party/FreeRTOS/Source/tasks.c **** 		}
 3630              		.loc 1 1373 26 view .LVU1040
1377:Middlewares/Third_Party/FreeRTOS/Source/tasks.c **** 		}
 3631              		.loc 1 1377 28 view .LVU1041
 3632              		.thumb
 3633              		.syntax unified
 3634              	.L280:
1379:Middlewares/Third_Party/FreeRTOS/Source/tasks.c **** 
 3635              		.loc 1 1379 2 is_stmt 0 view .LVU1042
 3636 0044 10BD     		pop	{r4, pc}
 3637              	.L287:
 3638 0046 00BF     		.align	2
 3639              	.L286:
 3640 0048 00000000 		.word	uxSchedulerSuspended
 3641              		.cfi_endproc
 3642              	.LFE10:
 3644              		.section	.text.xTaskCatchUpTicks,"ax",%progbits
 3645              		.align	1
 3646              		.global	xTaskCatchUpTicks
 3647              		.syntax unified
 3648              		.thumb
 3649              		.thumb_func
 3651              	xTaskCatchUpTicks:
 3652              	.LVL247:
 3653              	.LFB28:
2610:Middlewares/Third_Party/FreeRTOS/Source/tasks.c **** BaseType_t xYieldRequired = pdFALSE;
 3654              		.loc 1 2610 1 is_stmt 1 view -0
 3655              		.cfi_startproc
 3656              		@ args = 0, pretend = 0, frame = 0
 3657              		@ frame_needed = 0, uses_anonymous_args = 0
2611:Middlewares/Third_Party/FreeRTOS/Source/tasks.c **** 
 3658              		.loc 1 2611 1 view .LVU1044
2615:Middlewares/Third_Party/FreeRTOS/Source/tasks.c **** 
 3659              		.loc 1 2615 2 view .LVU1045
 3660 0000 0B4B     		ldr	r3, .L293
 3661 0002 1B68     		ldr	r3, [r3]
 3662 0004 43B1     		cbz	r3, .L289
2615:Middlewares/Third_Party/FreeRTOS/Source/tasks.c **** 
 3663              		.loc 1 2615 2 discriminator 1 view .LVU1046
 3664              	.LBB185:
 3665              	.LBI185:
 193:Middlewares/Third_Party/FreeRTOS/Source/portable/GCC/ARM_CM3/portmacro.h **** {
 3666              		.loc 2 193 30 view .LVU1047
 3667              	.LBB186:
 195:Middlewares/Third_Party/FreeRTOS/Source/portable/GCC/ARM_CM3/portmacro.h **** 
 3668              		.loc 2 195 1 view .LVU1048
 197:Middlewares/Third_Party/FreeRTOS/Source/portable/GCC/ARM_CM3/portmacro.h **** 	(
ARM GAS  /tmp/ccV8B7BA.s 			page 178


 3669              		.loc 2 197 2 view .LVU1049
 3670              		.syntax unified
 3671              	@ 197 "Middlewares/Third_Party/FreeRTOS/Source/portable/GCC/ARM_CM3/portmacro.h" 1
 3672 0006 4FF05003 			mov r3, #80												
 3673 000a 83F31188 		msr basepri, r3											
 3674 000e BFF36F8F 		isb														
 3675 0012 BFF34F8F 		dsb														
 3676              	
 3677              	@ 0 "" 2
 3678              		.thumb
 3679              		.syntax unified
 3680              	.L290:
 3681              	.LBE186:
 3682              	.LBE185:
2615:Middlewares/Third_Party/FreeRTOS/Source/tasks.c **** 
 3683              		.loc 1 2615 2 discriminator 3 view .LVU1050
2615:Middlewares/Third_Party/FreeRTOS/Source/tasks.c **** 
 3684              		.loc 1 2615 2 discriminator 3 view .LVU1051
 3685 0016 FEE7     		b	.L290
 3686              	.L289:
2610:Middlewares/Third_Party/FreeRTOS/Source/tasks.c **** BaseType_t xYieldRequired = pdFALSE;
 3687              		.loc 1 2610 1 is_stmt 0 view .LVU1052
 3688 0018 10B5     		push	{r4, lr}
 3689              	.LCFI31:
 3690              		.cfi_def_cfa_offset 8
 3691              		.cfi_offset 4, -8
 3692              		.cfi_offset 14, -4
 3693 001a 0446     		mov	r4, r0
2615:Middlewares/Third_Party/FreeRTOS/Source/tasks.c **** 
 3694              		.loc 1 2615 43 is_stmt 1 discriminator 2 view .LVU1053
2619:Middlewares/Third_Party/FreeRTOS/Source/tasks.c **** 	xPendedTicks += xTicksToCatchUp;
 3695              		.loc 1 2619 2 view .LVU1054
 3696 001c FFF7FEFF 		bl	vTaskSuspendAll
 3697              	.LVL248:
2620:Middlewares/Third_Party/FreeRTOS/Source/tasks.c **** 	xYieldRequired = xTaskResumeAll();
 3698              		.loc 1 2620 2 view .LVU1055
2620:Middlewares/Third_Party/FreeRTOS/Source/tasks.c **** 	xYieldRequired = xTaskResumeAll();
 3699              		.loc 1 2620 15 is_stmt 0 view .LVU1056
 3700 0020 044A     		ldr	r2, .L293+4
 3701 0022 1368     		ldr	r3, [r2]
 3702 0024 2344     		add	r3, r3, r4
 3703 0026 1360     		str	r3, [r2]
2621:Middlewares/Third_Party/FreeRTOS/Source/tasks.c **** 
 3704              		.loc 1 2621 2 is_stmt 1 view .LVU1057
2621:Middlewares/Third_Party/FreeRTOS/Source/tasks.c **** 
 3705              		.loc 1 2621 19 is_stmt 0 view .LVU1058
 3706 0028 FFF7FEFF 		bl	xTaskResumeAll
 3707              	.LVL249:
2623:Middlewares/Third_Party/FreeRTOS/Source/tasks.c **** }
 3708              		.loc 1 2623 2 is_stmt 1 view .LVU1059
2624:Middlewares/Third_Party/FreeRTOS/Source/tasks.c **** /*----------------------------------------------------------*/
 3709              		.loc 1 2624 1 is_stmt 0 view .LVU1060
 3710 002c 10BD     		pop	{r4, pc}
 3711              	.LVL250:
 3712              	.L294:
2624:Middlewares/Third_Party/FreeRTOS/Source/tasks.c **** /*----------------------------------------------------------*/
 3713              		.loc 1 2624 1 view .LVU1061
ARM GAS  /tmp/ccV8B7BA.s 			page 179


 3714 002e 00BF     		.align	2
 3715              	.L293:
 3716 0030 00000000 		.word	uxSchedulerSuspended
 3717 0034 00000000 		.word	xPendedTicks
 3718              		.cfi_endproc
 3719              	.LFE28:
 3721              		.section	.text.vTaskSwitchContext,"ax",%progbits
 3722              		.align	1
 3723              		.global	vTaskSwitchContext
 3724              		.syntax unified
 3725              		.thumb
 3726              		.thumb_func
 3728              	vTaskSwitchContext:
 3729              	.LFB30:
2990:Middlewares/Third_Party/FreeRTOS/Source/tasks.c **** 	if( uxSchedulerSuspended != ( UBaseType_t ) pdFALSE )
 3730              		.loc 1 2990 1 is_stmt 1 view -0
 3731              		.cfi_startproc
 3732              		@ args = 0, pretend = 0, frame = 0
 3733              		@ frame_needed = 0, uses_anonymous_args = 0
 3734              		@ link register save eliminated.
2991:Middlewares/Third_Party/FreeRTOS/Source/tasks.c **** 	{
 3735              		.loc 1 2991 2 view .LVU1063
2991:Middlewares/Third_Party/FreeRTOS/Source/tasks.c **** 	{
 3736              		.loc 1 2991 27 is_stmt 0 view .LVU1064
 3737 0000 204B     		ldr	r3, .L306
 3738 0002 1B68     		ldr	r3, [r3]
2991:Middlewares/Third_Party/FreeRTOS/Source/tasks.c **** 	{
 3739              		.loc 1 2991 4 view .LVU1065
 3740 0004 1BB1     		cbz	r3, .L296
2995:Middlewares/Third_Party/FreeRTOS/Source/tasks.c **** 	}
 3741              		.loc 1 2995 3 is_stmt 1 view .LVU1066
2995:Middlewares/Third_Party/FreeRTOS/Source/tasks.c **** 	}
 3742              		.loc 1 2995 17 is_stmt 0 view .LVU1067
 3743 0006 204B     		ldr	r3, .L306+4
 3744 0008 0122     		movs	r2, #1
 3745 000a 1A60     		str	r2, [r3]
 3746 000c 7047     		bx	lr
 3747              	.L296:
2999:Middlewares/Third_Party/FreeRTOS/Source/tasks.c **** 		traceTASK_SWITCHED_OUT();
 3748              		.loc 1 2999 3 is_stmt 1 view .LVU1068
2999:Middlewares/Third_Party/FreeRTOS/Source/tasks.c **** 		traceTASK_SWITCHED_OUT();
 3749              		.loc 1 2999 17 is_stmt 0 view .LVU1069
 3750 000e 1E4B     		ldr	r3, .L306+4
 3751 0010 0022     		movs	r2, #0
 3752 0012 1A60     		str	r2, [r3]
3000:Middlewares/Third_Party/FreeRTOS/Source/tasks.c **** 
 3753              		.loc 1 3000 27 is_stmt 1 view .LVU1070
3030:Middlewares/Third_Party/FreeRTOS/Source/tasks.c **** 
 3754              		.loc 1 3030 33 view .LVU1071
 3755              	.LBB187:
3041:Middlewares/Third_Party/FreeRTOS/Source/tasks.c **** 		traceTASK_SWITCHED_IN();
 3756              		.loc 1 3041 3 view .LVU1072
 3757 0014 1D4B     		ldr	r3, .L306+8
 3758 0016 1B68     		ldr	r3, [r3]
 3759              	.LVL251:
3041:Middlewares/Third_Party/FreeRTOS/Source/tasks.c **** 		traceTASK_SWITCHED_IN();
 3760              		.loc 1 3041 3 view .LVU1073
ARM GAS  /tmp/ccV8B7BA.s 			page 180


 3761              	.L298:
3041:Middlewares/Third_Party/FreeRTOS/Source/tasks.c **** 		traceTASK_SWITCHED_IN();
 3762              		.loc 1 3041 3 discriminator 5 view .LVU1074
 3763 0018 03EB8301 		add	r1, r3, r3, lsl #2
 3764 001c 8A00     		lsls	r2, r1, #2
 3765 001e 1C49     		ldr	r1, .L306+12
 3766 0020 8A58     		ldr	r2, [r1, r2]
 3767 0022 5AB9     		cbnz	r2, .L303
3041:Middlewares/Third_Party/FreeRTOS/Source/tasks.c **** 		traceTASK_SWITCHED_IN();
 3768              		.loc 1 3041 3 discriminator 6 view .LVU1075
 3769 0024 0BB1     		cbz	r3, .L304
3041:Middlewares/Third_Party/FreeRTOS/Source/tasks.c **** 		traceTASK_SWITCHED_IN();
 3770              		.loc 1 3041 3 discriminator 3 view .LVU1076
3041:Middlewares/Third_Party/FreeRTOS/Source/tasks.c **** 		traceTASK_SWITCHED_IN();
 3771              		.loc 1 3041 3 discriminator 3 view .LVU1077
 3772 0026 013B     		subs	r3, r3, #1
 3773              	.LVL252:
3041:Middlewares/Third_Party/FreeRTOS/Source/tasks.c **** 		traceTASK_SWITCHED_IN();
 3774              		.loc 1 3041 3 is_stmt 0 discriminator 3 view .LVU1078
 3775 0028 F6E7     		b	.L298
 3776              	.L304:
3041:Middlewares/Third_Party/FreeRTOS/Source/tasks.c **** 		traceTASK_SWITCHED_IN();
 3777              		.loc 1 3041 3 is_stmt 1 discriminator 2 view .LVU1079
 3778              	.LBB188:
 3779              	.LBI188:
 193:Middlewares/Third_Party/FreeRTOS/Source/portable/GCC/ARM_CM3/portmacro.h **** {
 3780              		.loc 2 193 30 view .LVU1080
 3781              	.LBB189:
 195:Middlewares/Third_Party/FreeRTOS/Source/portable/GCC/ARM_CM3/portmacro.h **** 
 3782              		.loc 2 195 1 view .LVU1081
 197:Middlewares/Third_Party/FreeRTOS/Source/portable/GCC/ARM_CM3/portmacro.h **** 	(
 3783              		.loc 2 197 2 view .LVU1082
 3784              		.syntax unified
 3785              	@ 197 "Middlewares/Third_Party/FreeRTOS/Source/portable/GCC/ARM_CM3/portmacro.h" 1
 3786 002a 4FF05003 			mov r3, #80												
 3787 002e 83F31188 		msr basepri, r3											
 3788 0032 BFF36F8F 		isb														
 3789 0036 BFF34F8F 		dsb														
 3790              	
 3791              	@ 0 "" 2
 3792              	.LVL253:
 3793              		.thumb
 3794              		.syntax unified
 3795              	.L300:
 197:Middlewares/Third_Party/FreeRTOS/Source/portable/GCC/ARM_CM3/portmacro.h **** 	(
 3796              		.loc 2 197 2 is_stmt 0 view .LVU1083
 3797              	.LBE189:
 3798              	.LBE188:
3041:Middlewares/Third_Party/FreeRTOS/Source/tasks.c **** 		traceTASK_SWITCHED_IN();
 3799              		.loc 1 3041 3 is_stmt 1 discriminator 4 view .LVU1084
3041:Middlewares/Third_Party/FreeRTOS/Source/tasks.c **** 		traceTASK_SWITCHED_IN();
 3800              		.loc 1 3041 3 discriminator 4 view .LVU1085
 3801 003a FEE7     		b	.L300
 3802              	.LVL254:
 3803              	.L303:
 3804              	.LBB190:
3041:Middlewares/Third_Party/FreeRTOS/Source/tasks.c **** 		traceTASK_SWITCHED_IN();
ARM GAS  /tmp/ccV8B7BA.s 			page 181


 3805              		.loc 1 3041 3 discriminator 7 view .LVU1086
3041:Middlewares/Third_Party/FreeRTOS/Source/tasks.c **** 		traceTASK_SWITCHED_IN();
 3806              		.loc 1 3041 3 discriminator 7 view .LVU1087
 3807 003c 0846     		mov	r0, r1
 3808 003e 03EB8301 		add	r1, r3, r3, lsl #2
 3809 0042 8A00     		lsls	r2, r1, #2
 3810 0044 0244     		add	r2, r2, r0
 3811 0046 5168     		ldr	r1, [r2, #4]
 3812 0048 4968     		ldr	r1, [r1, #4]
 3813 004a 5160     		str	r1, [r2, #4]
3041:Middlewares/Third_Party/FreeRTOS/Source/tasks.c **** 		traceTASK_SWITCHED_IN();
 3814              		.loc 1 3041 3 discriminator 7 view .LVU1088
 3815 004c 03EB830C 		add	ip, r3, r3, lsl #2
 3816 0050 4FEA8C02 		lsl	r2, ip, #2
 3817 0054 0832     		adds	r2, r2, #8
 3818 0056 0244     		add	r2, r2, r0
 3819 0058 9142     		cmp	r1, r2
 3820 005a 0BD0     		beq	.L305
 3821              	.L302:
3041:Middlewares/Third_Party/FreeRTOS/Source/tasks.c **** 		traceTASK_SWITCHED_IN();
 3822              		.loc 1 3041 3 discriminator 10 view .LVU1089
 3823 005c 03EB8302 		add	r2, r3, r3, lsl #2
 3824 0060 9100     		lsls	r1, r2, #2
 3825 0062 0B4A     		ldr	r2, .L306+12
 3826 0064 0A44     		add	r2, r2, r1
 3827 0066 5268     		ldr	r2, [r2, #4]
 3828 0068 D168     		ldr	r1, [r2, #12]
 3829 006a 0A4A     		ldr	r2, .L306+16
 3830 006c 1160     		str	r1, [r2]
 3831              	.LBE190:
3041:Middlewares/Third_Party/FreeRTOS/Source/tasks.c **** 		traceTASK_SWITCHED_IN();
 3832              		.loc 1 3041 3 discriminator 10 view .LVU1090
3041:Middlewares/Third_Party/FreeRTOS/Source/tasks.c **** 		traceTASK_SWITCHED_IN();
 3833              		.loc 1 3041 3 discriminator 10 view .LVU1091
 3834 006e 074A     		ldr	r2, .L306+8
 3835 0070 1360     		str	r3, [r2]
 3836              	.LBE187:
3041:Middlewares/Third_Party/FreeRTOS/Source/tasks.c **** 		traceTASK_SWITCHED_IN();
 3837              		.loc 1 3041 37 discriminator 11 view .LVU1092
3042:Middlewares/Third_Party/FreeRTOS/Source/tasks.c **** 
 3838              		.loc 1 3042 26 view .LVU1093
3061:Middlewares/Third_Party/FreeRTOS/Source/tasks.c **** /*-----------------------------------------------------------*/
 3839              		.loc 1 3061 1 is_stmt 0 view .LVU1094
 3840 0072 7047     		bx	lr
 3841              	.L305:
 3842              	.LBB192:
 3843              	.LBB191:
3041:Middlewares/Third_Party/FreeRTOS/Source/tasks.c **** 		traceTASK_SWITCHED_IN();
 3844              		.loc 1 3041 3 is_stmt 1 discriminator 8 view .LVU1095
 3845 0074 4868     		ldr	r0, [r1, #4]
 3846 0076 6246     		mov	r2, ip
 3847 0078 9100     		lsls	r1, r2, #2
 3848 007a 054A     		ldr	r2, .L306+12
 3849 007c 0A44     		add	r2, r2, r1
 3850 007e 5060     		str	r0, [r2, #4]
 3851 0080 ECE7     		b	.L302
 3852              	.L307:
ARM GAS  /tmp/ccV8B7BA.s 			page 182


 3853 0082 00BF     		.align	2
 3854              	.L306:
 3855 0084 00000000 		.word	uxSchedulerSuspended
 3856 0088 00000000 		.word	xYieldPending
 3857 008c 00000000 		.word	uxTopReadyPriority
 3858 0090 00000000 		.word	pxReadyTasksLists
 3859 0094 00000000 		.word	pxCurrentTCB
 3860              	.LBE191:
 3861              	.LBE192:
 3862              		.cfi_endproc
 3863              	.LFE30:
 3865              		.section	.text.vTaskSuspend,"ax",%progbits
 3866              		.align	1
 3867              		.global	vTaskSuspend
 3868              		.syntax unified
 3869              		.thumb
 3870              		.thumb_func
 3872              	vTaskSuspend:
 3873              	.LVL255:
 3874              	.LFB15:
1705:Middlewares/Third_Party/FreeRTOS/Source/tasks.c **** 	TCB_t *pxTCB;
 3875              		.loc 1 1705 2 view -0
 3876              		.cfi_startproc
 3877              		@ args = 0, pretend = 0, frame = 0
 3878              		@ frame_needed = 0, uses_anonymous_args = 0
1705:Middlewares/Third_Party/FreeRTOS/Source/tasks.c **** 	TCB_t *pxTCB;
 3879              		.loc 1 1705 2 is_stmt 0 view .LVU1097
 3880 0000 38B5     		push	{r3, r4, r5, lr}
 3881              	.LCFI32:
 3882              		.cfi_def_cfa_offset 16
 3883              		.cfi_offset 3, -16
 3884              		.cfi_offset 4, -12
 3885              		.cfi_offset 5, -8
 3886              		.cfi_offset 14, -4
 3887 0002 0446     		mov	r4, r0
1706:Middlewares/Third_Party/FreeRTOS/Source/tasks.c **** 
 3888              		.loc 1 1706 2 is_stmt 1 view .LVU1098
1708:Middlewares/Third_Party/FreeRTOS/Source/tasks.c **** 		{
 3889              		.loc 1 1708 3 view .LVU1099
 3890 0004 FFF7FEFF 		bl	vPortEnterCritical
 3891              	.LVL256:
1712:Middlewares/Third_Party/FreeRTOS/Source/tasks.c **** 
 3892              		.loc 1 1712 4 view .LVU1100
1712:Middlewares/Third_Party/FreeRTOS/Source/tasks.c **** 
 3893              		.loc 1 1712 12 is_stmt 0 view .LVU1101
 3894 0008 E4B1     		cbz	r4, .L319
 3895              	.LVL257:
 3896              	.L309:
1714:Middlewares/Third_Party/FreeRTOS/Source/tasks.c **** 
 3897              		.loc 1 1714 30 is_stmt 1 view .LVU1102
1718:Middlewares/Third_Party/FreeRTOS/Source/tasks.c **** 			{
 3898              		.loc 1 1718 4 view .LVU1103
1718:Middlewares/Third_Party/FreeRTOS/Source/tasks.c **** 			{
 3899              		.loc 1 1718 8 is_stmt 0 view .LVU1104
 3900 000a 251D     		adds	r5, r4, #4
 3901 000c 2846     		mov	r0, r5
 3902 000e FFF7FEFF 		bl	uxListRemove
ARM GAS  /tmp/ccV8B7BA.s 			page 183


 3903              	.LVL258:
1720:Middlewares/Third_Party/FreeRTOS/Source/tasks.c **** 			}
 3904              		.loc 1 1720 50 is_stmt 1 view .LVU1105
1724:Middlewares/Third_Party/FreeRTOS/Source/tasks.c **** 			}
 3905              		.loc 1 1724 29 view .LVU1106
1728:Middlewares/Third_Party/FreeRTOS/Source/tasks.c **** 			{
 3906              		.loc 1 1728 4 view .LVU1107
1728:Middlewares/Third_Party/FreeRTOS/Source/tasks.c **** 			{
 3907              		.loc 1 1728 8 is_stmt 0 view .LVU1108
 3908 0012 A36A     		ldr	r3, [r4, #40]
1728:Middlewares/Third_Party/FreeRTOS/Source/tasks.c **** 			{
 3909              		.loc 1 1728 6 view .LVU1109
 3910 0014 1BB1     		cbz	r3, .L310
1730:Middlewares/Third_Party/FreeRTOS/Source/tasks.c **** 			}
 3911              		.loc 1 1730 5 is_stmt 1 view .LVU1110
1730:Middlewares/Third_Party/FreeRTOS/Source/tasks.c **** 			}
 3912              		.loc 1 1730 14 is_stmt 0 view .LVU1111
 3913 0016 04F11800 		add	r0, r4, #24
 3914 001a FFF7FEFF 		bl	uxListRemove
 3915              	.LVL259:
 3916              	.L310:
1734:Middlewares/Third_Party/FreeRTOS/Source/tasks.c **** 			}
 3917              		.loc 1 1734 29 is_stmt 1 view .LVU1112
1737:Middlewares/Third_Party/FreeRTOS/Source/tasks.c **** 
 3918              		.loc 1 1737 4 view .LVU1113
 3919 001e 2946     		mov	r1, r5
 3920 0020 2348     		ldr	r0, .L323
 3921 0022 FFF7FEFF 		bl	vListInsertEnd
 3922              	.LVL260:
1741:Middlewares/Third_Party/FreeRTOS/Source/tasks.c **** 				{
 3923              		.loc 1 1741 5 view .LVU1114
1741:Middlewares/Third_Party/FreeRTOS/Source/tasks.c **** 				{
 3924              		.loc 1 1741 14 is_stmt 0 view .LVU1115
 3925 0026 94F85830 		ldrb	r3, [r4, #88]	@ zero_extendqisi2
 3926 002a DBB2     		uxtb	r3, r3
1741:Middlewares/Third_Party/FreeRTOS/Source/tasks.c **** 				{
 3927              		.loc 1 1741 7 view .LVU1116
 3928 002c 012B     		cmp	r3, #1
 3929 002e 0CD0     		beq	.L320
 3930              	.L311:
1750:Middlewares/Third_Party/FreeRTOS/Source/tasks.c **** 
 3931              		.loc 1 1750 3 is_stmt 1 view .LVU1117
 3932 0030 FFF7FEFF 		bl	vPortExitCritical
 3933              	.LVL261:
1752:Middlewares/Third_Party/FreeRTOS/Source/tasks.c **** 		{
 3934              		.loc 1 1752 3 view .LVU1118
1752:Middlewares/Third_Party/FreeRTOS/Source/tasks.c **** 		{
 3935              		.loc 1 1752 25 is_stmt 0 view .LVU1119
 3936 0034 1F4B     		ldr	r3, .L323+4
 3937 0036 1B68     		ldr	r3, [r3]
1752:Middlewares/Third_Party/FreeRTOS/Source/tasks.c **** 		{
 3938              		.loc 1 1752 5 view .LVU1120
 3939 0038 5BB9     		cbnz	r3, .L321
 3940              	.L312:
1764:Middlewares/Third_Party/FreeRTOS/Source/tasks.c **** 		}
 3941              		.loc 1 1764 28 is_stmt 1 view .LVU1121
1767:Middlewares/Third_Party/FreeRTOS/Source/tasks.c **** 		{
ARM GAS  /tmp/ccV8B7BA.s 			page 184


 3942              		.loc 1 1767 3 view .LVU1122
1767:Middlewares/Third_Party/FreeRTOS/Source/tasks.c **** 		{
 3943              		.loc 1 1767 13 is_stmt 0 view .LVU1123
 3944 003a 1F4B     		ldr	r3, .L323+8
 3945 003c 1B68     		ldr	r3, [r3]
1767:Middlewares/Third_Party/FreeRTOS/Source/tasks.c **** 		{
 3946              		.loc 1 1767 5 view .LVU1124
 3947 003e A342     		cmp	r3, r4
 3948 0040 0ED0     		beq	.L322
 3949              	.L308:
1798:Middlewares/Third_Party/FreeRTOS/Source/tasks.c **** 
 3950              		.loc 1 1798 2 view .LVU1125
 3951 0042 38BD     		pop	{r3, r4, r5, pc}
 3952              	.LVL262:
 3953              	.L319:
1712:Middlewares/Third_Party/FreeRTOS/Source/tasks.c **** 
 3954              		.loc 1 1712 12 discriminator 1 view .LVU1126
 3955 0044 1C4B     		ldr	r3, .L323+8
 3956 0046 1C68     		ldr	r4, [r3]
 3957              	.LVL263:
1712:Middlewares/Third_Party/FreeRTOS/Source/tasks.c **** 
 3958              		.loc 1 1712 12 discriminator 1 view .LVU1127
 3959 0048 DFE7     		b	.L309
 3960              	.LVL264:
 3961              	.L320:
1745:Middlewares/Third_Party/FreeRTOS/Source/tasks.c **** 				}
 3962              		.loc 1 1745 6 is_stmt 1 view .LVU1128
1745:Middlewares/Third_Party/FreeRTOS/Source/tasks.c **** 				}
 3963              		.loc 1 1745 27 is_stmt 0 view .LVU1129
 3964 004a 0023     		movs	r3, #0
 3965 004c 84F85830 		strb	r3, [r4, #88]
 3966 0050 EEE7     		b	.L311
 3967              	.L321:
1756:Middlewares/Third_Party/FreeRTOS/Source/tasks.c **** 			{
 3968              		.loc 1 1756 4 is_stmt 1 view .LVU1130
 3969 0052 FFF7FEFF 		bl	vPortEnterCritical
 3970              	.LVL265:
1758:Middlewares/Third_Party/FreeRTOS/Source/tasks.c **** 			}
 3971              		.loc 1 1758 5 view .LVU1131
 3972 0056 FFF7FEFF 		bl	prvResetNextTaskUnblockTime
 3973              	.LVL266:
1760:Middlewares/Third_Party/FreeRTOS/Source/tasks.c **** 		}
 3974              		.loc 1 1760 4 view .LVU1132
 3975 005a FFF7FEFF 		bl	vPortExitCritical
 3976              	.LVL267:
 3977 005e ECE7     		b	.L312
 3978              	.L322:
1769:Middlewares/Third_Party/FreeRTOS/Source/tasks.c **** 			{
 3979              		.loc 1 1769 4 view .LVU1133
1769:Middlewares/Third_Party/FreeRTOS/Source/tasks.c **** 			{
 3980              		.loc 1 1769 26 is_stmt 0 view .LVU1134
 3981 0060 144B     		ldr	r3, .L323+4
 3982 0062 1B68     		ldr	r3, [r3]
1769:Middlewares/Third_Party/FreeRTOS/Source/tasks.c **** 			{
 3983              		.loc 1 1769 6 view .LVU1135
 3984 0064 B3B1     		cbz	r3, .L314
1772:Middlewares/Third_Party/FreeRTOS/Source/tasks.c **** 				portYIELD_WITHIN_API();
ARM GAS  /tmp/ccV8B7BA.s 			page 185


 3985              		.loc 1 1772 5 is_stmt 1 view .LVU1136
 3986 0066 154B     		ldr	r3, .L323+12
 3987 0068 1B68     		ldr	r3, [r3]
 3988 006a 43B1     		cbz	r3, .L315
1772:Middlewares/Third_Party/FreeRTOS/Source/tasks.c **** 				portYIELD_WITHIN_API();
 3989              		.loc 1 1772 5 discriminator 1 view .LVU1137
 3990              	.LBB193:
 3991              	.LBI193:
 193:Middlewares/Third_Party/FreeRTOS/Source/portable/GCC/ARM_CM3/portmacro.h **** {
 3992              		.loc 2 193 30 view .LVU1138
 3993              	.LBB194:
 195:Middlewares/Third_Party/FreeRTOS/Source/portable/GCC/ARM_CM3/portmacro.h **** 
 3994              		.loc 2 195 1 view .LVU1139
 197:Middlewares/Third_Party/FreeRTOS/Source/portable/GCC/ARM_CM3/portmacro.h **** 	(
 3995              		.loc 2 197 2 view .LVU1140
 3996              		.syntax unified
 3997              	@ 197 "Middlewares/Third_Party/FreeRTOS/Source/portable/GCC/ARM_CM3/portmacro.h" 1
 3998 006c 4FF05003 			mov r3, #80												
 3999 0070 83F31188 		msr basepri, r3											
 4000 0074 BFF36F8F 		isb														
 4001 0078 BFF34F8F 		dsb														
 4002              	
 4003              	@ 0 "" 2
 4004              		.thumb
 4005              		.syntax unified
 4006              	.L316:
 4007              	.LBE194:
 4008              	.LBE193:
1772:Middlewares/Third_Party/FreeRTOS/Source/tasks.c **** 				portYIELD_WITHIN_API();
 4009              		.loc 1 1772 5 discriminator 3 view .LVU1141
1772:Middlewares/Third_Party/FreeRTOS/Source/tasks.c **** 				portYIELD_WITHIN_API();
 4010              		.loc 1 1772 5 discriminator 3 view .LVU1142
 4011 007c FEE7     		b	.L316
 4012              	.L315:
1772:Middlewares/Third_Party/FreeRTOS/Source/tasks.c **** 				portYIELD_WITHIN_API();
 4013              		.loc 1 1772 46 discriminator 2 view .LVU1143
1773:Middlewares/Third_Party/FreeRTOS/Source/tasks.c **** 			}
 4014              		.loc 1 1773 5 view .LVU1144
 4015 007e 4FF0E023 		mov	r3, #-536813568
 4016 0082 4FF08052 		mov	r2, #268435456
 4017 0086 C3F8042D 		str	r2, [r3, #3332]
1773:Middlewares/Third_Party/FreeRTOS/Source/tasks.c **** 			}
 4018              		.loc 1 1773 5 view .LVU1145
 4019              		.syntax unified
 4020              	@ 1773 "Middlewares/Third_Party/FreeRTOS/Source/tasks.c" 1
 4021 008a BFF34F8F 		dsb
 4022              	@ 0 "" 2
1773:Middlewares/Third_Party/FreeRTOS/Source/tasks.c **** 			}
 4023              		.loc 1 1773 5 view .LVU1146
 4024              	@ 1773 "Middlewares/Third_Party/FreeRTOS/Source/tasks.c" 1
 4025 008e BFF36F8F 		isb
 4026              	@ 0 "" 2
1773:Middlewares/Third_Party/FreeRTOS/Source/tasks.c **** 			}
 4027              		.loc 1 1773 27 view .LVU1147
 4028              		.thumb
 4029              		.syntax unified
 4030 0092 D6E7     		b	.L308
ARM GAS  /tmp/ccV8B7BA.s 			page 186


 4031              	.L314:
1780:Middlewares/Third_Party/FreeRTOS/Source/tasks.c **** 				{
 4032              		.loc 1 1780 5 view .LVU1148
1780:Middlewares/Third_Party/FreeRTOS/Source/tasks.c **** 				{
 4033              		.loc 1 1780 9 is_stmt 0 view .LVU1149
 4034 0094 064B     		ldr	r3, .L323
 4035 0096 1A68     		ldr	r2, [r3]
1780:Middlewares/Third_Party/FreeRTOS/Source/tasks.c **** 				{
 4036              		.loc 1 1780 56 view .LVU1150
 4037 0098 094B     		ldr	r3, .L323+16
 4038 009a 1B68     		ldr	r3, [r3]
1780:Middlewares/Third_Party/FreeRTOS/Source/tasks.c **** 				{
 4039              		.loc 1 1780 7 view .LVU1151
 4040 009c 9A42     		cmp	r2, r3
 4041 009e 03D1     		bne	.L317
1786:Middlewares/Third_Party/FreeRTOS/Source/tasks.c **** 				}
 4042              		.loc 1 1786 6 is_stmt 1 view .LVU1152
1786:Middlewares/Third_Party/FreeRTOS/Source/tasks.c **** 				}
 4043              		.loc 1 1786 19 is_stmt 0 view .LVU1153
 4044 00a0 054B     		ldr	r3, .L323+8
 4045 00a2 0022     		movs	r2, #0
 4046 00a4 1A60     		str	r2, [r3]
 4047 00a6 CCE7     		b	.L308
 4048              	.L317:
1790:Middlewares/Third_Party/FreeRTOS/Source/tasks.c **** 				}
 4049              		.loc 1 1790 6 is_stmt 1 view .LVU1154
 4050 00a8 FFF7FEFF 		bl	vTaskSwitchContext
 4051              	.LVL268:
1796:Middlewares/Third_Party/FreeRTOS/Source/tasks.c **** 		}
 4052              		.loc 1 1796 28 view .LVU1155
1798:Middlewares/Third_Party/FreeRTOS/Source/tasks.c **** 
 4053              		.loc 1 1798 2 is_stmt 0 view .LVU1156
 4054 00ac C9E7     		b	.L308
 4055              	.L324:
 4056 00ae 00BF     		.align	2
 4057              	.L323:
 4058 00b0 00000000 		.word	xSuspendedTaskList
 4059 00b4 00000000 		.word	xSchedulerRunning
 4060 00b8 00000000 		.word	pxCurrentTCB
 4061 00bc 00000000 		.word	uxSchedulerSuspended
 4062 00c0 00000000 		.word	uxCurrentNumberOfTasks
 4063              		.cfi_endproc
 4064              	.LFE15:
 4066              		.section	.text.vTaskPlaceOnEventList,"ax",%progbits
 4067              		.align	1
 4068              		.global	vTaskPlaceOnEventList
 4069              		.syntax unified
 4070              		.thumb
 4071              		.thumb_func
 4073              	vTaskPlaceOnEventList:
 4074              	.LVL269:
 4075              	.LFB31:
3065:Middlewares/Third_Party/FreeRTOS/Source/tasks.c **** 	configASSERT( pxEventList );
 4076              		.loc 1 3065 1 is_stmt 1 view -0
 4077              		.cfi_startproc
 4078              		@ args = 0, pretend = 0, frame = 0
 4079              		@ frame_needed = 0, uses_anonymous_args = 0
ARM GAS  /tmp/ccV8B7BA.s 			page 187


3066:Middlewares/Third_Party/FreeRTOS/Source/tasks.c **** 
 4080              		.loc 1 3066 2 view .LVU1158
 4081 0000 58B1     		cbz	r0, .L330
3065:Middlewares/Third_Party/FreeRTOS/Source/tasks.c **** 	configASSERT( pxEventList );
 4082              		.loc 1 3065 1 is_stmt 0 view .LVU1159
 4083 0002 10B5     		push	{r4, lr}
 4084              	.LCFI33:
 4085              		.cfi_def_cfa_offset 8
 4086              		.cfi_offset 4, -8
 4087              		.cfi_offset 14, -4
 4088 0004 0C46     		mov	r4, r1
3066:Middlewares/Third_Party/FreeRTOS/Source/tasks.c **** 
 4089              		.loc 1 3066 29 is_stmt 1 discriminator 2 view .LVU1160
3075:Middlewares/Third_Party/FreeRTOS/Source/tasks.c **** 
 4090              		.loc 1 3075 2 view .LVU1161
3075:Middlewares/Third_Party/FreeRTOS/Source/tasks.c **** 
 4091              		.loc 1 3075 43 is_stmt 0 view .LVU1162
 4092 0006 094A     		ldr	r2, .L331
 4093 0008 1168     		ldr	r1, [r2]
 4094              	.LVL270:
3075:Middlewares/Third_Party/FreeRTOS/Source/tasks.c **** 
 4095              		.loc 1 3075 2 view .LVU1163
 4096 000a 1831     		adds	r1, r1, #24
 4097 000c FFF7FEFF 		bl	vListInsert
 4098              	.LVL271:
3077:Middlewares/Third_Party/FreeRTOS/Source/tasks.c **** }
 4099              		.loc 1 3077 2 is_stmt 1 view .LVU1164
 4100 0010 0121     		movs	r1, #1
 4101 0012 2046     		mov	r0, r4
 4102 0014 FFF7FEFF 		bl	prvAddCurrentTaskToDelayedList
 4103              	.LVL272:
3078:Middlewares/Third_Party/FreeRTOS/Source/tasks.c **** /*-----------------------------------------------------------*/
 4104              		.loc 1 3078 1 is_stmt 0 view .LVU1165
 4105 0018 10BD     		pop	{r4, pc}
 4106              	.LVL273:
 4107              	.L330:
 4108              	.LCFI34:
 4109              		.cfi_def_cfa_offset 0
 4110              		.cfi_restore 4
 4111              		.cfi_restore 14
3066:Middlewares/Third_Party/FreeRTOS/Source/tasks.c **** 
 4112              		.loc 1 3066 2 is_stmt 1 discriminator 1 view .LVU1166
 4113              	.LBB195:
 4114              	.LBI195:
 193:Middlewares/Third_Party/FreeRTOS/Source/portable/GCC/ARM_CM3/portmacro.h **** {
 4115              		.loc 2 193 30 view .LVU1167
 4116              	.LBB196:
 195:Middlewares/Third_Party/FreeRTOS/Source/portable/GCC/ARM_CM3/portmacro.h **** 
 4117              		.loc 2 195 1 view .LVU1168
 197:Middlewares/Third_Party/FreeRTOS/Source/portable/GCC/ARM_CM3/portmacro.h **** 	(
 4118              		.loc 2 197 2 view .LVU1169
 4119              		.syntax unified
 4120              	@ 197 "Middlewares/Third_Party/FreeRTOS/Source/portable/GCC/ARM_CM3/portmacro.h" 1
 4121 001a 4FF05003 			mov r3, #80												
 4122 001e 83F31188 		msr basepri, r3											
 4123 0022 BFF36F8F 		isb														
 4124 0026 BFF34F8F 		dsb														
ARM GAS  /tmp/ccV8B7BA.s 			page 188


 4125              	
 4126              	@ 0 "" 2
 4127              		.thumb
 4128              		.syntax unified
 4129              	.L327:
 4130              	.LBE196:
 4131              	.LBE195:
3066:Middlewares/Third_Party/FreeRTOS/Source/tasks.c **** 
 4132              		.loc 1 3066 2 discriminator 3 view .LVU1170
3066:Middlewares/Third_Party/FreeRTOS/Source/tasks.c **** 
 4133              		.loc 1 3066 2 discriminator 3 view .LVU1171
 4134 002a FEE7     		b	.L327
 4135              	.L332:
 4136              		.align	2
 4137              	.L331:
 4138 002c 00000000 		.word	pxCurrentTCB
 4139              		.cfi_endproc
 4140              	.LFE31:
 4142              		.section	.text.vTaskPlaceOnUnorderedEventList,"ax",%progbits
 4143              		.align	1
 4144              		.global	vTaskPlaceOnUnorderedEventList
 4145              		.syntax unified
 4146              		.thumb
 4147              		.thumb_func
 4149              	vTaskPlaceOnUnorderedEventList:
 4150              	.LVL274:
 4151              	.LFB32:
3082:Middlewares/Third_Party/FreeRTOS/Source/tasks.c **** 	configASSERT( pxEventList );
 4152              		.loc 1 3082 1 view -0
 4153              		.cfi_startproc
 4154              		@ args = 0, pretend = 0, frame = 0
 4155              		@ frame_needed = 0, uses_anonymous_args = 0
3083:Middlewares/Third_Party/FreeRTOS/Source/tasks.c **** 
 4156              		.loc 1 3083 2 view .LVU1173
 4157 0000 70B1     		cbz	r0, .L340
3082:Middlewares/Third_Party/FreeRTOS/Source/tasks.c **** 	configASSERT( pxEventList );
 4158              		.loc 1 3082 1 is_stmt 0 view .LVU1174
 4159 0002 10B5     		push	{r4, lr}
 4160              	.LCFI35:
 4161              		.cfi_def_cfa_offset 8
 4162              		.cfi_offset 4, -8
 4163              		.cfi_offset 14, -4
 4164 0004 1446     		mov	r4, r2
 4165 0006 0246     		mov	r2, r0
 4166              	.LVL275:
3083:Middlewares/Third_Party/FreeRTOS/Source/tasks.c **** 
 4167              		.loc 1 3083 29 is_stmt 1 discriminator 2 view .LVU1175
3087:Middlewares/Third_Party/FreeRTOS/Source/tasks.c **** 
 4168              		.loc 1 3087 2 view .LVU1176
 4169 0008 114B     		ldr	r3, .L341
 4170 000a 1B68     		ldr	r3, [r3]
 4171 000c 8BB9     		cbnz	r3, .L336
3087:Middlewares/Third_Party/FreeRTOS/Source/tasks.c **** 
 4172              		.loc 1 3087 2 discriminator 1 view .LVU1177
 4173              	.LBB197:
 4174              	.LBI197:
 193:Middlewares/Third_Party/FreeRTOS/Source/portable/GCC/ARM_CM3/portmacro.h **** {
ARM GAS  /tmp/ccV8B7BA.s 			page 189


 4175              		.loc 2 193 30 view .LVU1178
 4176              	.LBB198:
 195:Middlewares/Third_Party/FreeRTOS/Source/portable/GCC/ARM_CM3/portmacro.h **** 
 4177              		.loc 2 195 1 view .LVU1179
 197:Middlewares/Third_Party/FreeRTOS/Source/portable/GCC/ARM_CM3/portmacro.h **** 	(
 4178              		.loc 2 197 2 view .LVU1180
 4179              		.syntax unified
 4180              	@ 197 "Middlewares/Third_Party/FreeRTOS/Source/portable/GCC/ARM_CM3/portmacro.h" 1
 4181 000e 4FF05003 			mov r3, #80												
 4182 0012 83F31188 		msr basepri, r3											
 4183 0016 BFF36F8F 		isb														
 4184 001a BFF34F8F 		dsb														
 4185              	
 4186              	@ 0 "" 2
 4187              		.thumb
 4188              		.syntax unified
 4189              	.L337:
 4190              	.LBE198:
 4191              	.LBE197:
3087:Middlewares/Third_Party/FreeRTOS/Source/tasks.c **** 
 4192              		.loc 1 3087 2 discriminator 3 view .LVU1181
3087:Middlewares/Third_Party/FreeRTOS/Source/tasks.c **** 
 4193              		.loc 1 3087 2 discriminator 3 view .LVU1182
 4194 001e FEE7     		b	.L337
 4195              	.LVL276:
 4196              	.L340:
 4197              	.LCFI36:
 4198              		.cfi_def_cfa_offset 0
 4199              		.cfi_restore 4
 4200              		.cfi_restore 14
3083:Middlewares/Third_Party/FreeRTOS/Source/tasks.c **** 
 4201              		.loc 1 3083 2 discriminator 1 view .LVU1183
 4202              	.LBB199:
 4203              	.LBI199:
 193:Middlewares/Third_Party/FreeRTOS/Source/portable/GCC/ARM_CM3/portmacro.h **** {
 4204              		.loc 2 193 30 view .LVU1184
 4205              	.LBB200:
 195:Middlewares/Third_Party/FreeRTOS/Source/portable/GCC/ARM_CM3/portmacro.h **** 
 4206              		.loc 2 195 1 view .LVU1185
 197:Middlewares/Third_Party/FreeRTOS/Source/portable/GCC/ARM_CM3/portmacro.h **** 	(
 4207              		.loc 2 197 2 view .LVU1186
 4208              		.syntax unified
 4209              	@ 197 "Middlewares/Third_Party/FreeRTOS/Source/portable/GCC/ARM_CM3/portmacro.h" 1
 4210 0020 4FF05003 			mov r3, #80												
 4211 0024 83F31188 		msr basepri, r3											
 4212 0028 BFF36F8F 		isb														
 4213 002c BFF34F8F 		dsb														
 4214              	
 4215              	@ 0 "" 2
 4216              		.thumb
 4217              		.syntax unified
 4218              	.L335:
 4219              	.LBE200:
 4220              	.LBE199:
3083:Middlewares/Third_Party/FreeRTOS/Source/tasks.c **** 
 4221              		.loc 1 3083 2 discriminator 3 view .LVU1187
3083:Middlewares/Third_Party/FreeRTOS/Source/tasks.c **** 
ARM GAS  /tmp/ccV8B7BA.s 			page 190


 4222              		.loc 1 3083 2 discriminator 3 view .LVU1188
 4223 0030 FEE7     		b	.L335
 4224              	.LVL277:
 4225              	.L336:
 4226              	.LCFI37:
 4227              		.cfi_def_cfa_offset 8
 4228              		.cfi_offset 4, -8
 4229              		.cfi_offset 14, -4
3087:Middlewares/Third_Party/FreeRTOS/Source/tasks.c **** 
 4230              		.loc 1 3087 43 discriminator 2 view .LVU1189
3092:Middlewares/Third_Party/FreeRTOS/Source/tasks.c **** 
 4231              		.loc 1 3092 2 view .LVU1190
 4232 0032 084B     		ldr	r3, .L341+4
 4233 0034 1868     		ldr	r0, [r3]
 4234              	.LVL278:
3092:Middlewares/Third_Party/FreeRTOS/Source/tasks.c **** 
 4235              		.loc 1 3092 2 is_stmt 0 view .LVU1191
 4236 0036 41F00041 		orr	r1, r1, #-2147483648
 4237              	.LVL279:
3092:Middlewares/Third_Party/FreeRTOS/Source/tasks.c **** 
 4238              		.loc 1 3092 2 view .LVU1192
 4239 003a 8161     		str	r1, [r0, #24]
3099:Middlewares/Third_Party/FreeRTOS/Source/tasks.c **** 
 4240              		.loc 1 3099 2 is_stmt 1 view .LVU1193
3099:Middlewares/Third_Party/FreeRTOS/Source/tasks.c **** 
 4241              		.loc 1 3099 46 is_stmt 0 view .LVU1194
 4242 003c 1968     		ldr	r1, [r3]
3099:Middlewares/Third_Party/FreeRTOS/Source/tasks.c **** 
 4243              		.loc 1 3099 2 view .LVU1195
 4244 003e 1831     		adds	r1, r1, #24
 4245 0040 1046     		mov	r0, r2
 4246 0042 FFF7FEFF 		bl	vListInsertEnd
 4247              	.LVL280:
3101:Middlewares/Third_Party/FreeRTOS/Source/tasks.c **** }
 4248              		.loc 1 3101 2 is_stmt 1 view .LVU1196
 4249 0046 0121     		movs	r1, #1
 4250 0048 2046     		mov	r0, r4
 4251 004a FFF7FEFF 		bl	prvAddCurrentTaskToDelayedList
 4252              	.LVL281:
3102:Middlewares/Third_Party/FreeRTOS/Source/tasks.c **** /*-----------------------------------------------------------*/
 4253              		.loc 1 3102 1 is_stmt 0 view .LVU1197
 4254 004e 10BD     		pop	{r4, pc}
 4255              	.LVL282:
 4256              	.L342:
3102:Middlewares/Third_Party/FreeRTOS/Source/tasks.c **** /*-----------------------------------------------------------*/
 4257              		.loc 1 3102 1 view .LVU1198
 4258              		.align	2
 4259              	.L341:
 4260 0050 00000000 		.word	uxSchedulerSuspended
 4261 0054 00000000 		.word	pxCurrentTCB
 4262              		.cfi_endproc
 4263              	.LFE32:
 4265              		.section	.text.vTaskPlaceOnEventListRestricted,"ax",%progbits
 4266              		.align	1
 4267              		.global	vTaskPlaceOnEventListRestricted
 4268              		.syntax unified
 4269              		.thumb
ARM GAS  /tmp/ccV8B7BA.s 			page 191


 4270              		.thumb_func
 4272              	vTaskPlaceOnEventListRestricted:
 4273              	.LVL283:
 4274              	.LFB33:
3108:Middlewares/Third_Party/FreeRTOS/Source/tasks.c **** 		configASSERT( pxEventList );
 4275              		.loc 1 3108 2 is_stmt 1 view -0
 4276              		.cfi_startproc
 4277              		@ args = 0, pretend = 0, frame = 0
 4278              		@ frame_needed = 0, uses_anonymous_args = 0
3108:Middlewares/Third_Party/FreeRTOS/Source/tasks.c **** 		configASSERT( pxEventList );
 4279              		.loc 1 3108 2 is_stmt 0 view .LVU1200
 4280 0000 38B5     		push	{r3, r4, r5, lr}
 4281              	.LCFI38:
 4282              		.cfi_def_cfa_offset 16
 4283              		.cfi_offset 3, -16
 4284              		.cfi_offset 4, -12
 4285              		.cfi_offset 5, -8
 4286              		.cfi_offset 14, -4
3109:Middlewares/Third_Party/FreeRTOS/Source/tasks.c **** 
 4287              		.loc 1 3109 3 is_stmt 1 view .LVU1201
 4288 0002 70B1     		cbz	r0, .L349
 4289 0004 0D46     		mov	r5, r1
 4290 0006 1446     		mov	r4, r2
3109:Middlewares/Third_Party/FreeRTOS/Source/tasks.c **** 
 4291              		.loc 1 3109 30 discriminator 2 view .LVU1202
3121:Middlewares/Third_Party/FreeRTOS/Source/tasks.c **** 
 4292              		.loc 1 3121 3 view .LVU1203
3121:Middlewares/Third_Party/FreeRTOS/Source/tasks.c **** 
 4293              		.loc 1 3121 47 is_stmt 0 view .LVU1204
 4294 0008 0A4A     		ldr	r2, .L350
 4295              	.LVL284:
3121:Middlewares/Third_Party/FreeRTOS/Source/tasks.c **** 
 4296              		.loc 1 3121 47 view .LVU1205
 4297 000a 1168     		ldr	r1, [r2]
 4298              	.LVL285:
3121:Middlewares/Third_Party/FreeRTOS/Source/tasks.c **** 
 4299              		.loc 1 3121 3 view .LVU1206
 4300 000c 1831     		adds	r1, r1, #24
 4301 000e FFF7FEFF 		bl	vListInsertEnd
 4302              	.LVL286:
3126:Middlewares/Third_Party/FreeRTOS/Source/tasks.c **** 		{
 4303              		.loc 1 3126 3 is_stmt 1 view .LVU1207
3126:Middlewares/Third_Party/FreeRTOS/Source/tasks.c **** 		{
 4304              		.loc 1 3126 5 is_stmt 0 view .LVU1208
 4305 0012 0CB1     		cbz	r4, .L346
3128:Middlewares/Third_Party/FreeRTOS/Source/tasks.c **** 		}
 4306              		.loc 1 3128 17 view .LVU1209
 4307 0014 4FF0FF35 		mov	r5, #-1
 4308              	.LVL287:
 4309              	.L346:
3131:Middlewares/Third_Party/FreeRTOS/Source/tasks.c **** 		prvAddCurrentTaskToDelayedList( xTicksToWait, xWaitIndefinitely );
 4310              		.loc 1 3131 57 is_stmt 1 view .LVU1210
3132:Middlewares/Third_Party/FreeRTOS/Source/tasks.c **** 	}
 4311              		.loc 1 3132 3 view .LVU1211
 4312 0018 2146     		mov	r1, r4
 4313 001a 2846     		mov	r0, r5
 4314 001c FFF7FEFF 		bl	prvAddCurrentTaskToDelayedList
ARM GAS  /tmp/ccV8B7BA.s 			page 192


 4315              	.LVL288:
3133:Middlewares/Third_Party/FreeRTOS/Source/tasks.c **** 
 4316              		.loc 1 3133 2 is_stmt 0 view .LVU1212
 4317 0020 38BD     		pop	{r3, r4, r5, pc}
 4318              	.LVL289:
 4319              	.L349:
3109:Middlewares/Third_Party/FreeRTOS/Source/tasks.c **** 
 4320              		.loc 1 3109 3 is_stmt 1 discriminator 1 view .LVU1213
 4321              	.LBB201:
 4322              	.LBI201:
 193:Middlewares/Third_Party/FreeRTOS/Source/portable/GCC/ARM_CM3/portmacro.h **** {
 4323              		.loc 2 193 30 view .LVU1214
 4324              	.LBB202:
 195:Middlewares/Third_Party/FreeRTOS/Source/portable/GCC/ARM_CM3/portmacro.h **** 
 4325              		.loc 2 195 1 view .LVU1215
 197:Middlewares/Third_Party/FreeRTOS/Source/portable/GCC/ARM_CM3/portmacro.h **** 	(
 4326              		.loc 2 197 2 view .LVU1216
 4327              		.syntax unified
 4328              	@ 197 "Middlewares/Third_Party/FreeRTOS/Source/portable/GCC/ARM_CM3/portmacro.h" 1
 4329 0022 4FF05003 			mov r3, #80												
 4330 0026 83F31188 		msr basepri, r3											
 4331 002a BFF36F8F 		isb														
 4332 002e BFF34F8F 		dsb														
 4333              	
 4334              	@ 0 "" 2
 4335              		.thumb
 4336              		.syntax unified
 4337              	.L345:
 4338              	.LBE202:
 4339              	.LBE201:
3109:Middlewares/Third_Party/FreeRTOS/Source/tasks.c **** 
 4340              		.loc 1 3109 3 discriminator 3 view .LVU1217
3109:Middlewares/Third_Party/FreeRTOS/Source/tasks.c **** 
 4341              		.loc 1 3109 3 discriminator 3 view .LVU1218
 4342 0032 FEE7     		b	.L345
 4343              	.L351:
 4344              		.align	2
 4345              	.L350:
 4346 0034 00000000 		.word	pxCurrentTCB
 4347              		.cfi_endproc
 4348              	.LFE33:
 4350              		.section	.text.xTaskRemoveFromEventList,"ax",%progbits
 4351              		.align	1
 4352              		.global	xTaskRemoveFromEventList
 4353              		.syntax unified
 4354              		.thumb
 4355              		.thumb_func
 4357              	xTaskRemoveFromEventList:
 4358              	.LVL290:
 4359              	.LFB34:
3139:Middlewares/Third_Party/FreeRTOS/Source/tasks.c **** TCB_t *pxUnblockedTCB;
 4360              		.loc 1 3139 1 view -0
 4361              		.cfi_startproc
 4362              		@ args = 0, pretend = 0, frame = 0
 4363              		@ frame_needed = 0, uses_anonymous_args = 0
3139:Middlewares/Third_Party/FreeRTOS/Source/tasks.c **** TCB_t *pxUnblockedTCB;
 4364              		.loc 1 3139 1 is_stmt 0 view .LVU1220
ARM GAS  /tmp/ccV8B7BA.s 			page 193


 4365 0000 38B5     		push	{r3, r4, r5, lr}
 4366              	.LCFI39:
 4367              		.cfi_def_cfa_offset 16
 4368              		.cfi_offset 3, -16
 4369              		.cfi_offset 4, -12
 4370              		.cfi_offset 5, -8
 4371              		.cfi_offset 14, -4
3140:Middlewares/Third_Party/FreeRTOS/Source/tasks.c **** BaseType_t xReturn;
 4372              		.loc 1 3140 1 is_stmt 1 view .LVU1221
3141:Middlewares/Third_Party/FreeRTOS/Source/tasks.c **** 
 4373              		.loc 1 3141 1 view .LVU1222
3156:Middlewares/Third_Party/FreeRTOS/Source/tasks.c **** 	configASSERT( pxUnblockedTCB );
 4374              		.loc 1 3156 2 view .LVU1223
3156:Middlewares/Third_Party/FreeRTOS/Source/tasks.c **** 	configASSERT( pxUnblockedTCB );
 4375              		.loc 1 3156 19 is_stmt 0 view .LVU1224
 4376 0002 C368     		ldr	r3, [r0, #12]
3156:Middlewares/Third_Party/FreeRTOS/Source/tasks.c **** 	configASSERT( pxUnblockedTCB );
 4377              		.loc 1 3156 17 view .LVU1225
 4378 0004 DC68     		ldr	r4, [r3, #12]
 4379              	.LVL291:
3157:Middlewares/Third_Party/FreeRTOS/Source/tasks.c **** 	( void ) uxListRemove( &( pxUnblockedTCB->xEventListItem ) );
 4380              		.loc 1 3157 2 is_stmt 1 view .LVU1226
 4381 0006 24B3     		cbz	r4, .L361
3157:Middlewares/Third_Party/FreeRTOS/Source/tasks.c **** 	( void ) uxListRemove( &( pxUnblockedTCB->xEventListItem ) );
 4382              		.loc 1 3157 32 discriminator 2 view .LVU1227
3158:Middlewares/Third_Party/FreeRTOS/Source/tasks.c **** 
 4383              		.loc 1 3158 2 view .LVU1228
3158:Middlewares/Third_Party/FreeRTOS/Source/tasks.c **** 
 4384              		.loc 1 3158 11 is_stmt 0 view .LVU1229
 4385 0008 04F11805 		add	r5, r4, #24
 4386 000c 2846     		mov	r0, r5
 4387              	.LVL292:
3158:Middlewares/Third_Party/FreeRTOS/Source/tasks.c **** 
 4388              		.loc 1 3158 11 view .LVU1230
 4389 000e FFF7FEFF 		bl	uxListRemove
 4390              	.LVL293:
3160:Middlewares/Third_Party/FreeRTOS/Source/tasks.c **** 	{
 4391              		.loc 1 3160 2 is_stmt 1 view .LVU1231
3160:Middlewares/Third_Party/FreeRTOS/Source/tasks.c **** 	{
 4392              		.loc 1 3160 27 is_stmt 0 view .LVU1232
 4393 0012 184B     		ldr	r3, .L362
 4394 0014 1B68     		ldr	r3, [r3]
3160:Middlewares/Third_Party/FreeRTOS/Source/tasks.c **** 	{
 4395              		.loc 1 3160 4 view .LVU1233
 4396 0016 2BBB     		cbnz	r3, .L355
3162:Middlewares/Third_Party/FreeRTOS/Source/tasks.c **** 		prvAddTaskToReadyList( pxUnblockedTCB );
 4397              		.loc 1 3162 3 is_stmt 1 view .LVU1234
3162:Middlewares/Third_Party/FreeRTOS/Source/tasks.c **** 		prvAddTaskToReadyList( pxUnblockedTCB );
 4398              		.loc 1 3162 12 is_stmt 0 view .LVU1235
 4399 0018 251D     		adds	r5, r4, #4
 4400 001a 2846     		mov	r0, r5
 4401 001c FFF7FEFF 		bl	uxListRemove
 4402              	.LVL294:
3163:Middlewares/Third_Party/FreeRTOS/Source/tasks.c **** 
 4403              		.loc 1 3163 3 is_stmt 1 view .LVU1236
3163:Middlewares/Third_Party/FreeRTOS/Source/tasks.c **** 
 4404              		.loc 1 3163 3 view .LVU1237
ARM GAS  /tmp/ccV8B7BA.s 			page 194


 4405 0020 E06A     		ldr	r0, [r4, #44]
 4406 0022 154B     		ldr	r3, .L362+4
 4407 0024 1B68     		ldr	r3, [r3]
 4408 0026 9842     		cmp	r0, r3
 4409 0028 01D9     		bls	.L356
3163:Middlewares/Third_Party/FreeRTOS/Source/tasks.c **** 
 4410              		.loc 1 3163 3 discriminator 1 view .LVU1238
 4411 002a 134B     		ldr	r3, .L362+4
 4412 002c 1860     		str	r0, [r3]
 4413              	.L356:
3163:Middlewares/Third_Party/FreeRTOS/Source/tasks.c **** 
 4414              		.loc 1 3163 3 discriminator 3 view .LVU1239
3163:Middlewares/Third_Party/FreeRTOS/Source/tasks.c **** 
 4415              		.loc 1 3163 3 discriminator 3 view .LVU1240
 4416 002e 00EB8000 		add	r0, r0, r0, lsl #2
 4417 0032 2946     		mov	r1, r5
 4418 0034 114B     		ldr	r3, .L362+8
 4419 0036 03EB8000 		add	r0, r3, r0, lsl #2
 4420 003a FFF7FEFF 		bl	vListInsertEnd
 4421              	.LVL295:
3163:Middlewares/Third_Party/FreeRTOS/Source/tasks.c **** 
 4422              		.loc 1 3163 42 discriminator 1 view .LVU1241
 4423              	.L357:
3186:Middlewares/Third_Party/FreeRTOS/Source/tasks.c **** 	{
 4424              		.loc 1 3186 2 view .LVU1242
3186:Middlewares/Third_Party/FreeRTOS/Source/tasks.c **** 	{
 4425              		.loc 1 3186 20 is_stmt 0 view .LVU1243
 4426 003e E26A     		ldr	r2, [r4, #44]
3186:Middlewares/Third_Party/FreeRTOS/Source/tasks.c **** 	{
 4427              		.loc 1 3186 47 view .LVU1244
 4428 0040 0F4B     		ldr	r3, .L362+12
 4429 0042 1B68     		ldr	r3, [r3]
 4430 0044 DB6A     		ldr	r3, [r3, #44]
3186:Middlewares/Third_Party/FreeRTOS/Source/tasks.c **** 	{
 4431              		.loc 1 3186 4 view .LVU1245
 4432 0046 9A42     		cmp	r2, r3
 4433 0048 11D9     		bls	.L359
3191:Middlewares/Third_Party/FreeRTOS/Source/tasks.c **** 
 4434              		.loc 1 3191 3 is_stmt 1 view .LVU1246
 4435              	.LVL296:
3195:Middlewares/Third_Party/FreeRTOS/Source/tasks.c **** 	}
 4436              		.loc 1 3195 3 view .LVU1247
3195:Middlewares/Third_Party/FreeRTOS/Source/tasks.c **** 	}
 4437              		.loc 1 3195 17 is_stmt 0 view .LVU1248
 4438 004a 0120     		movs	r0, #1
 4439 004c 0D4B     		ldr	r3, .L362+16
 4440 004e 1860     		str	r0, [r3]
 4441              	.LVL297:
 4442              	.L352:
3203:Middlewares/Third_Party/FreeRTOS/Source/tasks.c **** /*-----------------------------------------------------------*/
 4443              		.loc 1 3203 1 view .LVU1249
 4444 0050 38BD     		pop	{r3, r4, r5, pc}
 4445              	.LVL298:
 4446              	.L361:
3157:Middlewares/Third_Party/FreeRTOS/Source/tasks.c **** 	( void ) uxListRemove( &( pxUnblockedTCB->xEventListItem ) );
 4447              		.loc 1 3157 2 is_stmt 1 discriminator 1 view .LVU1250
 4448              	.LBB203:
ARM GAS  /tmp/ccV8B7BA.s 			page 195


 4449              	.LBI203:
 193:Middlewares/Third_Party/FreeRTOS/Source/portable/GCC/ARM_CM3/portmacro.h **** {
 4450              		.loc 2 193 30 view .LVU1251
 4451              	.LBB204:
 195:Middlewares/Third_Party/FreeRTOS/Source/portable/GCC/ARM_CM3/portmacro.h **** 
 4452              		.loc 2 195 1 view .LVU1252
 197:Middlewares/Third_Party/FreeRTOS/Source/portable/GCC/ARM_CM3/portmacro.h **** 	(
 4453              		.loc 2 197 2 view .LVU1253
 4454              		.syntax unified
 4455              	@ 197 "Middlewares/Third_Party/FreeRTOS/Source/portable/GCC/ARM_CM3/portmacro.h" 1
 4456 0052 4FF05003 			mov r3, #80												
 4457 0056 83F31188 		msr basepri, r3											
 4458 005a BFF36F8F 		isb														
 4459 005e BFF34F8F 		dsb														
 4460              	
 4461              	@ 0 "" 2
 4462              		.thumb
 4463              		.syntax unified
 4464              	.L354:
 4465              	.LBE204:
 4466              	.LBE203:
3157:Middlewares/Third_Party/FreeRTOS/Source/tasks.c **** 	( void ) uxListRemove( &( pxUnblockedTCB->xEventListItem ) );
 4467              		.loc 1 3157 2 discriminator 3 view .LVU1254
3157:Middlewares/Third_Party/FreeRTOS/Source/tasks.c **** 	( void ) uxListRemove( &( pxUnblockedTCB->xEventListItem ) );
 4468              		.loc 1 3157 2 discriminator 3 view .LVU1255
 4469 0062 FEE7     		b	.L354
 4470              	.LVL299:
 4471              	.L355:
3183:Middlewares/Third_Party/FreeRTOS/Source/tasks.c **** 	}
 4472              		.loc 1 3183 3 view .LVU1256
 4473 0064 2946     		mov	r1, r5
 4474 0066 0848     		ldr	r0, .L362+20
 4475 0068 FFF7FEFF 		bl	vListInsertEnd
 4476              	.LVL300:
 4477 006c E7E7     		b	.L357
 4478              	.L359:
3199:Middlewares/Third_Party/FreeRTOS/Source/tasks.c **** 	}
 4479              		.loc 1 3199 11 is_stmt 0 view .LVU1257
 4480 006e 0020     		movs	r0, #0
 4481              	.LVL301:
3202:Middlewares/Third_Party/FreeRTOS/Source/tasks.c **** }
 4482              		.loc 1 3202 2 is_stmt 1 view .LVU1258
3202:Middlewares/Third_Party/FreeRTOS/Source/tasks.c **** }
 4483              		.loc 1 3202 9 is_stmt 0 view .LVU1259
 4484 0070 EEE7     		b	.L352
 4485              	.L363:
 4486 0072 00BF     		.align	2
 4487              	.L362:
 4488 0074 00000000 		.word	uxSchedulerSuspended
 4489 0078 00000000 		.word	uxTopReadyPriority
 4490 007c 00000000 		.word	pxReadyTasksLists
 4491 0080 00000000 		.word	pxCurrentTCB
 4492 0084 00000000 		.word	xYieldPending
 4493 0088 00000000 		.word	xPendingReadyList
 4494              		.cfi_endproc
 4495              	.LFE34:
 4497              		.section	.text.vTaskRemoveFromUnorderedEventList,"ax",%progbits
ARM GAS  /tmp/ccV8B7BA.s 			page 196


 4498              		.align	1
 4499              		.global	vTaskRemoveFromUnorderedEventList
 4500              		.syntax unified
 4501              		.thumb
 4502              		.thumb_func
 4504              	vTaskRemoveFromUnorderedEventList:
 4505              	.LVL302:
 4506              	.LFB35:
3207:Middlewares/Third_Party/FreeRTOS/Source/tasks.c **** TCB_t *pxUnblockedTCB;
 4507              		.loc 1 3207 1 is_stmt 1 view -0
 4508              		.cfi_startproc
 4509              		@ args = 0, pretend = 0, frame = 0
 4510              		@ frame_needed = 0, uses_anonymous_args = 0
3207:Middlewares/Third_Party/FreeRTOS/Source/tasks.c **** TCB_t *pxUnblockedTCB;
 4511              		.loc 1 3207 1 is_stmt 0 view .LVU1261
 4512 0000 38B5     		push	{r3, r4, r5, lr}
 4513              	.LCFI40:
 4514              		.cfi_def_cfa_offset 16
 4515              		.cfi_offset 3, -16
 4516              		.cfi_offset 4, -12
 4517              		.cfi_offset 5, -8
 4518              		.cfi_offset 14, -4
3208:Middlewares/Third_Party/FreeRTOS/Source/tasks.c **** 
 4519              		.loc 1 3208 1 is_stmt 1 view .LVU1262
3212:Middlewares/Third_Party/FreeRTOS/Source/tasks.c **** 
 4520              		.loc 1 3212 2 view .LVU1263
 4521 0002 1C4B     		ldr	r3, .L373
 4522 0004 1B68     		ldr	r3, [r3]
 4523 0006 43B9     		cbnz	r3, .L365
3212:Middlewares/Third_Party/FreeRTOS/Source/tasks.c **** 
 4524              		.loc 1 3212 2 discriminator 1 view .LVU1264
 4525              	.LBB205:
 4526              	.LBI205:
 193:Middlewares/Third_Party/FreeRTOS/Source/portable/GCC/ARM_CM3/portmacro.h **** {
 4527              		.loc 2 193 30 view .LVU1265
 4528              	.LBB206:
 195:Middlewares/Third_Party/FreeRTOS/Source/portable/GCC/ARM_CM3/portmacro.h **** 
 4529              		.loc 2 195 1 view .LVU1266
 197:Middlewares/Third_Party/FreeRTOS/Source/portable/GCC/ARM_CM3/portmacro.h **** 	(
 4530              		.loc 2 197 2 view .LVU1267
 4531              		.syntax unified
 4532              	@ 197 "Middlewares/Third_Party/FreeRTOS/Source/portable/GCC/ARM_CM3/portmacro.h" 1
 4533 0008 4FF05003 			mov r3, #80												
 4534 000c 83F31188 		msr basepri, r3											
 4535 0010 BFF36F8F 		isb														
 4536 0014 BFF34F8F 		dsb														
 4537              	
 4538              	@ 0 "" 2
 4539              		.thumb
 4540              		.syntax unified
 4541              	.L366:
 4542              	.LBE206:
 4543              	.LBE205:
3212:Middlewares/Third_Party/FreeRTOS/Source/tasks.c **** 
 4544              		.loc 1 3212 2 discriminator 3 view .LVU1268
3212:Middlewares/Third_Party/FreeRTOS/Source/tasks.c **** 
 4545              		.loc 1 3212 2 discriminator 3 view .LVU1269
ARM GAS  /tmp/ccV8B7BA.s 			page 197


 4546 0018 FEE7     		b	.L366
 4547              	.L365:
3212:Middlewares/Third_Party/FreeRTOS/Source/tasks.c **** 
 4548              		.loc 1 3212 49 discriminator 2 view .LVU1270
3215:Middlewares/Third_Party/FreeRTOS/Source/tasks.c **** 
 4549              		.loc 1 3215 2 view .LVU1271
 4550 001a 41F00041 		orr	r1, r1, #-2147483648
 4551              	.LVL303:
3215:Middlewares/Third_Party/FreeRTOS/Source/tasks.c **** 
 4552              		.loc 1 3215 2 is_stmt 0 view .LVU1272
 4553 001e 0160     		str	r1, [r0]
3219:Middlewares/Third_Party/FreeRTOS/Source/tasks.c **** 	configASSERT( pxUnblockedTCB );
 4554              		.loc 1 3219 2 is_stmt 1 view .LVU1273
3219:Middlewares/Third_Party/FreeRTOS/Source/tasks.c **** 	configASSERT( pxUnblockedTCB );
 4555              		.loc 1 3219 17 is_stmt 0 view .LVU1274
 4556 0020 C468     		ldr	r4, [r0, #12]
 4557              	.LVL304:
3220:Middlewares/Third_Party/FreeRTOS/Source/tasks.c **** 	( void ) uxListRemove( pxEventListItem );
 4558              		.loc 1 3220 2 is_stmt 1 view .LVU1275
 4559 0022 F4B1     		cbz	r4, .L372
3220:Middlewares/Third_Party/FreeRTOS/Source/tasks.c **** 	( void ) uxListRemove( pxEventListItem );
 4560              		.loc 1 3220 32 discriminator 2 view .LVU1276
3221:Middlewares/Third_Party/FreeRTOS/Source/tasks.c **** 
 4561              		.loc 1 3221 2 view .LVU1277
3221:Middlewares/Third_Party/FreeRTOS/Source/tasks.c **** 
 4562              		.loc 1 3221 11 is_stmt 0 view .LVU1278
 4563 0024 FFF7FEFF 		bl	uxListRemove
 4564              	.LVL305:
3240:Middlewares/Third_Party/FreeRTOS/Source/tasks.c **** 	prvAddTaskToReadyList( pxUnblockedTCB );
 4565              		.loc 1 3240 2 is_stmt 1 view .LVU1279
3240:Middlewares/Third_Party/FreeRTOS/Source/tasks.c **** 	prvAddTaskToReadyList( pxUnblockedTCB );
 4566              		.loc 1 3240 11 is_stmt 0 view .LVU1280
 4567 0028 251D     		adds	r5, r4, #4
 4568 002a 2846     		mov	r0, r5
 4569 002c FFF7FEFF 		bl	uxListRemove
 4570              	.LVL306:
3241:Middlewares/Third_Party/FreeRTOS/Source/tasks.c **** 
 4571              		.loc 1 3241 2 is_stmt 1 view .LVU1281
3241:Middlewares/Third_Party/FreeRTOS/Source/tasks.c **** 
 4572              		.loc 1 3241 2 view .LVU1282
 4573 0030 E06A     		ldr	r0, [r4, #44]
 4574 0032 114B     		ldr	r3, .L373+4
 4575 0034 1B68     		ldr	r3, [r3]
 4576 0036 9842     		cmp	r0, r3
 4577 0038 01D9     		bls	.L369
3241:Middlewares/Third_Party/FreeRTOS/Source/tasks.c **** 
 4578              		.loc 1 3241 2 discriminator 1 view .LVU1283
 4579 003a 0F4B     		ldr	r3, .L373+4
 4580 003c 1860     		str	r0, [r3]
 4581              	.L369:
3241:Middlewares/Third_Party/FreeRTOS/Source/tasks.c **** 
 4582              		.loc 1 3241 2 discriminator 3 view .LVU1284
3241:Middlewares/Third_Party/FreeRTOS/Source/tasks.c **** 
 4583              		.loc 1 3241 2 discriminator 3 view .LVU1285
 4584 003e 00EB8000 		add	r0, r0, r0, lsl #2
 4585 0042 2946     		mov	r1, r5
 4586 0044 0D4B     		ldr	r3, .L373+8
ARM GAS  /tmp/ccV8B7BA.s 			page 198


 4587 0046 03EB8000 		add	r0, r3, r0, lsl #2
 4588 004a FFF7FEFF 		bl	vListInsertEnd
 4589              	.LVL307:
3241:Middlewares/Third_Party/FreeRTOS/Source/tasks.c **** 
 4590              		.loc 1 3241 41 discriminator 1 view .LVU1286
3243:Middlewares/Third_Party/FreeRTOS/Source/tasks.c **** 	{
 4591              		.loc 1 3243 2 view .LVU1287
3243:Middlewares/Third_Party/FreeRTOS/Source/tasks.c **** 	{
 4592              		.loc 1 3243 20 is_stmt 0 view .LVU1288
 4593 004e E26A     		ldr	r2, [r4, #44]
3243:Middlewares/Third_Party/FreeRTOS/Source/tasks.c **** 	{
 4594              		.loc 1 3243 47 view .LVU1289
 4595 0050 0B4B     		ldr	r3, .L373+12
 4596 0052 1B68     		ldr	r3, [r3]
 4597 0054 DB6A     		ldr	r3, [r3, #44]
3243:Middlewares/Third_Party/FreeRTOS/Source/tasks.c **** 	{
 4598              		.loc 1 3243 4 view .LVU1290
 4599 0056 9A42     		cmp	r2, r3
 4600 0058 02D9     		bls	.L364
3249:Middlewares/Third_Party/FreeRTOS/Source/tasks.c **** 	}
 4601              		.loc 1 3249 3 is_stmt 1 view .LVU1291
3249:Middlewares/Third_Party/FreeRTOS/Source/tasks.c **** 	}
 4602              		.loc 1 3249 17 is_stmt 0 view .LVU1292
 4603 005a 0A4B     		ldr	r3, .L373+16
 4604 005c 0122     		movs	r2, #1
 4605 005e 1A60     		str	r2, [r3]
 4606              	.L364:
3251:Middlewares/Third_Party/FreeRTOS/Source/tasks.c **** /*-----------------------------------------------------------*/
 4607              		.loc 1 3251 1 view .LVU1293
 4608 0060 38BD     		pop	{r3, r4, r5, pc}
 4609              	.LVL308:
 4610              	.L372:
3220:Middlewares/Third_Party/FreeRTOS/Source/tasks.c **** 	( void ) uxListRemove( pxEventListItem );
 4611              		.loc 1 3220 2 is_stmt 1 discriminator 1 view .LVU1294
 4612              	.LBB207:
 4613              	.LBI207:
 193:Middlewares/Third_Party/FreeRTOS/Source/portable/GCC/ARM_CM3/portmacro.h **** {
 4614              		.loc 2 193 30 view .LVU1295
 4615              	.LBB208:
 195:Middlewares/Third_Party/FreeRTOS/Source/portable/GCC/ARM_CM3/portmacro.h **** 
 4616              		.loc 2 195 1 view .LVU1296
 197:Middlewares/Third_Party/FreeRTOS/Source/portable/GCC/ARM_CM3/portmacro.h **** 	(
 4617              		.loc 2 197 2 view .LVU1297
 4618              		.syntax unified
 4619              	@ 197 "Middlewares/Third_Party/FreeRTOS/Source/portable/GCC/ARM_CM3/portmacro.h" 1
 4620 0062 4FF05003 			mov r3, #80												
 4621 0066 83F31188 		msr basepri, r3											
 4622 006a BFF36F8F 		isb														
 4623 006e BFF34F8F 		dsb														
 4624              	
 4625              	@ 0 "" 2
 4626              		.thumb
 4627              		.syntax unified
 4628              	.L368:
 4629              	.LBE208:
 4630              	.LBE207:
3220:Middlewares/Third_Party/FreeRTOS/Source/tasks.c **** 	( void ) uxListRemove( pxEventListItem );
ARM GAS  /tmp/ccV8B7BA.s 			page 199


 4631              		.loc 1 3220 2 discriminator 3 view .LVU1298
3220:Middlewares/Third_Party/FreeRTOS/Source/tasks.c **** 	( void ) uxListRemove( pxEventListItem );
 4632              		.loc 1 3220 2 discriminator 3 view .LVU1299
 4633 0072 FEE7     		b	.L368
 4634              	.L374:
 4635              		.align	2
 4636              	.L373:
 4637 0074 00000000 		.word	uxSchedulerSuspended
 4638 0078 00000000 		.word	uxTopReadyPriority
 4639 007c 00000000 		.word	pxReadyTasksLists
 4640 0080 00000000 		.word	pxCurrentTCB
 4641 0084 00000000 		.word	xYieldPending
 4642              		.cfi_endproc
 4643              	.LFE35:
 4645              		.section	.text.vTaskSetTimeOutState,"ax",%progbits
 4646              		.align	1
 4647              		.global	vTaskSetTimeOutState
 4648              		.syntax unified
 4649              		.thumb
 4650              		.thumb_func
 4652              	vTaskSetTimeOutState:
 4653              	.LVL309:
 4654              	.LFB36:
3255:Middlewares/Third_Party/FreeRTOS/Source/tasks.c **** 	configASSERT( pxTimeOut );
 4655              		.loc 1 3255 1 view -0
 4656              		.cfi_startproc
 4657              		@ args = 0, pretend = 0, frame = 0
 4658              		@ frame_needed = 0, uses_anonymous_args = 0
3256:Middlewares/Third_Party/FreeRTOS/Source/tasks.c **** 	taskENTER_CRITICAL();
 4659              		.loc 1 3256 2 view .LVU1301
 4660 0000 60B1     		cbz	r0, .L380
3255:Middlewares/Third_Party/FreeRTOS/Source/tasks.c **** 	configASSERT( pxTimeOut );
 4661              		.loc 1 3255 1 is_stmt 0 view .LVU1302
 4662 0002 10B5     		push	{r4, lr}
 4663              	.LCFI41:
 4664              		.cfi_def_cfa_offset 8
 4665              		.cfi_offset 4, -8
 4666              		.cfi_offset 14, -4
 4667 0004 0446     		mov	r4, r0
3256:Middlewares/Third_Party/FreeRTOS/Source/tasks.c **** 	taskENTER_CRITICAL();
 4668              		.loc 1 3256 27 is_stmt 1 discriminator 2 view .LVU1303
3257:Middlewares/Third_Party/FreeRTOS/Source/tasks.c **** 	{
 4669              		.loc 1 3257 2 view .LVU1304
 4670 0006 FFF7FEFF 		bl	vPortEnterCritical
 4671              	.LVL310:
3259:Middlewares/Third_Party/FreeRTOS/Source/tasks.c **** 		pxTimeOut->xTimeOnEntering = xTickCount;
 4672              		.loc 1 3259 3 view .LVU1305
3259:Middlewares/Third_Party/FreeRTOS/Source/tasks.c **** 		pxTimeOut->xTimeOnEntering = xTickCount;
 4673              		.loc 1 3259 29 is_stmt 0 view .LVU1306
 4674 000a 094B     		ldr	r3, .L381
 4675 000c 1B68     		ldr	r3, [r3]
 4676 000e 2360     		str	r3, [r4]
3260:Middlewares/Third_Party/FreeRTOS/Source/tasks.c **** 	}
 4677              		.loc 1 3260 3 is_stmt 1 view .LVU1307
3260:Middlewares/Third_Party/FreeRTOS/Source/tasks.c **** 	}
 4678              		.loc 1 3260 30 is_stmt 0 view .LVU1308
 4679 0010 084B     		ldr	r3, .L381+4
ARM GAS  /tmp/ccV8B7BA.s 			page 200


 4680 0012 1B68     		ldr	r3, [r3]
 4681 0014 6360     		str	r3, [r4, #4]
3262:Middlewares/Third_Party/FreeRTOS/Source/tasks.c **** }
 4682              		.loc 1 3262 2 is_stmt 1 view .LVU1309
 4683 0016 FFF7FEFF 		bl	vPortExitCritical
 4684              	.LVL311:
3263:Middlewares/Third_Party/FreeRTOS/Source/tasks.c **** /*-----------------------------------------------------------*/
 4685              		.loc 1 3263 1 is_stmt 0 view .LVU1310
 4686 001a 10BD     		pop	{r4, pc}
 4687              	.LVL312:
 4688              	.L380:
 4689              	.LCFI42:
 4690              		.cfi_def_cfa_offset 0
 4691              		.cfi_restore 4
 4692              		.cfi_restore 14
3256:Middlewares/Third_Party/FreeRTOS/Source/tasks.c **** 	taskENTER_CRITICAL();
 4693              		.loc 1 3256 2 is_stmt 1 discriminator 1 view .LVU1311
 4694              	.LBB209:
 4695              	.LBI209:
 193:Middlewares/Third_Party/FreeRTOS/Source/portable/GCC/ARM_CM3/portmacro.h **** {
 4696              		.loc 2 193 30 view .LVU1312
 4697              	.LBB210:
 195:Middlewares/Third_Party/FreeRTOS/Source/portable/GCC/ARM_CM3/portmacro.h **** 
 4698              		.loc 2 195 1 view .LVU1313
 197:Middlewares/Third_Party/FreeRTOS/Source/portable/GCC/ARM_CM3/portmacro.h **** 	(
 4699              		.loc 2 197 2 view .LVU1314
 4700              		.syntax unified
 4701              	@ 197 "Middlewares/Third_Party/FreeRTOS/Source/portable/GCC/ARM_CM3/portmacro.h" 1
 4702 001c 4FF05003 			mov r3, #80												
 4703 0020 83F31188 		msr basepri, r3											
 4704 0024 BFF36F8F 		isb														
 4705 0028 BFF34F8F 		dsb														
 4706              	
 4707              	@ 0 "" 2
 4708              		.thumb
 4709              		.syntax unified
 4710              	.L377:
 4711              	.LBE210:
 4712              	.LBE209:
3256:Middlewares/Third_Party/FreeRTOS/Source/tasks.c **** 	taskENTER_CRITICAL();
 4713              		.loc 1 3256 2 discriminator 3 view .LVU1315
3256:Middlewares/Third_Party/FreeRTOS/Source/tasks.c **** 	taskENTER_CRITICAL();
 4714              		.loc 1 3256 2 discriminator 3 view .LVU1316
 4715 002c FEE7     		b	.L377
 4716              	.L382:
 4717 002e 00BF     		.align	2
 4718              	.L381:
 4719 0030 00000000 		.word	xNumOfOverflows
 4720 0034 00000000 		.word	xTickCount
 4721              		.cfi_endproc
 4722              	.LFE36:
 4724              		.section	.text.vTaskInternalSetTimeOutState,"ax",%progbits
 4725              		.align	1
 4726              		.global	vTaskInternalSetTimeOutState
 4727              		.syntax unified
 4728              		.thumb
 4729              		.thumb_func
ARM GAS  /tmp/ccV8B7BA.s 			page 201


 4731              	vTaskInternalSetTimeOutState:
 4732              	.LVL313:
 4733              	.LFB37:
3267:Middlewares/Third_Party/FreeRTOS/Source/tasks.c **** 	/* For internal use only as it does not use a critical section. */
 4734              		.loc 1 3267 1 view -0
 4735              		.cfi_startproc
 4736              		@ args = 0, pretend = 0, frame = 0
 4737              		@ frame_needed = 0, uses_anonymous_args = 0
 4738              		@ link register save eliminated.
3269:Middlewares/Third_Party/FreeRTOS/Source/tasks.c **** 	pxTimeOut->xTimeOnEntering = xTickCount;
 4739              		.loc 1 3269 2 view .LVU1318
3269:Middlewares/Third_Party/FreeRTOS/Source/tasks.c **** 	pxTimeOut->xTimeOnEntering = xTickCount;
 4740              		.loc 1 3269 28 is_stmt 0 view .LVU1319
 4741 0000 034B     		ldr	r3, .L384
 4742 0002 1B68     		ldr	r3, [r3]
 4743 0004 0360     		str	r3, [r0]
3270:Middlewares/Third_Party/FreeRTOS/Source/tasks.c **** }
 4744              		.loc 1 3270 2 is_stmt 1 view .LVU1320
3270:Middlewares/Third_Party/FreeRTOS/Source/tasks.c **** }
 4745              		.loc 1 3270 29 is_stmt 0 view .LVU1321
 4746 0006 034B     		ldr	r3, .L384+4
 4747 0008 1B68     		ldr	r3, [r3]
 4748 000a 4360     		str	r3, [r0, #4]
3271:Middlewares/Third_Party/FreeRTOS/Source/tasks.c **** /*-----------------------------------------------------------*/
 4749              		.loc 1 3271 1 view .LVU1322
 4750 000c 7047     		bx	lr
 4751              	.L385:
 4752 000e 00BF     		.align	2
 4753              	.L384:
 4754 0010 00000000 		.word	xNumOfOverflows
 4755 0014 00000000 		.word	xTickCount
 4756              		.cfi_endproc
 4757              	.LFE37:
 4759              		.section	.text.xTaskCheckForTimeOut,"ax",%progbits
 4760              		.align	1
 4761              		.global	xTaskCheckForTimeOut
 4762              		.syntax unified
 4763              		.thumb
 4764              		.thumb_func
 4766              	xTaskCheckForTimeOut:
 4767              	.LVL314:
 4768              	.LFB38:
3275:Middlewares/Third_Party/FreeRTOS/Source/tasks.c **** BaseType_t xReturn;
 4769              		.loc 1 3275 1 is_stmt 1 view -0
 4770              		.cfi_startproc
 4771              		@ args = 0, pretend = 0, frame = 0
 4772              		@ frame_needed = 0, uses_anonymous_args = 0
3276:Middlewares/Third_Party/FreeRTOS/Source/tasks.c **** 
 4773              		.loc 1 3276 1 view .LVU1324
3278:Middlewares/Third_Party/FreeRTOS/Source/tasks.c **** 	configASSERT( pxTicksToWait );
 4774              		.loc 1 3278 2 view .LVU1325
 4775 0000 D8B1     		cbz	r0, .L398
3275:Middlewares/Third_Party/FreeRTOS/Source/tasks.c **** BaseType_t xReturn;
 4776              		.loc 1 3275 1 is_stmt 0 view .LVU1326
 4777 0002 70B5     		push	{r4, r5, r6, lr}
 4778              	.LCFI43:
 4779              		.cfi_def_cfa_offset 16
ARM GAS  /tmp/ccV8B7BA.s 			page 202


 4780              		.cfi_offset 4, -16
 4781              		.cfi_offset 5, -12
 4782              		.cfi_offset 6, -8
 4783              		.cfi_offset 14, -4
 4784 0004 0C46     		mov	r4, r1
 4785 0006 0546     		mov	r5, r0
3278:Middlewares/Third_Party/FreeRTOS/Source/tasks.c **** 	configASSERT( pxTicksToWait );
 4786              		.loc 1 3278 27 is_stmt 1 discriminator 2 view .LVU1327
3279:Middlewares/Third_Party/FreeRTOS/Source/tasks.c **** 
 4787              		.loc 1 3279 2 view .LVU1328
 4788 0008 01B3     		cbz	r1, .L399
3279:Middlewares/Third_Party/FreeRTOS/Source/tasks.c **** 
 4789              		.loc 1 3279 31 discriminator 2 view .LVU1329
3281:Middlewares/Third_Party/FreeRTOS/Source/tasks.c **** 	{
 4790              		.loc 1 3281 2 view .LVU1330
 4791 000a FFF7FEFF 		bl	vPortEnterCritical
 4792              	.LVL315:
 4793              	.LBB211:
3284:Middlewares/Third_Party/FreeRTOS/Source/tasks.c **** 		const TickType_t xElapsedTime = xConstTickCount - pxTimeOut->xTimeOnEntering;
 4794              		.loc 1 3284 3 view .LVU1331
3284:Middlewares/Third_Party/FreeRTOS/Source/tasks.c **** 		const TickType_t xElapsedTime = xConstTickCount - pxTimeOut->xTimeOnEntering;
 4795              		.loc 1 3284 20 is_stmt 0 view .LVU1332
 4796 000e 1B4B     		ldr	r3, .L401
 4797 0010 1968     		ldr	r1, [r3]
 4798              	.LVL316:
3285:Middlewares/Third_Party/FreeRTOS/Source/tasks.c **** 
 4799              		.loc 1 3285 3 is_stmt 1 view .LVU1333
3285:Middlewares/Third_Party/FreeRTOS/Source/tasks.c **** 
 4800              		.loc 1 3285 62 is_stmt 0 view .LVU1334
 4801 0012 6B68     		ldr	r3, [r5, #4]
3285:Middlewares/Third_Party/FreeRTOS/Source/tasks.c **** 
 4802              		.loc 1 3285 20 view .LVU1335
 4803 0014 C81A     		subs	r0, r1, r3
 4804              	.LVL317:
3299:Middlewares/Third_Party/FreeRTOS/Source/tasks.c **** 			{
 4805              		.loc 1 3299 4 is_stmt 1 view .LVU1336
3299:Middlewares/Third_Party/FreeRTOS/Source/tasks.c **** 			{
 4806              		.loc 1 3299 8 is_stmt 0 view .LVU1337
 4807 0016 2268     		ldr	r2, [r4]
3299:Middlewares/Third_Party/FreeRTOS/Source/tasks.c **** 			{
 4808              		.loc 1 3299 6 view .LVU1338
 4809 0018 B2F1FF3F 		cmp	r2, #-1
 4810 001c 27D0     		beq	.L394
3309:Middlewares/Third_Party/FreeRTOS/Source/tasks.c **** 		{
 4811              		.loc 1 3309 3 is_stmt 1 view .LVU1339
3309:Middlewares/Third_Party/FreeRTOS/Source/tasks.c **** 		{
 4812              		.loc 1 3309 25 is_stmt 0 view .LVU1340
 4813 001e 184E     		ldr	r6, .L401+4
 4814 0020 3668     		ldr	r6, [r6]
3309:Middlewares/Third_Party/FreeRTOS/Source/tasks.c **** 		{
 4815              		.loc 1 3309 5 view .LVU1341
 4816 0022 D5F800C0 		ldr	ip, [r5]
 4817 0026 B445     		cmp	ip, r6
 4818 0028 01D0     		beq	.L392
3309:Middlewares/Third_Party/FreeRTOS/Source/tasks.c **** 		{
 4819              		.loc 1 3309 56 discriminator 1 view .LVU1342
 4820 002a 8B42     		cmp	r3, r1
ARM GAS  /tmp/ccV8B7BA.s 			page 203


 4821 002c 24D9     		bls	.L395
 4822              	.L392:
3318:Middlewares/Third_Party/FreeRTOS/Source/tasks.c **** 		{
 4823              		.loc 1 3318 8 is_stmt 1 view .LVU1343
3318:Middlewares/Third_Party/FreeRTOS/Source/tasks.c **** 		{
 4824              		.loc 1 3318 10 is_stmt 0 view .LVU1344
 4825 002e 8242     		cmp	r2, r0
 4826 0030 15D8     		bhi	.L400
3327:Middlewares/Third_Party/FreeRTOS/Source/tasks.c **** 			xReturn = pdTRUE;
 4827              		.loc 1 3327 4 is_stmt 1 view .LVU1345
3327:Middlewares/Third_Party/FreeRTOS/Source/tasks.c **** 			xReturn = pdTRUE;
 4828              		.loc 1 3327 19 is_stmt 0 view .LVU1346
 4829 0032 0023     		movs	r3, #0
 4830 0034 2360     		str	r3, [r4]
3328:Middlewares/Third_Party/FreeRTOS/Source/tasks.c **** 		}
 4831              		.loc 1 3328 4 is_stmt 1 view .LVU1347
 4832              	.LVL318:
3328:Middlewares/Third_Party/FreeRTOS/Source/tasks.c **** 		}
 4833              		.loc 1 3328 12 is_stmt 0 view .LVU1348
 4834 0036 0124     		movs	r4, #1
 4835              	.LVL319:
3328:Middlewares/Third_Party/FreeRTOS/Source/tasks.c **** 		}
 4836              		.loc 1 3328 12 view .LVU1349
 4837 0038 1AE0     		b	.L391
 4838              	.LVL320:
 4839              	.L398:
 4840              	.LCFI44:
 4841              		.cfi_def_cfa_offset 0
 4842              		.cfi_restore 4
 4843              		.cfi_restore 5
 4844              		.cfi_restore 6
 4845              		.cfi_restore 14
3328:Middlewares/Third_Party/FreeRTOS/Source/tasks.c **** 		}
 4846              		.loc 1 3328 12 view .LVU1350
 4847              	.LBE211:
3278:Middlewares/Third_Party/FreeRTOS/Source/tasks.c **** 	configASSERT( pxTicksToWait );
 4848              		.loc 1 3278 2 is_stmt 1 discriminator 1 view .LVU1351
 4849              	.LBB212:
 4850              	.LBI212:
 193:Middlewares/Third_Party/FreeRTOS/Source/portable/GCC/ARM_CM3/portmacro.h **** {
 4851              		.loc 2 193 30 view .LVU1352
 4852              	.LBB213:
 195:Middlewares/Third_Party/FreeRTOS/Source/portable/GCC/ARM_CM3/portmacro.h **** 
 4853              		.loc 2 195 1 view .LVU1353
 197:Middlewares/Third_Party/FreeRTOS/Source/portable/GCC/ARM_CM3/portmacro.h **** 	(
 4854              		.loc 2 197 2 view .LVU1354
 4855              		.syntax unified
 4856              	@ 197 "Middlewares/Third_Party/FreeRTOS/Source/portable/GCC/ARM_CM3/portmacro.h" 1
 4857 003a 4FF05003 			mov r3, #80												
 4858 003e 83F31188 		msr basepri, r3											
 4859 0042 BFF36F8F 		isb														
 4860 0046 BFF34F8F 		dsb														
 4861              	
 4862              	@ 0 "" 2
 4863              		.thumb
 4864              		.syntax unified
 4865              	.L388:
ARM GAS  /tmp/ccV8B7BA.s 			page 204


 4866              	.LBE213:
 4867              	.LBE212:
3278:Middlewares/Third_Party/FreeRTOS/Source/tasks.c **** 	configASSERT( pxTicksToWait );
 4868              		.loc 1 3278 2 discriminator 3 view .LVU1355
3278:Middlewares/Third_Party/FreeRTOS/Source/tasks.c **** 	configASSERT( pxTicksToWait );
 4869              		.loc 1 3278 2 discriminator 3 view .LVU1356
 4870 004a FEE7     		b	.L388
 4871              	.L399:
 4872              	.LCFI45:
 4873              		.cfi_def_cfa_offset 16
 4874              		.cfi_offset 4, -16
 4875              		.cfi_offset 5, -12
 4876              		.cfi_offset 6, -8
 4877              		.cfi_offset 14, -4
3279:Middlewares/Third_Party/FreeRTOS/Source/tasks.c **** 
 4878              		.loc 1 3279 2 discriminator 1 view .LVU1357
 4879              	.LBB214:
 4880              	.LBI214:
 193:Middlewares/Third_Party/FreeRTOS/Source/portable/GCC/ARM_CM3/portmacro.h **** {
 4881              		.loc 2 193 30 view .LVU1358
 4882              	.LBB215:
 195:Middlewares/Third_Party/FreeRTOS/Source/portable/GCC/ARM_CM3/portmacro.h **** 
 4883              		.loc 2 195 1 view .LVU1359
 197:Middlewares/Third_Party/FreeRTOS/Source/portable/GCC/ARM_CM3/portmacro.h **** 	(
 4884              		.loc 2 197 2 view .LVU1360
 4885              		.syntax unified
 4886              	@ 197 "Middlewares/Third_Party/FreeRTOS/Source/portable/GCC/ARM_CM3/portmacro.h" 1
 4887 004c 4FF05003 			mov r3, #80												
 4888 0050 83F31188 		msr basepri, r3											
 4889 0054 BFF36F8F 		isb														
 4890 0058 BFF34F8F 		dsb														
 4891              	
 4892              	@ 0 "" 2
 4893              		.thumb
 4894              		.syntax unified
 4895              	.L390:
 4896              	.LBE215:
 4897              	.LBE214:
3279:Middlewares/Third_Party/FreeRTOS/Source/tasks.c **** 
 4898              		.loc 1 3279 2 discriminator 3 view .LVU1361
3279:Middlewares/Third_Party/FreeRTOS/Source/tasks.c **** 
 4899              		.loc 1 3279 2 discriminator 3 view .LVU1362
 4900 005c FEE7     		b	.L390
 4901              	.LVL321:
 4902              	.L400:
 4903              	.LBB216:
3321:Middlewares/Third_Party/FreeRTOS/Source/tasks.c **** 			vTaskInternalSetTimeOutState( pxTimeOut );
 4904              		.loc 1 3321 4 view .LVU1363
3321:Middlewares/Third_Party/FreeRTOS/Source/tasks.c **** 			vTaskInternalSetTimeOutState( pxTimeOut );
 4905              		.loc 1 3321 19 is_stmt 0 view .LVU1364
 4906 005e 5B1A     		subs	r3, r3, r1
 4907 0060 1344     		add	r3, r3, r2
 4908 0062 2360     		str	r3, [r4]
3322:Middlewares/Third_Party/FreeRTOS/Source/tasks.c **** 			xReturn = pdFALSE;
 4909              		.loc 1 3322 4 is_stmt 1 view .LVU1365
 4910 0064 2846     		mov	r0, r5
 4911              	.LVL322:
ARM GAS  /tmp/ccV8B7BA.s 			page 205


3322:Middlewares/Third_Party/FreeRTOS/Source/tasks.c **** 			xReturn = pdFALSE;
 4912              		.loc 1 3322 4 is_stmt 0 view .LVU1366
 4913 0066 FFF7FEFF 		bl	vTaskInternalSetTimeOutState
 4914              	.LVL323:
3323:Middlewares/Third_Party/FreeRTOS/Source/tasks.c **** 		}
 4915              		.loc 1 3323 4 is_stmt 1 view .LVU1367
3323:Middlewares/Third_Party/FreeRTOS/Source/tasks.c **** 		}
 4916              		.loc 1 3323 12 is_stmt 0 view .LVU1368
 4917 006a 0024     		movs	r4, #0
 4918              	.LVL324:
3323:Middlewares/Third_Party/FreeRTOS/Source/tasks.c **** 		}
 4919              		.loc 1 3323 12 view .LVU1369
 4920 006c 00E0     		b	.L391
 4921              	.LVL325:
 4922              	.L394:
3304:Middlewares/Third_Party/FreeRTOS/Source/tasks.c **** 			}
 4923              		.loc 1 3304 13 view .LVU1370
 4924 006e 0024     		movs	r4, #0
 4925              	.LVL326:
 4926              	.L391:
3304:Middlewares/Third_Party/FreeRTOS/Source/tasks.c **** 			}
 4927              		.loc 1 3304 13 view .LVU1371
 4928              	.LBE216:
3331:Middlewares/Third_Party/FreeRTOS/Source/tasks.c **** 
 4929              		.loc 1 3331 2 is_stmt 1 view .LVU1372
 4930 0070 FFF7FEFF 		bl	vPortExitCritical
 4931              	.LVL327:
3333:Middlewares/Third_Party/FreeRTOS/Source/tasks.c **** }
 4932              		.loc 1 3333 2 view .LVU1373
3334:Middlewares/Third_Party/FreeRTOS/Source/tasks.c **** /*-----------------------------------------------------------*/
 4933              		.loc 1 3334 1 is_stmt 0 view .LVU1374
 4934 0074 2046     		mov	r0, r4
 4935 0076 70BD     		pop	{r4, r5, r6, pc}
 4936              	.LVL328:
 4937              	.L395:
 4938              	.LBB217:
3316:Middlewares/Third_Party/FreeRTOS/Source/tasks.c **** 		}
 4939              		.loc 1 3316 12 view .LVU1375
 4940 0078 0124     		movs	r4, #1
 4941              	.LVL329:
3316:Middlewares/Third_Party/FreeRTOS/Source/tasks.c **** 		}
 4942              		.loc 1 3316 12 view .LVU1376
 4943 007a F9E7     		b	.L391
 4944              	.L402:
 4945              		.align	2
 4946              	.L401:
 4947 007c 00000000 		.word	xTickCount
 4948 0080 00000000 		.word	xNumOfOverflows
 4949              	.LBE217:
 4950              		.cfi_endproc
 4951              	.LFE38:
 4953              		.section	.text.vTaskMissedYield,"ax",%progbits
 4954              		.align	1
 4955              		.global	vTaskMissedYield
 4956              		.syntax unified
 4957              		.thumb
 4958              		.thumb_func
ARM GAS  /tmp/ccV8B7BA.s 			page 206


 4960              	vTaskMissedYield:
 4961              	.LFB39:
3338:Middlewares/Third_Party/FreeRTOS/Source/tasks.c **** 	xYieldPending = pdTRUE;
 4962              		.loc 1 3338 1 is_stmt 1 view -0
 4963              		.cfi_startproc
 4964              		@ args = 0, pretend = 0, frame = 0
 4965              		@ frame_needed = 0, uses_anonymous_args = 0
 4966              		@ link register save eliminated.
3339:Middlewares/Third_Party/FreeRTOS/Source/tasks.c **** }
 4967              		.loc 1 3339 2 view .LVU1378
3339:Middlewares/Third_Party/FreeRTOS/Source/tasks.c **** }
 4968              		.loc 1 3339 16 is_stmt 0 view .LVU1379
 4969 0000 014B     		ldr	r3, .L404
 4970 0002 0122     		movs	r2, #1
 4971 0004 1A60     		str	r2, [r3]
3340:Middlewares/Third_Party/FreeRTOS/Source/tasks.c **** /*-----------------------------------------------------------*/
 4972              		.loc 1 3340 1 view .LVU1380
 4973 0006 7047     		bx	lr
 4974              	.L405:
 4975              		.align	2
 4976              	.L404:
 4977 0008 00000000 		.word	xYieldPending
 4978              		.cfi_endproc
 4979              	.LFE39:
 4981              		.section	.text.uxTaskGetTaskNumber,"ax",%progbits
 4982              		.align	1
 4983              		.global	uxTaskGetTaskNumber
 4984              		.syntax unified
 4985              		.thumb
 4986              		.thumb_func
 4988              	uxTaskGetTaskNumber:
 4989              	.LVL330:
 4990              	.LFB40:
3346:Middlewares/Third_Party/FreeRTOS/Source/tasks.c **** 	UBaseType_t uxReturn;
 4991              		.loc 1 3346 2 is_stmt 1 view -0
 4992              		.cfi_startproc
 4993              		@ args = 0, pretend = 0, frame = 0
 4994              		@ frame_needed = 0, uses_anonymous_args = 0
 4995              		@ link register save eliminated.
3347:Middlewares/Third_Party/FreeRTOS/Source/tasks.c **** 	TCB_t const *pxTCB;
 4996              		.loc 1 3347 2 view .LVU1382
3348:Middlewares/Third_Party/FreeRTOS/Source/tasks.c **** 
 4997              		.loc 1 3348 2 view .LVU1383
3350:Middlewares/Third_Party/FreeRTOS/Source/tasks.c **** 		{
 4998              		.loc 1 3350 3 view .LVU1384
3350:Middlewares/Third_Party/FreeRTOS/Source/tasks.c **** 		{
 4999              		.loc 1 3350 5 is_stmt 0 view .LVU1385
 5000 0000 08B1     		cbz	r0, .L408
3352:Middlewares/Third_Party/FreeRTOS/Source/tasks.c **** 			uxReturn = pxTCB->uxTaskNumber;
 5001              		.loc 1 3352 4 is_stmt 1 view .LVU1386
 5002              	.LVL331:
3353:Middlewares/Third_Party/FreeRTOS/Source/tasks.c **** 		}
 5003              		.loc 1 3353 4 view .LVU1387
3353:Middlewares/Third_Party/FreeRTOS/Source/tasks.c **** 		}
 5004              		.loc 1 3353 13 is_stmt 0 view .LVU1388
 5005 0002 806C     		ldr	r0, [r0, #72]
 5006              	.LVL332:
ARM GAS  /tmp/ccV8B7BA.s 			page 207


3353:Middlewares/Third_Party/FreeRTOS/Source/tasks.c **** 		}
 5007              		.loc 1 3353 13 view .LVU1389
 5008 0004 7047     		bx	lr
 5009              	.LVL333:
 5010              	.L408:
3357:Middlewares/Third_Party/FreeRTOS/Source/tasks.c **** 		}
 5011              		.loc 1 3357 13 view .LVU1390
 5012 0006 0020     		movs	r0, #0
 5013              	.LVL334:
3360:Middlewares/Third_Party/FreeRTOS/Source/tasks.c **** 	}
 5014              		.loc 1 3360 3 is_stmt 1 view .LVU1391
3361:Middlewares/Third_Party/FreeRTOS/Source/tasks.c **** 
 5015              		.loc 1 3361 2 is_stmt 0 view .LVU1392
 5016 0008 7047     		bx	lr
 5017              		.cfi_endproc
 5018              	.LFE40:
 5020              		.section	.text.vTaskSetTaskNumber,"ax",%progbits
 5021              		.align	1
 5022              		.global	vTaskSetTaskNumber
 5023              		.syntax unified
 5024              		.thumb
 5025              		.thumb_func
 5027              	vTaskSetTaskNumber:
 5028              	.LVL335:
 5029              	.LFB41:
3369:Middlewares/Third_Party/FreeRTOS/Source/tasks.c **** 	TCB_t * pxTCB;
 5030              		.loc 1 3369 2 is_stmt 1 view -0
 5031              		.cfi_startproc
 5032              		@ args = 0, pretend = 0, frame = 0
 5033              		@ frame_needed = 0, uses_anonymous_args = 0
 5034              		@ link register save eliminated.
3370:Middlewares/Third_Party/FreeRTOS/Source/tasks.c **** 
 5035              		.loc 1 3370 2 view .LVU1394
3372:Middlewares/Third_Party/FreeRTOS/Source/tasks.c **** 		{
 5036              		.loc 1 3372 3 view .LVU1395
3372:Middlewares/Third_Party/FreeRTOS/Source/tasks.c **** 		{
 5037              		.loc 1 3372 5 is_stmt 0 view .LVU1396
 5038 0000 00B1     		cbz	r0, .L409
3374:Middlewares/Third_Party/FreeRTOS/Source/tasks.c **** 			pxTCB->uxTaskNumber = uxHandle;
 5039              		.loc 1 3374 4 is_stmt 1 view .LVU1397
 5040              	.LVL336:
3375:Middlewares/Third_Party/FreeRTOS/Source/tasks.c **** 		}
 5041              		.loc 1 3375 4 view .LVU1398
3375:Middlewares/Third_Party/FreeRTOS/Source/tasks.c **** 		}
 5042              		.loc 1 3375 24 is_stmt 0 view .LVU1399
 5043 0002 8164     		str	r1, [r0, #72]
 5044              	.LVL337:
 5045              	.L409:
3377:Middlewares/Third_Party/FreeRTOS/Source/tasks.c **** 
 5046              		.loc 1 3377 2 view .LVU1400
 5047 0004 7047     		bx	lr
 5048              		.cfi_endproc
 5049              	.LFE41:
 5051              		.section	.text.vTaskGetInfo,"ax",%progbits
 5052              		.align	1
 5053              		.global	vTaskGetInfo
 5054              		.syntax unified
ARM GAS  /tmp/ccV8B7BA.s 			page 208


 5055              		.thumb
 5056              		.thumb_func
 5058              	vTaskGetInfo:
 5059              	.LVL338:
 5060              	.LFB45:
3671:Middlewares/Third_Party/FreeRTOS/Source/tasks.c **** 	TCB_t *pxTCB;
 5061              		.loc 1 3671 2 is_stmt 1 view -0
 5062              		.cfi_startproc
 5063              		@ args = 0, pretend = 0, frame = 0
 5064              		@ frame_needed = 0, uses_anonymous_args = 0
3671:Middlewares/Third_Party/FreeRTOS/Source/tasks.c **** 	TCB_t *pxTCB;
 5065              		.loc 1 3671 2 is_stmt 0 view .LVU1402
 5066 0000 70B5     		push	{r4, r5, r6, lr}
 5067              	.LCFI46:
 5068              		.cfi_def_cfa_offset 16
 5069              		.cfi_offset 4, -16
 5070              		.cfi_offset 5, -12
 5071              		.cfi_offset 6, -8
 5072              		.cfi_offset 14, -4
 5073 0002 0C46     		mov	r4, r1
 5074 0004 1646     		mov	r6, r2
3672:Middlewares/Third_Party/FreeRTOS/Source/tasks.c **** 
 5075              		.loc 1 3672 2 is_stmt 1 view .LVU1403
3675:Middlewares/Third_Party/FreeRTOS/Source/tasks.c **** 
 5076              		.loc 1 3675 3 view .LVU1404
3675:Middlewares/Third_Party/FreeRTOS/Source/tasks.c **** 
 5077              		.loc 1 3675 11 is_stmt 0 view .LVU1405
 5078 0006 0546     		mov	r5, r0
 5079 0008 D0B1     		cbz	r0, .L420
 5080              	.LVL339:
 5081              	.L412:
3677:Middlewares/Third_Party/FreeRTOS/Source/tasks.c **** 		pxTaskStatus->pcTaskName = ( const char * ) &( pxTCB->pcTaskName [ 0 ] );
 5082              		.loc 1 3677 3 is_stmt 1 view .LVU1406
3677:Middlewares/Third_Party/FreeRTOS/Source/tasks.c **** 		pxTaskStatus->pcTaskName = ( const char * ) &( pxTCB->pcTaskName [ 0 ] );
 5083              		.loc 1 3677 25 is_stmt 0 view .LVU1407
 5084 000a 2560     		str	r5, [r4]
3678:Middlewares/Third_Party/FreeRTOS/Source/tasks.c **** 		pxTaskStatus->uxCurrentPriority = pxTCB->uxPriority;
 5085              		.loc 1 3678 3 is_stmt 1 view .LVU1408
3678:Middlewares/Third_Party/FreeRTOS/Source/tasks.c **** 		pxTaskStatus->uxCurrentPriority = pxTCB->uxPriority;
 5086              		.loc 1 3678 47 is_stmt 0 view .LVU1409
 5087 000c 05F13402 		add	r2, r5, #52
3678:Middlewares/Third_Party/FreeRTOS/Source/tasks.c **** 		pxTaskStatus->uxCurrentPriority = pxTCB->uxPriority;
 5088              		.loc 1 3678 28 view .LVU1410
 5089 0010 6260     		str	r2, [r4, #4]
3679:Middlewares/Third_Party/FreeRTOS/Source/tasks.c **** 		pxTaskStatus->pxStackBase = pxTCB->pxStack;
 5090              		.loc 1 3679 3 is_stmt 1 view .LVU1411
3679:Middlewares/Third_Party/FreeRTOS/Source/tasks.c **** 		pxTaskStatus->pxStackBase = pxTCB->pxStack;
 5091              		.loc 1 3679 42 is_stmt 0 view .LVU1412
 5092 0012 EA6A     		ldr	r2, [r5, #44]
3679:Middlewares/Third_Party/FreeRTOS/Source/tasks.c **** 		pxTaskStatus->pxStackBase = pxTCB->pxStack;
 5093              		.loc 1 3679 35 view .LVU1413
 5094 0014 2261     		str	r2, [r4, #16]
3680:Middlewares/Third_Party/FreeRTOS/Source/tasks.c **** 		pxTaskStatus->xTaskNumber = pxTCB->uxTCBNumber;
 5095              		.loc 1 3680 3 is_stmt 1 view .LVU1414
3680:Middlewares/Third_Party/FreeRTOS/Source/tasks.c **** 		pxTaskStatus->xTaskNumber = pxTCB->uxTCBNumber;
 5096              		.loc 1 3680 36 is_stmt 0 view .LVU1415
 5097 0016 2A6B     		ldr	r2, [r5, #48]
ARM GAS  /tmp/ccV8B7BA.s 			page 209


3680:Middlewares/Third_Party/FreeRTOS/Source/tasks.c **** 		pxTaskStatus->xTaskNumber = pxTCB->uxTCBNumber;
 5098              		.loc 1 3680 29 view .LVU1416
 5099 0018 E261     		str	r2, [r4, #28]
3681:Middlewares/Third_Party/FreeRTOS/Source/tasks.c **** 
 5100              		.loc 1 3681 3 is_stmt 1 view .LVU1417
3681:Middlewares/Third_Party/FreeRTOS/Source/tasks.c **** 
 5101              		.loc 1 3681 36 is_stmt 0 view .LVU1418
 5102 001a 6A6C     		ldr	r2, [r5, #68]
3681:Middlewares/Third_Party/FreeRTOS/Source/tasks.c **** 
 5103              		.loc 1 3681 29 view .LVU1419
 5104 001c A260     		str	r2, [r4, #8]
3685:Middlewares/Third_Party/FreeRTOS/Source/tasks.c **** 		}
 5105              		.loc 1 3685 4 is_stmt 1 view .LVU1420
3685:Middlewares/Third_Party/FreeRTOS/Source/tasks.c **** 		}
 5106              		.loc 1 3685 40 is_stmt 0 view .LVU1421
 5107 001e EA6C     		ldr	r2, [r5, #76]
3685:Middlewares/Third_Party/FreeRTOS/Source/tasks.c **** 		}
 5108              		.loc 1 3685 33 view .LVU1422
 5109 0020 6261     		str	r2, [r4, #20]
3699:Middlewares/Third_Party/FreeRTOS/Source/tasks.c **** 		}
 5110              		.loc 1 3699 4 is_stmt 1 view .LVU1423
3699:Middlewares/Third_Party/FreeRTOS/Source/tasks.c **** 		}
 5111              		.loc 1 3699 35 is_stmt 0 view .LVU1424
 5112 0022 0022     		movs	r2, #0
 5113 0024 A261     		str	r2, [r4, #24]
3706:Middlewares/Third_Party/FreeRTOS/Source/tasks.c **** 		{
 5114              		.loc 1 3706 3 is_stmt 1 view .LVU1425
3706:Middlewares/Third_Party/FreeRTOS/Source/tasks.c **** 		{
 5115              		.loc 1 3706 5 is_stmt 0 view .LVU1426
 5116 0026 052B     		cmp	r3, #5
 5117 0028 19D0     		beq	.L413
3708:Middlewares/Third_Party/FreeRTOS/Source/tasks.c **** 			{
 5118              		.loc 1 3708 4 is_stmt 1 view .LVU1427
3708:Middlewares/Third_Party/FreeRTOS/Source/tasks.c **** 			{
 5119              		.loc 1 3708 14 is_stmt 0 view .LVU1428
 5120 002a 124A     		ldr	r2, .L424
 5121 002c 1268     		ldr	r2, [r2]
3708:Middlewares/Third_Party/FreeRTOS/Source/tasks.c **** 			{
 5122              		.loc 1 3708 6 view .LVU1429
 5123 002e AA42     		cmp	r2, r5
 5124 0030 09D0     		beq	.L421
3714:Middlewares/Third_Party/FreeRTOS/Source/tasks.c **** 
 5125              		.loc 1 3714 5 is_stmt 1 view .LVU1430
3714:Middlewares/Third_Party/FreeRTOS/Source/tasks.c **** 
 5126              		.loc 1 3714 33 is_stmt 0 view .LVU1431
 5127 0032 2373     		strb	r3, [r4, #12]
3721:Middlewares/Third_Party/FreeRTOS/Source/tasks.c **** 					{
 5128              		.loc 1 3721 6 is_stmt 1 view .LVU1432
3721:Middlewares/Third_Party/FreeRTOS/Source/tasks.c **** 					{
 5129              		.loc 1 3721 8 is_stmt 0 view .LVU1433
 5130 0034 032B     		cmp	r3, #3
 5131 0036 09D0     		beq	.L422
 5132              	.LVL340:
 5133              	.L415:
3743:Middlewares/Third_Party/FreeRTOS/Source/tasks.c **** 		{
 5134              		.loc 1 3743 3 is_stmt 1 view .LVU1434
3743:Middlewares/Third_Party/FreeRTOS/Source/tasks.c **** 		{
ARM GAS  /tmp/ccV8B7BA.s 			page 210


 5135              		.loc 1 3743 5 is_stmt 0 view .LVU1435
 5136 0038 B6B9     		cbnz	r6, .L423
3757:Middlewares/Third_Party/FreeRTOS/Source/tasks.c **** 		}
 5137              		.loc 1 3757 4 is_stmt 1 view .LVU1436
3757:Middlewares/Third_Party/FreeRTOS/Source/tasks.c **** 		}
 5138              		.loc 1 3757 39 is_stmt 0 view .LVU1437
 5139 003a 0023     		movs	r3, #0
 5140 003c 2384     		strh	r3, [r4, #32]	@ movhi
 5141              	.L411:
3759:Middlewares/Third_Party/FreeRTOS/Source/tasks.c **** 
 5142              		.loc 1 3759 2 view .LVU1438
 5143 003e 70BD     		pop	{r4, r5, r6, pc}
 5144              	.LVL341:
 5145              	.L420:
3675:Middlewares/Third_Party/FreeRTOS/Source/tasks.c **** 
 5146              		.loc 1 3675 11 discriminator 1 view .LVU1439
 5147 0040 0C4A     		ldr	r2, .L424
 5148              	.LVL342:
3675:Middlewares/Third_Party/FreeRTOS/Source/tasks.c **** 
 5149              		.loc 1 3675 11 discriminator 1 view .LVU1440
 5150 0042 1568     		ldr	r5, [r2]
 5151              	.LVL343:
3675:Middlewares/Third_Party/FreeRTOS/Source/tasks.c **** 
 5152              		.loc 1 3675 11 discriminator 1 view .LVU1441
 5153 0044 E1E7     		b	.L412
 5154              	.LVL344:
 5155              	.L421:
3710:Middlewares/Third_Party/FreeRTOS/Source/tasks.c **** 			}
 5156              		.loc 1 3710 5 is_stmt 1 view .LVU1442
3710:Middlewares/Third_Party/FreeRTOS/Source/tasks.c **** 			}
 5157              		.loc 1 3710 33 is_stmt 0 view .LVU1443
 5158 0046 0023     		movs	r3, #0
 5159              	.LVL345:
3710:Middlewares/Third_Party/FreeRTOS/Source/tasks.c **** 			}
 5160              		.loc 1 3710 33 view .LVU1444
 5161 0048 2373     		strb	r3, [r4, #12]
 5162 004a F5E7     		b	.L415
 5163              	.LVL346:
 5164              	.L422:
3723:Middlewares/Third_Party/FreeRTOS/Source/tasks.c **** 						{
 5165              		.loc 1 3723 7 is_stmt 1 view .LVU1445
 5166 004c FFF7FEFF 		bl	vTaskSuspendAll
 5167              	.LVL347:
3725:Middlewares/Third_Party/FreeRTOS/Source/tasks.c **** 							{
 5168              		.loc 1 3725 8 view .LVU1446
3725:Middlewares/Third_Party/FreeRTOS/Source/tasks.c **** 							{
 5169              		.loc 1 3725 12 is_stmt 0 view .LVU1447
 5170 0050 AB6A     		ldr	r3, [r5, #40]
3725:Middlewares/Third_Party/FreeRTOS/Source/tasks.c **** 							{
 5171              		.loc 1 3725 10 view .LVU1448
 5172 0052 0BB1     		cbz	r3, .L416
3727:Middlewares/Third_Party/FreeRTOS/Source/tasks.c **** 							}
 5173              		.loc 1 3727 9 is_stmt 1 view .LVU1449
3727:Middlewares/Third_Party/FreeRTOS/Source/tasks.c **** 							}
 5174              		.loc 1 3727 37 is_stmt 0 view .LVU1450
 5175 0054 0223     		movs	r3, #2
 5176 0056 2373     		strb	r3, [r4, #12]
ARM GAS  /tmp/ccV8B7BA.s 			page 211


 5177              	.L416:
3730:Middlewares/Third_Party/FreeRTOS/Source/tasks.c **** 					}
 5178              		.loc 1 3730 7 is_stmt 1 view .LVU1451
3730:Middlewares/Third_Party/FreeRTOS/Source/tasks.c **** 					}
 5179              		.loc 1 3730 16 is_stmt 0 view .LVU1452
 5180 0058 FFF7FEFF 		bl	xTaskResumeAll
 5181              	.LVL348:
 5182 005c ECE7     		b	.L415
 5183              	.LVL349:
 5184              	.L413:
3738:Middlewares/Third_Party/FreeRTOS/Source/tasks.c **** 		}
 5185              		.loc 1 3738 4 is_stmt 1 view .LVU1453
3738:Middlewares/Third_Party/FreeRTOS/Source/tasks.c **** 		}
 5186              		.loc 1 3738 34 is_stmt 0 view .LVU1454
 5187 005e 2846     		mov	r0, r5
 5188 0060 FFF7FEFF 		bl	eTaskGetState
 5189              	.LVL350:
3738:Middlewares/Third_Party/FreeRTOS/Source/tasks.c **** 		}
 5190              		.loc 1 3738 32 discriminator 1 view .LVU1455
 5191 0064 2073     		strb	r0, [r4, #12]
 5192 0066 E7E7     		b	.L415
 5193              	.L423:
3751:Middlewares/Third_Party/FreeRTOS/Source/tasks.c **** 			}
 5194              		.loc 1 3751 5 is_stmt 1 view .LVU1456
3751:Middlewares/Third_Party/FreeRTOS/Source/tasks.c **** 			}
 5195              		.loc 1 3751 42 is_stmt 0 view .LVU1457
 5196 0068 286B     		ldr	r0, [r5, #48]
 5197 006a FFF7FEFF 		bl	prvTaskCheckFreeStackSpace
 5198              	.LVL351:
3751:Middlewares/Third_Party/FreeRTOS/Source/tasks.c **** 			}
 5199              		.loc 1 3751 40 discriminator 1 view .LVU1458
 5200 006e 2084     		strh	r0, [r4, #32]	@ movhi
 5201 0070 E5E7     		b	.L411
 5202              	.L425:
 5203 0072 00BF     		.align	2
 5204              	.L424:
 5205 0074 00000000 		.word	pxCurrentTCB
 5206              		.cfi_endproc
 5207              	.LFE45:
 5209              		.section	.text.prvListTasksWithinSingleList,"ax",%progbits
 5210              		.align	1
 5211              		.syntax unified
 5212              		.thumb
 5213              		.thumb_func
 5215              	prvListTasksWithinSingleList:
 5216              	.LVL352:
 5217              	.LFB46:
3767:Middlewares/Third_Party/FreeRTOS/Source/tasks.c **** 	configLIST_VOLATILE TCB_t *pxNextTCB, *pxFirstTCB;
 5218              		.loc 1 3767 2 is_stmt 1 view -0
 5219              		.cfi_startproc
 5220              		@ args = 0, pretend = 0, frame = 0
 5221              		@ frame_needed = 0, uses_anonymous_args = 0
3767:Middlewares/Third_Party/FreeRTOS/Source/tasks.c **** 	configLIST_VOLATILE TCB_t *pxNextTCB, *pxFirstTCB;
 5222              		.loc 1 3767 2 is_stmt 0 view .LVU1460
 5223 0000 2DE9F047 		push	{r4, r5, r6, r7, r8, r9, r10, lr}
 5224              	.LCFI47:
 5225              		.cfi_def_cfa_offset 32
ARM GAS  /tmp/ccV8B7BA.s 			page 212


 5226              		.cfi_offset 4, -32
 5227              		.cfi_offset 5, -28
 5228              		.cfi_offset 6, -24
 5229              		.cfi_offset 7, -20
 5230              		.cfi_offset 8, -16
 5231              		.cfi_offset 9, -12
 5232              		.cfi_offset 10, -8
 5233              		.cfi_offset 14, -4
3768:Middlewares/Third_Party/FreeRTOS/Source/tasks.c **** 	UBaseType_t uxTask = 0;
 5234              		.loc 1 3768 22 is_stmt 1 view .LVU1461
3769:Middlewares/Third_Party/FreeRTOS/Source/tasks.c **** 
 5235              		.loc 1 3769 2 view .LVU1462
 5236              	.LVL353:
3771:Middlewares/Third_Party/FreeRTOS/Source/tasks.c **** 		{
 5237              		.loc 1 3771 3 view .LVU1463
3771:Middlewares/Third_Party/FreeRTOS/Source/tasks.c **** 		{
 5238              		.loc 1 3771 7 is_stmt 0 view .LVU1464
 5239 0004 0C68     		ldr	r4, [r1]
3771:Middlewares/Third_Party/FreeRTOS/Source/tasks.c **** 		{
 5240              		.loc 1 3771 5 view .LVU1465
 5241 0006 3CB3     		cbz	r4, .L426
 5242 0008 0746     		mov	r7, r0
 5243 000a 0D46     		mov	r5, r1
 5244 000c 9046     		mov	r8, r2
 5245              	.LBB218:
3773:Middlewares/Third_Party/FreeRTOS/Source/tasks.c **** 
 5246              		.loc 1 3773 4 is_stmt 1 view .LVU1466
 5247              	.LVL354:
3773:Middlewares/Third_Party/FreeRTOS/Source/tasks.c **** 
 5248              		.loc 1 3773 4 view .LVU1467
 5249 000e 4B68     		ldr	r3, [r1, #4]
 5250 0010 5B68     		ldr	r3, [r3, #4]
 5251 0012 4B60     		str	r3, [r1, #4]
3773:Middlewares/Third_Party/FreeRTOS/Source/tasks.c **** 
 5252              		.loc 1 3773 4 view .LVU1468
 5253 0014 01F10809 		add	r9, r1, #8
 5254 0018 4B45     		cmp	r3, r9
 5255 001a 04D0     		beq	.L432
 5256              	.L428:
3773:Middlewares/Third_Party/FreeRTOS/Source/tasks.c **** 
 5257              		.loc 1 3773 4 discriminator 3 view .LVU1469
 5258 001c 6B68     		ldr	r3, [r5, #4]
 5259 001e D3F80CA0 		ldr	r10, [r3, #12]
 5260              	.LVL355:
3773:Middlewares/Third_Party/FreeRTOS/Source/tasks.c **** 
 5261              		.loc 1 3773 4 is_stmt 0 discriminator 3 view .LVU1470
 5262              	.LBE218:
3769:Middlewares/Third_Party/FreeRTOS/Source/tasks.c **** 
 5263              		.loc 1 3769 14 view .LVU1471
 5264 0022 0024     		movs	r4, #0
 5265 0024 10E0     		b	.L430
 5266              	.LVL356:
 5267              	.L432:
 5268              	.LBB219:
3773:Middlewares/Third_Party/FreeRTOS/Source/tasks.c **** 
 5269              		.loc 1 3773 4 is_stmt 1 discriminator 1 view .LVU1472
 5270 0026 5B68     		ldr	r3, [r3, #4]
ARM GAS  /tmp/ccV8B7BA.s 			page 213


 5271 0028 4B60     		str	r3, [r1, #4]
 5272 002a F7E7     		b	.L428
 5273              	.LVL357:
 5274              	.L429:
3773:Middlewares/Third_Party/FreeRTOS/Source/tasks.c **** 
 5275              		.loc 1 3773 4 is_stmt 0 discriminator 1 view .LVU1473
 5276              	.LBE219:
 5277              	.LBB220:
3781:Middlewares/Third_Party/FreeRTOS/Source/tasks.c **** 				vTaskGetInfo( ( TaskHandle_t ) pxNextTCB, &( pxTaskStatusArray[ uxTask ] ), pdTRUE, eState );
 5278              		.loc 1 3781 5 is_stmt 1 discriminator 3 view .LVU1474
 5279 002c 6B68     		ldr	r3, [r5, #4]
 5280 002e DE68     		ldr	r6, [r3, #12]
 5281              	.LVL358:
3781:Middlewares/Third_Party/FreeRTOS/Source/tasks.c **** 				vTaskGetInfo( ( TaskHandle_t ) pxNextTCB, &( pxTaskStatusArray[ uxTask ] ), pdTRUE, eState );
 5282              		.loc 1 3781 5 is_stmt 0 discriminator 3 view .LVU1475
 5283              	.LBE220:
3781:Middlewares/Third_Party/FreeRTOS/Source/tasks.c **** 				vTaskGetInfo( ( TaskHandle_t ) pxNextTCB, &( pxTaskStatusArray[ uxTask ] ), pdTRUE, eState );
 5284              		.loc 1 3781 53 is_stmt 1 discriminator 3 view .LVU1476
3782:Middlewares/Third_Party/FreeRTOS/Source/tasks.c **** 				uxTask++;
 5285              		.loc 1 3782 5 view .LVU1477
3782:Middlewares/Third_Party/FreeRTOS/Source/tasks.c **** 				uxTask++;
 5286              		.loc 1 3782 67 is_stmt 0 view .LVU1478
 5287 0030 04EBC401 		add	r1, r4, r4, lsl #3
3782:Middlewares/Third_Party/FreeRTOS/Source/tasks.c **** 				uxTask++;
 5288              		.loc 1 3782 5 view .LVU1479
 5289 0034 4346     		mov	r3, r8
 5290 0036 0122     		movs	r2, #1
 5291 0038 07EB8101 		add	r1, r7, r1, lsl #2
 5292 003c 3046     		mov	r0, r6
 5293 003e FFF7FEFF 		bl	vTaskGetInfo
 5294              	.LVL359:
3783:Middlewares/Third_Party/FreeRTOS/Source/tasks.c **** 			} while( pxNextTCB != pxFirstTCB );
 5295              		.loc 1 3783 5 is_stmt 1 view .LVU1480
3783:Middlewares/Third_Party/FreeRTOS/Source/tasks.c **** 			} while( pxNextTCB != pxFirstTCB );
 5296              		.loc 1 3783 11 is_stmt 0 view .LVU1481
 5297 0042 0134     		adds	r4, r4, #1
 5298              	.LVL360:
3784:Middlewares/Third_Party/FreeRTOS/Source/tasks.c **** 		}
 5299              		.loc 1 3784 23 is_stmt 1 view .LVU1482
 5300 0044 B245     		cmp	r10, r6
 5301 0046 07D0     		beq	.L426
 5302              	.LVL361:
 5303              	.L430:
3773:Middlewares/Third_Party/FreeRTOS/Source/tasks.c **** 
 5304              		.loc 1 3773 53 discriminator 4 view .LVU1483
3779:Middlewares/Third_Party/FreeRTOS/Source/tasks.c **** 			{
 5305              		.loc 1 3779 4 view .LVU1484
 5306              	.LBB221:
3781:Middlewares/Third_Party/FreeRTOS/Source/tasks.c **** 				vTaskGetInfo( ( TaskHandle_t ) pxNextTCB, &( pxTaskStatusArray[ uxTask ] ), pdTRUE, eState );
 5307              		.loc 1 3781 5 view .LVU1485
3781:Middlewares/Third_Party/FreeRTOS/Source/tasks.c **** 				vTaskGetInfo( ( TaskHandle_t ) pxNextTCB, &( pxTaskStatusArray[ uxTask ] ), pdTRUE, eState );
 5308              		.loc 1 3781 5 view .LVU1486
 5309 0048 6B68     		ldr	r3, [r5, #4]
 5310 004a 5968     		ldr	r1, [r3, #4]
 5311 004c 6960     		str	r1, [r5, #4]
3781:Middlewares/Third_Party/FreeRTOS/Source/tasks.c **** 				vTaskGetInfo( ( TaskHandle_t ) pxNextTCB, &( pxTaskStatusArray[ uxTask ] ), pdTRUE, eState );
 5312              		.loc 1 3781 5 view .LVU1487
ARM GAS  /tmp/ccV8B7BA.s 			page 214


 5313 004e 8945     		cmp	r9, r1
 5314 0050 ECD1     		bne	.L429
3781:Middlewares/Third_Party/FreeRTOS/Source/tasks.c **** 				vTaskGetInfo( ( TaskHandle_t ) pxNextTCB, &( pxTaskStatusArray[ uxTask ] ), pdTRUE, eState );
 5315              		.loc 1 3781 5 discriminator 1 view .LVU1488
 5316 0052 4B68     		ldr	r3, [r1, #4]
 5317 0054 6B60     		str	r3, [r5, #4]
 5318 0056 E9E7     		b	.L429
 5319              	.LVL362:
 5320              	.L426:
3781:Middlewares/Third_Party/FreeRTOS/Source/tasks.c **** 				vTaskGetInfo( ( TaskHandle_t ) pxNextTCB, &( pxTaskStatusArray[ uxTask ] ), pdTRUE, eState );
 5321              		.loc 1 3781 5 is_stmt 0 discriminator 1 view .LVU1489
 5322              	.LBE221:
3792:Middlewares/Third_Party/FreeRTOS/Source/tasks.c **** 
 5323              		.loc 1 3792 2 view .LVU1490
 5324 0058 2046     		mov	r0, r4
 5325 005a BDE8F087 		pop	{r4, r5, r6, r7, r8, r9, r10, pc}
 5326              		.cfi_endproc
 5327              	.LFE46:
 5329              		.section	.text.uxTaskGetSystemState,"ax",%progbits
 5330              		.align	1
 5331              		.global	uxTaskGetSystemState
 5332              		.syntax unified
 5333              		.thumb
 5334              		.thumb_func
 5336              	uxTaskGetSystemState:
 5337              	.LVL363:
 5338              	.LFB27:
2506:Middlewares/Third_Party/FreeRTOS/Source/tasks.c **** 	UBaseType_t uxTask = 0, uxQueue = configMAX_PRIORITIES;
 5339              		.loc 1 2506 2 is_stmt 1 view -0
 5340              		.cfi_startproc
 5341              		@ args = 0, pretend = 0, frame = 0
 5342              		@ frame_needed = 0, uses_anonymous_args = 0
2506:Middlewares/Third_Party/FreeRTOS/Source/tasks.c **** 	UBaseType_t uxTask = 0, uxQueue = configMAX_PRIORITIES;
 5343              		.loc 1 2506 2 is_stmt 0 view .LVU1492
 5344 0000 F8B5     		push	{r3, r4, r5, r6, r7, lr}
 5345              	.LCFI48:
 5346              		.cfi_def_cfa_offset 24
 5347              		.cfi_offset 3, -24
 5348              		.cfi_offset 4, -20
 5349              		.cfi_offset 5, -16
 5350              		.cfi_offset 6, -12
 5351              		.cfi_offset 7, -8
 5352              		.cfi_offset 14, -4
 5353 0002 0746     		mov	r7, r0
 5354 0004 0C46     		mov	r4, r1
 5355 0006 1646     		mov	r6, r2
2507:Middlewares/Third_Party/FreeRTOS/Source/tasks.c **** 
 5356              		.loc 1 2507 2 is_stmt 1 view .LVU1493
 5357              	.LVL364:
2509:Middlewares/Third_Party/FreeRTOS/Source/tasks.c **** 		{
 5358              		.loc 1 2509 3 view .LVU1494
 5359 0008 FFF7FEFF 		bl	vTaskSuspendAll
 5360              	.LVL365:
2512:Middlewares/Third_Party/FreeRTOS/Source/tasks.c **** 			{
 5361              		.loc 1 2512 4 view .LVU1495
2512:Middlewares/Third_Party/FreeRTOS/Source/tasks.c **** 			{
 5362              		.loc 1 2512 20 is_stmt 0 view .LVU1496
ARM GAS  /tmp/ccV8B7BA.s 			page 215


 5363 000c 224B     		ldr	r3, .L438
 5364 000e 1B68     		ldr	r3, [r3]
2512:Middlewares/Third_Party/FreeRTOS/Source/tasks.c **** 			{
 5365              		.loc 1 2512 6 view .LVU1497
 5366 0010 A342     		cmp	r3, r4
 5367 0012 3BD8     		bhi	.L436
2507:Middlewares/Third_Party/FreeRTOS/Source/tasks.c **** 
 5368              		.loc 1 2507 26 view .LVU1498
 5369 0014 3824     		movs	r4, #56
 5370              	.LVL366:
2507:Middlewares/Third_Party/FreeRTOS/Source/tasks.c **** 
 5371              		.loc 1 2507 14 view .LVU1499
 5372 0016 0025     		movs	r5, #0
 5373              	.LVL367:
 5374              	.L435:
2516:Middlewares/Third_Party/FreeRTOS/Source/tasks.c **** 				{
 5375              		.loc 1 2516 5 is_stmt 1 view .LVU1500
2518:Middlewares/Third_Party/FreeRTOS/Source/tasks.c **** 					uxTask += prvListTasksWithinSingleList( &( pxTaskStatusArray[ uxTask ] ), &( pxReadyTasksLists
 5376              		.loc 1 2518 6 view .LVU1501
2518:Middlewares/Third_Party/FreeRTOS/Source/tasks.c **** 					uxTask += prvListTasksWithinSingleList( &( pxTaskStatusArray[ uxTask ] ), &( pxReadyTasksLists
 5377              		.loc 1 2518 13 is_stmt 0 view .LVU1502
 5378 0018 013C     		subs	r4, r4, #1
 5379              	.LVL368:
2519:Middlewares/Third_Party/FreeRTOS/Source/tasks.c **** 
 5380              		.loc 1 2519 6 is_stmt 1 view .LVU1503
2519:Middlewares/Third_Party/FreeRTOS/Source/tasks.c **** 
 5381              		.loc 1 2519 66 is_stmt 0 view .LVU1504
 5382 001a 05EBC500 		add	r0, r5, r5, lsl #3
2519:Middlewares/Third_Party/FreeRTOS/Source/tasks.c **** 
 5383              		.loc 1 2519 16 view .LVU1505
 5384 001e 04EB8401 		add	r1, r4, r4, lsl #2
 5385 0022 0122     		movs	r2, #1
 5386 0024 1D4B     		ldr	r3, .L438+4
 5387 0026 03EB8101 		add	r1, r3, r1, lsl #2
 5388 002a 07EB8000 		add	r0, r7, r0, lsl #2
 5389 002e FFF7FEFF 		bl	prvListTasksWithinSingleList
 5390              	.LVL369:
2519:Middlewares/Third_Party/FreeRTOS/Source/tasks.c **** 
 5391              		.loc 1 2519 13 discriminator 1 view .LVU1506
 5392 0032 0544     		add	r5, r5, r0
 5393              	.LVL370:
2521:Middlewares/Third_Party/FreeRTOS/Source/tasks.c **** 
 5394              		.loc 1 2521 22 is_stmt 1 discriminator 1 view .LVU1507
 5395 0034 002C     		cmp	r4, #0
 5396 0036 EFD1     		bne	.L435
2525:Middlewares/Third_Party/FreeRTOS/Source/tasks.c **** 				uxTask += prvListTasksWithinSingleList( &( pxTaskStatusArray[ uxTask ] ), ( List_t * ) pxOverfl
 5397              		.loc 1 2525 5 view .LVU1508
2525:Middlewares/Third_Party/FreeRTOS/Source/tasks.c **** 				uxTask += prvListTasksWithinSingleList( &( pxTaskStatusArray[ uxTask ] ), ( List_t * ) pxOverfl
 5398              		.loc 1 2525 65 is_stmt 0 view .LVU1509
 5399 0038 05EBC500 		add	r0, r5, r5, lsl #3
2525:Middlewares/Third_Party/FreeRTOS/Source/tasks.c **** 				uxTask += prvListTasksWithinSingleList( &( pxTaskStatusArray[ uxTask ] ), ( List_t * ) pxOverfl
 5400              		.loc 1 2525 15 view .LVU1510
 5401 003c 184B     		ldr	r3, .L438+8
 5402 003e 1968     		ldr	r1, [r3]
 5403 0040 0222     		movs	r2, #2
 5404 0042 07EB8000 		add	r0, r7, r0, lsl #2
 5405 0046 FFF7FEFF 		bl	prvListTasksWithinSingleList
ARM GAS  /tmp/ccV8B7BA.s 			page 216


 5406              	.LVL371:
2525:Middlewares/Third_Party/FreeRTOS/Source/tasks.c **** 				uxTask += prvListTasksWithinSingleList( &( pxTaskStatusArray[ uxTask ] ), ( List_t * ) pxOverfl
 5407              		.loc 1 2525 12 discriminator 1 view .LVU1511
 5408 004a 0544     		add	r5, r5, r0
 5409              	.LVL372:
2526:Middlewares/Third_Party/FreeRTOS/Source/tasks.c **** 
 5410              		.loc 1 2526 5 is_stmt 1 view .LVU1512
2526:Middlewares/Third_Party/FreeRTOS/Source/tasks.c **** 
 5411              		.loc 1 2526 65 is_stmt 0 view .LVU1513
 5412 004c 05EBC500 		add	r0, r5, r5, lsl #3
2526:Middlewares/Third_Party/FreeRTOS/Source/tasks.c **** 
 5413              		.loc 1 2526 15 view .LVU1514
 5414 0050 144B     		ldr	r3, .L438+12
 5415 0052 1968     		ldr	r1, [r3]
 5416 0054 0222     		movs	r2, #2
 5417 0056 07EB8000 		add	r0, r7, r0, lsl #2
 5418 005a FFF7FEFF 		bl	prvListTasksWithinSingleList
 5419              	.LVL373:
2526:Middlewares/Third_Party/FreeRTOS/Source/tasks.c **** 
 5420              		.loc 1 2526 12 discriminator 1 view .LVU1515
 5421 005e 0544     		add	r5, r5, r0
 5422              	.LVL374:
2532:Middlewares/Third_Party/FreeRTOS/Source/tasks.c **** 				}
 5423              		.loc 1 2532 6 is_stmt 1 view .LVU1516
2532:Middlewares/Third_Party/FreeRTOS/Source/tasks.c **** 				}
 5424              		.loc 1 2532 66 is_stmt 0 view .LVU1517
 5425 0060 05EBC500 		add	r0, r5, r5, lsl #3
2532:Middlewares/Third_Party/FreeRTOS/Source/tasks.c **** 				}
 5426              		.loc 1 2532 16 view .LVU1518
 5427 0064 0422     		movs	r2, #4
 5428 0066 1049     		ldr	r1, .L438+16
 5429 0068 07EB8000 		add	r0, r7, r0, lsl #2
 5430 006c FFF7FEFF 		bl	prvListTasksWithinSingleList
 5431              	.LVL375:
2532:Middlewares/Third_Party/FreeRTOS/Source/tasks.c **** 				}
 5432              		.loc 1 2532 13 discriminator 1 view .LVU1519
 5433 0070 2C18     		adds	r4, r5, r0
 5434              	.LVL376:
2540:Middlewares/Third_Party/FreeRTOS/Source/tasks.c **** 				}
 5435              		.loc 1 2540 6 is_stmt 1 view .LVU1520
2540:Middlewares/Third_Party/FreeRTOS/Source/tasks.c **** 				}
 5436              		.loc 1 2540 66 is_stmt 0 view .LVU1521
 5437 0072 04EBC400 		add	r0, r4, r4, lsl #3
2540:Middlewares/Third_Party/FreeRTOS/Source/tasks.c **** 				}
 5438              		.loc 1 2540 16 view .LVU1522
 5439 0076 0322     		movs	r2, #3
 5440 0078 0C49     		ldr	r1, .L438+20
 5441 007a 07EB8000 		add	r0, r7, r0, lsl #2
 5442 007e FFF7FEFF 		bl	prvListTasksWithinSingleList
 5443              	.LVL377:
2540:Middlewares/Third_Party/FreeRTOS/Source/tasks.c **** 				}
 5444              		.loc 1 2540 13 discriminator 1 view .LVU1523
 5445 0082 0444     		add	r4, r4, r0
 5446              	.LVL378:
2557:Middlewares/Third_Party/FreeRTOS/Source/tasks.c **** 					{
 5447              		.loc 1 2557 6 is_stmt 1 view .LVU1524
2557:Middlewares/Third_Party/FreeRTOS/Source/tasks.c **** 					{
ARM GAS  /tmp/ccV8B7BA.s 			page 217


 5448              		.loc 1 2557 8 is_stmt 0 view .LVU1525
 5449 0084 1EB1     		cbz	r6, .L434
2559:Middlewares/Third_Party/FreeRTOS/Source/tasks.c **** 					}
 5450              		.loc 1 2559 7 is_stmt 1 view .LVU1526
2559:Middlewares/Third_Party/FreeRTOS/Source/tasks.c **** 					}
 5451              		.loc 1 2559 24 is_stmt 0 view .LVU1527
 5452 0086 0023     		movs	r3, #0
 5453 0088 3360     		str	r3, [r6]
 5454 008a 00E0     		b	.L434
 5455              	.LVL379:
 5456              	.L436:
2507:Middlewares/Third_Party/FreeRTOS/Source/tasks.c **** 
 5457              		.loc 1 2507 14 view .LVU1528
 5458 008c 0024     		movs	r4, #0
 5459              	.LVL380:
 5460              	.L434:
2566:Middlewares/Third_Party/FreeRTOS/Source/tasks.c **** 			}
 5461              		.loc 1 2566 29 is_stmt 1 view .LVU1529
2569:Middlewares/Third_Party/FreeRTOS/Source/tasks.c **** 
 5462              		.loc 1 2569 3 view .LVU1530
2569:Middlewares/Third_Party/FreeRTOS/Source/tasks.c **** 
 5463              		.loc 1 2569 12 is_stmt 0 view .LVU1531
 5464 008e FFF7FEFF 		bl	xTaskResumeAll
 5465              	.LVL381:
2571:Middlewares/Third_Party/FreeRTOS/Source/tasks.c **** 	}
 5466              		.loc 1 2571 3 is_stmt 1 view .LVU1532
2572:Middlewares/Third_Party/FreeRTOS/Source/tasks.c **** 
 5467              		.loc 1 2572 2 is_stmt 0 view .LVU1533
 5468 0092 2046     		mov	r0, r4
 5469 0094 F8BD     		pop	{r3, r4, r5, r6, r7, pc}
 5470              	.LVL382:
 5471              	.L439:
2572:Middlewares/Third_Party/FreeRTOS/Source/tasks.c **** 
 5472              		.loc 1 2572 2 view .LVU1534
 5473 0096 00BF     		.align	2
 5474              	.L438:
 5475 0098 00000000 		.word	uxCurrentNumberOfTasks
 5476 009c 00000000 		.word	pxReadyTasksLists
 5477 00a0 00000000 		.word	pxDelayedTaskList
 5478 00a4 00000000 		.word	pxOverflowDelayedTaskList
 5479 00a8 00000000 		.word	xTasksWaitingTermination
 5480 00ac 00000000 		.word	xSuspendedTaskList
 5481              		.cfi_endproc
 5482              	.LFE27:
 5484              		.section	.text.uxTaskGetStackHighWaterMark,"ax",%progbits
 5485              		.align	1
 5486              		.global	uxTaskGetStackHighWaterMark
 5487              		.syntax unified
 5488              		.thumb
 5489              		.thumb_func
 5491              	uxTaskGetStackHighWaterMark:
 5492              	.LVL383:
 5493              	.LFB48:
3860:Middlewares/Third_Party/FreeRTOS/Source/tasks.c **** 	TCB_t *pxTCB;
 5494              		.loc 1 3860 2 is_stmt 1 view -0
 5495              		.cfi_startproc
 5496              		@ args = 0, pretend = 0, frame = 0
ARM GAS  /tmp/ccV8B7BA.s 			page 218


 5497              		@ frame_needed = 0, uses_anonymous_args = 0
3860:Middlewares/Third_Party/FreeRTOS/Source/tasks.c **** 	TCB_t *pxTCB;
 5498              		.loc 1 3860 2 is_stmt 0 view .LVU1536
 5499 0000 08B5     		push	{r3, lr}
 5500              	.LCFI49:
 5501              		.cfi_def_cfa_offset 8
 5502              		.cfi_offset 3, -8
 5503              		.cfi_offset 14, -4
3861:Middlewares/Third_Party/FreeRTOS/Source/tasks.c **** 	uint8_t *pucEndOfStack;
 5504              		.loc 1 3861 2 is_stmt 1 view .LVU1537
3862:Middlewares/Third_Party/FreeRTOS/Source/tasks.c **** 	UBaseType_t uxReturn;
 5505              		.loc 1 3862 2 view .LVU1538
3863:Middlewares/Third_Party/FreeRTOS/Source/tasks.c **** 
 5506              		.loc 1 3863 2 view .LVU1539
3865:Middlewares/Third_Party/FreeRTOS/Source/tasks.c **** 
 5507              		.loc 1 3865 3 view .LVU1540
3865:Middlewares/Third_Party/FreeRTOS/Source/tasks.c **** 
 5508              		.loc 1 3865 11 is_stmt 0 view .LVU1541
 5509 0002 0346     		mov	r3, r0
 5510 0004 18B1     		cbz	r0, .L443
 5511              	.LVL384:
 5512              	.L441:
3869:Middlewares/Third_Party/FreeRTOS/Source/tasks.c **** 		}
 5513              		.loc 1 3869 4 is_stmt 1 view .LVU1542
3877:Middlewares/Third_Party/FreeRTOS/Source/tasks.c **** 
 5514              		.loc 1 3877 3 view .LVU1543
3877:Middlewares/Third_Party/FreeRTOS/Source/tasks.c **** 
 5515              		.loc 1 3877 30 is_stmt 0 view .LVU1544
 5516 0006 186B     		ldr	r0, [r3, #48]
 5517 0008 FFF7FEFF 		bl	prvTaskCheckFreeStackSpace
 5518              	.LVL385:
3879:Middlewares/Third_Party/FreeRTOS/Source/tasks.c **** 	}
 5519              		.loc 1 3879 3 is_stmt 1 view .LVU1545
3880:Middlewares/Third_Party/FreeRTOS/Source/tasks.c **** 
 5520              		.loc 1 3880 2 is_stmt 0 view .LVU1546
 5521 000c 08BD     		pop	{r3, pc}
 5522              	.LVL386:
 5523              	.L443:
3865:Middlewares/Third_Party/FreeRTOS/Source/tasks.c **** 
 5524              		.loc 1 3865 11 discriminator 1 view .LVU1547
 5525 000e 014B     		ldr	r3, .L444
 5526 0010 1B68     		ldr	r3, [r3]
 5527              	.LVL387:
3865:Middlewares/Third_Party/FreeRTOS/Source/tasks.c **** 
 5528              		.loc 1 3865 11 discriminator 1 view .LVU1548
 5529 0012 F8E7     		b	.L441
 5530              	.L445:
 5531              		.align	2
 5532              	.L444:
 5533 0014 00000000 		.word	pxCurrentTCB
 5534              		.cfi_endproc
 5535              	.LFE48:
 5537              		.section	.text.xTaskGetCurrentTaskHandle,"ax",%progbits
 5538              		.align	1
 5539              		.global	xTaskGetCurrentTaskHandle
 5540              		.syntax unified
 5541              		.thumb
ARM GAS  /tmp/ccV8B7BA.s 			page 219


 5542              		.thumb_func
 5544              	xTaskGetCurrentTaskHandle:
 5545              	.LFB51:
3970:Middlewares/Third_Party/FreeRTOS/Source/tasks.c **** 	TaskHandle_t xReturn;
 5546              		.loc 1 3970 2 is_stmt 1 view -0
 5547              		.cfi_startproc
 5548              		@ args = 0, pretend = 0, frame = 0
 5549              		@ frame_needed = 0, uses_anonymous_args = 0
 5550              		@ link register save eliminated.
3971:Middlewares/Third_Party/FreeRTOS/Source/tasks.c **** 
 5551              		.loc 1 3971 2 view .LVU1550
3976:Middlewares/Third_Party/FreeRTOS/Source/tasks.c **** 
 5552              		.loc 1 3976 3 view .LVU1551
3976:Middlewares/Third_Party/FreeRTOS/Source/tasks.c **** 
 5553              		.loc 1 3976 11 is_stmt 0 view .LVU1552
 5554 0000 014B     		ldr	r3, .L447
 5555 0002 1868     		ldr	r0, [r3]
 5556              	.LVL388:
3978:Middlewares/Third_Party/FreeRTOS/Source/tasks.c **** 	}
 5557              		.loc 1 3978 3 is_stmt 1 view .LVU1553
3979:Middlewares/Third_Party/FreeRTOS/Source/tasks.c **** 
 5558              		.loc 1 3979 2 is_stmt 0 view .LVU1554
 5559 0004 7047     		bx	lr
 5560              	.L448:
 5561 0006 00BF     		.align	2
 5562              	.L447:
 5563 0008 00000000 		.word	pxCurrentTCB
 5564              		.cfi_endproc
 5565              	.LFE51:
 5567              		.section	.text.xTaskGetSchedulerState,"ax",%progbits
 5568              		.align	1
 5569              		.global	xTaskGetSchedulerState
 5570              		.syntax unified
 5571              		.thumb
 5572              		.thumb_func
 5574              	xTaskGetSchedulerState:
 5575              	.LFB52:
3987:Middlewares/Third_Party/FreeRTOS/Source/tasks.c **** 	BaseType_t xReturn;
 5576              		.loc 1 3987 2 is_stmt 1 view -0
 5577              		.cfi_startproc
 5578              		@ args = 0, pretend = 0, frame = 0
 5579              		@ frame_needed = 0, uses_anonymous_args = 0
 5580              		@ link register save eliminated.
3988:Middlewares/Third_Party/FreeRTOS/Source/tasks.c **** 
 5581              		.loc 1 3988 2 view .LVU1556
3990:Middlewares/Third_Party/FreeRTOS/Source/tasks.c **** 		{
 5582              		.loc 1 3990 3 view .LVU1557
3990:Middlewares/Third_Party/FreeRTOS/Source/tasks.c **** 		{
 5583              		.loc 1 3990 25 is_stmt 0 view .LVU1558
 5584 0000 054B     		ldr	r3, .L454
 5585 0002 1B68     		ldr	r3, [r3]
3990:Middlewares/Third_Party/FreeRTOS/Source/tasks.c **** 		{
 5586              		.loc 1 3990 5 view .LVU1559
 5587 0004 33B1     		cbz	r3, .L451
3996:Middlewares/Third_Party/FreeRTOS/Source/tasks.c **** 			{
 5588              		.loc 1 3996 4 is_stmt 1 view .LVU1560
3996:Middlewares/Third_Party/FreeRTOS/Source/tasks.c **** 			{
ARM GAS  /tmp/ccV8B7BA.s 			page 220


 5589              		.loc 1 3996 29 is_stmt 0 view .LVU1561
 5590 0006 054B     		ldr	r3, .L454+4
 5591 0008 1B68     		ldr	r3, [r3]
3996:Middlewares/Third_Party/FreeRTOS/Source/tasks.c **** 			{
 5592              		.loc 1 3996 6 view .LVU1562
 5593 000a 0BB1     		cbz	r3, .L453
4002:Middlewares/Third_Party/FreeRTOS/Source/tasks.c **** 			}
 5594              		.loc 1 4002 13 view .LVU1563
 5595 000c 0020     		movs	r0, #0
 5596              	.LVL389:
4006:Middlewares/Third_Party/FreeRTOS/Source/tasks.c **** 	}
 5597              		.loc 1 4006 3 is_stmt 1 view .LVU1564
4007:Middlewares/Third_Party/FreeRTOS/Source/tasks.c **** 
 5598              		.loc 1 4007 2 is_stmt 0 view .LVU1565
 5599 000e 7047     		bx	lr
 5600              	.LVL390:
 5601              	.L453:
3998:Middlewares/Third_Party/FreeRTOS/Source/tasks.c **** 			}
 5602              		.loc 1 3998 13 view .LVU1566
 5603 0010 0220     		movs	r0, #2
 5604 0012 7047     		bx	lr
 5605              	.L451:
3992:Middlewares/Third_Party/FreeRTOS/Source/tasks.c **** 		}
 5606              		.loc 1 3992 12 view .LVU1567
 5607 0014 0120     		movs	r0, #1
 5608 0016 7047     		bx	lr
 5609              	.L455:
 5610              		.align	2
 5611              	.L454:
 5612 0018 00000000 		.word	xSchedulerRunning
 5613 001c 00000000 		.word	uxSchedulerSuspended
 5614              		.cfi_endproc
 5615              	.LFE52:
 5617              		.section	.text.xTaskPriorityInherit,"ax",%progbits
 5618              		.align	1
 5619              		.global	xTaskPriorityInherit
 5620              		.syntax unified
 5621              		.thumb
 5622              		.thumb_func
 5624              	xTaskPriorityInherit:
 5625              	.LVL391:
 5626              	.LFB53:
4015:Middlewares/Third_Party/FreeRTOS/Source/tasks.c **** 	TCB_t * const pxMutexHolderTCB = pxMutexHolder;
 5627              		.loc 1 4015 2 is_stmt 1 view -0
 5628              		.cfi_startproc
 5629              		@ args = 0, pretend = 0, frame = 0
 5630              		@ frame_needed = 0, uses_anonymous_args = 0
4016:Middlewares/Third_Party/FreeRTOS/Source/tasks.c **** 	BaseType_t xReturn = pdFALSE;
 5631              		.loc 1 4016 2 view .LVU1569
4017:Middlewares/Third_Party/FreeRTOS/Source/tasks.c **** 
 5632              		.loc 1 4017 2 view .LVU1570
4022:Middlewares/Third_Party/FreeRTOS/Source/tasks.c **** 		{
 5633              		.loc 1 4022 3 view .LVU1571
4022:Middlewares/Third_Party/FreeRTOS/Source/tasks.c **** 		{
 5634              		.loc 1 4022 5 is_stmt 0 view .LVU1572
 5635 0000 0028     		cmp	r0, #0
 5636 0002 3ED0     		beq	.L462
ARM GAS  /tmp/ccV8B7BA.s 			page 221


4015:Middlewares/Third_Party/FreeRTOS/Source/tasks.c **** 	TCB_t * const pxMutexHolderTCB = pxMutexHolder;
 5637              		.loc 1 4015 2 view .LVU1573
 5638 0004 38B5     		push	{r3, r4, r5, lr}
 5639              	.LCFI50:
 5640              		.cfi_def_cfa_offset 16
 5641              		.cfi_offset 3, -16
 5642              		.cfi_offset 4, -12
 5643              		.cfi_offset 5, -8
 5644              		.cfi_offset 14, -4
 5645 0006 0446     		mov	r4, r0
4027:Middlewares/Third_Party/FreeRTOS/Source/tasks.c **** 			{
 5646              		.loc 1 4027 4 is_stmt 1 view .LVU1574
4027:Middlewares/Third_Party/FreeRTOS/Source/tasks.c **** 			{
 5647              		.loc 1 4027 24 is_stmt 0 view .LVU1575
 5648 0008 C36A     		ldr	r3, [r0, #44]
4027:Middlewares/Third_Party/FreeRTOS/Source/tasks.c **** 			{
 5649              		.loc 1 4027 51 view .LVU1576
 5650 000a 204A     		ldr	r2, .L469
 5651 000c 1268     		ldr	r2, [r2]
 5652 000e D26A     		ldr	r2, [r2, #44]
4027:Middlewares/Third_Party/FreeRTOS/Source/tasks.c **** 			{
 5653              		.loc 1 4027 6 view .LVU1577
 5654 0010 9342     		cmp	r3, r2
 5655 0012 2ED2     		bcs	.L458
4032:Middlewares/Third_Party/FreeRTOS/Source/tasks.c **** 				{
 5656              		.loc 1 4032 5 is_stmt 1 view .LVU1578
4032:Middlewares/Third_Party/FreeRTOS/Source/tasks.c **** 				{
 5657              		.loc 1 4032 11 is_stmt 0 view .LVU1579
 5658 0014 8269     		ldr	r2, [r0, #24]
4032:Middlewares/Third_Party/FreeRTOS/Source/tasks.c **** 				{
 5659              		.loc 1 4032 7 view .LVU1580
 5660 0016 002A     		cmp	r2, #0
 5661 0018 05DB     		blt	.L459
4034:Middlewares/Third_Party/FreeRTOS/Source/tasks.c **** 				}
 5662              		.loc 1 4034 6 is_stmt 1 view .LVU1581
 5663 001a 1C4A     		ldr	r2, .L469
 5664 001c 1268     		ldr	r2, [r2]
 5665 001e D26A     		ldr	r2, [r2, #44]
 5666 0020 C2F13802 		rsb	r2, r2, #56
 5667 0024 8261     		str	r2, [r0, #24]
 5668              	.L459:
4038:Middlewares/Third_Party/FreeRTOS/Source/tasks.c **** 				}
 5669              		.loc 1 4038 30 view .LVU1582
4043:Middlewares/Third_Party/FreeRTOS/Source/tasks.c **** 				{
 5670              		.loc 1 4043 5 view .LVU1583
4043:Middlewares/Third_Party/FreeRTOS/Source/tasks.c **** 				{
 5671              		.loc 1 4043 9 is_stmt 0 view .LVU1584
 5672 0026 6169     		ldr	r1, [r4, #20]
 5673 0028 03EB8303 		add	r3, r3, r3, lsl #2
 5674 002c 184A     		ldr	r2, .L469+4
 5675 002e 02EB8303 		add	r3, r2, r3, lsl #2
4043:Middlewares/Third_Party/FreeRTOS/Source/tasks.c **** 				{
 5676              		.loc 1 4043 7 view .LVU1585
 5677 0032 9942     		cmp	r1, r3
 5678 0034 05D0     		beq	.L468
4064:Middlewares/Third_Party/FreeRTOS/Source/tasks.c **** 				}
 5679              		.loc 1 4064 6 is_stmt 1 view .LVU1586
ARM GAS  /tmp/ccV8B7BA.s 			page 222


4064:Middlewares/Third_Party/FreeRTOS/Source/tasks.c **** 				}
 5680              		.loc 1 4064 49 is_stmt 0 view .LVU1587
 5681 0036 154B     		ldr	r3, .L469
 5682 0038 1B68     		ldr	r3, [r3]
 5683 003a DB6A     		ldr	r3, [r3, #44]
4064:Middlewares/Third_Party/FreeRTOS/Source/tasks.c **** 				}
 5684              		.loc 1 4064 35 view .LVU1588
 5685 003c E362     		str	r3, [r4, #44]
4070:Middlewares/Third_Party/FreeRTOS/Source/tasks.c **** 			}
 5686              		.loc 1 4070 13 view .LVU1589
 5687 003e 0120     		movs	r0, #1
 5688              	.LVL392:
 5689              	.L456:
4097:Middlewares/Third_Party/FreeRTOS/Source/tasks.c **** 
 5690              		.loc 1 4097 2 view .LVU1590
 5691 0040 38BD     		pop	{r3, r4, r5, pc}
 5692              	.LVL393:
 5693              	.L468:
4045:Middlewares/Third_Party/FreeRTOS/Source/tasks.c **** 					{
 5694              		.loc 1 4045 6 is_stmt 1 view .LVU1591
4045:Middlewares/Third_Party/FreeRTOS/Source/tasks.c **** 					{
 5695              		.loc 1 4045 10 is_stmt 0 view .LVU1592
 5696 0042 251D     		adds	r5, r4, #4
 5697 0044 2846     		mov	r0, r5
 5698              	.LVL394:
4045:Middlewares/Third_Party/FreeRTOS/Source/tasks.c **** 					{
 5699              		.loc 1 4045 10 view .LVU1593
 5700 0046 FFF7FEFF 		bl	uxListRemove
 5701              	.LVL395:
4050:Middlewares/Third_Party/FreeRTOS/Source/tasks.c **** 					}
 5702              		.loc 1 4050 83 is_stmt 1 view .LVU1594
4054:Middlewares/Third_Party/FreeRTOS/Source/tasks.c **** 					}
 5703              		.loc 1 4054 31 view .LVU1595
4058:Middlewares/Third_Party/FreeRTOS/Source/tasks.c **** 					prvAddTaskToReadyList( pxMutexHolderTCB );
 5704              		.loc 1 4058 6 view .LVU1596
4058:Middlewares/Third_Party/FreeRTOS/Source/tasks.c **** 					prvAddTaskToReadyList( pxMutexHolderTCB );
 5705              		.loc 1 4058 49 is_stmt 0 view .LVU1597
 5706 004a 104B     		ldr	r3, .L469
 5707 004c 1B68     		ldr	r3, [r3]
 5708 004e D86A     		ldr	r0, [r3, #44]
4058:Middlewares/Third_Party/FreeRTOS/Source/tasks.c **** 					prvAddTaskToReadyList( pxMutexHolderTCB );
 5709              		.loc 1 4058 35 view .LVU1598
 5710 0050 E062     		str	r0, [r4, #44]
4059:Middlewares/Third_Party/FreeRTOS/Source/tasks.c **** 				}
 5711              		.loc 1 4059 6 is_stmt 1 view .LVU1599
4059:Middlewares/Third_Party/FreeRTOS/Source/tasks.c **** 				}
 5712              		.loc 1 4059 6 view .LVU1600
 5713 0052 104B     		ldr	r3, .L469+8
 5714 0054 1B68     		ldr	r3, [r3]
 5715 0056 9842     		cmp	r0, r3
 5716 0058 01D9     		bls	.L461
4059:Middlewares/Third_Party/FreeRTOS/Source/tasks.c **** 				}
 5717              		.loc 1 4059 6 discriminator 1 view .LVU1601
 5718 005a 0E4B     		ldr	r3, .L469+8
 5719 005c 1860     		str	r0, [r3]
 5720              	.L461:
4059:Middlewares/Third_Party/FreeRTOS/Source/tasks.c **** 				}
ARM GAS  /tmp/ccV8B7BA.s 			page 223


 5721              		.loc 1 4059 6 discriminator 3 view .LVU1602
4059:Middlewares/Third_Party/FreeRTOS/Source/tasks.c **** 				}
 5722              		.loc 1 4059 6 discriminator 3 view .LVU1603
 5723 005e 00EB8000 		add	r0, r0, r0, lsl #2
 5724 0062 2946     		mov	r1, r5
 5725 0064 0A4B     		ldr	r3, .L469+4
 5726 0066 03EB8000 		add	r0, r3, r0, lsl #2
 5727 006a FFF7FEFF 		bl	vListInsertEnd
 5728              	.LVL396:
4059:Middlewares/Third_Party/FreeRTOS/Source/tasks.c **** 				}
 5729              		.loc 1 4059 47 discriminator 1 view .LVU1604
4070:Middlewares/Third_Party/FreeRTOS/Source/tasks.c **** 			}
 5730              		.loc 1 4070 13 is_stmt 0 view .LVU1605
 5731 006e 0120     		movs	r0, #1
 5732 0070 E6E7     		b	.L456
 5733              	.LVL397:
 5734              	.L458:
4074:Middlewares/Third_Party/FreeRTOS/Source/tasks.c **** 				{
 5735              		.loc 1 4074 5 is_stmt 1 view .LVU1606
4074:Middlewares/Third_Party/FreeRTOS/Source/tasks.c **** 				{
 5736              		.loc 1 4074 25 is_stmt 0 view .LVU1607
 5737 0072 C26C     		ldr	r2, [r0, #76]
4074:Middlewares/Third_Party/FreeRTOS/Source/tasks.c **** 				{
 5738              		.loc 1 4074 56 view .LVU1608
 5739 0074 054B     		ldr	r3, .L469
 5740 0076 1B68     		ldr	r3, [r3]
 5741 0078 DB6A     		ldr	r3, [r3, #44]
4074:Middlewares/Third_Party/FreeRTOS/Source/tasks.c **** 				{
 5742              		.loc 1 4074 7 view .LVU1609
 5743 007a 9A42     		cmp	r2, r3
 5744 007c 03D3     		bcc	.L463
4017:Middlewares/Third_Party/FreeRTOS/Source/tasks.c **** 
 5745              		.loc 1 4017 13 view .LVU1610
 5746 007e 0020     		movs	r0, #0
 5747              	.LVL398:
4017:Middlewares/Third_Party/FreeRTOS/Source/tasks.c **** 
 5748              		.loc 1 4017 13 view .LVU1611
 5749 0080 DEE7     		b	.L456
 5750              	.LVL399:
 5751              	.L462:
 5752              	.LCFI51:
 5753              		.cfi_def_cfa_offset 0
 5754              		.cfi_restore 3
 5755              		.cfi_restore 4
 5756              		.cfi_restore 5
 5757              		.cfi_restore 14
4017:Middlewares/Third_Party/FreeRTOS/Source/tasks.c **** 
 5758              		.loc 1 4017 13 view .LVU1612
 5759 0082 0020     		movs	r0, #0
 5760              	.LVL400:
4097:Middlewares/Third_Party/FreeRTOS/Source/tasks.c **** 
 5761              		.loc 1 4097 2 view .LVU1613
 5762 0084 7047     		bx	lr
 5763              	.LVL401:
 5764              	.L463:
 5765              	.LCFI52:
 5766              		.cfi_def_cfa_offset 16
ARM GAS  /tmp/ccV8B7BA.s 			page 224


 5767              		.cfi_offset 3, -16
 5768              		.cfi_offset 4, -12
 5769              		.cfi_offset 5, -8
 5770              		.cfi_offset 14, -4
4083:Middlewares/Third_Party/FreeRTOS/Source/tasks.c **** 				}
 5771              		.loc 1 4083 14 view .LVU1614
 5772 0086 0120     		movs	r0, #1
 5773              	.LVL402:
4093:Middlewares/Third_Party/FreeRTOS/Source/tasks.c **** 		}
 5774              		.loc 1 4093 28 is_stmt 1 view .LVU1615
4096:Middlewares/Third_Party/FreeRTOS/Source/tasks.c **** 	}
 5775              		.loc 1 4096 3 view .LVU1616
4096:Middlewares/Third_Party/FreeRTOS/Source/tasks.c **** 	}
 5776              		.loc 1 4096 10 is_stmt 0 view .LVU1617
 5777 0088 DAE7     		b	.L456
 5778              	.L470:
 5779 008a 00BF     		.align	2
 5780              	.L469:
 5781 008c 00000000 		.word	pxCurrentTCB
 5782 0090 00000000 		.word	pxReadyTasksLists
 5783 0094 00000000 		.word	uxTopReadyPriority
 5784              		.cfi_endproc
 5785              	.LFE53:
 5787              		.section	.text.xTaskPriorityDisinherit,"ax",%progbits
 5788              		.align	1
 5789              		.global	xTaskPriorityDisinherit
 5790              		.syntax unified
 5791              		.thumb
 5792              		.thumb_func
 5794              	xTaskPriorityDisinherit:
 5795              	.LVL403:
 5796              	.LFB54:
4105:Middlewares/Third_Party/FreeRTOS/Source/tasks.c **** 	TCB_t * const pxTCB = pxMutexHolder;
 5797              		.loc 1 4105 2 is_stmt 1 view -0
 5798              		.cfi_startproc
 5799              		@ args = 0, pretend = 0, frame = 0
 5800              		@ frame_needed = 0, uses_anonymous_args = 0
4106:Middlewares/Third_Party/FreeRTOS/Source/tasks.c **** 	BaseType_t xReturn = pdFALSE;
 5801              		.loc 1 4106 2 view .LVU1619
4107:Middlewares/Third_Party/FreeRTOS/Source/tasks.c **** 
 5802              		.loc 1 4107 2 view .LVU1620
4109:Middlewares/Third_Party/FreeRTOS/Source/tasks.c **** 		{
 5803              		.loc 1 4109 3 view .LVU1621
4109:Middlewares/Third_Party/FreeRTOS/Source/tasks.c **** 		{
 5804              		.loc 1 4109 5 is_stmt 0 view .LVU1622
 5805 0000 0028     		cmp	r0, #0
 5806 0002 3BD0     		beq	.L478
4105:Middlewares/Third_Party/FreeRTOS/Source/tasks.c **** 	TCB_t * const pxTCB = pxMutexHolder;
 5807              		.loc 1 4105 2 view .LVU1623
 5808 0004 38B5     		push	{r3, r4, r5, lr}
 5809              	.LCFI53:
 5810              		.cfi_def_cfa_offset 16
 5811              		.cfi_offset 3, -16
 5812              		.cfi_offset 4, -12
 5813              		.cfi_offset 5, -8
 5814              		.cfi_offset 14, -4
 5815 0006 0446     		mov	r4, r0
ARM GAS  /tmp/ccV8B7BA.s 			page 225


4115:Middlewares/Third_Party/FreeRTOS/Source/tasks.c **** 			configASSERT( pxTCB->uxMutexesHeld );
 5816              		.loc 1 4115 4 is_stmt 1 view .LVU1624
 5817 0008 1E4B     		ldr	r3, .L486
 5818 000a 1B68     		ldr	r3, [r3]
 5819 000c 8342     		cmp	r3, r0
 5820 000e 08D0     		beq	.L473
4115:Middlewares/Third_Party/FreeRTOS/Source/tasks.c **** 			configASSERT( pxTCB->uxMutexesHeld );
 5821              		.loc 1 4115 4 discriminator 1 view .LVU1625
 5822              	.LBB222:
 5823              	.LBI222:
 193:Middlewares/Third_Party/FreeRTOS/Source/portable/GCC/ARM_CM3/portmacro.h **** {
 5824              		.loc 2 193 30 view .LVU1626
 5825              	.LBB223:
 195:Middlewares/Third_Party/FreeRTOS/Source/portable/GCC/ARM_CM3/portmacro.h **** 
 5826              		.loc 2 195 1 view .LVU1627
 197:Middlewares/Third_Party/FreeRTOS/Source/portable/GCC/ARM_CM3/portmacro.h **** 	(
 5827              		.loc 2 197 2 view .LVU1628
 5828              		.syntax unified
 5829              	@ 197 "Middlewares/Third_Party/FreeRTOS/Source/portable/GCC/ARM_CM3/portmacro.h" 1
 5830 0010 4FF05003 			mov r3, #80												
 5831 0014 83F31188 		msr basepri, r3											
 5832 0018 BFF36F8F 		isb														
 5833 001c BFF34F8F 		dsb														
 5834              	
 5835              	@ 0 "" 2
 5836              		.thumb
 5837              		.syntax unified
 5838              	.L474:
 5839              	.LBE223:
 5840              	.LBE222:
4115:Middlewares/Third_Party/FreeRTOS/Source/tasks.c **** 			configASSERT( pxTCB->uxMutexesHeld );
 5841              		.loc 1 4115 4 discriminator 3 view .LVU1629
4115:Middlewares/Third_Party/FreeRTOS/Source/tasks.c **** 			configASSERT( pxTCB->uxMutexesHeld );
 5842              		.loc 1 4115 4 discriminator 3 view .LVU1630
 5843 0020 FEE7     		b	.L474
 5844              	.L473:
4115:Middlewares/Third_Party/FreeRTOS/Source/tasks.c **** 			configASSERT( pxTCB->uxMutexesHeld );
 5845              		.loc 1 4115 41 discriminator 2 view .LVU1631
4116:Middlewares/Third_Party/FreeRTOS/Source/tasks.c **** 			( pxTCB->uxMutexesHeld )--;
 5846              		.loc 1 4116 4 view .LVU1632
 5847 0022 036D     		ldr	r3, [r0, #80]
 5848 0024 43B9     		cbnz	r3, .L475
4116:Middlewares/Third_Party/FreeRTOS/Source/tasks.c **** 			( pxTCB->uxMutexesHeld )--;
 5849              		.loc 1 4116 4 discriminator 1 view .LVU1633
 5850              	.LBB224:
 5851              	.LBI224:
 193:Middlewares/Third_Party/FreeRTOS/Source/portable/GCC/ARM_CM3/portmacro.h **** {
 5852              		.loc 2 193 30 view .LVU1634
 5853              	.LBB225:
 195:Middlewares/Third_Party/FreeRTOS/Source/portable/GCC/ARM_CM3/portmacro.h **** 
 5854              		.loc 2 195 1 view .LVU1635
 197:Middlewares/Third_Party/FreeRTOS/Source/portable/GCC/ARM_CM3/portmacro.h **** 	(
 5855              		.loc 2 197 2 view .LVU1636
 5856              		.syntax unified
 5857              	@ 197 "Middlewares/Third_Party/FreeRTOS/Source/portable/GCC/ARM_CM3/portmacro.h" 1
 5858 0026 4FF05003 			mov r3, #80												
 5859 002a 83F31188 		msr basepri, r3											
ARM GAS  /tmp/ccV8B7BA.s 			page 226


 5860 002e BFF36F8F 		isb														
 5861 0032 BFF34F8F 		dsb														
 5862              	
 5863              	@ 0 "" 2
 5864              		.thumb
 5865              		.syntax unified
 5866              	.L476:
 5867              	.LBE225:
 5868              	.LBE224:
4116:Middlewares/Third_Party/FreeRTOS/Source/tasks.c **** 			( pxTCB->uxMutexesHeld )--;
 5869              		.loc 1 4116 4 discriminator 3 view .LVU1637
4116:Middlewares/Third_Party/FreeRTOS/Source/tasks.c **** 			( pxTCB->uxMutexesHeld )--;
 5870              		.loc 1 4116 4 discriminator 3 view .LVU1638
 5871 0036 FEE7     		b	.L476
 5872              	.L475:
4116:Middlewares/Third_Party/FreeRTOS/Source/tasks.c **** 			( pxTCB->uxMutexesHeld )--;
 5873              		.loc 1 4116 40 discriminator 2 view .LVU1639
4117:Middlewares/Third_Party/FreeRTOS/Source/tasks.c **** 
 5874              		.loc 1 4117 4 view .LVU1640
4117:Middlewares/Third_Party/FreeRTOS/Source/tasks.c **** 
 5875              		.loc 1 4117 28 is_stmt 0 view .LVU1641
 5876 0038 013B     		subs	r3, r3, #1
 5877 003a 0365     		str	r3, [r0, #80]
4121:Middlewares/Third_Party/FreeRTOS/Source/tasks.c **** 			{
 5878              		.loc 1 4121 4 is_stmt 1 view .LVU1642
4121:Middlewares/Third_Party/FreeRTOS/Source/tasks.c **** 			{
 5879              		.loc 1 4121 13 is_stmt 0 view .LVU1643
 5880 003c C16A     		ldr	r1, [r0, #44]
4121:Middlewares/Third_Party/FreeRTOS/Source/tasks.c **** 			{
 5881              		.loc 1 4121 34 view .LVU1644
 5882 003e C26C     		ldr	r2, [r0, #76]
4121:Middlewares/Third_Party/FreeRTOS/Source/tasks.c **** 			{
 5883              		.loc 1 4121 6 view .LVU1645
 5884 0040 9142     		cmp	r1, r2
 5885 0042 1DD0     		beq	.L479
4124:Middlewares/Third_Party/FreeRTOS/Source/tasks.c **** 				{
 5886              		.loc 1 4124 5 is_stmt 1 view .LVU1646
4124:Middlewares/Third_Party/FreeRTOS/Source/tasks.c **** 				{
 5887              		.loc 1 4124 7 is_stmt 0 view .LVU1647
 5888 0044 0BB1     		cbz	r3, .L485
4107:Middlewares/Third_Party/FreeRTOS/Source/tasks.c **** 
 5889              		.loc 1 4107 13 view .LVU1648
 5890 0046 0020     		movs	r0, #0
 5891              	.LVL404:
4173:Middlewares/Third_Party/FreeRTOS/Source/tasks.c **** 		}
 5892              		.loc 1 4173 28 is_stmt 1 view .LVU1649
4176:Middlewares/Third_Party/FreeRTOS/Source/tasks.c **** 	}
 5893              		.loc 1 4176 3 view .LVU1650
 5894              	.L471:
4177:Middlewares/Third_Party/FreeRTOS/Source/tasks.c **** 
 5895              		.loc 1 4177 2 is_stmt 0 view .LVU1651
 5896 0048 38BD     		pop	{r3, r4, r5, pc}
 5897              	.LVL405:
 5898              	.L485:
4131:Middlewares/Third_Party/FreeRTOS/Source/tasks.c **** 					{
 5899              		.loc 1 4131 6 is_stmt 1 view .LVU1652
4131:Middlewares/Third_Party/FreeRTOS/Source/tasks.c **** 					{
ARM GAS  /tmp/ccV8B7BA.s 			page 227


 5900              		.loc 1 4131 10 is_stmt 0 view .LVU1653
 5901 004a 051D     		adds	r5, r0, #4
 5902 004c 2846     		mov	r0, r5
 5903              	.LVL406:
4131:Middlewares/Third_Party/FreeRTOS/Source/tasks.c **** 					{
 5904              		.loc 1 4131 10 view .LVU1654
 5905 004e FFF7FEFF 		bl	uxListRemove
 5906              	.LVL407:
4133:Middlewares/Third_Party/FreeRTOS/Source/tasks.c **** 					}
 5907              		.loc 1 4133 52 is_stmt 1 view .LVU1655
4137:Middlewares/Third_Party/FreeRTOS/Source/tasks.c **** 					}
 5908              		.loc 1 4137 31 view .LVU1656
4142:Middlewares/Third_Party/FreeRTOS/Source/tasks.c **** 					pxTCB->uxPriority = pxTCB->uxBasePriority;
 5909              		.loc 1 4142 67 view .LVU1657
4143:Middlewares/Third_Party/FreeRTOS/Source/tasks.c **** 
 5910              		.loc 1 4143 6 view .LVU1658
4143:Middlewares/Third_Party/FreeRTOS/Source/tasks.c **** 
 5911              		.loc 1 4143 31 is_stmt 0 view .LVU1659
 5912 0052 E06C     		ldr	r0, [r4, #76]
4143:Middlewares/Third_Party/FreeRTOS/Source/tasks.c **** 
 5913              		.loc 1 4143 24 view .LVU1660
 5914 0054 E062     		str	r0, [r4, #44]
4148:Middlewares/Third_Party/FreeRTOS/Source/tasks.c **** 					prvAddTaskToReadyList( pxTCB );
 5915              		.loc 1 4148 6 is_stmt 1 view .LVU1661
 5916 0056 C0F13803 		rsb	r3, r0, #56
 5917 005a A361     		str	r3, [r4, #24]
4149:Middlewares/Third_Party/FreeRTOS/Source/tasks.c **** 
 5918              		.loc 1 4149 6 view .LVU1662
4149:Middlewares/Third_Party/FreeRTOS/Source/tasks.c **** 
 5919              		.loc 1 4149 6 view .LVU1663
 5920 005c 0A4B     		ldr	r3, .L486+4
 5921 005e 1B68     		ldr	r3, [r3]
 5922 0060 9842     		cmp	r0, r3
 5923 0062 01D9     		bls	.L477
4149:Middlewares/Third_Party/FreeRTOS/Source/tasks.c **** 
 5924              		.loc 1 4149 6 discriminator 1 view .LVU1664
 5925 0064 084B     		ldr	r3, .L486+4
 5926 0066 1860     		str	r0, [r3]
 5927              	.L477:
4149:Middlewares/Third_Party/FreeRTOS/Source/tasks.c **** 
 5928              		.loc 1 4149 6 discriminator 3 view .LVU1665
4149:Middlewares/Third_Party/FreeRTOS/Source/tasks.c **** 
 5929              		.loc 1 4149 6 discriminator 3 view .LVU1666
 5930 0068 00EB8000 		add	r0, r0, r0, lsl #2
 5931 006c 2946     		mov	r1, r5
 5932 006e 074B     		ldr	r3, .L486+8
 5933 0070 03EB8000 		add	r0, r3, r0, lsl #2
 5934 0074 FFF7FEFF 		bl	vListInsertEnd
 5935              	.LVL408:
4149:Middlewares/Third_Party/FreeRTOS/Source/tasks.c **** 
 5936              		.loc 1 4149 36 discriminator 1 view .LVU1667
4159:Middlewares/Third_Party/FreeRTOS/Source/tasks.c **** 				}
 5937              		.loc 1 4159 6 view .LVU1668
4159:Middlewares/Third_Party/FreeRTOS/Source/tasks.c **** 				}
 5938              		.loc 1 4159 14 is_stmt 0 view .LVU1669
 5939 0078 0120     		movs	r0, #1
 5940 007a E5E7     		b	.L471
ARM GAS  /tmp/ccV8B7BA.s 			page 228


 5941              	.LVL409:
 5942              	.L478:
 5943              	.LCFI54:
 5944              		.cfi_def_cfa_offset 0
 5945              		.cfi_restore 3
 5946              		.cfi_restore 4
 5947              		.cfi_restore 5
 5948              		.cfi_restore 14
4107:Middlewares/Third_Party/FreeRTOS/Source/tasks.c **** 
 5949              		.loc 1 4107 13 view .LVU1670
 5950 007c 0020     		movs	r0, #0
 5951              	.LVL410:
4177:Middlewares/Third_Party/FreeRTOS/Source/tasks.c **** 
 5952              		.loc 1 4177 2 view .LVU1671
 5953 007e 7047     		bx	lr
 5954              	.LVL411:
 5955              	.L479:
 5956              	.LCFI55:
 5957              		.cfi_def_cfa_offset 16
 5958              		.cfi_offset 3, -16
 5959              		.cfi_offset 4, -12
 5960              		.cfi_offset 5, -8
 5961              		.cfi_offset 14, -4
4107:Middlewares/Third_Party/FreeRTOS/Source/tasks.c **** 
 5962              		.loc 1 4107 13 view .LVU1672
 5963 0080 0020     		movs	r0, #0
 5964              	.LVL412:
4107:Middlewares/Third_Party/FreeRTOS/Source/tasks.c **** 
 5965              		.loc 1 4107 13 view .LVU1673
 5966 0082 E1E7     		b	.L471
 5967              	.L487:
 5968              		.align	2
 5969              	.L486:
 5970 0084 00000000 		.word	pxCurrentTCB
 5971 0088 00000000 		.word	uxTopReadyPriority
 5972 008c 00000000 		.word	pxReadyTasksLists
 5973              		.cfi_endproc
 5974              	.LFE54:
 5976              		.section	.text.vTaskPriorityDisinheritAfterTimeout,"ax",%progbits
 5977              		.align	1
 5978              		.global	vTaskPriorityDisinheritAfterTimeout
 5979              		.syntax unified
 5980              		.thumb
 5981              		.thumb_func
 5983              	vTaskPriorityDisinheritAfterTimeout:
 5984              	.LVL413:
 5985              	.LFB55:
4185:Middlewares/Third_Party/FreeRTOS/Source/tasks.c **** 	TCB_t * const pxTCB = pxMutexHolder;
 5986              		.loc 1 4185 2 is_stmt 1 view -0
 5987              		.cfi_startproc
 5988              		@ args = 0, pretend = 0, frame = 0
 5989              		@ frame_needed = 0, uses_anonymous_args = 0
4186:Middlewares/Third_Party/FreeRTOS/Source/tasks.c **** 	UBaseType_t uxPriorityUsedOnEntry, uxPriorityToUse;
 5990              		.loc 1 4186 2 view .LVU1675
4187:Middlewares/Third_Party/FreeRTOS/Source/tasks.c **** 	const UBaseType_t uxOnlyOneMutexHeld = ( UBaseType_t ) 1;
 5991              		.loc 1 4187 2 view .LVU1676
4188:Middlewares/Third_Party/FreeRTOS/Source/tasks.c **** 
ARM GAS  /tmp/ccV8B7BA.s 			page 229


 5992              		.loc 1 4188 2 view .LVU1677
4190:Middlewares/Third_Party/FreeRTOS/Source/tasks.c **** 		{
 5993              		.loc 1 4190 3 view .LVU1678
4190:Middlewares/Third_Party/FreeRTOS/Source/tasks.c **** 		{
 5994              		.loc 1 4190 5 is_stmt 0 view .LVU1679
 5995 0000 0028     		cmp	r0, #0
 5996 0002 46D0     		beq	.L498
4185:Middlewares/Third_Party/FreeRTOS/Source/tasks.c **** 	TCB_t * const pxTCB = pxMutexHolder;
 5997              		.loc 1 4185 2 view .LVU1680
 5998 0004 38B5     		push	{r3, r4, r5, lr}
 5999              	.LCFI56:
 6000              		.cfi_def_cfa_offset 16
 6001              		.cfi_offset 3, -16
 6002              		.cfi_offset 4, -12
 6003              		.cfi_offset 5, -8
 6004              		.cfi_offset 14, -4
 6005 0006 0446     		mov	r4, r0
4194:Middlewares/Third_Party/FreeRTOS/Source/tasks.c **** 
 6006              		.loc 1 4194 4 is_stmt 1 view .LVU1681
 6007 0008 036D     		ldr	r3, [r0, #80]
 6008 000a 43B9     		cbnz	r3, .L490
4194:Middlewares/Third_Party/FreeRTOS/Source/tasks.c **** 
 6009              		.loc 1 4194 4 discriminator 1 view .LVU1682
 6010              	.LBB226:
 6011              	.LBI226:
 193:Middlewares/Third_Party/FreeRTOS/Source/portable/GCC/ARM_CM3/portmacro.h **** {
 6012              		.loc 2 193 30 view .LVU1683
 6013              	.LBB227:
 195:Middlewares/Third_Party/FreeRTOS/Source/portable/GCC/ARM_CM3/portmacro.h **** 
 6014              		.loc 2 195 1 view .LVU1684
 197:Middlewares/Third_Party/FreeRTOS/Source/portable/GCC/ARM_CM3/portmacro.h **** 	(
 6015              		.loc 2 197 2 view .LVU1685
 6016              		.syntax unified
 6017              	@ 197 "Middlewares/Third_Party/FreeRTOS/Source/portable/GCC/ARM_CM3/portmacro.h" 1
 6018 000c 4FF05003 			mov r3, #80												
 6019 0010 83F31188 		msr basepri, r3											
 6020 0014 BFF36F8F 		isb														
 6021 0018 BFF34F8F 		dsb														
 6022              	
 6023              	@ 0 "" 2
 6024              		.thumb
 6025              		.syntax unified
 6026              	.L491:
 6027              	.LBE227:
 6028              	.LBE226:
4194:Middlewares/Third_Party/FreeRTOS/Source/tasks.c **** 
 6029              		.loc 1 4194 4 discriminator 3 view .LVU1686
4194:Middlewares/Third_Party/FreeRTOS/Source/tasks.c **** 
 6030              		.loc 1 4194 4 discriminator 3 view .LVU1687
 6031 001c FEE7     		b	.L491
 6032              	.L490:
4194:Middlewares/Third_Party/FreeRTOS/Source/tasks.c **** 
 6033              		.loc 1 4194 40 discriminator 2 view .LVU1688
4200:Middlewares/Third_Party/FreeRTOS/Source/tasks.c **** 			{
 6034              		.loc 1 4200 4 view .LVU1689
4200:Middlewares/Third_Party/FreeRTOS/Source/tasks.c **** 			{
 6035              		.loc 1 4200 13 is_stmt 0 view .LVU1690
ARM GAS  /tmp/ccV8B7BA.s 			page 230


 6036 001e C26C     		ldr	r2, [r0, #76]
4200:Middlewares/Third_Party/FreeRTOS/Source/tasks.c **** 			{
 6037              		.loc 1 4200 6 view .LVU1691
 6038 0020 8A42     		cmp	r2, r1
 6039 0022 00D2     		bcs	.L492
4202:Middlewares/Third_Party/FreeRTOS/Source/tasks.c **** 			}
 6040              		.loc 1 4202 21 view .LVU1692
 6041 0024 0A46     		mov	r2, r1
 6042              	.L492:
 6043              	.LVL414:
4210:Middlewares/Third_Party/FreeRTOS/Source/tasks.c **** 			{
 6044              		.loc 1 4210 4 is_stmt 1 view .LVU1693
4210:Middlewares/Third_Party/FreeRTOS/Source/tasks.c **** 			{
 6045              		.loc 1 4210 13 is_stmt 0 view .LVU1694
 6046 0026 E16A     		ldr	r1, [r4, #44]
 6047              	.LVL415:
4210:Middlewares/Third_Party/FreeRTOS/Source/tasks.c **** 			{
 6048              		.loc 1 4210 6 view .LVU1695
 6049 0028 9142     		cmp	r1, r2
 6050 002a 01D0     		beq	.L488
4216:Middlewares/Third_Party/FreeRTOS/Source/tasks.c **** 				{
 6051              		.loc 1 4216 5 is_stmt 1 view .LVU1696
4216:Middlewares/Third_Party/FreeRTOS/Source/tasks.c **** 				{
 6052              		.loc 1 4216 7 is_stmt 0 view .LVU1697
 6053 002c 012B     		cmp	r3, #1
 6054 002e 00D0     		beq	.L501
 6055              	.LVL416:
 6056              	.L488:
4282:Middlewares/Third_Party/FreeRTOS/Source/tasks.c **** 
 6057              		.loc 1 4282 2 view .LVU1698
 6058 0030 38BD     		pop	{r3, r4, r5, pc}
 6059              	.LVL417:
 6060              	.L501:
4221:Middlewares/Third_Party/FreeRTOS/Source/tasks.c **** 
 6061              		.loc 1 4221 6 is_stmt 1 view .LVU1699
 6062 0032 184B     		ldr	r3, .L503
 6063 0034 1B68     		ldr	r3, [r3]
 6064 0036 A342     		cmp	r3, r4
 6065 0038 22D0     		beq	.L502
4221:Middlewares/Third_Party/FreeRTOS/Source/tasks.c **** 
 6066              		.loc 1 4221 43 discriminator 2 view .LVU1700
4226:Middlewares/Third_Party/FreeRTOS/Source/tasks.c **** 					uxPriorityUsedOnEntry = pxTCB->uxPriority;
 6067              		.loc 1 4226 67 view .LVU1701
4227:Middlewares/Third_Party/FreeRTOS/Source/tasks.c **** 					pxTCB->uxPriority = uxPriorityToUse;
 6068              		.loc 1 4227 6 view .LVU1702
 6069              	.LVL418:
4228:Middlewares/Third_Party/FreeRTOS/Source/tasks.c **** 
 6070              		.loc 1 4228 6 view .LVU1703
4228:Middlewares/Third_Party/FreeRTOS/Source/tasks.c **** 
 6071              		.loc 1 4228 24 is_stmt 0 view .LVU1704
 6072 003a E262     		str	r2, [r4, #44]
4232:Middlewares/Third_Party/FreeRTOS/Source/tasks.c **** 					{
 6073              		.loc 1 4232 6 is_stmt 1 view .LVU1705
4232:Middlewares/Third_Party/FreeRTOS/Source/tasks.c **** 					{
 6074              		.loc 1 4232 12 is_stmt 0 view .LVU1706
 6075 003c A369     		ldr	r3, [r4, #24]
4232:Middlewares/Third_Party/FreeRTOS/Source/tasks.c **** 					{
ARM GAS  /tmp/ccV8B7BA.s 			page 231


 6076              		.loc 1 4232 8 view .LVU1707
 6077 003e 002B     		cmp	r3, #0
 6078 0040 02DB     		blt	.L495
4234:Middlewares/Third_Party/FreeRTOS/Source/tasks.c **** 					}
 6079              		.loc 1 4234 7 is_stmt 1 view .LVU1708
 6080 0042 C2F13802 		rsb	r2, r2, #56
 6081              	.LVL419:
4234:Middlewares/Third_Party/FreeRTOS/Source/tasks.c **** 					}
 6082              		.loc 1 4234 7 is_stmt 0 view .LVU1709
 6083 0046 A261     		str	r2, [r4, #24]
 6084              	.L495:
4238:Middlewares/Third_Party/FreeRTOS/Source/tasks.c **** 					}
 6085              		.loc 1 4238 31 is_stmt 1 view .LVU1710
4247:Middlewares/Third_Party/FreeRTOS/Source/tasks.c **** 					{
 6086              		.loc 1 4247 6 view .LVU1711
4247:Middlewares/Third_Party/FreeRTOS/Source/tasks.c **** 					{
 6087              		.loc 1 4247 10 is_stmt 0 view .LVU1712
 6088 0048 6269     		ldr	r2, [r4, #20]
 6089 004a 01EB8101 		add	r1, r1, r1, lsl #2
 6090              	.LVL420:
4247:Middlewares/Third_Party/FreeRTOS/Source/tasks.c **** 					{
 6091              		.loc 1 4247 10 view .LVU1713
 6092 004e 124B     		ldr	r3, .L503+4
 6093 0050 03EB8103 		add	r3, r3, r1, lsl #2
4247:Middlewares/Third_Party/FreeRTOS/Source/tasks.c **** 					{
 6094              		.loc 1 4247 8 view .LVU1714
 6095 0054 9A42     		cmp	r2, r3
 6096 0056 EBD1     		bne	.L488
4249:Middlewares/Third_Party/FreeRTOS/Source/tasks.c **** 						{
 6097              		.loc 1 4249 7 is_stmt 1 view .LVU1715
4249:Middlewares/Third_Party/FreeRTOS/Source/tasks.c **** 						{
 6098              		.loc 1 4249 11 is_stmt 0 view .LVU1716
 6099 0058 251D     		adds	r5, r4, #4
 6100 005a 2846     		mov	r0, r5
 6101              	.LVL421:
4249:Middlewares/Third_Party/FreeRTOS/Source/tasks.c **** 						{
 6102              		.loc 1 4249 11 view .LVU1717
 6103 005c FFF7FEFF 		bl	uxListRemove
 6104              	.LVL422:
4254:Middlewares/Third_Party/FreeRTOS/Source/tasks.c **** 						}
 6105              		.loc 1 4254 73 is_stmt 1 view .LVU1718
4258:Middlewares/Third_Party/FreeRTOS/Source/tasks.c **** 						}
 6106              		.loc 1 4258 32 view .LVU1719
4261:Middlewares/Third_Party/FreeRTOS/Source/tasks.c **** 					}
 6107              		.loc 1 4261 7 view .LVU1720
4261:Middlewares/Third_Party/FreeRTOS/Source/tasks.c **** 					}
 6108              		.loc 1 4261 7 view .LVU1721
 6109 0060 E06A     		ldr	r0, [r4, #44]
 6110 0062 0E4B     		ldr	r3, .L503+8
 6111 0064 1B68     		ldr	r3, [r3]
 6112 0066 9842     		cmp	r0, r3
 6113 0068 01D9     		bls	.L496
4261:Middlewares/Third_Party/FreeRTOS/Source/tasks.c **** 					}
 6114              		.loc 1 4261 7 discriminator 1 view .LVU1722
 6115 006a 0C4B     		ldr	r3, .L503+8
 6116 006c 1860     		str	r0, [r3]
 6117              	.L496:
ARM GAS  /tmp/ccV8B7BA.s 			page 232


4261:Middlewares/Third_Party/FreeRTOS/Source/tasks.c **** 					}
 6118              		.loc 1 4261 7 discriminator 3 view .LVU1723
4261:Middlewares/Third_Party/FreeRTOS/Source/tasks.c **** 					}
 6119              		.loc 1 4261 7 discriminator 3 view .LVU1724
 6120 006e 00EB8000 		add	r0, r0, r0, lsl #2
 6121 0072 2946     		mov	r1, r5
 6122 0074 084B     		ldr	r3, .L503+4
 6123 0076 03EB8000 		add	r0, r3, r0, lsl #2
 6124 007a FFF7FEFF 		bl	vListInsertEnd
 6125              	.LVL423:
4261:Middlewares/Third_Party/FreeRTOS/Source/tasks.c **** 					}
 6126              		.loc 1 4261 37 discriminator 1 view .LVU1725
4280:Middlewares/Third_Party/FreeRTOS/Source/tasks.c **** 		}
 6127              		.loc 1 4280 28 view .LVU1726
4282:Middlewares/Third_Party/FreeRTOS/Source/tasks.c **** 
 6128              		.loc 1 4282 2 is_stmt 0 view .LVU1727
 6129 007e D7E7     		b	.L488
 6130              	.LVL424:
 6131              	.L502:
4221:Middlewares/Third_Party/FreeRTOS/Source/tasks.c **** 
 6132              		.loc 1 4221 6 is_stmt 1 discriminator 1 view .LVU1728
 6133              	.LBB228:
 6134              	.LBI228:
 193:Middlewares/Third_Party/FreeRTOS/Source/portable/GCC/ARM_CM3/portmacro.h **** {
 6135              		.loc 2 193 30 view .LVU1729
 6136              	.LBB229:
 195:Middlewares/Third_Party/FreeRTOS/Source/portable/GCC/ARM_CM3/portmacro.h **** 
 6137              		.loc 2 195 1 view .LVU1730
 197:Middlewares/Third_Party/FreeRTOS/Source/portable/GCC/ARM_CM3/portmacro.h **** 	(
 6138              		.loc 2 197 2 view .LVU1731
 6139              		.syntax unified
 6140              	@ 197 "Middlewares/Third_Party/FreeRTOS/Source/portable/GCC/ARM_CM3/portmacro.h" 1
 6141 0080 4FF05003 			mov r3, #80												
 6142 0084 83F31188 		msr basepri, r3											
 6143 0088 BFF36F8F 		isb														
 6144 008c BFF34F8F 		dsb														
 6145              	
 6146              	@ 0 "" 2
 6147              		.thumb
 6148              		.syntax unified
 6149              	.L494:
 6150              	.LBE229:
 6151              	.LBE228:
4221:Middlewares/Third_Party/FreeRTOS/Source/tasks.c **** 
 6152              		.loc 1 4221 6 discriminator 3 view .LVU1732
4221:Middlewares/Third_Party/FreeRTOS/Source/tasks.c **** 
 6153              		.loc 1 4221 6 discriminator 3 view .LVU1733
 6154 0090 FEE7     		b	.L494
 6155              	.LVL425:
 6156              	.L498:
 6157              	.LCFI57:
 6158              		.cfi_def_cfa_offset 0
 6159              		.cfi_restore 3
 6160              		.cfi_restore 4
 6161              		.cfi_restore 5
 6162              		.cfi_restore 14
4221:Middlewares/Third_Party/FreeRTOS/Source/tasks.c **** 
ARM GAS  /tmp/ccV8B7BA.s 			page 233


 6163              		.loc 1 4221 6 is_stmt 0 discriminator 3 view .LVU1734
 6164 0092 7047     		bx	lr
 6165              	.L504:
 6166              		.align	2
 6167              	.L503:
 6168 0094 00000000 		.word	pxCurrentTCB
 6169 0098 00000000 		.word	pxReadyTasksLists
 6170 009c 00000000 		.word	uxTopReadyPriority
 6171              		.cfi_endproc
 6172              	.LFE55:
 6174              		.section	.text.uxTaskResetEventItemValue,"ax",%progbits
 6175              		.align	1
 6176              		.global	uxTaskResetEventItemValue
 6177              		.syntax unified
 6178              		.thumb
 6179              		.thumb_func
 6181              	uxTaskResetEventItemValue:
 6182              	.LFB56:
4603:Middlewares/Third_Party/FreeRTOS/Source/tasks.c **** TickType_t uxReturn;
 6183              		.loc 1 4603 1 is_stmt 1 view -0
 6184              		.cfi_startproc
 6185              		@ args = 0, pretend = 0, frame = 0
 6186              		@ frame_needed = 0, uses_anonymous_args = 0
 6187              		@ link register save eliminated.
4604:Middlewares/Third_Party/FreeRTOS/Source/tasks.c **** 
 6188              		.loc 1 4604 1 view .LVU1736
4606:Middlewares/Third_Party/FreeRTOS/Source/tasks.c **** 
 6189              		.loc 1 4606 2 view .LVU1737
4606:Middlewares/Third_Party/FreeRTOS/Source/tasks.c **** 
 6190              		.loc 1 4606 13 is_stmt 0 view .LVU1738
 6191 0000 044A     		ldr	r2, .L506
 6192 0002 1368     		ldr	r3, [r2]
4606:Middlewares/Third_Party/FreeRTOS/Source/tasks.c **** 
 6193              		.loc 1 4606 11 view .LVU1739
 6194 0004 9869     		ldr	r0, [r3, #24]
 6195              	.LVL426:
4610:Middlewares/Third_Party/FreeRTOS/Source/tasks.c **** 
 6196              		.loc 1 4610 2 is_stmt 1 view .LVU1740
 6197 0006 1368     		ldr	r3, [r2]
 6198 0008 DB6A     		ldr	r3, [r3, #44]
 6199 000a 1268     		ldr	r2, [r2]
 6200 000c C3F13803 		rsb	r3, r3, #56
 6201 0010 9361     		str	r3, [r2, #24]
4612:Middlewares/Third_Party/FreeRTOS/Source/tasks.c **** }
 6202              		.loc 1 4612 2 view .LVU1741
4613:Middlewares/Third_Party/FreeRTOS/Source/tasks.c **** /*-----------------------------------------------------------*/
 6203              		.loc 1 4613 1 is_stmt 0 view .LVU1742
 6204 0012 7047     		bx	lr
 6205              	.L507:
 6206              		.align	2
 6207              	.L506:
 6208 0014 00000000 		.word	pxCurrentTCB
 6209              		.cfi_endproc
 6210              	.LFE56:
 6212              		.section	.text.pvTaskIncrementMutexHeldCount,"ax",%progbits
 6213              		.align	1
 6214              		.global	pvTaskIncrementMutexHeldCount
ARM GAS  /tmp/ccV8B7BA.s 			page 234


 6215              		.syntax unified
 6216              		.thumb
 6217              		.thumb_func
 6219              	pvTaskIncrementMutexHeldCount:
 6220              	.LFB57:
4619:Middlewares/Third_Party/FreeRTOS/Source/tasks.c **** 		/* If xSemaphoreCreateMutex() is called before any tasks have been created
 6221              		.loc 1 4619 2 is_stmt 1 view -0
 6222              		.cfi_startproc
 6223              		@ args = 0, pretend = 0, frame = 0
 6224              		@ frame_needed = 0, uses_anonymous_args = 0
 6225              		@ link register save eliminated.
4622:Middlewares/Third_Party/FreeRTOS/Source/tasks.c **** 		{
 6226              		.loc 1 4622 3 view .LVU1744
4622:Middlewares/Third_Party/FreeRTOS/Source/tasks.c **** 		{
 6227              		.loc 1 4622 20 is_stmt 0 view .LVU1745
 6228 0000 054B     		ldr	r3, .L510
 6229 0002 1B68     		ldr	r3, [r3]
4622:Middlewares/Third_Party/FreeRTOS/Source/tasks.c **** 		{
 6230              		.loc 1 4622 5 view .LVU1746
 6231 0004 23B1     		cbz	r3, .L509
4624:Middlewares/Third_Party/FreeRTOS/Source/tasks.c **** 		}
 6232              		.loc 1 4624 4 is_stmt 1 view .LVU1747
4624:Middlewares/Third_Party/FreeRTOS/Source/tasks.c **** 		}
 6233              		.loc 1 4624 18 is_stmt 0 view .LVU1748
 6234 0006 044B     		ldr	r3, .L510
 6235 0008 1A68     		ldr	r2, [r3]
 6236 000a 136D     		ldr	r3, [r2, #80]
4624:Middlewares/Third_Party/FreeRTOS/Source/tasks.c **** 		}
 6237              		.loc 1 4624 35 view .LVU1749
 6238 000c 0133     		adds	r3, r3, #1
 6239 000e 1365     		str	r3, [r2, #80]
 6240              	.L509:
4627:Middlewares/Third_Party/FreeRTOS/Source/tasks.c **** 	}
 6241              		.loc 1 4627 3 is_stmt 1 view .LVU1750
4627:Middlewares/Third_Party/FreeRTOS/Source/tasks.c **** 	}
 6242              		.loc 1 4627 10 is_stmt 0 view .LVU1751
 6243 0010 014B     		ldr	r3, .L510
 6244 0012 1868     		ldr	r0, [r3]
4628:Middlewares/Third_Party/FreeRTOS/Source/tasks.c **** 
 6245              		.loc 1 4628 2 view .LVU1752
 6246 0014 7047     		bx	lr
 6247              	.L511:
 6248 0016 00BF     		.align	2
 6249              	.L510:
 6250 0018 00000000 		.word	pxCurrentTCB
 6251              		.cfi_endproc
 6252              	.LFE57:
 6254              		.section	.text.ulTaskNotifyTake,"ax",%progbits
 6255              		.align	1
 6256              		.global	ulTaskNotifyTake
 6257              		.syntax unified
 6258              		.thumb
 6259              		.thumb_func
 6261              	ulTaskNotifyTake:
 6262              	.LVL427:
 6263              	.LFB58:
4636:Middlewares/Third_Party/FreeRTOS/Source/tasks.c **** 	uint32_t ulReturn;
ARM GAS  /tmp/ccV8B7BA.s 			page 235


 6264              		.loc 1 4636 2 is_stmt 1 view -0
 6265              		.cfi_startproc
 6266              		@ args = 0, pretend = 0, frame = 0
 6267              		@ frame_needed = 0, uses_anonymous_args = 0
4636:Middlewares/Third_Party/FreeRTOS/Source/tasks.c **** 	uint32_t ulReturn;
 6268              		.loc 1 4636 2 is_stmt 0 view .LVU1754
 6269 0000 38B5     		push	{r3, r4, r5, lr}
 6270              	.LCFI58:
 6271              		.cfi_def_cfa_offset 16
 6272              		.cfi_offset 3, -16
 6273              		.cfi_offset 4, -12
 6274              		.cfi_offset 5, -8
 6275              		.cfi_offset 14, -4
 6276 0002 0546     		mov	r5, r0
 6277 0004 0C46     		mov	r4, r1
4637:Middlewares/Third_Party/FreeRTOS/Source/tasks.c **** 
 6278              		.loc 1 4637 2 is_stmt 1 view .LVU1755
4639:Middlewares/Third_Party/FreeRTOS/Source/tasks.c **** 		{
 6279              		.loc 1 4639 3 view .LVU1756
 6280 0006 FFF7FEFF 		bl	vPortEnterCritical
 6281              	.LVL428:
4642:Middlewares/Third_Party/FreeRTOS/Source/tasks.c **** 			{
 6282              		.loc 1 4642 4 view .LVU1757
4642:Middlewares/Third_Party/FreeRTOS/Source/tasks.c **** 			{
 6283              		.loc 1 4642 20 is_stmt 0 view .LVU1758
 6284 000a 1A4B     		ldr	r3, .L518
 6285 000c 1B68     		ldr	r3, [r3]
 6286 000e 5B6D     		ldr	r3, [r3, #84]
4642:Middlewares/Third_Party/FreeRTOS/Source/tasks.c **** 			{
 6287              		.loc 1 4642 6 view .LVU1759
 6288 0010 2BB9     		cbnz	r3, .L513
4645:Middlewares/Third_Party/FreeRTOS/Source/tasks.c **** 
 6289              		.loc 1 4645 5 is_stmt 1 view .LVU1760
4645:Middlewares/Third_Party/FreeRTOS/Source/tasks.c **** 
 6290              		.loc 1 4645 17 is_stmt 0 view .LVU1761
 6291 0012 184B     		ldr	r3, .L518
 6292 0014 1B68     		ldr	r3, [r3]
4645:Middlewares/Third_Party/FreeRTOS/Source/tasks.c **** 
 6293              		.loc 1 4645 33 view .LVU1762
 6294 0016 0122     		movs	r2, #1
 6295 0018 83F85820 		strb	r2, [r3, #88]
4647:Middlewares/Third_Party/FreeRTOS/Source/tasks.c **** 				{
 6296              		.loc 1 4647 5 is_stmt 1 view .LVU1763
4647:Middlewares/Third_Party/FreeRTOS/Source/tasks.c **** 				{
 6297              		.loc 1 4647 7 is_stmt 0 view .LVU1764
 6298 001c ACB9     		cbnz	r4, .L517
 6299              	.L513:
4665:Middlewares/Third_Party/FreeRTOS/Source/tasks.c **** 			}
 6300              		.loc 1 4665 29 is_stmt 1 view .LVU1765
4668:Middlewares/Third_Party/FreeRTOS/Source/tasks.c **** 
 6301              		.loc 1 4668 3 view .LVU1766
 6302 001e FFF7FEFF 		bl	vPortExitCritical
 6303              	.LVL429:
4670:Middlewares/Third_Party/FreeRTOS/Source/tasks.c **** 		{
 6304              		.loc 1 4670 3 view .LVU1767
 6305 0022 FFF7FEFF 		bl	vPortEnterCritical
 6306              	.LVL430:
ARM GAS  /tmp/ccV8B7BA.s 			page 236


4672:Middlewares/Third_Party/FreeRTOS/Source/tasks.c **** 			ulReturn = pxCurrentTCB->ulNotifiedValue;
 6307              		.loc 1 4672 27 view .LVU1768
4673:Middlewares/Third_Party/FreeRTOS/Source/tasks.c **** 
 6308              		.loc 1 4673 4 view .LVU1769
4673:Middlewares/Third_Party/FreeRTOS/Source/tasks.c **** 
 6309              		.loc 1 4673 27 is_stmt 0 view .LVU1770
 6310 0026 134B     		ldr	r3, .L518
 6311 0028 1B68     		ldr	r3, [r3]
4673:Middlewares/Third_Party/FreeRTOS/Source/tasks.c **** 
 6312              		.loc 1 4673 13 view .LVU1771
 6313 002a 5C6D     		ldr	r4, [r3, #84]
 6314              	.LVL431:
4675:Middlewares/Third_Party/FreeRTOS/Source/tasks.c **** 			{
 6315              		.loc 1 4675 4 is_stmt 1 view .LVU1772
4675:Middlewares/Third_Party/FreeRTOS/Source/tasks.c **** 			{
 6316              		.loc 1 4675 6 is_stmt 0 view .LVU1773
 6317 002c 24B1     		cbz	r4, .L514
4677:Middlewares/Third_Party/FreeRTOS/Source/tasks.c **** 				{
 6318              		.loc 1 4677 5 is_stmt 1 view .LVU1774
4677:Middlewares/Third_Party/FreeRTOS/Source/tasks.c **** 				{
 6319              		.loc 1 4677 7 is_stmt 0 view .LVU1775
 6320 002e DDB1     		cbz	r5, .L515
4679:Middlewares/Third_Party/FreeRTOS/Source/tasks.c **** 				}
 6321              		.loc 1 4679 6 is_stmt 1 view .LVU1776
4679:Middlewares/Third_Party/FreeRTOS/Source/tasks.c **** 				}
 6322              		.loc 1 4679 18 is_stmt 0 view .LVU1777
 6323 0030 104B     		ldr	r3, .L518
 6324 0032 1B68     		ldr	r3, [r3]
4679:Middlewares/Third_Party/FreeRTOS/Source/tasks.c **** 				}
 6325              		.loc 1 4679 36 view .LVU1778
 6326 0034 0022     		movs	r2, #0
 6327 0036 5A65     		str	r2, [r3, #84]
 6328              	.L514:
4688:Middlewares/Third_Party/FreeRTOS/Source/tasks.c **** 			}
 6329              		.loc 1 4688 29 is_stmt 1 view .LVU1779
4691:Middlewares/Third_Party/FreeRTOS/Source/tasks.c **** 		}
 6330              		.loc 1 4691 4 view .LVU1780
4691:Middlewares/Third_Party/FreeRTOS/Source/tasks.c **** 		}
 6331              		.loc 1 4691 16 is_stmt 0 view .LVU1781
 6332 0038 0E4B     		ldr	r3, .L518
 6333 003a 1B68     		ldr	r3, [r3]
4691:Middlewares/Third_Party/FreeRTOS/Source/tasks.c **** 		}
 6334              		.loc 1 4691 32 view .LVU1782
 6335 003c 0022     		movs	r2, #0
 6336 003e 83F85820 		strb	r2, [r3, #88]
4693:Middlewares/Third_Party/FreeRTOS/Source/tasks.c **** 
 6337              		.loc 1 4693 3 is_stmt 1 view .LVU1783
 6338 0042 FFF7FEFF 		bl	vPortExitCritical
 6339              	.LVL432:
4695:Middlewares/Third_Party/FreeRTOS/Source/tasks.c **** 	}
 6340              		.loc 1 4695 3 view .LVU1784
4696:Middlewares/Third_Party/FreeRTOS/Source/tasks.c **** 
 6341              		.loc 1 4696 2 is_stmt 0 view .LVU1785
 6342 0046 2046     		mov	r0, r4
 6343 0048 38BD     		pop	{r3, r4, r5, pc}
 6344              	.LVL433:
 6345              	.L517:
ARM GAS  /tmp/ccV8B7BA.s 			page 237


4649:Middlewares/Third_Party/FreeRTOS/Source/tasks.c **** 					traceTASK_NOTIFY_TAKE_BLOCK();
 6346              		.loc 1 4649 6 is_stmt 1 view .LVU1786
 6347 004a 1146     		mov	r1, r2
 6348 004c 2046     		mov	r0, r4
 6349 004e FFF7FEFF 		bl	prvAddCurrentTaskToDelayedList
 6350              	.LVL434:
4650:Middlewares/Third_Party/FreeRTOS/Source/tasks.c **** 
 6351              		.loc 1 4650 35 view .LVU1787
4656:Middlewares/Third_Party/FreeRTOS/Source/tasks.c **** 				}
 6352              		.loc 1 4656 6 view .LVU1788
 6353 0052 4FF0E023 		mov	r3, #-536813568
 6354 0056 4FF08052 		mov	r2, #268435456
 6355 005a C3F8042D 		str	r2, [r3, #3332]
4656:Middlewares/Third_Party/FreeRTOS/Source/tasks.c **** 				}
 6356              		.loc 1 4656 6 view .LVU1789
 6357              		.syntax unified
 6358              	@ 4656 "Middlewares/Third_Party/FreeRTOS/Source/tasks.c" 1
 6359 005e BFF34F8F 		dsb
 6360              	@ 0 "" 2
4656:Middlewares/Third_Party/FreeRTOS/Source/tasks.c **** 				}
 6361              		.loc 1 4656 6 view .LVU1790
 6362              	@ 4656 "Middlewares/Third_Party/FreeRTOS/Source/tasks.c" 1
 6363 0062 BFF36F8F 		isb
 6364              	@ 0 "" 2
4656:Middlewares/Third_Party/FreeRTOS/Source/tasks.c **** 				}
 6365              		.loc 1 4656 28 view .LVU1791
 6366              		.thumb
 6367              		.syntax unified
 6368 0066 DAE7     		b	.L513
 6369              	.LVL435:
 6370              	.L515:
4683:Middlewares/Third_Party/FreeRTOS/Source/tasks.c **** 				}
 6371              		.loc 1 4683 6 view .LVU1792
4683:Middlewares/Third_Party/FreeRTOS/Source/tasks.c **** 				}
 6372              		.loc 1 4683 18 is_stmt 0 view .LVU1793
 6373 0068 024B     		ldr	r3, .L518
 6374 006a 1B68     		ldr	r3, [r3]
4683:Middlewares/Third_Party/FreeRTOS/Source/tasks.c **** 				}
 6375              		.loc 1 4683 47 view .LVU1794
 6376 006c 621E     		subs	r2, r4, #1
4683:Middlewares/Third_Party/FreeRTOS/Source/tasks.c **** 				}
 6377              		.loc 1 4683 36 view .LVU1795
 6378 006e 5A65     		str	r2, [r3, #84]
 6379 0070 E2E7     		b	.L514
 6380              	.L519:
 6381 0072 00BF     		.align	2
 6382              	.L518:
 6383 0074 00000000 		.word	pxCurrentTCB
 6384              		.cfi_endproc
 6385              	.LFE58:
 6387              		.section	.text.xTaskNotifyWait,"ax",%progbits
 6388              		.align	1
 6389              		.global	xTaskNotifyWait
 6390              		.syntax unified
 6391              		.thumb
 6392              		.thumb_func
 6394              	xTaskNotifyWait:
ARM GAS  /tmp/ccV8B7BA.s 			page 238


 6395              	.LVL436:
 6396              	.LFB59:
4704:Middlewares/Third_Party/FreeRTOS/Source/tasks.c **** 	BaseType_t xReturn;
 6397              		.loc 1 4704 2 is_stmt 1 view -0
 6398              		.cfi_startproc
 6399              		@ args = 0, pretend = 0, frame = 0
 6400              		@ frame_needed = 0, uses_anonymous_args = 0
4704:Middlewares/Third_Party/FreeRTOS/Source/tasks.c **** 	BaseType_t xReturn;
 6401              		.loc 1 4704 2 is_stmt 0 view .LVU1797
 6402 0000 F8B5     		push	{r3, r4, r5, r6, r7, lr}
 6403              	.LCFI59:
 6404              		.cfi_def_cfa_offset 24
 6405              		.cfi_offset 3, -24
 6406              		.cfi_offset 4, -20
 6407              		.cfi_offset 5, -16
 6408              		.cfi_offset 6, -12
 6409              		.cfi_offset 7, -8
 6410              		.cfi_offset 14, -4
 6411 0002 0646     		mov	r6, r0
 6412 0004 0F46     		mov	r7, r1
 6413 0006 1446     		mov	r4, r2
 6414 0008 1D46     		mov	r5, r3
4705:Middlewares/Third_Party/FreeRTOS/Source/tasks.c **** 
 6415              		.loc 1 4705 2 is_stmt 1 view .LVU1798
4707:Middlewares/Third_Party/FreeRTOS/Source/tasks.c **** 		{
 6416              		.loc 1 4707 3 view .LVU1799
 6417 000a FFF7FEFF 		bl	vPortEnterCritical
 6418              	.LVL437:
4710:Middlewares/Third_Party/FreeRTOS/Source/tasks.c **** 			{
 6419              		.loc 1 4710 4 view .LVU1800
4710:Middlewares/Third_Party/FreeRTOS/Source/tasks.c **** 			{
 6420              		.loc 1 4710 20 is_stmt 0 view .LVU1801
 6421 000e 214B     		ldr	r3, .L528
 6422 0010 1B68     		ldr	r3, [r3]
 6423 0012 93F85820 		ldrb	r2, [r3, #88]	@ zero_extendqisi2
 6424 0016 D2B2     		uxtb	r2, r2
4710:Middlewares/Third_Party/FreeRTOS/Source/tasks.c **** 			{
 6425              		.loc 1 4710 6 view .LVU1802
 6426 0018 022A     		cmp	r2, #2
 6427 001a 0AD0     		beq	.L521
4715:Middlewares/Third_Party/FreeRTOS/Source/tasks.c **** 
 6428              		.loc 1 4715 5 is_stmt 1 view .LVU1803
4715:Middlewares/Third_Party/FreeRTOS/Source/tasks.c **** 
 6429              		.loc 1 4715 17 is_stmt 0 view .LVU1804
 6430 001c 1D4A     		ldr	r2, .L528
 6431 001e 1168     		ldr	r1, [r2]
 6432 0020 4B6D     		ldr	r3, [r1, #84]
4715:Middlewares/Third_Party/FreeRTOS/Source/tasks.c **** 
 6433              		.loc 1 4715 35 view .LVU1805
 6434 0022 23EA0603 		bic	r3, r3, r6
 6435 0026 4B65     		str	r3, [r1, #84]
4718:Middlewares/Third_Party/FreeRTOS/Source/tasks.c **** 
 6436              		.loc 1 4718 5 is_stmt 1 view .LVU1806
4718:Middlewares/Third_Party/FreeRTOS/Source/tasks.c **** 
 6437              		.loc 1 4718 17 is_stmt 0 view .LVU1807
 6438 0028 1368     		ldr	r3, [r2]
4718:Middlewares/Third_Party/FreeRTOS/Source/tasks.c **** 
ARM GAS  /tmp/ccV8B7BA.s 			page 239


 6439              		.loc 1 4718 33 view .LVU1808
 6440 002a 0122     		movs	r2, #1
 6441 002c 83F85820 		strb	r2, [r3, #88]
4720:Middlewares/Third_Party/FreeRTOS/Source/tasks.c **** 				{
 6442              		.loc 1 4720 5 is_stmt 1 view .LVU1809
4720:Middlewares/Third_Party/FreeRTOS/Source/tasks.c **** 				{
 6443              		.loc 1 4720 7 is_stmt 0 view .LVU1810
 6444 0030 CDB9     		cbnz	r5, .L526
 6445              	.L521:
4738:Middlewares/Third_Party/FreeRTOS/Source/tasks.c **** 			}
 6446              		.loc 1 4738 29 is_stmt 1 view .LVU1811
4741:Middlewares/Third_Party/FreeRTOS/Source/tasks.c **** 
 6447              		.loc 1 4741 3 view .LVU1812
 6448 0032 FFF7FEFF 		bl	vPortExitCritical
 6449              	.LVL438:
4743:Middlewares/Third_Party/FreeRTOS/Source/tasks.c **** 		{
 6450              		.loc 1 4743 3 view .LVU1813
 6451 0036 FFF7FEFF 		bl	vPortEnterCritical
 6452              	.LVL439:
4745:Middlewares/Third_Party/FreeRTOS/Source/tasks.c **** 
 6453              		.loc 1 4745 27 view .LVU1814
4747:Middlewares/Third_Party/FreeRTOS/Source/tasks.c **** 			{
 6454              		.loc 1 4747 4 view .LVU1815
4747:Middlewares/Third_Party/FreeRTOS/Source/tasks.c **** 			{
 6455              		.loc 1 4747 6 is_stmt 0 view .LVU1816
 6456 003a 1CB1     		cbz	r4, .L522
4751:Middlewares/Third_Party/FreeRTOS/Source/tasks.c **** 			}
 6457              		.loc 1 4751 5 is_stmt 1 view .LVU1817
4751:Middlewares/Third_Party/FreeRTOS/Source/tasks.c **** 			}
 6458              		.loc 1 4751 41 is_stmt 0 view .LVU1818
 6459 003c 154B     		ldr	r3, .L528
 6460 003e 1B68     		ldr	r3, [r3]
 6461 0040 5B6D     		ldr	r3, [r3, #84]
4751:Middlewares/Third_Party/FreeRTOS/Source/tasks.c **** 			}
 6462              		.loc 1 4751 27 view .LVU1819
 6463 0042 2360     		str	r3, [r4]
 6464              	.L522:
4758:Middlewares/Third_Party/FreeRTOS/Source/tasks.c **** 			{
 6465              		.loc 1 4758 4 is_stmt 1 view .LVU1820
4758:Middlewares/Third_Party/FreeRTOS/Source/tasks.c **** 			{
 6466              		.loc 1 4758 20 is_stmt 0 view .LVU1821
 6467 0044 134B     		ldr	r3, .L528
 6468 0046 1B68     		ldr	r3, [r3]
 6469 0048 93F85830 		ldrb	r3, [r3, #88]	@ zero_extendqisi2
 6470 004c DBB2     		uxtb	r3, r3
4758:Middlewares/Third_Party/FreeRTOS/Source/tasks.c **** 			{
 6471              		.loc 1 4758 6 view .LVU1822
 6472 004e 022B     		cmp	r3, #2
 6473 0050 18D0     		beq	.L527
4761:Middlewares/Third_Party/FreeRTOS/Source/tasks.c **** 			}
 6474              		.loc 1 4761 13 view .LVU1823
 6475 0052 0024     		movs	r4, #0
 6476              	.LVL440:
 6477              	.L523:
4771:Middlewares/Third_Party/FreeRTOS/Source/tasks.c **** 		}
 6478              		.loc 1 4771 4 is_stmt 1 view .LVU1824
4771:Middlewares/Third_Party/FreeRTOS/Source/tasks.c **** 		}
ARM GAS  /tmp/ccV8B7BA.s 			page 240


 6479              		.loc 1 4771 16 is_stmt 0 view .LVU1825
 6480 0054 0F4B     		ldr	r3, .L528
 6481 0056 1B68     		ldr	r3, [r3]
4771:Middlewares/Third_Party/FreeRTOS/Source/tasks.c **** 		}
 6482              		.loc 1 4771 32 view .LVU1826
 6483 0058 0022     		movs	r2, #0
 6484 005a 83F85820 		strb	r2, [r3, #88]
4773:Middlewares/Third_Party/FreeRTOS/Source/tasks.c **** 
 6485              		.loc 1 4773 3 is_stmt 1 view .LVU1827
 6486 005e FFF7FEFF 		bl	vPortExitCritical
 6487              	.LVL441:
4775:Middlewares/Third_Party/FreeRTOS/Source/tasks.c **** 	}
 6488              		.loc 1 4775 3 view .LVU1828
4776:Middlewares/Third_Party/FreeRTOS/Source/tasks.c **** 
 6489              		.loc 1 4776 2 is_stmt 0 view .LVU1829
 6490 0062 2046     		mov	r0, r4
 6491 0064 F8BD     		pop	{r3, r4, r5, r6, r7, pc}
 6492              	.LVL442:
 6493              	.L526:
4722:Middlewares/Third_Party/FreeRTOS/Source/tasks.c **** 					traceTASK_NOTIFY_WAIT_BLOCK();
 6494              		.loc 1 4722 6 is_stmt 1 view .LVU1830
 6495 0066 1146     		mov	r1, r2
 6496 0068 2846     		mov	r0, r5
 6497 006a FFF7FEFF 		bl	prvAddCurrentTaskToDelayedList
 6498              	.LVL443:
4723:Middlewares/Third_Party/FreeRTOS/Source/tasks.c **** 
 6499              		.loc 1 4723 35 view .LVU1831
4729:Middlewares/Third_Party/FreeRTOS/Source/tasks.c **** 				}
 6500              		.loc 1 4729 6 view .LVU1832
 6501 006e 4FF0E023 		mov	r3, #-536813568
 6502 0072 4FF08052 		mov	r2, #268435456
 6503 0076 C3F8042D 		str	r2, [r3, #3332]
4729:Middlewares/Third_Party/FreeRTOS/Source/tasks.c **** 				}
 6504              		.loc 1 4729 6 view .LVU1833
 6505              		.syntax unified
 6506              	@ 4729 "Middlewares/Third_Party/FreeRTOS/Source/tasks.c" 1
 6507 007a BFF34F8F 		dsb
 6508              	@ 0 "" 2
4729:Middlewares/Third_Party/FreeRTOS/Source/tasks.c **** 				}
 6509              		.loc 1 4729 6 view .LVU1834
 6510              	@ 4729 "Middlewares/Third_Party/FreeRTOS/Source/tasks.c" 1
 6511 007e BFF36F8F 		isb
 6512              	@ 0 "" 2
4729:Middlewares/Third_Party/FreeRTOS/Source/tasks.c **** 				}
 6513              		.loc 1 4729 28 view .LVU1835
 6514              		.thumb
 6515              		.syntax unified
 6516 0082 D6E7     		b	.L521
 6517              	.L527:
4767:Middlewares/Third_Party/FreeRTOS/Source/tasks.c **** 				xReturn = pdTRUE;
 6518              		.loc 1 4767 5 view .LVU1836
4767:Middlewares/Third_Party/FreeRTOS/Source/tasks.c **** 				xReturn = pdTRUE;
 6519              		.loc 1 4767 17 is_stmt 0 view .LVU1837
 6520 0084 034B     		ldr	r3, .L528
 6521 0086 1A68     		ldr	r2, [r3]
 6522 0088 536D     		ldr	r3, [r2, #84]
4767:Middlewares/Third_Party/FreeRTOS/Source/tasks.c **** 				xReturn = pdTRUE;
ARM GAS  /tmp/ccV8B7BA.s 			page 241


 6523              		.loc 1 4767 35 view .LVU1838
 6524 008a 23EA0703 		bic	r3, r3, r7
 6525 008e 5365     		str	r3, [r2, #84]
4768:Middlewares/Third_Party/FreeRTOS/Source/tasks.c **** 			}
 6526              		.loc 1 4768 5 is_stmt 1 view .LVU1839
 6527              	.LVL444:
4768:Middlewares/Third_Party/FreeRTOS/Source/tasks.c **** 			}
 6528              		.loc 1 4768 13 is_stmt 0 view .LVU1840
 6529 0090 0124     		movs	r4, #1
 6530              	.LVL445:
4768:Middlewares/Third_Party/FreeRTOS/Source/tasks.c **** 			}
 6531              		.loc 1 4768 13 view .LVU1841
 6532 0092 DFE7     		b	.L523
 6533              	.L529:
 6534              		.align	2
 6535              	.L528:
 6536 0094 00000000 		.word	pxCurrentTCB
 6537              		.cfi_endproc
 6538              	.LFE59:
 6540              		.section	.text.xTaskGenericNotify,"ax",%progbits
 6541              		.align	1
 6542              		.global	xTaskGenericNotify
 6543              		.syntax unified
 6544              		.thumb
 6545              		.thumb_func
 6547              	xTaskGenericNotify:
 6548              	.LVL446:
 6549              	.LFB60:
4784:Middlewares/Third_Party/FreeRTOS/Source/tasks.c **** 	TCB_t * pxTCB;
 6550              		.loc 1 4784 2 is_stmt 1 view -0
 6551              		.cfi_startproc
 6552              		@ args = 0, pretend = 0, frame = 0
 6553              		@ frame_needed = 0, uses_anonymous_args = 0
4784:Middlewares/Third_Party/FreeRTOS/Source/tasks.c **** 	TCB_t * pxTCB;
 6554              		.loc 1 4784 2 is_stmt 0 view .LVU1843
 6555 0000 F8B5     		push	{r3, r4, r5, r6, r7, lr}
 6556              	.LCFI60:
 6557              		.cfi_def_cfa_offset 24
 6558              		.cfi_offset 3, -24
 6559              		.cfi_offset 4, -20
 6560              		.cfi_offset 5, -16
 6561              		.cfi_offset 6, -12
 6562              		.cfi_offset 7, -8
 6563              		.cfi_offset 14, -4
4785:Middlewares/Third_Party/FreeRTOS/Source/tasks.c **** 	BaseType_t xReturn = pdPASS;
 6564              		.loc 1 4785 2 is_stmt 1 view .LVU1844
4786:Middlewares/Third_Party/FreeRTOS/Source/tasks.c **** 	uint8_t ucOriginalNotifyState;
 6565              		.loc 1 4786 2 view .LVU1845
 6566              	.LVL447:
4787:Middlewares/Third_Party/FreeRTOS/Source/tasks.c **** 
 6567              		.loc 1 4787 2 view .LVU1846
4789:Middlewares/Third_Party/FreeRTOS/Source/tasks.c **** 		pxTCB = xTaskToNotify;
 6568              		.loc 1 4789 3 view .LVU1847
 6569 0002 A8B1     		cbz	r0, .L551
 6570 0004 0E46     		mov	r6, r1
 6571 0006 1446     		mov	r4, r2
 6572 0008 1D46     		mov	r5, r3
ARM GAS  /tmp/ccV8B7BA.s 			page 242


 6573 000a 0746     		mov	r7, r0
4789:Middlewares/Third_Party/FreeRTOS/Source/tasks.c **** 		pxTCB = xTaskToNotify;
 6574              		.loc 1 4789 32 discriminator 2 view .LVU1848
4790:Middlewares/Third_Party/FreeRTOS/Source/tasks.c **** 
 6575              		.loc 1 4790 3 view .LVU1849
 6576              	.LVL448:
4792:Middlewares/Third_Party/FreeRTOS/Source/tasks.c **** 		{
 6577              		.loc 1 4792 3 view .LVU1850
 6578 000c FFF7FEFF 		bl	vPortEnterCritical
 6579              	.LVL449:
4794:Middlewares/Third_Party/FreeRTOS/Source/tasks.c **** 			{
 6580              		.loc 1 4794 4 view .LVU1851
4794:Middlewares/Third_Party/FreeRTOS/Source/tasks.c **** 			{
 6581              		.loc 1 4794 6 is_stmt 0 view .LVU1852
 6582 0010 0DB1     		cbz	r5, .L533
4796:Middlewares/Third_Party/FreeRTOS/Source/tasks.c **** 			}
 6583              		.loc 1 4796 5 is_stmt 1 view .LVU1853
4796:Middlewares/Third_Party/FreeRTOS/Source/tasks.c **** 			}
 6584              		.loc 1 4796 42 is_stmt 0 view .LVU1854
 6585 0012 7B6D     		ldr	r3, [r7, #84]
4796:Middlewares/Third_Party/FreeRTOS/Source/tasks.c **** 			}
 6586              		.loc 1 4796 35 view .LVU1855
 6587 0014 2B60     		str	r3, [r5]
 6588              	.L533:
4799:Middlewares/Third_Party/FreeRTOS/Source/tasks.c **** 
 6589              		.loc 1 4799 4 is_stmt 1 view .LVU1856
4799:Middlewares/Third_Party/FreeRTOS/Source/tasks.c **** 
 6590              		.loc 1 4799 26 is_stmt 0 view .LVU1857
 6591 0016 97F85830 		ldrb	r3, [r7, #88]	@ zero_extendqisi2
 6592 001a DBB2     		uxtb	r3, r3
 6593              	.LVL450:
4801:Middlewares/Third_Party/FreeRTOS/Source/tasks.c **** 
 6594              		.loc 1 4801 4 is_stmt 1 view .LVU1858
4801:Middlewares/Third_Party/FreeRTOS/Source/tasks.c **** 
 6595              		.loc 1 4801 25 is_stmt 0 view .LVU1859
 6596 001c 0222     		movs	r2, #2
 6597 001e 87F85820 		strb	r2, [r7, #88]
4803:Middlewares/Third_Party/FreeRTOS/Source/tasks.c **** 			{
 6598              		.loc 1 4803 4 is_stmt 1 view .LVU1860
 6599 0022 042C     		cmp	r4, #4
 6600 0024 21D8     		bhi	.L534
 6601 0026 DFE804F0 		tbb	[pc, r4]
 6602              	.L536:
 6603 002a 0F       		.byte	(.L540-.L536)/2
 6604 002b 0C       		.byte	(.L539-.L536)/2
 6605 002c 16       		.byte	(.L538-.L536)/2
 6606 002d 1A       		.byte	(.L537-.L536)/2
 6607 002e 1C       		.byte	(.L535-.L536)/2
 6608              	.LVL451:
 6609 002f 00       		.p2align 1
 6610              	.L551:
4789:Middlewares/Third_Party/FreeRTOS/Source/tasks.c **** 		pxTCB = xTaskToNotify;
 6611              		.loc 1 4789 3 discriminator 1 view .LVU1861
 6612              	.LBB230:
 6613              	.LBI230:
 193:Middlewares/Third_Party/FreeRTOS/Source/portable/GCC/ARM_CM3/portmacro.h **** {
 6614              		.loc 2 193 30 view .LVU1862
ARM GAS  /tmp/ccV8B7BA.s 			page 243


 6615              	.LBB231:
 195:Middlewares/Third_Party/FreeRTOS/Source/portable/GCC/ARM_CM3/portmacro.h **** 
 6616              		.loc 2 195 1 view .LVU1863
 197:Middlewares/Third_Party/FreeRTOS/Source/portable/GCC/ARM_CM3/portmacro.h **** 	(
 6617              		.loc 2 197 2 view .LVU1864
 6618              		.syntax unified
 6619              	@ 197 "Middlewares/Third_Party/FreeRTOS/Source/portable/GCC/ARM_CM3/portmacro.h" 1
 6620 0030 4FF05003 			mov r3, #80												
 6621 0034 83F31188 		msr basepri, r3											
 6622 0038 BFF36F8F 		isb														
 6623 003c BFF34F8F 		dsb														
 6624              	
 6625              	@ 0 "" 2
 6626              	.LVL452:
 6627              		.thumb
 6628              		.syntax unified
 6629              	.L532:
 197:Middlewares/Third_Party/FreeRTOS/Source/portable/GCC/ARM_CM3/portmacro.h **** 	(
 6630              		.loc 2 197 2 is_stmt 0 view .LVU1865
 6631              	.LBE231:
 6632              	.LBE230:
4789:Middlewares/Third_Party/FreeRTOS/Source/tasks.c **** 		pxTCB = xTaskToNotify;
 6633              		.loc 1 4789 3 is_stmt 1 discriminator 3 view .LVU1866
4789:Middlewares/Third_Party/FreeRTOS/Source/tasks.c **** 		pxTCB = xTaskToNotify;
 6634              		.loc 1 4789 3 discriminator 3 view .LVU1867
 6635 0040 FEE7     		b	.L532
 6636              	.LVL453:
 6637              	.L539:
4806:Middlewares/Third_Party/FreeRTOS/Source/tasks.c **** 					break;
 6638              		.loc 1 4806 6 view .LVU1868
4806:Middlewares/Third_Party/FreeRTOS/Source/tasks.c **** 					break;
 6639              		.loc 1 4806 11 is_stmt 0 view .LVU1869
 6640 0042 7A6D     		ldr	r2, [r7, #84]
4806:Middlewares/Third_Party/FreeRTOS/Source/tasks.c **** 					break;
 6641              		.loc 1 4806 29 view .LVU1870
 6642 0044 3243     		orrs	r2, r2, r6
 6643 0046 7A65     		str	r2, [r7, #84]
4807:Middlewares/Third_Party/FreeRTOS/Source/tasks.c **** 
 6644              		.loc 1 4807 6 is_stmt 1 view .LVU1871
 6645              	.L540:
4843:Middlewares/Third_Party/FreeRTOS/Source/tasks.c **** 
 6646              		.loc 1 4843 22 view .LVU1872
4847:Middlewares/Third_Party/FreeRTOS/Source/tasks.c **** 			{
 6647              		.loc 1 4847 4 view .LVU1873
4847:Middlewares/Third_Party/FreeRTOS/Source/tasks.c **** 			{
 6648              		.loc 1 4847 6 is_stmt 0 view .LVU1874
 6649 0048 012B     		cmp	r3, #1
 6650 004a 1BD0     		beq	.L552
 6651 004c 0124     		movs	r4, #1
 6652              	.LVL454:
 6653              	.L541:
4884:Middlewares/Third_Party/FreeRTOS/Source/tasks.c **** 			}
 6654              		.loc 1 4884 29 is_stmt 1 view .LVU1875
4887:Middlewares/Third_Party/FreeRTOS/Source/tasks.c **** 
 6655              		.loc 1 4887 3 view .LVU1876
 6656 004e FFF7FEFF 		bl	vPortExitCritical
 6657              	.LVL455:
ARM GAS  /tmp/ccV8B7BA.s 			page 244


4889:Middlewares/Third_Party/FreeRTOS/Source/tasks.c **** 	}
 6658              		.loc 1 4889 3 view .LVU1877
4890:Middlewares/Third_Party/FreeRTOS/Source/tasks.c **** 
 6659              		.loc 1 4890 2 is_stmt 0 view .LVU1878
 6660 0052 2046     		mov	r0, r4
 6661 0054 F8BD     		pop	{r3, r4, r5, r6, r7, pc}
 6662              	.LVL456:
 6663              	.L538:
4810:Middlewares/Third_Party/FreeRTOS/Source/tasks.c **** 					break;
 6664              		.loc 1 4810 6 is_stmt 1 view .LVU1879
4810:Middlewares/Third_Party/FreeRTOS/Source/tasks.c **** 					break;
 6665              		.loc 1 4810 13 is_stmt 0 view .LVU1880
 6666 0056 7A6D     		ldr	r2, [r7, #84]
4810:Middlewares/Third_Party/FreeRTOS/Source/tasks.c **** 					break;
 6667              		.loc 1 4810 32 view .LVU1881
 6668 0058 0132     		adds	r2, r2, #1
 6669 005a 7A65     		str	r2, [r7, #84]
4811:Middlewares/Third_Party/FreeRTOS/Source/tasks.c **** 
 6670              		.loc 1 4811 6 is_stmt 1 view .LVU1882
 6671 005c F4E7     		b	.L540
 6672              	.L537:
4814:Middlewares/Third_Party/FreeRTOS/Source/tasks.c **** 					break;
 6673              		.loc 1 4814 6 view .LVU1883
4814:Middlewares/Third_Party/FreeRTOS/Source/tasks.c **** 					break;
 6674              		.loc 1 4814 29 is_stmt 0 view .LVU1884
 6675 005e 7E65     		str	r6, [r7, #84]
4815:Middlewares/Third_Party/FreeRTOS/Source/tasks.c **** 
 6676              		.loc 1 4815 6 is_stmt 1 view .LVU1885
 6677 0060 F2E7     		b	.L540
 6678              	.L535:
4818:Middlewares/Third_Party/FreeRTOS/Source/tasks.c **** 					{
 6679              		.loc 1 4818 6 view .LVU1886
4818:Middlewares/Third_Party/FreeRTOS/Source/tasks.c **** 					{
 6680              		.loc 1 4818 8 is_stmt 0 view .LVU1887
 6681 0062 022B     		cmp	r3, #2
 6682 0064 3ED0     		beq	.L546
4820:Middlewares/Third_Party/FreeRTOS/Source/tasks.c **** 					}
 6683              		.loc 1 4820 7 is_stmt 1 view .LVU1888
4820:Middlewares/Third_Party/FreeRTOS/Source/tasks.c **** 					}
 6684              		.loc 1 4820 30 is_stmt 0 view .LVU1889
 6685 0066 7E65     		str	r6, [r7, #84]
 6686 0068 EEE7     		b	.L540
 6687              	.L534:
4838:Middlewares/Third_Party/FreeRTOS/Source/tasks.c **** 
 6688              		.loc 1 4838 6 is_stmt 1 view .LVU1890
 6689 006a 7A6D     		ldr	r2, [r7, #84]
 6690 006c B2F1FF3F 		cmp	r2, #-1
 6691 0070 EAD0     		beq	.L540
4838:Middlewares/Third_Party/FreeRTOS/Source/tasks.c **** 
 6692              		.loc 1 4838 6 discriminator 1 view .LVU1891
 6693              	.LBB232:
 6694              	.LBI232:
 193:Middlewares/Third_Party/FreeRTOS/Source/portable/GCC/ARM_CM3/portmacro.h **** {
 6695              		.loc 2 193 30 view .LVU1892
 6696              	.LBB233:
 195:Middlewares/Third_Party/FreeRTOS/Source/portable/GCC/ARM_CM3/portmacro.h **** 
 6697              		.loc 2 195 1 view .LVU1893
ARM GAS  /tmp/ccV8B7BA.s 			page 245


 197:Middlewares/Third_Party/FreeRTOS/Source/portable/GCC/ARM_CM3/portmacro.h **** 	(
 6698              		.loc 2 197 2 view .LVU1894
 6699              		.syntax unified
 6700              	@ 197 "Middlewares/Third_Party/FreeRTOS/Source/portable/GCC/ARM_CM3/portmacro.h" 1
 6701 0072 4FF05003 			mov r3, #80												
 6702 0076 83F31188 		msr basepri, r3											
 6703 007a BFF36F8F 		isb														
 6704 007e BFF34F8F 		dsb														
 6705              	
 6706              	@ 0 "" 2
 6707              	.LVL457:
 6708              		.thumb
 6709              		.syntax unified
 6710              	.L542:
 197:Middlewares/Third_Party/FreeRTOS/Source/portable/GCC/ARM_CM3/portmacro.h **** 	(
 6711              		.loc 2 197 2 is_stmt 0 view .LVU1895
 6712              	.LBE233:
 6713              	.LBE232:
4838:Middlewares/Third_Party/FreeRTOS/Source/tasks.c **** 
 6714              		.loc 1 4838 6 is_stmt 1 discriminator 3 view .LVU1896
4838:Middlewares/Third_Party/FreeRTOS/Source/tasks.c **** 
 6715              		.loc 1 4838 6 discriminator 3 view .LVU1897
 6716 0082 FEE7     		b	.L542
 6717              	.LVL458:
 6718              	.L552:
4849:Middlewares/Third_Party/FreeRTOS/Source/tasks.c **** 				prvAddTaskToReadyList( pxTCB );
 6719              		.loc 1 4849 5 view .LVU1898
4849:Middlewares/Third_Party/FreeRTOS/Source/tasks.c **** 				prvAddTaskToReadyList( pxTCB );
 6720              		.loc 1 4849 14 is_stmt 0 view .LVU1899
 6721 0084 3C1D     		adds	r4, r7, #4
 6722 0086 2046     		mov	r0, r4
 6723 0088 FFF7FEFF 		bl	uxListRemove
 6724              	.LVL459:
4850:Middlewares/Third_Party/FreeRTOS/Source/tasks.c **** 
 6725              		.loc 1 4850 5 is_stmt 1 view .LVU1900
4850:Middlewares/Third_Party/FreeRTOS/Source/tasks.c **** 
 6726              		.loc 1 4850 5 view .LVU1901
 6727 008c F86A     		ldr	r0, [r7, #44]
 6728 008e 174B     		ldr	r3, .L553
 6729 0090 1B68     		ldr	r3, [r3]
 6730 0092 9842     		cmp	r0, r3
 6731 0094 01D9     		bls	.L543
4850:Middlewares/Third_Party/FreeRTOS/Source/tasks.c **** 
 6732              		.loc 1 4850 5 discriminator 1 view .LVU1902
 6733 0096 154B     		ldr	r3, .L553
 6734 0098 1860     		str	r0, [r3]
 6735              	.L543:
4850:Middlewares/Third_Party/FreeRTOS/Source/tasks.c **** 
 6736              		.loc 1 4850 5 discriminator 3 view .LVU1903
4850:Middlewares/Third_Party/FreeRTOS/Source/tasks.c **** 
 6737              		.loc 1 4850 5 discriminator 3 view .LVU1904
 6738 009a 00EB8000 		add	r0, r0, r0, lsl #2
 6739 009e 2146     		mov	r1, r4
 6740 00a0 134B     		ldr	r3, .L553+4
 6741 00a2 03EB8000 		add	r0, r3, r0, lsl #2
 6742 00a6 FFF7FEFF 		bl	vListInsertEnd
 6743              	.LVL460:
ARM GAS  /tmp/ccV8B7BA.s 			page 246


4850:Middlewares/Third_Party/FreeRTOS/Source/tasks.c **** 
 6744              		.loc 1 4850 35 discriminator 1 view .LVU1905
4853:Middlewares/Third_Party/FreeRTOS/Source/tasks.c **** 
 6745              		.loc 1 4853 5 view .LVU1906
 6746 00aa BB6A     		ldr	r3, [r7, #40]
 6747 00ac 43B1     		cbz	r3, .L544
4853:Middlewares/Third_Party/FreeRTOS/Source/tasks.c **** 
 6748              		.loc 1 4853 5 discriminator 1 view .LVU1907
 6749              	.LBB234:
 6750              	.LBI234:
 193:Middlewares/Third_Party/FreeRTOS/Source/portable/GCC/ARM_CM3/portmacro.h **** {
 6751              		.loc 2 193 30 view .LVU1908
 6752              	.LBB235:
 195:Middlewares/Third_Party/FreeRTOS/Source/portable/GCC/ARM_CM3/portmacro.h **** 
 6753              		.loc 2 195 1 view .LVU1909
 197:Middlewares/Third_Party/FreeRTOS/Source/portable/GCC/ARM_CM3/portmacro.h **** 	(
 6754              		.loc 2 197 2 view .LVU1910
 6755              		.syntax unified
 6756              	@ 197 "Middlewares/Third_Party/FreeRTOS/Source/portable/GCC/ARM_CM3/portmacro.h" 1
 6757 00ae 4FF05003 			mov r3, #80												
 6758 00b2 83F31188 		msr basepri, r3											
 6759 00b6 BFF36F8F 		isb														
 6760 00ba BFF34F8F 		dsb														
 6761              	
 6762              	@ 0 "" 2
 6763              		.thumb
 6764              		.syntax unified
 6765              	.L545:
 6766              	.LBE235:
 6767              	.LBE234:
4853:Middlewares/Third_Party/FreeRTOS/Source/tasks.c **** 
 6768              		.loc 1 4853 5 discriminator 3 view .LVU1911
4853:Middlewares/Third_Party/FreeRTOS/Source/tasks.c **** 
 6769              		.loc 1 4853 5 discriminator 3 view .LVU1912
 6770 00be FEE7     		b	.L545
 6771              	.L544:
4853:Middlewares/Third_Party/FreeRTOS/Source/tasks.c **** 
 6772              		.loc 1 4853 82 discriminator 2 view .LVU1913
4871:Middlewares/Third_Party/FreeRTOS/Source/tasks.c **** 				{
 6773              		.loc 1 4871 5 view .LVU1914
4871:Middlewares/Third_Party/FreeRTOS/Source/tasks.c **** 				{
 6774              		.loc 1 4871 14 is_stmt 0 view .LVU1915
 6775 00c0 FA6A     		ldr	r2, [r7, #44]
4871:Middlewares/Third_Party/FreeRTOS/Source/tasks.c **** 				{
 6776              		.loc 1 4871 41 view .LVU1916
 6777 00c2 0C4B     		ldr	r3, .L553+8
 6778 00c4 1B68     		ldr	r3, [r3]
 6779 00c6 DB6A     		ldr	r3, [r3, #44]
4871:Middlewares/Third_Party/FreeRTOS/Source/tasks.c **** 				{
 6780              		.loc 1 4871 7 view .LVU1917
 6781 00c8 9A42     		cmp	r2, r3
 6782 00ca 0DD9     		bls	.L548
4875:Middlewares/Third_Party/FreeRTOS/Source/tasks.c **** 				}
 6783              		.loc 1 4875 6 is_stmt 1 view .LVU1918
 6784 00cc 4FF0E023 		mov	r3, #-536813568
 6785 00d0 4FF08052 		mov	r2, #268435456
 6786 00d4 C3F8042D 		str	r2, [r3, #3332]
ARM GAS  /tmp/ccV8B7BA.s 			page 247


4875:Middlewares/Third_Party/FreeRTOS/Source/tasks.c **** 				}
 6787              		.loc 1 4875 6 view .LVU1919
 6788              		.syntax unified
 6789              	@ 4875 "Middlewares/Third_Party/FreeRTOS/Source/tasks.c" 1
 6790 00d8 BFF34F8F 		dsb
 6791              	@ 0 "" 2
4875:Middlewares/Third_Party/FreeRTOS/Source/tasks.c **** 				}
 6792              		.loc 1 4875 6 view .LVU1920
 6793              	@ 4875 "Middlewares/Third_Party/FreeRTOS/Source/tasks.c" 1
 6794 00dc BFF36F8F 		isb
 6795              	@ 0 "" 2
4875:Middlewares/Third_Party/FreeRTOS/Source/tasks.c **** 				}
 6796              		.loc 1 4875 37 view .LVU1921
 6797              		.thumb
 6798              		.syntax unified
 6799 00e0 0124     		movs	r4, #1
 6800 00e2 B4E7     		b	.L541
 6801              	.LVL461:
 6802              	.L546:
4825:Middlewares/Third_Party/FreeRTOS/Source/tasks.c **** 					}
 6803              		.loc 1 4825 15 is_stmt 0 view .LVU1922
 6804 00e4 0024     		movs	r4, #0
 6805 00e6 B2E7     		b	.L541
 6806              	.LVL462:
 6807              	.L548:
4825:Middlewares/Third_Party/FreeRTOS/Source/tasks.c **** 					}
 6808              		.loc 1 4825 15 view .LVU1923
 6809 00e8 0124     		movs	r4, #1
 6810 00ea B0E7     		b	.L541
 6811              	.L554:
 6812              		.align	2
 6813              	.L553:
 6814 00ec 00000000 		.word	uxTopReadyPriority
 6815 00f0 00000000 		.word	pxReadyTasksLists
 6816 00f4 00000000 		.word	pxCurrentTCB
 6817              		.cfi_endproc
 6818              	.LFE60:
 6820              		.section	.text.xTaskGenericNotifyFromISR,"ax",%progbits
 6821              		.align	1
 6822              		.global	xTaskGenericNotifyFromISR
 6823              		.syntax unified
 6824              		.thumb
 6825              		.thumb_func
 6827              	xTaskGenericNotifyFromISR:
 6828              	.LVL463:
 6829              	.LFB61:
4898:Middlewares/Third_Party/FreeRTOS/Source/tasks.c **** 	TCB_t * pxTCB;
 6830              		.loc 1 4898 2 is_stmt 1 view -0
 6831              		.cfi_startproc
 6832              		@ args = 4, pretend = 0, frame = 0
 6833              		@ frame_needed = 0, uses_anonymous_args = 0
4899:Middlewares/Third_Party/FreeRTOS/Source/tasks.c **** 	uint8_t ucOriginalNotifyState;
 6834              		.loc 1 4899 2 view .LVU1925
4900:Middlewares/Third_Party/FreeRTOS/Source/tasks.c **** 	BaseType_t xReturn = pdPASS;
 6835              		.loc 1 4900 2 view .LVU1926
4901:Middlewares/Third_Party/FreeRTOS/Source/tasks.c **** 	UBaseType_t uxSavedInterruptStatus;
 6836              		.loc 1 4901 2 view .LVU1927
ARM GAS  /tmp/ccV8B7BA.s 			page 248


4902:Middlewares/Third_Party/FreeRTOS/Source/tasks.c **** 
 6837              		.loc 1 4902 2 view .LVU1928
4904:Middlewares/Third_Party/FreeRTOS/Source/tasks.c **** 
 6838              		.loc 1 4904 3 view .LVU1929
 6839 0000 10B3     		cbz	r0, .L580
4898:Middlewares/Third_Party/FreeRTOS/Source/tasks.c **** 	TCB_t * pxTCB;
 6840              		.loc 1 4898 2 is_stmt 0 view .LVU1930
 6841 0002 2DE9F041 		push	{r4, r5, r6, r7, r8, lr}
 6842              	.LCFI61:
 6843              		.cfi_def_cfa_offset 24
 6844              		.cfi_offset 4, -24
 6845              		.cfi_offset 5, -20
 6846              		.cfi_offset 6, -16
 6847              		.cfi_offset 7, -12
 6848              		.cfi_offset 8, -8
 6849              		.cfi_offset 14, -4
 6850 0006 0E46     		mov	r6, r1
 6851 0008 1446     		mov	r4, r2
 6852 000a 1D46     		mov	r5, r3
 6853 000c 0746     		mov	r7, r0
4904:Middlewares/Third_Party/FreeRTOS/Source/tasks.c **** 
 6854              		.loc 1 4904 32 is_stmt 1 discriminator 2 view .LVU1931
4922:Middlewares/Third_Party/FreeRTOS/Source/tasks.c **** 
 6855              		.loc 1 4922 3 view .LVU1932
 6856 000e FFF7FEFF 		bl	vPortValidateInterruptPriority
 6857              	.LVL464:
4924:Middlewares/Third_Party/FreeRTOS/Source/tasks.c **** 
 6858              		.loc 1 4924 3 view .LVU1933
4926:Middlewares/Third_Party/FreeRTOS/Source/tasks.c **** 		{
 6859              		.loc 1 4926 3 view .LVU1934
 6860              	.LBB236:
 6861              	.LBI236:
 209:Middlewares/Third_Party/FreeRTOS/Source/portable/GCC/ARM_CM3/portmacro.h **** {
 6862              		.loc 2 209 34 view .LVU1935
 6863              	.LBB237:
 211:Middlewares/Third_Party/FreeRTOS/Source/portable/GCC/ARM_CM3/portmacro.h **** 
 6864              		.loc 2 211 1 view .LVU1936
 213:Middlewares/Third_Party/FreeRTOS/Source/portable/GCC/ARM_CM3/portmacro.h **** 	(
 6865              		.loc 2 213 2 view .LVU1937
 6866              		.syntax unified
 6867              	@ 213 "Middlewares/Third_Party/FreeRTOS/Source/portable/GCC/ARM_CM3/portmacro.h" 1
 6868 0012 EFF31183 			mrs r3, basepri											
 6869 0016 4FF05002 		mov r2, #80												
 6870 001a 82F31188 		msr basepri, r2											
 6871 001e BFF36F8F 		isb														
 6872 0022 BFF34F8F 		dsb														
 6873              	
 6874              	@ 0 "" 2
 6875              		.thumb
 6876              		.syntax unified
 6877 0026 9846     		mov	r8, r3
 6878              	.LVL465:
 225:Middlewares/Third_Party/FreeRTOS/Source/portable/GCC/ARM_CM3/portmacro.h **** }
 6879              		.loc 2 225 2 view .LVU1938
 225:Middlewares/Third_Party/FreeRTOS/Source/portable/GCC/ARM_CM3/portmacro.h **** }
 6880              		.loc 2 225 2 is_stmt 0 view .LVU1939
 6881              	.LBE237:
ARM GAS  /tmp/ccV8B7BA.s 			page 249


 6882              	.LBE236:
4928:Middlewares/Third_Party/FreeRTOS/Source/tasks.c **** 			{
 6883              		.loc 1 4928 4 is_stmt 1 view .LVU1940
4928:Middlewares/Third_Party/FreeRTOS/Source/tasks.c **** 			{
 6884              		.loc 1 4928 6 is_stmt 0 view .LVU1941
 6885 0028 0DB1     		cbz	r5, .L558
4930:Middlewares/Third_Party/FreeRTOS/Source/tasks.c **** 			}
 6886              		.loc 1 4930 5 is_stmt 1 view .LVU1942
4930:Middlewares/Third_Party/FreeRTOS/Source/tasks.c **** 			}
 6887              		.loc 1 4930 42 is_stmt 0 view .LVU1943
 6888 002a 7B6D     		ldr	r3, [r7, #84]
 6889              	.LVL466:
4930:Middlewares/Third_Party/FreeRTOS/Source/tasks.c **** 			}
 6890              		.loc 1 4930 35 view .LVU1944
 6891 002c 2B60     		str	r3, [r5]
 6892              	.L558:
4933:Middlewares/Third_Party/FreeRTOS/Source/tasks.c **** 			pxTCB->ucNotifyState = taskNOTIFICATION_RECEIVED;
 6893              		.loc 1 4933 4 is_stmt 1 view .LVU1945
4933:Middlewares/Third_Party/FreeRTOS/Source/tasks.c **** 			pxTCB->ucNotifyState = taskNOTIFICATION_RECEIVED;
 6894              		.loc 1 4933 26 is_stmt 0 view .LVU1946
 6895 002e 97F85830 		ldrb	r3, [r7, #88]	@ zero_extendqisi2
 6896 0032 DBB2     		uxtb	r3, r3
 6897              	.LVL467:
4934:Middlewares/Third_Party/FreeRTOS/Source/tasks.c **** 
 6898              		.loc 1 4934 4 is_stmt 1 view .LVU1947
4934:Middlewares/Third_Party/FreeRTOS/Source/tasks.c **** 
 6899              		.loc 1 4934 25 is_stmt 0 view .LVU1948
 6900 0034 0222     		movs	r2, #2
 6901 0036 87F85820 		strb	r2, [r7, #88]
4936:Middlewares/Third_Party/FreeRTOS/Source/tasks.c **** 			{
 6902              		.loc 1 4936 4 is_stmt 1 view .LVU1949
 6903 003a 042C     		cmp	r4, #4
 6904 003c 21D8     		bhi	.L559
 6905 003e DFE804F0 		tbb	[pc, r4]
 6906              	.L561:
 6907 0042 0F       		.byte	(.L565-.L561)/2
 6908 0043 0C       		.byte	(.L564-.L561)/2
 6909 0044 16       		.byte	(.L563-.L561)/2
 6910 0045 1A       		.byte	(.L562-.L561)/2
 6911 0046 1C       		.byte	(.L560-.L561)/2
 6912              	.LVL468:
 6913 0047 00       		.p2align 1
 6914              	.L580:
 6915              	.LCFI62:
 6916              		.cfi_def_cfa_offset 0
 6917              		.cfi_restore 4
 6918              		.cfi_restore 5
 6919              		.cfi_restore 6
 6920              		.cfi_restore 7
 6921              		.cfi_restore 8
 6922              		.cfi_restore 14
4904:Middlewares/Third_Party/FreeRTOS/Source/tasks.c **** 
 6923              		.loc 1 4904 3 discriminator 1 view .LVU1950
 6924              	.LBB238:
 6925              	.LBI238:
 193:Middlewares/Third_Party/FreeRTOS/Source/portable/GCC/ARM_CM3/portmacro.h **** {
 6926              		.loc 2 193 30 view .LVU1951
ARM GAS  /tmp/ccV8B7BA.s 			page 250


 6927              	.LBB239:
 195:Middlewares/Third_Party/FreeRTOS/Source/portable/GCC/ARM_CM3/portmacro.h **** 
 6928              		.loc 2 195 1 view .LVU1952
 197:Middlewares/Third_Party/FreeRTOS/Source/portable/GCC/ARM_CM3/portmacro.h **** 	(
 6929              		.loc 2 197 2 view .LVU1953
 6930              		.syntax unified
 6931              	@ 197 "Middlewares/Third_Party/FreeRTOS/Source/portable/GCC/ARM_CM3/portmacro.h" 1
 6932 0048 4FF05003 			mov r3, #80												
 6933 004c 83F31188 		msr basepri, r3											
 6934 0050 BFF36F8F 		isb														
 6935 0054 BFF34F8F 		dsb														
 6936              	
 6937              	@ 0 "" 2
 6938              	.LVL469:
 6939              		.thumb
 6940              		.syntax unified
 6941              	.L557:
 197:Middlewares/Third_Party/FreeRTOS/Source/portable/GCC/ARM_CM3/portmacro.h **** 	(
 6942              		.loc 2 197 2 is_stmt 0 view .LVU1954
 6943              	.LBE239:
 6944              	.LBE238:
4904:Middlewares/Third_Party/FreeRTOS/Source/tasks.c **** 
 6945              		.loc 1 4904 3 is_stmt 1 discriminator 3 view .LVU1955
4904:Middlewares/Third_Party/FreeRTOS/Source/tasks.c **** 
 6946              		.loc 1 4904 3 discriminator 3 view .LVU1956
 6947 0058 FEE7     		b	.L557
 6948              	.LVL470:
 6949              	.L564:
 6950              	.LCFI63:
 6951              		.cfi_def_cfa_offset 24
 6952              		.cfi_offset 4, -24
 6953              		.cfi_offset 5, -20
 6954              		.cfi_offset 6, -16
 6955              		.cfi_offset 7, -12
 6956              		.cfi_offset 8, -8
 6957              		.cfi_offset 14, -4
4939:Middlewares/Third_Party/FreeRTOS/Source/tasks.c **** 					break;
 6958              		.loc 1 4939 6 view .LVU1957
4939:Middlewares/Third_Party/FreeRTOS/Source/tasks.c **** 					break;
 6959              		.loc 1 4939 11 is_stmt 0 view .LVU1958
 6960 005a 7A6D     		ldr	r2, [r7, #84]
4939:Middlewares/Third_Party/FreeRTOS/Source/tasks.c **** 					break;
 6961              		.loc 1 4939 29 view .LVU1959
 6962 005c 3243     		orrs	r2, r2, r6
 6963 005e 7A65     		str	r2, [r7, #84]
4940:Middlewares/Third_Party/FreeRTOS/Source/tasks.c **** 
 6964              		.loc 1 4940 6 is_stmt 1 view .LVU1960
 6965              	.L565:
4975:Middlewares/Third_Party/FreeRTOS/Source/tasks.c **** 
 6966              		.loc 1 4975 31 view .LVU1961
4979:Middlewares/Third_Party/FreeRTOS/Source/tasks.c **** 			{
 6967              		.loc 1 4979 4 view .LVU1962
4979:Middlewares/Third_Party/FreeRTOS/Source/tasks.c **** 			{
 6968              		.loc 1 4979 6 is_stmt 0 view .LVU1963
 6969 0060 012B     		cmp	r3, #1
 6970 0062 1BD0     		beq	.L581
 6971 0064 0120     		movs	r0, #1
ARM GAS  /tmp/ccV8B7BA.s 			page 251


 6972              	.LVL471:
 6973              	.L566:
5012:Middlewares/Third_Party/FreeRTOS/Source/tasks.c **** 				}
 6974              		.loc 1 5012 30 is_stmt 1 view .LVU1964
5016:Middlewares/Third_Party/FreeRTOS/Source/tasks.c **** 
 6975              		.loc 1 5016 3 view .LVU1965
 6976              	.LBB240:
 6977              	.LBI240:
 229:Middlewares/Third_Party/FreeRTOS/Source/portable/GCC/ARM_CM3/portmacro.h **** {
 6978              		.loc 2 229 30 view .LVU1966
 6979              	.LBB241:
 6980              		.loc 2 231 2 view .LVU1967
 6981              		.syntax unified
 6982              	@ 231 "Middlewares/Third_Party/FreeRTOS/Source/portable/GCC/ARM_CM3/portmacro.h" 1
 6983 0066 88F31188 			msr basepri, r8	
 6984              	@ 0 "" 2
 6985              		.thumb
 6986              		.syntax unified
 6987              	.LBE241:
 6988              	.LBE240:
5018:Middlewares/Third_Party/FreeRTOS/Source/tasks.c **** 	}
 6989              		.loc 1 5018 3 view .LVU1968
5019:Middlewares/Third_Party/FreeRTOS/Source/tasks.c **** 
 6990              		.loc 1 5019 2 is_stmt 0 view .LVU1969
 6991 006a BDE8F081 		pop	{r4, r5, r6, r7, r8, pc}
 6992              	.LVL472:
 6993              	.L563:
4943:Middlewares/Third_Party/FreeRTOS/Source/tasks.c **** 					break;
 6994              		.loc 1 4943 6 is_stmt 1 view .LVU1970
4943:Middlewares/Third_Party/FreeRTOS/Source/tasks.c **** 					break;
 6995              		.loc 1 4943 13 is_stmt 0 view .LVU1971
 6996 006e 7A6D     		ldr	r2, [r7, #84]
4943:Middlewares/Third_Party/FreeRTOS/Source/tasks.c **** 					break;
 6997              		.loc 1 4943 32 view .LVU1972
 6998 0070 0132     		adds	r2, r2, #1
 6999 0072 7A65     		str	r2, [r7, #84]
4944:Middlewares/Third_Party/FreeRTOS/Source/tasks.c **** 
 7000              		.loc 1 4944 6 is_stmt 1 view .LVU1973
 7001 0074 F4E7     		b	.L565
 7002              	.L562:
4947:Middlewares/Third_Party/FreeRTOS/Source/tasks.c **** 					break;
 7003              		.loc 1 4947 6 view .LVU1974
4947:Middlewares/Third_Party/FreeRTOS/Source/tasks.c **** 					break;
 7004              		.loc 1 4947 29 is_stmt 0 view .LVU1975
 7005 0076 7E65     		str	r6, [r7, #84]
4948:Middlewares/Third_Party/FreeRTOS/Source/tasks.c **** 
 7006              		.loc 1 4948 6 is_stmt 1 view .LVU1976
 7007 0078 F2E7     		b	.L565
 7008              	.L560:
4951:Middlewares/Third_Party/FreeRTOS/Source/tasks.c **** 					{
 7009              		.loc 1 4951 6 view .LVU1977
4951:Middlewares/Third_Party/FreeRTOS/Source/tasks.c **** 					{
 7010              		.loc 1 4951 8 is_stmt 0 view .LVU1978
 7011 007a 022B     		cmp	r3, #2
 7012 007c 44D0     		beq	.L574
4953:Middlewares/Third_Party/FreeRTOS/Source/tasks.c **** 					}
 7013              		.loc 1 4953 7 is_stmt 1 view .LVU1979
ARM GAS  /tmp/ccV8B7BA.s 			page 252


4953:Middlewares/Third_Party/FreeRTOS/Source/tasks.c **** 					}
 7014              		.loc 1 4953 30 is_stmt 0 view .LVU1980
 7015 007e 7E65     		str	r6, [r7, #84]
 7016 0080 EEE7     		b	.L565
 7017              	.L559:
4971:Middlewares/Third_Party/FreeRTOS/Source/tasks.c **** 					break;
 7018              		.loc 1 4971 6 is_stmt 1 view .LVU1981
 7019 0082 7A6D     		ldr	r2, [r7, #84]
 7020 0084 B2F1FF3F 		cmp	r2, #-1
 7021 0088 EAD0     		beq	.L565
4971:Middlewares/Third_Party/FreeRTOS/Source/tasks.c **** 					break;
 7022              		.loc 1 4971 6 discriminator 1 view .LVU1982
 7023              	.LBB242:
 7024              	.LBI242:
 193:Middlewares/Third_Party/FreeRTOS/Source/portable/GCC/ARM_CM3/portmacro.h **** {
 7025              		.loc 2 193 30 view .LVU1983
 7026              	.LBB243:
 195:Middlewares/Third_Party/FreeRTOS/Source/portable/GCC/ARM_CM3/portmacro.h **** 
 7027              		.loc 2 195 1 view .LVU1984
 197:Middlewares/Third_Party/FreeRTOS/Source/portable/GCC/ARM_CM3/portmacro.h **** 	(
 7028              		.loc 2 197 2 view .LVU1985
 7029              		.syntax unified
 7030              	@ 197 "Middlewares/Third_Party/FreeRTOS/Source/portable/GCC/ARM_CM3/portmacro.h" 1
 7031 008a 4FF05003 			mov r3, #80												
 7032 008e 83F31188 		msr basepri, r3											
 7033 0092 BFF36F8F 		isb														
 7034 0096 BFF34F8F 		dsb														
 7035              	
 7036              	@ 0 "" 2
 7037              	.LVL473:
 7038              		.thumb
 7039              		.syntax unified
 7040              	.L567:
 197:Middlewares/Third_Party/FreeRTOS/Source/portable/GCC/ARM_CM3/portmacro.h **** 	(
 7041              		.loc 2 197 2 is_stmt 0 view .LVU1986
 7042              	.LBE243:
 7043              	.LBE242:
4971:Middlewares/Third_Party/FreeRTOS/Source/tasks.c **** 					break;
 7044              		.loc 1 4971 6 is_stmt 1 discriminator 3 view .LVU1987
4971:Middlewares/Third_Party/FreeRTOS/Source/tasks.c **** 					break;
 7045              		.loc 1 4971 6 discriminator 3 view .LVU1988
 7046 009a FEE7     		b	.L567
 7047              	.LVL474:
 7048              	.L581:
4982:Middlewares/Third_Party/FreeRTOS/Source/tasks.c **** 
 7049              		.loc 1 4982 5 view .LVU1989
 7050 009c BB6A     		ldr	r3, [r7, #40]
 7051              	.LVL475:
4982:Middlewares/Third_Party/FreeRTOS/Source/tasks.c **** 
 7052              		.loc 1 4982 5 is_stmt 0 view .LVU1990
 7053 009e 43B1     		cbz	r3, .L568
4982:Middlewares/Third_Party/FreeRTOS/Source/tasks.c **** 
 7054              		.loc 1 4982 5 is_stmt 1 discriminator 1 view .LVU1991
 7055              	.LBB244:
 7056              	.LBI244:
 193:Middlewares/Third_Party/FreeRTOS/Source/portable/GCC/ARM_CM3/portmacro.h **** {
 7057              		.loc 2 193 30 view .LVU1992
ARM GAS  /tmp/ccV8B7BA.s 			page 253


 7058              	.LBB245:
 195:Middlewares/Third_Party/FreeRTOS/Source/portable/GCC/ARM_CM3/portmacro.h **** 
 7059              		.loc 2 195 1 view .LVU1993
 197:Middlewares/Third_Party/FreeRTOS/Source/portable/GCC/ARM_CM3/portmacro.h **** 	(
 7060              		.loc 2 197 2 view .LVU1994
 7061              		.syntax unified
 7062              	@ 197 "Middlewares/Third_Party/FreeRTOS/Source/portable/GCC/ARM_CM3/portmacro.h" 1
 7063 00a0 4FF05003 			mov r3, #80												
 7064 00a4 83F31188 		msr basepri, r3											
 7065 00a8 BFF36F8F 		isb														
 7066 00ac BFF34F8F 		dsb														
 7067              	
 7068              	@ 0 "" 2
 7069              		.thumb
 7070              		.syntax unified
 7071              	.L569:
 7072              	.LBE245:
 7073              	.LBE244:
4982:Middlewares/Third_Party/FreeRTOS/Source/tasks.c **** 
 7074              		.loc 1 4982 5 discriminator 3 view .LVU1995
4982:Middlewares/Third_Party/FreeRTOS/Source/tasks.c **** 
 7075              		.loc 1 4982 5 discriminator 3 view .LVU1996
 7076 00b0 FEE7     		b	.L569
 7077              	.L568:
4982:Middlewares/Third_Party/FreeRTOS/Source/tasks.c **** 
 7078              		.loc 1 4982 82 discriminator 2 view .LVU1997
4984:Middlewares/Third_Party/FreeRTOS/Source/tasks.c **** 				{
 7079              		.loc 1 4984 5 view .LVU1998
4984:Middlewares/Third_Party/FreeRTOS/Source/tasks.c **** 				{
 7080              		.loc 1 4984 30 is_stmt 0 view .LVU1999
 7081 00b2 174B     		ldr	r3, .L582
 7082 00b4 1B68     		ldr	r3, [r3]
4984:Middlewares/Third_Party/FreeRTOS/Source/tasks.c **** 				{
 7083              		.loc 1 4984 7 view .LVU2000
 7084 00b6 0BBB     		cbnz	r3, .L570
4986:Middlewares/Third_Party/FreeRTOS/Source/tasks.c **** 					prvAddTaskToReadyList( pxTCB );
 7085              		.loc 1 4986 6 is_stmt 1 view .LVU2001
4986:Middlewares/Third_Party/FreeRTOS/Source/tasks.c **** 					prvAddTaskToReadyList( pxTCB );
 7086              		.loc 1 4986 15 is_stmt 0 view .LVU2002
 7087 00b8 3C1D     		adds	r4, r7, #4
 7088 00ba 2046     		mov	r0, r4
 7089 00bc FFF7FEFF 		bl	uxListRemove
 7090              	.LVL476:
4987:Middlewares/Third_Party/FreeRTOS/Source/tasks.c **** 				}
 7091              		.loc 1 4987 6 is_stmt 1 view .LVU2003
4987:Middlewares/Third_Party/FreeRTOS/Source/tasks.c **** 				}
 7092              		.loc 1 4987 6 view .LVU2004
 7093 00c0 F86A     		ldr	r0, [r7, #44]
 7094 00c2 144B     		ldr	r3, .L582+4
 7095 00c4 1B68     		ldr	r3, [r3]
 7096 00c6 9842     		cmp	r0, r3
 7097 00c8 01D9     		bls	.L571
4987:Middlewares/Third_Party/FreeRTOS/Source/tasks.c **** 				}
 7098              		.loc 1 4987 6 discriminator 1 view .LVU2005
 7099 00ca 124B     		ldr	r3, .L582+4
 7100 00cc 1860     		str	r0, [r3]
 7101              	.L571:
ARM GAS  /tmp/ccV8B7BA.s 			page 254


4987:Middlewares/Third_Party/FreeRTOS/Source/tasks.c **** 				}
 7102              		.loc 1 4987 6 discriminator 3 view .LVU2006
4987:Middlewares/Third_Party/FreeRTOS/Source/tasks.c **** 				}
 7103              		.loc 1 4987 6 discriminator 3 view .LVU2007
 7104 00ce 00EB8000 		add	r0, r0, r0, lsl #2
 7105 00d2 2146     		mov	r1, r4
 7106 00d4 104B     		ldr	r3, .L582+8
 7107 00d6 03EB8000 		add	r0, r3, r0, lsl #2
 7108 00da FFF7FEFF 		bl	vListInsertEnd
 7109              	.LVL477:
4987:Middlewares/Third_Party/FreeRTOS/Source/tasks.c **** 				}
 7110              		.loc 1 4987 36 discriminator 1 view .LVU2008
 7111              	.L572:
4996:Middlewares/Third_Party/FreeRTOS/Source/tasks.c **** 				{
 7112              		.loc 1 4996 5 view .LVU2009
4996:Middlewares/Third_Party/FreeRTOS/Source/tasks.c **** 				{
 7113              		.loc 1 4996 14 is_stmt 0 view .LVU2010
 7114 00de FA6A     		ldr	r2, [r7, #44]
4996:Middlewares/Third_Party/FreeRTOS/Source/tasks.c **** 				{
 7115              		.loc 1 4996 41 view .LVU2011
 7116 00e0 0E4B     		ldr	r3, .L582+12
 7117 00e2 1B68     		ldr	r3, [r3]
 7118 00e4 DB6A     		ldr	r3, [r3, #44]
4996:Middlewares/Third_Party/FreeRTOS/Source/tasks.c **** 				{
 7119              		.loc 1 4996 7 view .LVU2012
 7120 00e6 9A42     		cmp	r2, r3
 7121 00e8 10D9     		bls	.L576
5000:Middlewares/Third_Party/FreeRTOS/Source/tasks.c **** 					{
 7122              		.loc 1 5000 6 is_stmt 1 view .LVU2013
5000:Middlewares/Third_Party/FreeRTOS/Source/tasks.c **** 					{
 7123              		.loc 1 5000 8 is_stmt 0 view .LVU2014
 7124 00ea 069B     		ldr	r3, [sp, #24]
 7125 00ec 13B1     		cbz	r3, .L573
5002:Middlewares/Third_Party/FreeRTOS/Source/tasks.c **** 					}
 7126              		.loc 1 5002 7 is_stmt 1 view .LVU2015
5002:Middlewares/Third_Party/FreeRTOS/Source/tasks.c **** 					}
 7127              		.loc 1 5002 34 is_stmt 0 view .LVU2016
 7128 00ee 0123     		movs	r3, #1
 7129 00f0 069A     		ldr	r2, [sp, #24]
 7130 00f2 1360     		str	r3, [r2]
 7131              	.L573:
5008:Middlewares/Third_Party/FreeRTOS/Source/tasks.c **** 				}
 7132              		.loc 1 5008 6 is_stmt 1 view .LVU2017
5008:Middlewares/Third_Party/FreeRTOS/Source/tasks.c **** 				}
 7133              		.loc 1 5008 20 is_stmt 0 view .LVU2018
 7134 00f4 0120     		movs	r0, #1
 7135 00f6 0A4B     		ldr	r3, .L582+16
 7136 00f8 1860     		str	r0, [r3]
 7137 00fa B4E7     		b	.L566
 7138              	.L570:
4993:Middlewares/Third_Party/FreeRTOS/Source/tasks.c **** 				}
 7139              		.loc 1 4993 6 is_stmt 1 view .LVU2019
 7140 00fc 07F11801 		add	r1, r7, #24
 7141 0100 0848     		ldr	r0, .L582+20
 7142 0102 FFF7FEFF 		bl	vListInsertEnd
 7143              	.LVL478:
 7144 0106 EAE7     		b	.L572
ARM GAS  /tmp/ccV8B7BA.s 			page 255


 7145              	.LVL479:
 7146              	.L574:
4958:Middlewares/Third_Party/FreeRTOS/Source/tasks.c **** 					}
 7147              		.loc 1 4958 15 is_stmt 0 view .LVU2020
 7148 0108 0020     		movs	r0, #0
 7149 010a ACE7     		b	.L566
 7150              	.LVL480:
 7151              	.L576:
4958:Middlewares/Third_Party/FreeRTOS/Source/tasks.c **** 					}
 7152              		.loc 1 4958 15 view .LVU2021
 7153 010c 0120     		movs	r0, #1
 7154 010e AAE7     		b	.L566
 7155              	.L583:
 7156              		.align	2
 7157              	.L582:
 7158 0110 00000000 		.word	uxSchedulerSuspended
 7159 0114 00000000 		.word	uxTopReadyPriority
 7160 0118 00000000 		.word	pxReadyTasksLists
 7161 011c 00000000 		.word	pxCurrentTCB
 7162 0120 00000000 		.word	xYieldPending
 7163 0124 00000000 		.word	xPendingReadyList
 7164              		.cfi_endproc
 7165              	.LFE61:
 7167              		.section	.text.vTaskNotifyGiveFromISR,"ax",%progbits
 7168              		.align	1
 7169              		.global	vTaskNotifyGiveFromISR
 7170              		.syntax unified
 7171              		.thumb
 7172              		.thumb_func
 7174              	vTaskNotifyGiveFromISR:
 7175              	.LVL481:
 7176              	.LFB62:
5027:Middlewares/Third_Party/FreeRTOS/Source/tasks.c **** 	TCB_t * pxTCB;
 7177              		.loc 1 5027 2 is_stmt 1 view -0
 7178              		.cfi_startproc
 7179              		@ args = 0, pretend = 0, frame = 0
 7180              		@ frame_needed = 0, uses_anonymous_args = 0
5027:Middlewares/Third_Party/FreeRTOS/Source/tasks.c **** 	TCB_t * pxTCB;
 7181              		.loc 1 5027 2 is_stmt 0 view .LVU2023
 7182 0000 F8B5     		push	{r3, r4, r5, r6, r7, lr}
 7183              	.LCFI64:
 7184              		.cfi_def_cfa_offset 24
 7185              		.cfi_offset 3, -24
 7186              		.cfi_offset 4, -20
 7187              		.cfi_offset 5, -16
 7188              		.cfi_offset 6, -12
 7189              		.cfi_offset 7, -8
 7190              		.cfi_offset 14, -4
5028:Middlewares/Third_Party/FreeRTOS/Source/tasks.c **** 	uint8_t ucOriginalNotifyState;
 7191              		.loc 1 5028 2 is_stmt 1 view .LVU2024
5029:Middlewares/Third_Party/FreeRTOS/Source/tasks.c **** 	UBaseType_t uxSavedInterruptStatus;
 7192              		.loc 1 5029 2 view .LVU2025
5030:Middlewares/Third_Party/FreeRTOS/Source/tasks.c **** 
 7193              		.loc 1 5030 2 view .LVU2026
5032:Middlewares/Third_Party/FreeRTOS/Source/tasks.c **** 
 7194              		.loc 1 5032 3 view .LVU2027
 7195 0002 E0B1     		cbz	r0, .L595
ARM GAS  /tmp/ccV8B7BA.s 			page 256


 7196 0004 0D46     		mov	r5, r1
 7197 0006 0446     		mov	r4, r0
5032:Middlewares/Third_Party/FreeRTOS/Source/tasks.c **** 
 7198              		.loc 1 5032 32 discriminator 2 view .LVU2028
5050:Middlewares/Third_Party/FreeRTOS/Source/tasks.c **** 
 7199              		.loc 1 5050 3 view .LVU2029
 7200 0008 FFF7FEFF 		bl	vPortValidateInterruptPriority
 7201              	.LVL482:
5052:Middlewares/Third_Party/FreeRTOS/Source/tasks.c **** 
 7202              		.loc 1 5052 3 view .LVU2030
5054:Middlewares/Third_Party/FreeRTOS/Source/tasks.c **** 		{
 7203              		.loc 1 5054 3 view .LVU2031
 7204              	.LBB246:
 7205              	.LBI246:
 209:Middlewares/Third_Party/FreeRTOS/Source/portable/GCC/ARM_CM3/portmacro.h **** {
 7206              		.loc 2 209 34 view .LVU2032
 7207              	.LBB247:
 211:Middlewares/Third_Party/FreeRTOS/Source/portable/GCC/ARM_CM3/portmacro.h **** 
 7208              		.loc 2 211 1 view .LVU2033
 213:Middlewares/Third_Party/FreeRTOS/Source/portable/GCC/ARM_CM3/portmacro.h **** 	(
 7209              		.loc 2 213 2 view .LVU2034
 7210              		.syntax unified
 7211              	@ 213 "Middlewares/Third_Party/FreeRTOS/Source/portable/GCC/ARM_CM3/portmacro.h" 1
 7212 000c EFF31183 			mrs r3, basepri											
 7213 0010 4FF05002 		mov r2, #80												
 7214 0014 82F31188 		msr basepri, r2											
 7215 0018 BFF36F8F 		isb														
 7216 001c BFF34F8F 		dsb														
 7217              	
 7218              	@ 0 "" 2
 7219              		.thumb
 7220              		.syntax unified
 7221 0020 1E46     		mov	r6, r3
 7222              	.LVL483:
 225:Middlewares/Third_Party/FreeRTOS/Source/portable/GCC/ARM_CM3/portmacro.h **** }
 7223              		.loc 2 225 2 view .LVU2035
 225:Middlewares/Third_Party/FreeRTOS/Source/portable/GCC/ARM_CM3/portmacro.h **** }
 7224              		.loc 2 225 2 is_stmt 0 view .LVU2036
 7225              	.LBE247:
 7226              	.LBE246:
5056:Middlewares/Third_Party/FreeRTOS/Source/tasks.c **** 			pxTCB->ucNotifyState = taskNOTIFICATION_RECEIVED;
 7227              		.loc 1 5056 4 is_stmt 1 view .LVU2037
5056:Middlewares/Third_Party/FreeRTOS/Source/tasks.c **** 			pxTCB->ucNotifyState = taskNOTIFICATION_RECEIVED;
 7228              		.loc 1 5056 26 is_stmt 0 view .LVU2038
 7229 0022 94F85830 		ldrb	r3, [r4, #88]	@ zero_extendqisi2
 7230              	.LVL484:
5056:Middlewares/Third_Party/FreeRTOS/Source/tasks.c **** 			pxTCB->ucNotifyState = taskNOTIFICATION_RECEIVED;
 7231              		.loc 1 5056 26 view .LVU2039
 7232 0026 DBB2     		uxtb	r3, r3
 7233              	.LVL485:
5057:Middlewares/Third_Party/FreeRTOS/Source/tasks.c **** 
 7234              		.loc 1 5057 4 is_stmt 1 view .LVU2040
5057:Middlewares/Third_Party/FreeRTOS/Source/tasks.c **** 
 7235              		.loc 1 5057 25 is_stmt 0 view .LVU2041
 7236 0028 0222     		movs	r2, #2
 7237 002a 84F85820 		strb	r2, [r4, #88]
5061:Middlewares/Third_Party/FreeRTOS/Source/tasks.c **** 
ARM GAS  /tmp/ccV8B7BA.s 			page 257


 7238              		.loc 1 5061 4 is_stmt 1 view .LVU2042
5061:Middlewares/Third_Party/FreeRTOS/Source/tasks.c **** 
 7239              		.loc 1 5061 11 is_stmt 0 view .LVU2043
 7240 002e 626D     		ldr	r2, [r4, #84]
5061:Middlewares/Third_Party/FreeRTOS/Source/tasks.c **** 
 7241              		.loc 1 5061 30 view .LVU2044
 7242 0030 0132     		adds	r2, r2, #1
 7243 0032 6265     		str	r2, [r4, #84]
5063:Middlewares/Third_Party/FreeRTOS/Source/tasks.c **** 
 7244              		.loc 1 5063 36 is_stmt 1 view .LVU2045
5067:Middlewares/Third_Party/FreeRTOS/Source/tasks.c **** 			{
 7245              		.loc 1 5067 4 view .LVU2046
5067:Middlewares/Third_Party/FreeRTOS/Source/tasks.c **** 			{
 7246              		.loc 1 5067 6 is_stmt 0 view .LVU2047
 7247 0034 012B     		cmp	r3, #1
 7248 0036 0BD0     		beq	.L596
 7249              	.LVL486:
 7250              	.L587:
5100:Middlewares/Third_Party/FreeRTOS/Source/tasks.c **** 				}
 7251              		.loc 1 5100 30 is_stmt 1 view .LVU2048
5104:Middlewares/Third_Party/FreeRTOS/Source/tasks.c **** 	}
 7252              		.loc 1 5104 3 view .LVU2049
 7253              	.LBB248:
 7254              	.LBI248:
 229:Middlewares/Third_Party/FreeRTOS/Source/portable/GCC/ARM_CM3/portmacro.h **** {
 7255              		.loc 2 229 30 view .LVU2050
 7256              	.LBB249:
 7257              		.loc 2 231 2 view .LVU2051
 7258              		.syntax unified
 7259              	@ 231 "Middlewares/Third_Party/FreeRTOS/Source/portable/GCC/ARM_CM3/portmacro.h" 1
 7260 0038 86F31188 			msr basepri, r6	
 7261              	@ 0 "" 2
 7262              		.thumb
 7263              		.syntax unified
 7264              	.LBE249:
 7265              	.LBE248:
5105:Middlewares/Third_Party/FreeRTOS/Source/tasks.c **** 
 7266              		.loc 1 5105 2 is_stmt 0 view .LVU2052
 7267 003c F8BD     		pop	{r3, r4, r5, r6, r7, pc}
 7268              	.LVL487:
 7269              	.L595:
5032:Middlewares/Third_Party/FreeRTOS/Source/tasks.c **** 
 7270              		.loc 1 5032 3 is_stmt 1 discriminator 1 view .LVU2053
 7271              	.LBB250:
 7272              	.LBI250:
 193:Middlewares/Third_Party/FreeRTOS/Source/portable/GCC/ARM_CM3/portmacro.h **** {
 7273              		.loc 2 193 30 view .LVU2054
 7274              	.LBB251:
 195:Middlewares/Third_Party/FreeRTOS/Source/portable/GCC/ARM_CM3/portmacro.h **** 
 7275              		.loc 2 195 1 view .LVU2055
 197:Middlewares/Third_Party/FreeRTOS/Source/portable/GCC/ARM_CM3/portmacro.h **** 	(
 7276              		.loc 2 197 2 view .LVU2056
 7277              		.syntax unified
 7278              	@ 197 "Middlewares/Third_Party/FreeRTOS/Source/portable/GCC/ARM_CM3/portmacro.h" 1
 7279 003e 4FF05003 			mov r3, #80												
 7280 0042 83F31188 		msr basepri, r3											
 7281 0046 BFF36F8F 		isb														
ARM GAS  /tmp/ccV8B7BA.s 			page 258


 7282 004a BFF34F8F 		dsb														
 7283              	
 7284              	@ 0 "" 2
 7285              		.thumb
 7286              		.syntax unified
 7287              	.L586:
 7288              	.LBE251:
 7289              	.LBE250:
5032:Middlewares/Third_Party/FreeRTOS/Source/tasks.c **** 
 7290              		.loc 1 5032 3 discriminator 3 view .LVU2057
5032:Middlewares/Third_Party/FreeRTOS/Source/tasks.c **** 
 7291              		.loc 1 5032 3 discriminator 3 view .LVU2058
 7292 004e FEE7     		b	.L586
 7293              	.LVL488:
 7294              	.L596:
5070:Middlewares/Third_Party/FreeRTOS/Source/tasks.c **** 
 7295              		.loc 1 5070 5 view .LVU2059
 7296 0050 A36A     		ldr	r3, [r4, #40]
 7297              	.LVL489:
5070:Middlewares/Third_Party/FreeRTOS/Source/tasks.c **** 
 7298              		.loc 1 5070 5 is_stmt 0 view .LVU2060
 7299 0052 43B1     		cbz	r3, .L588
5070:Middlewares/Third_Party/FreeRTOS/Source/tasks.c **** 
 7300              		.loc 1 5070 5 is_stmt 1 discriminator 1 view .LVU2061
 7301              	.LBB252:
 7302              	.LBI252:
 193:Middlewares/Third_Party/FreeRTOS/Source/portable/GCC/ARM_CM3/portmacro.h **** {
 7303              		.loc 2 193 30 view .LVU2062
 7304              	.LBB253:
 195:Middlewares/Third_Party/FreeRTOS/Source/portable/GCC/ARM_CM3/portmacro.h **** 
 7305              		.loc 2 195 1 view .LVU2063
 197:Middlewares/Third_Party/FreeRTOS/Source/portable/GCC/ARM_CM3/portmacro.h **** 	(
 7306              		.loc 2 197 2 view .LVU2064
 7307              		.syntax unified
 7308              	@ 197 "Middlewares/Third_Party/FreeRTOS/Source/portable/GCC/ARM_CM3/portmacro.h" 1
 7309 0054 4FF05003 			mov r3, #80												
 7310 0058 83F31188 		msr basepri, r3											
 7311 005c BFF36F8F 		isb														
 7312 0060 BFF34F8F 		dsb														
 7313              	
 7314              	@ 0 "" 2
 7315              		.thumb
 7316              		.syntax unified
 7317              	.L589:
 7318              	.LBE253:
 7319              	.LBE252:
5070:Middlewares/Third_Party/FreeRTOS/Source/tasks.c **** 
 7320              		.loc 1 5070 5 discriminator 3 view .LVU2065
5070:Middlewares/Third_Party/FreeRTOS/Source/tasks.c **** 
 7321              		.loc 1 5070 5 discriminator 3 view .LVU2066
 7322 0064 FEE7     		b	.L589
 7323              	.L588:
5070:Middlewares/Third_Party/FreeRTOS/Source/tasks.c **** 
 7324              		.loc 1 5070 82 discriminator 2 view .LVU2067
5072:Middlewares/Third_Party/FreeRTOS/Source/tasks.c **** 				{
 7325              		.loc 1 5072 5 view .LVU2068
5072:Middlewares/Third_Party/FreeRTOS/Source/tasks.c **** 				{
ARM GAS  /tmp/ccV8B7BA.s 			page 259


 7326              		.loc 1 5072 30 is_stmt 0 view .LVU2069
 7327 0066 144B     		ldr	r3, .L597
 7328 0068 1B68     		ldr	r3, [r3]
5072:Middlewares/Third_Party/FreeRTOS/Source/tasks.c **** 				{
 7329              		.loc 1 5072 7 view .LVU2070
 7330 006a FBB9     		cbnz	r3, .L590
5074:Middlewares/Third_Party/FreeRTOS/Source/tasks.c **** 					prvAddTaskToReadyList( pxTCB );
 7331              		.loc 1 5074 6 is_stmt 1 view .LVU2071
5074:Middlewares/Third_Party/FreeRTOS/Source/tasks.c **** 					prvAddTaskToReadyList( pxTCB );
 7332              		.loc 1 5074 15 is_stmt 0 view .LVU2072
 7333 006c 271D     		adds	r7, r4, #4
 7334 006e 3846     		mov	r0, r7
 7335 0070 FFF7FEFF 		bl	uxListRemove
 7336              	.LVL490:
5075:Middlewares/Third_Party/FreeRTOS/Source/tasks.c **** 				}
 7337              		.loc 1 5075 6 is_stmt 1 view .LVU2073
5075:Middlewares/Third_Party/FreeRTOS/Source/tasks.c **** 				}
 7338              		.loc 1 5075 6 view .LVU2074
 7339 0074 E06A     		ldr	r0, [r4, #44]
 7340 0076 114B     		ldr	r3, .L597+4
 7341 0078 1B68     		ldr	r3, [r3]
 7342 007a 9842     		cmp	r0, r3
 7343 007c 01D9     		bls	.L591
5075:Middlewares/Third_Party/FreeRTOS/Source/tasks.c **** 				}
 7344              		.loc 1 5075 6 discriminator 1 view .LVU2075
 7345 007e 0F4B     		ldr	r3, .L597+4
 7346 0080 1860     		str	r0, [r3]
 7347              	.L591:
5075:Middlewares/Third_Party/FreeRTOS/Source/tasks.c **** 				}
 7348              		.loc 1 5075 6 discriminator 3 view .LVU2076
5075:Middlewares/Third_Party/FreeRTOS/Source/tasks.c **** 				}
 7349              		.loc 1 5075 6 discriminator 3 view .LVU2077
 7350 0082 00EB8000 		add	r0, r0, r0, lsl #2
 7351 0086 3946     		mov	r1, r7
 7352 0088 0D4B     		ldr	r3, .L597+8
 7353 008a 03EB8000 		add	r0, r3, r0, lsl #2
 7354 008e FFF7FEFF 		bl	vListInsertEnd
 7355              	.LVL491:
5075:Middlewares/Third_Party/FreeRTOS/Source/tasks.c **** 				}
 7356              		.loc 1 5075 36 discriminator 1 view .LVU2078
 7357              	.L592:
5084:Middlewares/Third_Party/FreeRTOS/Source/tasks.c **** 				{
 7358              		.loc 1 5084 5 view .LVU2079
5084:Middlewares/Third_Party/FreeRTOS/Source/tasks.c **** 				{
 7359              		.loc 1 5084 14 is_stmt 0 view .LVU2080
 7360 0092 E26A     		ldr	r2, [r4, #44]
5084:Middlewares/Third_Party/FreeRTOS/Source/tasks.c **** 				{
 7361              		.loc 1 5084 41 view .LVU2081
 7362 0094 0B4B     		ldr	r3, .L597+12
 7363 0096 1B68     		ldr	r3, [r3]
 7364 0098 DB6A     		ldr	r3, [r3, #44]
5084:Middlewares/Third_Party/FreeRTOS/Source/tasks.c **** 				{
 7365              		.loc 1 5084 7 view .LVU2082
 7366 009a 9A42     		cmp	r2, r3
 7367 009c CCD9     		bls	.L587
5088:Middlewares/Third_Party/FreeRTOS/Source/tasks.c **** 					{
 7368              		.loc 1 5088 6 is_stmt 1 view .LVU2083
ARM GAS  /tmp/ccV8B7BA.s 			page 260


5088:Middlewares/Third_Party/FreeRTOS/Source/tasks.c **** 					{
 7369              		.loc 1 5088 8 is_stmt 0 view .LVU2084
 7370 009e 0DB1     		cbz	r5, .L593
5090:Middlewares/Third_Party/FreeRTOS/Source/tasks.c **** 					}
 7371              		.loc 1 5090 7 is_stmt 1 view .LVU2085
5090:Middlewares/Third_Party/FreeRTOS/Source/tasks.c **** 					}
 7372              		.loc 1 5090 34 is_stmt 0 view .LVU2086
 7373 00a0 0123     		movs	r3, #1
 7374 00a2 2B60     		str	r3, [r5]
 7375              	.L593:
5096:Middlewares/Third_Party/FreeRTOS/Source/tasks.c **** 				}
 7376              		.loc 1 5096 6 is_stmt 1 view .LVU2087
5096:Middlewares/Third_Party/FreeRTOS/Source/tasks.c **** 				}
 7377              		.loc 1 5096 20 is_stmt 0 view .LVU2088
 7378 00a4 084B     		ldr	r3, .L597+16
 7379 00a6 0122     		movs	r2, #1
 7380 00a8 1A60     		str	r2, [r3]
 7381 00aa C5E7     		b	.L587
 7382              	.L590:
5081:Middlewares/Third_Party/FreeRTOS/Source/tasks.c **** 				}
 7383              		.loc 1 5081 6 is_stmt 1 view .LVU2089
 7384 00ac 04F11801 		add	r1, r4, #24
 7385 00b0 0648     		ldr	r0, .L597+20
 7386 00b2 FFF7FEFF 		bl	vListInsertEnd
 7387              	.LVL492:
 7388 00b6 ECE7     		b	.L592
 7389              	.L598:
 7390              		.align	2
 7391              	.L597:
 7392 00b8 00000000 		.word	uxSchedulerSuspended
 7393 00bc 00000000 		.word	uxTopReadyPriority
 7394 00c0 00000000 		.word	pxReadyTasksLists
 7395 00c4 00000000 		.word	pxCurrentTCB
 7396 00c8 00000000 		.word	xYieldPending
 7397 00cc 00000000 		.word	xPendingReadyList
 7398              		.cfi_endproc
 7399              	.LFE62:
 7401              		.section	.text.xTaskNotifyStateClear,"ax",%progbits
 7402              		.align	1
 7403              		.global	xTaskNotifyStateClear
 7404              		.syntax unified
 7405              		.thumb
 7406              		.thumb_func
 7408              	xTaskNotifyStateClear:
 7409              	.LVL493:
 7410              	.LFB63:
5113:Middlewares/Third_Party/FreeRTOS/Source/tasks.c **** 	TCB_t *pxTCB;
 7411              		.loc 1 5113 2 view -0
 7412              		.cfi_startproc
 7413              		@ args = 0, pretend = 0, frame = 0
 7414              		@ frame_needed = 0, uses_anonymous_args = 0
5113:Middlewares/Third_Party/FreeRTOS/Source/tasks.c **** 	TCB_t *pxTCB;
 7415              		.loc 1 5113 2 is_stmt 0 view .LVU2091
 7416 0000 10B5     		push	{r4, lr}
 7417              	.LCFI65:
 7418              		.cfi_def_cfa_offset 8
 7419              		.cfi_offset 4, -8
ARM GAS  /tmp/ccV8B7BA.s 			page 261


 7420              		.cfi_offset 14, -4
5114:Middlewares/Third_Party/FreeRTOS/Source/tasks.c **** 	BaseType_t xReturn;
 7421              		.loc 1 5114 2 is_stmt 1 view .LVU2092
5115:Middlewares/Third_Party/FreeRTOS/Source/tasks.c **** 
 7422              		.loc 1 5115 2 view .LVU2093
5119:Middlewares/Third_Party/FreeRTOS/Source/tasks.c **** 
 7423              		.loc 1 5119 3 view .LVU2094
5119:Middlewares/Third_Party/FreeRTOS/Source/tasks.c **** 
 7424              		.loc 1 5119 11 is_stmt 0 view .LVU2095
 7425 0002 0446     		mov	r4, r0
 7426 0004 58B1     		cbz	r0, .L604
 7427              	.LVL494:
 7428              	.L600:
5121:Middlewares/Third_Party/FreeRTOS/Source/tasks.c **** 		{
 7429              		.loc 1 5121 3 is_stmt 1 view .LVU2096
 7430 0006 FFF7FEFF 		bl	vPortEnterCritical
 7431              	.LVL495:
5123:Middlewares/Third_Party/FreeRTOS/Source/tasks.c **** 			{
 7432              		.loc 1 5123 4 view .LVU2097
5123:Middlewares/Third_Party/FreeRTOS/Source/tasks.c **** 			{
 7433              		.loc 1 5123 13 is_stmt 0 view .LVU2098
 7434 000a 94F85830 		ldrb	r3, [r4, #88]	@ zero_extendqisi2
 7435 000e DBB2     		uxtb	r3, r3
5123:Middlewares/Third_Party/FreeRTOS/Source/tasks.c **** 			{
 7436              		.loc 1 5123 6 view .LVU2099
 7437 0010 022B     		cmp	r3, #2
 7438 0012 07D0     		beq	.L605
5130:Middlewares/Third_Party/FreeRTOS/Source/tasks.c **** 			}
 7439              		.loc 1 5130 13 view .LVU2100
 7440 0014 0024     		movs	r4, #0
 7441              	.LVL496:
 7442              	.L601:
5133:Middlewares/Third_Party/FreeRTOS/Source/tasks.c **** 
 7443              		.loc 1 5133 3 is_stmt 1 view .LVU2101
 7444 0016 FFF7FEFF 		bl	vPortExitCritical
 7445              	.LVL497:
5135:Middlewares/Third_Party/FreeRTOS/Source/tasks.c **** 	}
 7446              		.loc 1 5135 3 view .LVU2102
5136:Middlewares/Third_Party/FreeRTOS/Source/tasks.c **** 
 7447              		.loc 1 5136 2 is_stmt 0 view .LVU2103
 7448 001a 2046     		mov	r0, r4
 7449 001c 10BD     		pop	{r4, pc}
 7450              	.LVL498:
 7451              	.L604:
5119:Middlewares/Third_Party/FreeRTOS/Source/tasks.c **** 
 7452              		.loc 1 5119 11 discriminator 1 view .LVU2104
 7453 001e 044B     		ldr	r3, .L606
 7454 0020 1C68     		ldr	r4, [r3]
 7455              	.LVL499:
5119:Middlewares/Third_Party/FreeRTOS/Source/tasks.c **** 
 7456              		.loc 1 5119 11 discriminator 1 view .LVU2105
 7457 0022 F0E7     		b	.L600
 7458              	.LVL500:
 7459              	.L605:
5125:Middlewares/Third_Party/FreeRTOS/Source/tasks.c **** 				xReturn = pdPASS;
 7460              		.loc 1 5125 5 is_stmt 1 view .LVU2106
5125:Middlewares/Third_Party/FreeRTOS/Source/tasks.c **** 				xReturn = pdPASS;
ARM GAS  /tmp/ccV8B7BA.s 			page 262


 7461              		.loc 1 5125 26 is_stmt 0 view .LVU2107
 7462 0024 0023     		movs	r3, #0
 7463 0026 84F85830 		strb	r3, [r4, #88]
5126:Middlewares/Third_Party/FreeRTOS/Source/tasks.c **** 			}
 7464              		.loc 1 5126 5 is_stmt 1 view .LVU2108
 7465              	.LVL501:
5126:Middlewares/Third_Party/FreeRTOS/Source/tasks.c **** 			}
 7466              		.loc 1 5126 13 is_stmt 0 view .LVU2109
 7467 002a 0124     		movs	r4, #1
 7468              	.LVL502:
5126:Middlewares/Third_Party/FreeRTOS/Source/tasks.c **** 			}
 7469              		.loc 1 5126 13 view .LVU2110
 7470 002c F3E7     		b	.L601
 7471              	.L607:
 7472 002e 00BF     		.align	2
 7473              	.L606:
 7474 0030 00000000 		.word	pxCurrentTCB
 7475              		.cfi_endproc
 7476              	.LFE63:
 7478              		.section	.text.ulTaskNotifyValueClear,"ax",%progbits
 7479              		.align	1
 7480              		.global	ulTaskNotifyValueClear
 7481              		.syntax unified
 7482              		.thumb
 7483              		.thumb_func
 7485              	ulTaskNotifyValueClear:
 7486              	.LVL503:
 7487              	.LFB64:
5144:Middlewares/Third_Party/FreeRTOS/Source/tasks.c **** 	TCB_t *pxTCB;
 7488              		.loc 1 5144 2 is_stmt 1 view -0
 7489              		.cfi_startproc
 7490              		@ args = 0, pretend = 0, frame = 0
 7491              		@ frame_needed = 0, uses_anonymous_args = 0
5144:Middlewares/Third_Party/FreeRTOS/Source/tasks.c **** 	TCB_t *pxTCB;
 7492              		.loc 1 5144 2 is_stmt 0 view .LVU2112
 7493 0000 70B5     		push	{r4, r5, r6, lr}
 7494              	.LCFI66:
 7495              		.cfi_def_cfa_offset 16
 7496              		.cfi_offset 4, -16
 7497              		.cfi_offset 5, -12
 7498              		.cfi_offset 6, -8
 7499              		.cfi_offset 14, -4
 7500 0002 0C46     		mov	r4, r1
5145:Middlewares/Third_Party/FreeRTOS/Source/tasks.c **** 	uint32_t ulReturn;
 7501              		.loc 1 5145 2 is_stmt 1 view .LVU2113
5146:Middlewares/Third_Party/FreeRTOS/Source/tasks.c **** 
 7502              		.loc 1 5146 2 view .LVU2114
5150:Middlewares/Third_Party/FreeRTOS/Source/tasks.c **** 
 7503              		.loc 1 5150 3 view .LVU2115
5150:Middlewares/Third_Party/FreeRTOS/Source/tasks.c **** 
 7504              		.loc 1 5150 11 is_stmt 0 view .LVU2116
 7505 0004 0546     		mov	r5, r0
 7506 0006 60B1     		cbz	r0, .L611
 7507              	.LVL504:
 7508              	.L609:
5152:Middlewares/Third_Party/FreeRTOS/Source/tasks.c **** 		{
 7509              		.loc 1 5152 3 is_stmt 1 view .LVU2117
ARM GAS  /tmp/ccV8B7BA.s 			page 263


 7510 0008 FFF7FEFF 		bl	vPortEnterCritical
 7511              	.LVL505:
5156:Middlewares/Third_Party/FreeRTOS/Source/tasks.c **** 			pxTCB->ulNotifiedValue &= ~ulBitsToClear;
 7512              		.loc 1 5156 4 view .LVU2118
5156:Middlewares/Third_Party/FreeRTOS/Source/tasks.c **** 			pxTCB->ulNotifiedValue &= ~ulBitsToClear;
 7513              		.loc 1 5156 27 is_stmt 0 view .LVU2119
 7514 000c 064B     		ldr	r3, .L612
 7515 000e 1B68     		ldr	r3, [r3]
5156:Middlewares/Third_Party/FreeRTOS/Source/tasks.c **** 			pxTCB->ulNotifiedValue &= ~ulBitsToClear;
 7516              		.loc 1 5156 13 view .LVU2120
 7517 0010 5E6D     		ldr	r6, [r3, #84]
 7518              	.LVL506:
5157:Middlewares/Third_Party/FreeRTOS/Source/tasks.c **** 		}
 7519              		.loc 1 5157 4 is_stmt 1 view .LVU2121
5157:Middlewares/Third_Party/FreeRTOS/Source/tasks.c **** 		}
 7520              		.loc 1 5157 9 is_stmt 0 view .LVU2122
 7521 0012 6B6D     		ldr	r3, [r5, #84]
5157:Middlewares/Third_Party/FreeRTOS/Source/tasks.c **** 		}
 7522              		.loc 1 5157 27 view .LVU2123
 7523 0014 23EA0403 		bic	r3, r3, r4
 7524 0018 6B65     		str	r3, [r5, #84]
5159:Middlewares/Third_Party/FreeRTOS/Source/tasks.c **** 
 7525              		.loc 1 5159 3 is_stmt 1 view .LVU2124
 7526 001a FFF7FEFF 		bl	vPortExitCritical
 7527              	.LVL507:
5161:Middlewares/Third_Party/FreeRTOS/Source/tasks.c **** 	}
 7528              		.loc 1 5161 3 view .LVU2125
5162:Middlewares/Third_Party/FreeRTOS/Source/tasks.c **** 
 7529              		.loc 1 5162 2 is_stmt 0 view .LVU2126
 7530 001e 3046     		mov	r0, r6
 7531 0020 70BD     		pop	{r4, r5, r6, pc}
 7532              	.LVL508:
 7533              	.L611:
5150:Middlewares/Third_Party/FreeRTOS/Source/tasks.c **** 
 7534              		.loc 1 5150 11 discriminator 1 view .LVU2127
 7535 0022 014B     		ldr	r3, .L612
 7536 0024 1D68     		ldr	r5, [r3]
 7537              	.LVL509:
5150:Middlewares/Third_Party/FreeRTOS/Source/tasks.c **** 
 7538              		.loc 1 5150 11 discriminator 1 view .LVU2128
 7539 0026 EFE7     		b	.L609
 7540              	.L613:
 7541              		.align	2
 7542              	.L612:
 7543 0028 00000000 		.word	pxCurrentTCB
 7544              		.cfi_endproc
 7545              	.LFE64:
 7547              		.section	.bss.uxSchedulerSuspended,"aw",%nobits
 7548              		.align	2
 7551              	uxSchedulerSuspended:
 7552 0000 00000000 		.space	4
 7553              		.section	.bss.xIdleTaskHandle,"aw",%nobits
 7554              		.align	2
 7557              	xIdleTaskHandle:
 7558 0000 00000000 		.space	4
 7559              		.section	.bss.xNextTaskUnblockTime,"aw",%nobits
 7560              		.align	2
ARM GAS  /tmp/ccV8B7BA.s 			page 264


 7563              	xNextTaskUnblockTime:
 7564 0000 00000000 		.space	4
 7565              		.section	.bss.uxTaskNumber,"aw",%nobits
 7566              		.align	2
 7569              	uxTaskNumber:
 7570 0000 00000000 		.space	4
 7571              		.section	.bss.xNumOfOverflows,"aw",%nobits
 7572              		.align	2
 7575              	xNumOfOverflows:
 7576 0000 00000000 		.space	4
 7577              		.section	.bss.xYieldPending,"aw",%nobits
 7578              		.align	2
 7581              	xYieldPending:
 7582 0000 00000000 		.space	4
 7583              		.section	.bss.xPendedTicks,"aw",%nobits
 7584              		.align	2
 7587              	xPendedTicks:
 7588 0000 00000000 		.space	4
 7589              		.section	.bss.xSchedulerRunning,"aw",%nobits
 7590              		.align	2
 7593              	xSchedulerRunning:
 7594 0000 00000000 		.space	4
 7595              		.section	.bss.uxTopReadyPriority,"aw",%nobits
 7596              		.align	2
 7599              	uxTopReadyPriority:
 7600 0000 00000000 		.space	4
 7601              		.section	.bss.xTickCount,"aw",%nobits
 7602              		.align	2
 7605              	xTickCount:
 7606 0000 00000000 		.space	4
 7607              		.section	.bss.uxCurrentNumberOfTasks,"aw",%nobits
 7608              		.align	2
 7611              	uxCurrentNumberOfTasks:
 7612 0000 00000000 		.space	4
 7613              		.section	.bss.xSuspendedTaskList,"aw",%nobits
 7614              		.align	2
 7617              	xSuspendedTaskList:
 7618 0000 00000000 		.space	20
 7618      00000000 
 7618      00000000 
 7618      00000000 
 7618      00000000 
 7619              		.section	.bss.uxDeletedTasksWaitingCleanUp,"aw",%nobits
 7620              		.align	2
 7623              	uxDeletedTasksWaitingCleanUp:
 7624 0000 00000000 		.space	4
 7625              		.section	.bss.xTasksWaitingTermination,"aw",%nobits
 7626              		.align	2
 7629              	xTasksWaitingTermination:
 7630 0000 00000000 		.space	20
 7630      00000000 
 7630      00000000 
 7630      00000000 
 7630      00000000 
 7631              		.section	.bss.xPendingReadyList,"aw",%nobits
 7632              		.align	2
 7635              	xPendingReadyList:
ARM GAS  /tmp/ccV8B7BA.s 			page 265


 7636 0000 00000000 		.space	20
 7636      00000000 
 7636      00000000 
 7636      00000000 
 7636      00000000 
 7637              		.section	.bss.pxOverflowDelayedTaskList,"aw",%nobits
 7638              		.align	2
 7641              	pxOverflowDelayedTaskList:
 7642 0000 00000000 		.space	4
 7643              		.section	.bss.pxDelayedTaskList,"aw",%nobits
 7644              		.align	2
 7647              	pxDelayedTaskList:
 7648 0000 00000000 		.space	4
 7649              		.section	.bss.xDelayedTaskList2,"aw",%nobits
 7650              		.align	2
 7653              	xDelayedTaskList2:
 7654 0000 00000000 		.space	20
 7654      00000000 
 7654      00000000 
 7654      00000000 
 7654      00000000 
 7655              		.section	.bss.xDelayedTaskList1,"aw",%nobits
 7656              		.align	2
 7659              	xDelayedTaskList1:
 7660 0000 00000000 		.space	20
 7660      00000000 
 7660      00000000 
 7660      00000000 
 7660      00000000 
 7661              		.section	.bss.pxReadyTasksLists,"aw",%nobits
 7662              		.align	2
 7665              	pxReadyTasksLists:
 7666 0000 00000000 		.space	1120
 7666      00000000 
 7666      00000000 
 7666      00000000 
 7666      00000000 
 7667              		.global	pxCurrentTCB
 7668              		.section	.bss.pxCurrentTCB,"aw",%nobits
 7669              		.align	2
 7672              	pxCurrentTCB:
 7673 0000 00000000 		.space	4
 7674              		.text
 7675              	.Letext0:
 7676              		.file 3 "/usr/lib/gcc/arm-none-eabi/13.2.1/include/stddef.h"
 7677              		.file 4 "/usr/lib/gcc/arm-none-eabi/13.2.1/include/stdint.h"
 7678              		.file 5 "Middlewares/Third_Party/FreeRTOS/Source/include/projdefs.h"
 7679              		.file 6 "Middlewares/Third_Party/FreeRTOS/Source/include/FreeRTOS.h"
 7680              		.file 7 "Middlewares/Third_Party/FreeRTOS/Source/include/list.h"
 7681              		.file 8 "Middlewares/Third_Party/FreeRTOS/Source/include/task.h"
 7682              		.file 9 "Middlewares/Third_Party/FreeRTOS/Source/include/portable.h"
 7683              		.file 10 "Middlewares/Third_Party/FreeRTOS/Source/include/timers.h"
 7684              		.file 11 "/usr/include/newlib/string.h"
ARM GAS  /tmp/ccV8B7BA.s 			page 266


DEFINED SYMBOLS
                            *ABS*:00000000 tasks.c
     /tmp/ccV8B7BA.s:19     .text.prvTaskIsTaskSuspended:00000000 $t
     /tmp/ccV8B7BA.s:24     .text.prvTaskIsTaskSuspended:00000000 prvTaskIsTaskSuspended
     /tmp/ccV8B7BA.s:110    .text.prvTaskIsTaskSuspended:00000038 $d
     /tmp/ccV8B7BA.s:7617   .bss.xSuspendedTaskList:00000000 xSuspendedTaskList
     /tmp/ccV8B7BA.s:7635   .bss.xPendingReadyList:00000000 xPendingReadyList
     /tmp/ccV8B7BA.s:116    .text.prvTaskCheckFreeStackSpace:00000000 $t
     /tmp/ccV8B7BA.s:121    .text.prvTaskCheckFreeStackSpace:00000000 prvTaskCheckFreeStackSpace
     /tmp/ccV8B7BA.s:164    .text.prvResetNextTaskUnblockTime:00000000 $t
     /tmp/ccV8B7BA.s:169    .text.prvResetNextTaskUnblockTime:00000000 prvResetNextTaskUnblockTime
     /tmp/ccV8B7BA.s:212    .text.prvResetNextTaskUnblockTime:00000024 $d
     /tmp/ccV8B7BA.s:7647   .bss.pxDelayedTaskList:00000000 pxDelayedTaskList
     /tmp/ccV8B7BA.s:7563   .bss.xNextTaskUnblockTime:00000000 xNextTaskUnblockTime
     /tmp/ccV8B7BA.s:218    .text.prvInitialiseNewTask:00000000 $t
     /tmp/ccV8B7BA.s:223    .text.prvInitialiseNewTask:00000000 prvInitialiseNewTask
     /tmp/ccV8B7BA.s:387    .text.prvInitialiseTaskLists:00000000 $t
     /tmp/ccV8B7BA.s:392    .text.prvInitialiseTaskLists:00000000 prvInitialiseTaskLists
     /tmp/ccV8B7BA.s:465    .text.prvInitialiseTaskLists:00000048 $d
     /tmp/ccV8B7BA.s:7665   .bss.pxReadyTasksLists:00000000 pxReadyTasksLists
     /tmp/ccV8B7BA.s:7659   .bss.xDelayedTaskList1:00000000 xDelayedTaskList1
     /tmp/ccV8B7BA.s:7653   .bss.xDelayedTaskList2:00000000 xDelayedTaskList2
     /tmp/ccV8B7BA.s:7629   .bss.xTasksWaitingTermination:00000000 xTasksWaitingTermination
     /tmp/ccV8B7BA.s:7641   .bss.pxOverflowDelayedTaskList:00000000 pxOverflowDelayedTaskList
     /tmp/ccV8B7BA.s:477    .text.prvAddNewTaskToReadyList:00000000 $t
     /tmp/ccV8B7BA.s:482    .text.prvAddNewTaskToReadyList:00000000 prvAddNewTaskToReadyList
     /tmp/ccV8B7BA.s:624    .text.prvAddNewTaskToReadyList:00000094 $d
     /tmp/ccV8B7BA.s:7611   .bss.uxCurrentNumberOfTasks:00000000 uxCurrentNumberOfTasks
     /tmp/ccV8B7BA.s:7672   .bss.pxCurrentTCB:00000000 pxCurrentTCB
     /tmp/ccV8B7BA.s:7593   .bss.xSchedulerRunning:00000000 xSchedulerRunning
     /tmp/ccV8B7BA.s:7569   .bss.uxTaskNumber:00000000 uxTaskNumber
     /tmp/ccV8B7BA.s:7599   .bss.uxTopReadyPriority:00000000 uxTopReadyPriority
     /tmp/ccV8B7BA.s:634    .text.prvDeleteTCB:00000000 $t
     /tmp/ccV8B7BA.s:639    .text.prvDeleteTCB:00000000 prvDeleteTCB
     /tmp/ccV8B7BA.s:714    .text.prvCheckTasksWaitingTermination:00000000 $t
     /tmp/ccV8B7BA.s:719    .text.prvCheckTasksWaitingTermination:00000000 prvCheckTasksWaitingTermination
     /tmp/ccV8B7BA.s:792    .text.prvCheckTasksWaitingTermination:00000040 $d
     /tmp/ccV8B7BA.s:7623   .bss.uxDeletedTasksWaitingCleanUp:00000000 uxDeletedTasksWaitingCleanUp
     /tmp/ccV8B7BA.s:799    .text.prvIdleTask:00000000 $t
     /tmp/ccV8B7BA.s:804    .text.prvIdleTask:00000000 prvIdleTask
     /tmp/ccV8B7BA.s:853    .text.prvIdleTask:00000024 $d
     /tmp/ccV8B7BA.s:858    .text.prvAddCurrentTaskToDelayedList:00000000 $t
     /tmp/ccV8B7BA.s:863    .text.prvAddCurrentTaskToDelayedList:00000000 prvAddCurrentTaskToDelayedList
     /tmp/ccV8B7BA.s:971    .text.prvAddCurrentTaskToDelayedList:00000064 $d
     /tmp/ccV8B7BA.s:7605   .bss.xTickCount:00000000 xTickCount
     /tmp/ccV8B7BA.s:981    .text.xTaskCreateStatic:00000000 $t
     /tmp/ccV8B7BA.s:987    .text.xTaskCreateStatic:00000000 xTaskCreateStatic
     /tmp/ccV8B7BA.s:1149   .text.xTaskCreate:00000000 $t
     /tmp/ccV8B7BA.s:1155   .text.xTaskCreate:00000000 xTaskCreate
     /tmp/ccV8B7BA.s:1272   .text.vTaskDelete:00000000 $t
     /tmp/ccV8B7BA.s:1278   .text.vTaskDelete:00000000 vTaskDelete
     /tmp/ccV8B7BA.s:1444   .text.vTaskDelete:0000009c $d
     /tmp/ccV8B7BA.s:7551   .bss.uxSchedulerSuspended:00000000 uxSchedulerSuspended
     /tmp/ccV8B7BA.s:1455   .text.eTaskGetState:00000000 $t
     /tmp/ccV8B7BA.s:1461   .text.eTaskGetState:00000000 eTaskGetState
     /tmp/ccV8B7BA.s:1613   .text.eTaskGetState:0000007c $d
     /tmp/ccV8B7BA.s:1622   .text.uxTaskPriorityGet:00000000 $t
ARM GAS  /tmp/ccV8B7BA.s 			page 267


     /tmp/ccV8B7BA.s:1628   .text.uxTaskPriorityGet:00000000 uxTaskPriorityGet
     /tmp/ccV8B7BA.s:1674   .text.uxTaskPriorityGet:0000001c $d
     /tmp/ccV8B7BA.s:1679   .text.uxTaskPriorityGetFromISR:00000000 $t
     /tmp/ccV8B7BA.s:1685   .text.uxTaskPriorityGetFromISR:00000000 uxTaskPriorityGetFromISR
     /tmp/ccV8B7BA.s:1764   .text.uxTaskPriorityGetFromISR:0000002c $d
     /tmp/ccV8B7BA.s:1769   .text.vTaskPrioritySet:00000000 $t
     /tmp/ccV8B7BA.s:1775   .text.vTaskPrioritySet:00000000 vTaskPrioritySet
     /tmp/ccV8B7BA.s:2008   .text.vTaskPrioritySet:000000c8 $d
     /tmp/ccV8B7BA.s:2015   .text.vTaskResume:00000000 $t
     /tmp/ccV8B7BA.s:2021   .text.vTaskResume:00000000 vTaskResume
     /tmp/ccV8B7BA.s:2152   .text.vTaskResume:0000007c $d
     /tmp/ccV8B7BA.s:2159   .text.xTaskResumeFromISR:00000000 $t
     /tmp/ccV8B7BA.s:2165   .text.xTaskResumeFromISR:00000000 xTaskResumeFromISR
     /tmp/ccV8B7BA.s:2335   .text.xTaskResumeFromISR:00000090 $d
     /tmp/ccV8B7BA.s:2344   .rodata.vTaskStartScheduler.str1.4:00000000 $d
     /tmp/ccV8B7BA.s:2348   .text.vTaskStartScheduler:00000000 $t
     /tmp/ccV8B7BA.s:2354   .text.vTaskStartScheduler:00000000 vTaskStartScheduler
     /tmp/ccV8B7BA.s:2515   .text.vTaskStartScheduler:00000080 $d
     /tmp/ccV8B7BA.s:7557   .bss.xIdleTaskHandle:00000000 xIdleTaskHandle
     /tmp/ccV8B7BA.s:2525   .text.vTaskEndScheduler:00000000 $t
     /tmp/ccV8B7BA.s:2531   .text.vTaskEndScheduler:00000000 vTaskEndScheduler
     /tmp/ccV8B7BA.s:2574   .text.vTaskEndScheduler:00000020 $d
     /tmp/ccV8B7BA.s:2579   .text.vTaskSuspendAll:00000000 $t
     /tmp/ccV8B7BA.s:2585   .text.vTaskSuspendAll:00000000 vTaskSuspendAll
     /tmp/ccV8B7BA.s:2604   .text.vTaskSuspendAll:0000000c $d
     /tmp/ccV8B7BA.s:2609   .text.xTaskGetTickCount:00000000 $t
     /tmp/ccV8B7BA.s:2615   .text.xTaskGetTickCount:00000000 xTaskGetTickCount
     /tmp/ccV8B7BA.s:2636   .text.xTaskGetTickCount:00000008 $d
     /tmp/ccV8B7BA.s:2641   .text.xTaskGetTickCountFromISR:00000000 $t
     /tmp/ccV8B7BA.s:2647   .text.xTaskGetTickCountFromISR:00000000 xTaskGetTickCountFromISR
     /tmp/ccV8B7BA.s:2676   .text.xTaskGetTickCountFromISR:0000000c $d
     /tmp/ccV8B7BA.s:2681   .text.uxTaskGetNumberOfTasks:00000000 $t
     /tmp/ccV8B7BA.s:2687   .text.uxTaskGetNumberOfTasks:00000000 uxTaskGetNumberOfTasks
     /tmp/ccV8B7BA.s:2703   .text.uxTaskGetNumberOfTasks:00000008 $d
     /tmp/ccV8B7BA.s:2708   .text.pcTaskGetName:00000000 $t
     /tmp/ccV8B7BA.s:2714   .text.pcTaskGetName:00000000 pcTaskGetName
     /tmp/ccV8B7BA.s:2771   .text.pcTaskGetName:00000024 $d
     /tmp/ccV8B7BA.s:2776   .text.xTaskIncrementTick:00000000 $t
     /tmp/ccV8B7BA.s:2782   .text.xTaskIncrementTick:00000000 xTaskIncrementTick
     /tmp/ccV8B7BA.s:3049   .text.xTaskIncrementTick:000000ec $d
     /tmp/ccV8B7BA.s:7575   .bss.xNumOfOverflows:00000000 xNumOfOverflows
     /tmp/ccV8B7BA.s:7581   .bss.xYieldPending:00000000 xYieldPending
     /tmp/ccV8B7BA.s:7587   .bss.xPendedTicks:00000000 xPendedTicks
     /tmp/ccV8B7BA.s:3064   .text.xTaskResumeAll:00000000 $t
     /tmp/ccV8B7BA.s:3070   .text.xTaskResumeAll:00000000 xTaskResumeAll
     /tmp/ccV8B7BA.s:3305   .text.xTaskResumeAll:000000d8 $d
     /tmp/ccV8B7BA.s:3317   .text.vTaskDelayUntil:00000000 $t
     /tmp/ccV8B7BA.s:3323   .text.vTaskDelayUntil:00000000 vTaskDelayUntil
     /tmp/ccV8B7BA.s:3537   .text.vTaskDelayUntil:0000009c $d
     /tmp/ccV8B7BA.s:3544   .text.vTaskDelay:00000000 $t
     /tmp/ccV8B7BA.s:3550   .text.vTaskDelay:00000000 vTaskDelay
     /tmp/ccV8B7BA.s:3640   .text.vTaskDelay:00000048 $d
     /tmp/ccV8B7BA.s:3645   .text.xTaskCatchUpTicks:00000000 $t
     /tmp/ccV8B7BA.s:3651   .text.xTaskCatchUpTicks:00000000 xTaskCatchUpTicks
     /tmp/ccV8B7BA.s:3716   .text.xTaskCatchUpTicks:00000030 $d
     /tmp/ccV8B7BA.s:3722   .text.vTaskSwitchContext:00000000 $t
     /tmp/ccV8B7BA.s:3728   .text.vTaskSwitchContext:00000000 vTaskSwitchContext
ARM GAS  /tmp/ccV8B7BA.s 			page 268


     /tmp/ccV8B7BA.s:3855   .text.vTaskSwitchContext:00000084 $d
     /tmp/ccV8B7BA.s:3866   .text.vTaskSuspend:00000000 $t
     /tmp/ccV8B7BA.s:3872   .text.vTaskSuspend:00000000 vTaskSuspend
     /tmp/ccV8B7BA.s:4058   .text.vTaskSuspend:000000b0 $d
     /tmp/ccV8B7BA.s:4067   .text.vTaskPlaceOnEventList:00000000 $t
     /tmp/ccV8B7BA.s:4073   .text.vTaskPlaceOnEventList:00000000 vTaskPlaceOnEventList
     /tmp/ccV8B7BA.s:4138   .text.vTaskPlaceOnEventList:0000002c $d
     /tmp/ccV8B7BA.s:4143   .text.vTaskPlaceOnUnorderedEventList:00000000 $t
     /tmp/ccV8B7BA.s:4149   .text.vTaskPlaceOnUnorderedEventList:00000000 vTaskPlaceOnUnorderedEventList
     /tmp/ccV8B7BA.s:4260   .text.vTaskPlaceOnUnorderedEventList:00000050 $d
     /tmp/ccV8B7BA.s:4266   .text.vTaskPlaceOnEventListRestricted:00000000 $t
     /tmp/ccV8B7BA.s:4272   .text.vTaskPlaceOnEventListRestricted:00000000 vTaskPlaceOnEventListRestricted
     /tmp/ccV8B7BA.s:4346   .text.vTaskPlaceOnEventListRestricted:00000034 $d
     /tmp/ccV8B7BA.s:4351   .text.xTaskRemoveFromEventList:00000000 $t
     /tmp/ccV8B7BA.s:4357   .text.xTaskRemoveFromEventList:00000000 xTaskRemoveFromEventList
     /tmp/ccV8B7BA.s:4488   .text.xTaskRemoveFromEventList:00000074 $d
     /tmp/ccV8B7BA.s:4498   .text.vTaskRemoveFromUnorderedEventList:00000000 $t
     /tmp/ccV8B7BA.s:4504   .text.vTaskRemoveFromUnorderedEventList:00000000 vTaskRemoveFromUnorderedEventList
     /tmp/ccV8B7BA.s:4637   .text.vTaskRemoveFromUnorderedEventList:00000074 $d
     /tmp/ccV8B7BA.s:4646   .text.vTaskSetTimeOutState:00000000 $t
     /tmp/ccV8B7BA.s:4652   .text.vTaskSetTimeOutState:00000000 vTaskSetTimeOutState
     /tmp/ccV8B7BA.s:4719   .text.vTaskSetTimeOutState:00000030 $d
     /tmp/ccV8B7BA.s:4725   .text.vTaskInternalSetTimeOutState:00000000 $t
     /tmp/ccV8B7BA.s:4731   .text.vTaskInternalSetTimeOutState:00000000 vTaskInternalSetTimeOutState
     /tmp/ccV8B7BA.s:4754   .text.vTaskInternalSetTimeOutState:00000010 $d
     /tmp/ccV8B7BA.s:4760   .text.xTaskCheckForTimeOut:00000000 $t
     /tmp/ccV8B7BA.s:4766   .text.xTaskCheckForTimeOut:00000000 xTaskCheckForTimeOut
     /tmp/ccV8B7BA.s:4947   .text.xTaskCheckForTimeOut:0000007c $d
     /tmp/ccV8B7BA.s:4954   .text.vTaskMissedYield:00000000 $t
     /tmp/ccV8B7BA.s:4960   .text.vTaskMissedYield:00000000 vTaskMissedYield
     /tmp/ccV8B7BA.s:4977   .text.vTaskMissedYield:00000008 $d
     /tmp/ccV8B7BA.s:4982   .text.uxTaskGetTaskNumber:00000000 $t
     /tmp/ccV8B7BA.s:4988   .text.uxTaskGetTaskNumber:00000000 uxTaskGetTaskNumber
     /tmp/ccV8B7BA.s:5021   .text.vTaskSetTaskNumber:00000000 $t
     /tmp/ccV8B7BA.s:5027   .text.vTaskSetTaskNumber:00000000 vTaskSetTaskNumber
     /tmp/ccV8B7BA.s:5052   .text.vTaskGetInfo:00000000 $t
     /tmp/ccV8B7BA.s:5058   .text.vTaskGetInfo:00000000 vTaskGetInfo
     /tmp/ccV8B7BA.s:5205   .text.vTaskGetInfo:00000074 $d
     /tmp/ccV8B7BA.s:5210   .text.prvListTasksWithinSingleList:00000000 $t
     /tmp/ccV8B7BA.s:5215   .text.prvListTasksWithinSingleList:00000000 prvListTasksWithinSingleList
     /tmp/ccV8B7BA.s:5330   .text.uxTaskGetSystemState:00000000 $t
     /tmp/ccV8B7BA.s:5336   .text.uxTaskGetSystemState:00000000 uxTaskGetSystemState
     /tmp/ccV8B7BA.s:5475   .text.uxTaskGetSystemState:00000098 $d
     /tmp/ccV8B7BA.s:5485   .text.uxTaskGetStackHighWaterMark:00000000 $t
     /tmp/ccV8B7BA.s:5491   .text.uxTaskGetStackHighWaterMark:00000000 uxTaskGetStackHighWaterMark
     /tmp/ccV8B7BA.s:5533   .text.uxTaskGetStackHighWaterMark:00000014 $d
     /tmp/ccV8B7BA.s:5538   .text.xTaskGetCurrentTaskHandle:00000000 $t
     /tmp/ccV8B7BA.s:5544   .text.xTaskGetCurrentTaskHandle:00000000 xTaskGetCurrentTaskHandle
     /tmp/ccV8B7BA.s:5563   .text.xTaskGetCurrentTaskHandle:00000008 $d
     /tmp/ccV8B7BA.s:5568   .text.xTaskGetSchedulerState:00000000 $t
     /tmp/ccV8B7BA.s:5574   .text.xTaskGetSchedulerState:00000000 xTaskGetSchedulerState
     /tmp/ccV8B7BA.s:5612   .text.xTaskGetSchedulerState:00000018 $d
     /tmp/ccV8B7BA.s:5618   .text.xTaskPriorityInherit:00000000 $t
     /tmp/ccV8B7BA.s:5624   .text.xTaskPriorityInherit:00000000 xTaskPriorityInherit
     /tmp/ccV8B7BA.s:5781   .text.xTaskPriorityInherit:0000008c $d
     /tmp/ccV8B7BA.s:5788   .text.xTaskPriorityDisinherit:00000000 $t
     /tmp/ccV8B7BA.s:5794   .text.xTaskPriorityDisinherit:00000000 xTaskPriorityDisinherit
ARM GAS  /tmp/ccV8B7BA.s 			page 269


     /tmp/ccV8B7BA.s:5970   .text.xTaskPriorityDisinherit:00000084 $d
     /tmp/ccV8B7BA.s:5977   .text.vTaskPriorityDisinheritAfterTimeout:00000000 $t
     /tmp/ccV8B7BA.s:5983   .text.vTaskPriorityDisinheritAfterTimeout:00000000 vTaskPriorityDisinheritAfterTimeout
     /tmp/ccV8B7BA.s:6168   .text.vTaskPriorityDisinheritAfterTimeout:00000094 $d
     /tmp/ccV8B7BA.s:6175   .text.uxTaskResetEventItemValue:00000000 $t
     /tmp/ccV8B7BA.s:6181   .text.uxTaskResetEventItemValue:00000000 uxTaskResetEventItemValue
     /tmp/ccV8B7BA.s:6208   .text.uxTaskResetEventItemValue:00000014 $d
     /tmp/ccV8B7BA.s:6213   .text.pvTaskIncrementMutexHeldCount:00000000 $t
     /tmp/ccV8B7BA.s:6219   .text.pvTaskIncrementMutexHeldCount:00000000 pvTaskIncrementMutexHeldCount
     /tmp/ccV8B7BA.s:6250   .text.pvTaskIncrementMutexHeldCount:00000018 $d
     /tmp/ccV8B7BA.s:6255   .text.ulTaskNotifyTake:00000000 $t
     /tmp/ccV8B7BA.s:6261   .text.ulTaskNotifyTake:00000000 ulTaskNotifyTake
     /tmp/ccV8B7BA.s:6383   .text.ulTaskNotifyTake:00000074 $d
     /tmp/ccV8B7BA.s:6388   .text.xTaskNotifyWait:00000000 $t
     /tmp/ccV8B7BA.s:6394   .text.xTaskNotifyWait:00000000 xTaskNotifyWait
     /tmp/ccV8B7BA.s:6536   .text.xTaskNotifyWait:00000094 $d
     /tmp/ccV8B7BA.s:6541   .text.xTaskGenericNotify:00000000 $t
     /tmp/ccV8B7BA.s:6547   .text.xTaskGenericNotify:00000000 xTaskGenericNotify
     /tmp/ccV8B7BA.s:6603   .text.xTaskGenericNotify:0000002a $d
     /tmp/ccV8B7BA.s:6814   .text.xTaskGenericNotify:000000ec $d
     /tmp/ccV8B7BA.s:6821   .text.xTaskGenericNotifyFromISR:00000000 $t
     /tmp/ccV8B7BA.s:6827   .text.xTaskGenericNotifyFromISR:00000000 xTaskGenericNotifyFromISR
     /tmp/ccV8B7BA.s:6907   .text.xTaskGenericNotifyFromISR:00000042 $d
     /tmp/ccV8B7BA.s:7158   .text.xTaskGenericNotifyFromISR:00000110 $d
     /tmp/ccV8B7BA.s:7168   .text.vTaskNotifyGiveFromISR:00000000 $t
     /tmp/ccV8B7BA.s:7174   .text.vTaskNotifyGiveFromISR:00000000 vTaskNotifyGiveFromISR
     /tmp/ccV8B7BA.s:7392   .text.vTaskNotifyGiveFromISR:000000b8 $d
     /tmp/ccV8B7BA.s:7402   .text.xTaskNotifyStateClear:00000000 $t
     /tmp/ccV8B7BA.s:7408   .text.xTaskNotifyStateClear:00000000 xTaskNotifyStateClear
     /tmp/ccV8B7BA.s:7474   .text.xTaskNotifyStateClear:00000030 $d
     /tmp/ccV8B7BA.s:7479   .text.ulTaskNotifyValueClear:00000000 $t
     /tmp/ccV8B7BA.s:7485   .text.ulTaskNotifyValueClear:00000000 ulTaskNotifyValueClear
     /tmp/ccV8B7BA.s:7543   .text.ulTaskNotifyValueClear:00000028 $d
     /tmp/ccV8B7BA.s:7548   .bss.uxSchedulerSuspended:00000000 $d
     /tmp/ccV8B7BA.s:7554   .bss.xIdleTaskHandle:00000000 $d
     /tmp/ccV8B7BA.s:7560   .bss.xNextTaskUnblockTime:00000000 $d
     /tmp/ccV8B7BA.s:7566   .bss.uxTaskNumber:00000000 $d
     /tmp/ccV8B7BA.s:7572   .bss.xNumOfOverflows:00000000 $d
     /tmp/ccV8B7BA.s:7578   .bss.xYieldPending:00000000 $d
     /tmp/ccV8B7BA.s:7584   .bss.xPendedTicks:00000000 $d
     /tmp/ccV8B7BA.s:7590   .bss.xSchedulerRunning:00000000 $d
     /tmp/ccV8B7BA.s:7596   .bss.uxTopReadyPriority:00000000 $d
     /tmp/ccV8B7BA.s:7602   .bss.xTickCount:00000000 $d
     /tmp/ccV8B7BA.s:7608   .bss.uxCurrentNumberOfTasks:00000000 $d
     /tmp/ccV8B7BA.s:7614   .bss.xSuspendedTaskList:00000000 $d
     /tmp/ccV8B7BA.s:7620   .bss.uxDeletedTasksWaitingCleanUp:00000000 $d
     /tmp/ccV8B7BA.s:7626   .bss.xTasksWaitingTermination:00000000 $d
     /tmp/ccV8B7BA.s:7632   .bss.xPendingReadyList:00000000 $d
     /tmp/ccV8B7BA.s:7638   .bss.pxOverflowDelayedTaskList:00000000 $d
     /tmp/ccV8B7BA.s:7644   .bss.pxDelayedTaskList:00000000 $d
     /tmp/ccV8B7BA.s:7650   .bss.xDelayedTaskList2:00000000 $d
     /tmp/ccV8B7BA.s:7656   .bss.xDelayedTaskList1:00000000 $d
     /tmp/ccV8B7BA.s:7662   .bss.pxReadyTasksLists:00000000 $d
     /tmp/ccV8B7BA.s:7669   .bss.pxCurrentTCB:00000000 $d
     /tmp/ccV8B7BA.s:6609   .text.xTaskGenericNotify:0000002f $d
     /tmp/ccV8B7BA.s:6609   .text.xTaskGenericNotify:00000030 $t
     /tmp/ccV8B7BA.s:6913   .text.xTaskGenericNotifyFromISR:00000047 $d
ARM GAS  /tmp/ccV8B7BA.s 			page 270


     /tmp/ccV8B7BA.s:6913   .text.xTaskGenericNotifyFromISR:00000048 $t

UNDEFINED SYMBOLS
memset
vListInitialiseItem
pxPortInitialiseStack
vListInitialise
vPortEnterCritical
vListInsertEnd
vPortExitCritical
vPortFree
uxListRemove
vListInsert
pvPortMalloc
vPortValidateInterruptPriority
vApplicationGetIdleTaskMemory
xTimerCreateTimerTask
xPortStartScheduler
vPortEndScheduler
